grain,series_id,item_code,label,sb_class,total_qty_hist,model,model_params,rmsse,mase,smape,n_trials,n_backtest_folds,acc_change_vs_prev,forecast_total_4w,p_occurrence_week,routine_weekly,routine_total_4w,w1_2026-06-15,w2_2026-06-22,w3_2026-06-29,w4_2026-07-06,customer,channel
sku,sku::1008094,1008094,교체형,lumpy,142582515.0,sba,{'alpha': 0.3},0.06633067890244242,0.12049039277195654,0.9725192791473948,11,6,-0.45097708802013975,801919.3738606508,0.41956802956712125,185114.40487540502,740457.6195016201,200479.8434651627,200479.8434651627,200479.8434651627,200479.8434651627,,
sku,sku::1007754,1007754,교체형,lumpy,88739229.0,tsb,"{'alpha': 0.1, 'beta': 0.2}",0.060073928290264984,0.0919844109044586,2.0,11,6,-0.5847631037275748,56944.45697924599,0.01361694793761448,12928.778094499177,51715.11237799671,14236.114244811497,14236.114244811497,14236.114244811497,14236.114244811497,,
sku,sku::1008095,1008095,교체형,lumpy,37330377.0,tsb,"{'alpha': 0.1, 'beta': 0.2}",0.19025885362970166,0.3693246155278294,2.0,11,6,-0.3204609226931129,123239.76290348102,0.03210339349556203,20700.190212093476,82800.7608483739,30809.940725870256,30809.940725870256,30809.940725870256,30809.940725870256,,
sku,sku::1008053,1008053,교체형,lumpy,36162129.0,sba,{'alpha': 0.3},0.14463771029702202,0.22759857664660602,0.33187730422640577,11,6,-0.73190147556194,473553.2167538886,0.9737036606708781,106382.91004770728,425531.6401908291,118388.30418847215,118388.30418847215,118388.30418847215,118388.30418847215,,
sku,sku::1009218,1009218,교체형,lumpy,34877645.0,tsb,"{'alpha': 0.1, 'beta': 0.2}",0.0005581806195984877,0.0023617715896764543,2.0,11,6,-0.5847631037275748,780.454492243444,7.761376110158503e-05,129.64102810185818,518.5641124074327,195.113623060861,195.113623060861,195.113623060861,195.113623060861,,
sku,sku::1009185,1009185,교체형,lumpy,27750062.0,croston,{'alpha': 0.1},0.17586373797954305,0.5001139606803248,1.4458151037078257,11,6,4.637116937557005,312253.354900271,0.054216436909171974,60435.39849191438,241741.5939676575,78063.33872506775,78063.33872506775,78063.33872506775,78063.33872506775,,
sku,sku::1005732,1005732,교체형,lumpy,26778474.0,tsb,"{'alpha': 0.1, 'beta': 0.2}",0.0003034915040267699,0.0011403523744702914,2.0,11,6,,327.01795108142824,2.130915235054923e-05,45.984151115229,183.936604460916,81.75448777035706,81.75448777035706,81.75448777035706,81.75448777035706,,
sku,sku::2012591,2012591,교체형,lumpy,26586378.0,tsb,"{'alpha': 0.1, 'beta': 0.2}",1.968634454497454e-06,4.7980351348662464e-06,2.0,11,6,,0.9875760178254654,3.1034710693667233e-07,0.12765235339870268,0.5106094135948107,0.24689400445636636,0.24689400445636636,0.24689400445636636,0.24689400445636636,,
sku,sku::1007583,1007583,교체형,lumpy,23225812.0,sba,{'alpha': 0.3},0.05982021055690234,0.14213292028800886,1.8859208976952042,11,6,-0.27279163797482264,124246.87033415826,0.2576668629804786,28513.40974966071,114053.63899864284,31061.717583539565,31061.717583539565,31061.717583539565,31061.717583539565,,
sku,sku::1007570,1007570,교체형,lumpy,20920426.0,tsb,"{'alpha': 0.1, 'beta': 0.2}",3.448486086608354e-05,0.00012540162137083695,2.0,11,6,,25.11668581498026,2.1414222109443896e-05,4.141651995518271,16.566607982073084,6.279171453745065,6.279171453745065,6.279171453745065,6.279171453745065,,
sku,sku::1009437,1009437,교체형,lumpy,19002001.0,sba,{'alpha': 0.05},0.02483499211730356,0.08249479405052197,2.0,11,6,0.01365250896680969,82223.54896046528,0.017966632531684564,18176.988016363815,72707.95206545526,20555.88724011632,20555.88724011632,20555.88724011632,20555.88724011632,,
sku,sku::1008279,1008279,교체형,lumpy,17744983.0,tsb,"{'alpha': 0.1, 'beta': 0.2}",0.006048773272464078,0.010088362535703152,2.0,11,6,-0.5847631037275749,1815.6483902522436,0.0017811455736691053,435.53851200170135,1742.1540480068054,453.9120975630609,453.9120975630609,453.9120975630609,453.9120975630609,,
sku,sku::1009110,1009110,교체형,lumpy,15356114.0,tsb,"{'alpha': 0.1, 'beta': 0.2}",0.05939057162908334,0.237196969212353,2.0,11,6,-0.014808538716173998,42726.53197462696,0.003762230232691633,6586.038172097428,26344.152688389713,10681.63299365674,10681.63299365674,10681.63299365674,10681.63299365674,,
sku,sku::1007506,1007506,교체형,lumpy,15224600.0,sba,{'alpha': 0.2},0.020442517202315044,0.04497167086943423,0.5116119585143104,11,6,-0.2878982526756191,68175.45987061429,0.1407574844937232,14464.670353273485,57858.68141309394,17043.86496765357,17043.86496765357,17043.86496765357,17043.86496765357,,
sku,sku::1008551,1008551,교체형,lumpy,15128054.0,sba,{'alpha': 0.3},0.6303385642513577,1.7357656399107926,1.2499505624098453,11,6,-0.1016465091220271,501808.2920652429,0.44875035595857093,48244.14969857563,192976.59879430252,125452.07301631072,125452.07301631072,125452.07301631072,125452.07301631072,,
sku,sku::2019229,2019229,교체형,lumpy,13324330.0,tsb,"{'alpha': 0.2, 'beta': 0.05}",1.0906939222028424,5.81501989449155,1.8381339728030417,11,6,-0.8376018177774279,751553.3045260289,0.08379585638821756,170468.494914762,681873.979659048,187888.32613150723,187888.32613150723,187888.32613150723,187888.32613150723,,
sku,sku::1009592,1009592,교체형,lumpy,13049523.0,tsb,"{'alpha': 0.1, 'beta': 0.2}",1.140714930814115,4.8152443252459385,0.5017668891866441,11,6,-0.3780854853114841,2291605.5493047945,0.822079500244269,484183.0024273519,1936732.0097094076,572901.3873261986,572901.3873261986,572901.3873261986,572901.3873261986,,
sku,sku::1007368,1007368,교체형,lumpy,11941564.0,tsb,"{'alpha': 0.1, 'beta': 0.2}",9.847827522277069e-08,2.8463604515586474e-07,2.0,11,6,,0.03250214642159877,2.1457858564025496e-08,0.006839172424487797,0.027356689697951186,0.008125536605399693,0.008125536605399693,0.008125536605399693,0.008125536605399693,,
sku,sku::2019863,2019863,교체형,lumpy,11607851.0,tsb,"{'alpha': 0.2, 'beta': 0.05}",1.0952702425468988,7.294985074374966,1.885877684737169,11,6,-0.9988755890944453,615253.2186673314,0.074583031414639,146230.06957777115,584920.2783110846,153813.30466683285,153813.30466683285,153813.30466683285,153813.30466683285,,
sku,sku::1006352,1006352,교체형,lumpy,9878619.0,tsb,"{'alpha': 0.1, 'beta': 0.2}",0.0006007676391190114,0.0032480118451975234,2.0,11,6,-0.5847631037275749,312.9083044591915,2.1268559317898332e-05,47.14745239021822,188.58980956087288,78.22707611479788,78.22707611479788,78.22707611479788,78.22707611479788,,
sku,sku::1009229,1009229,교체형,lumpy,9728911.0,tsb,"{'alpha': 0.1, 'beta': 0.2}",3.742902714210287e-05,0.0001674776873247699,2.0,11,6,,16.16361187564049,4.303305755546496e-06,3.298658319143573,13.194633276574292,4.040902968910123,4.040902968910123,4.040902968910123,4.040902968910123,,
sku,sku::1007125,1007125,교체형,lumpy,9426289.0,tsb,"{'alpha': 0.1, 'beta': 0.2}",1.9385951292678694e-07,6.909641571624441e-07,2.0,11,6,,0.07059445394870936,2.7842484852114458e-08,0.009391481428631755,0.03756592571452702,0.01764861348717734,0.01764861348717734,0.01764861348717734,0.01764861348717734,,
sku,sku::1004987,1004987,교체형,lumpy,9352968.0,tsb,"{'alpha': 0.1, 'beta': 0.2}",2.9037461939758953e-05,0.00013324662775799503,2.0,11,6,,14.61883806666505,1.4793987313476125e-06,3.5830251884123077,14.33210075364923,3.6547095166662626,3.6547095166662626,3.6547095166662626,3.6547095166662626,,
sku,sku::1007490,1007490,교체형,lumpy,9231326.0,tsb,"{'alpha': 0.1, 'beta': 0.2}",4.991517588442659e-11,3.5689377083785423e-10,2.0,11,6,,3.8646506056371845e-05,1.0688745666850379e-11,3.6040167700094887e-06,1.4416067080037955e-05,9.661626514092961e-06,9.661626514092961e-06,9.661626514092961e-06,9.661626514092961e-06,,
sku,sku::1009493,1009493,교체형,intermittent,9095400.0,sba,{'alpha': 0.05},0.05447429542367557,0.2516699262443477,2.0,11,6,0.013652508966809473,122490.36238998474,0.011308986969219765,29986.545806825543,119946.18322730217,30622.590597496186,30622.590597496186,30622.590597496186,30622.590597496186,,
sku,sku::1007641,1007641,교체형,lumpy,8522599.0,tsb,"{'alpha': 0.1, 'beta': 0.2}",2.200526993438859e-06,5.084080871703431e-06,2.0,11,6,,0.4110560721712119,2.8605136090892205e-07,0.07038529664320678,0.2815411865728271,0.10276401804280297,0.10276401804280297,0.10276401804280297,0.10276401804280297,,
sku,sku::2017143,2017143,교체형,lumpy,8179467.0,tsb,"{'alpha': 0.1, 'beta': 0.2}",5.16917207195376e-09,2.159314051836503e-08,2.0,11,6,,0.0017644516643138067,1.8769374312503226e-09,0.0003084798734163141,0.0012339194936652564,0.00044111291607845166,0.00044111291607845166,0.00044111291607845166,0.00044111291607845166,,
sku,sku::1009226,1009226,교체형,intermittent,6925123.0,tsb,"{'alpha': 0.1, 'beta': 0.2}",8.97710383041141e-06,4.528081977582494e-05,2.0,11,6,,2.6137734513564896,3.2261442570886076e-07,0.6241915030107336,2.4967660120429342,0.6534433628391224,0.6534433628391224,0.6534433628391224,0.6534433628391224,,
sku,sku::1008759,1008759,교체형,lumpy,6581926.0,tsb,"{'alpha': 0.2, 'beta': 0.05}",0.12937971684565605,0.49459942354439734,1.7381559042411776,11,6,,152444.60237176486,0.0675222636911718,25226.71581638269,100906.86326553076,38111.150592941216,38111.150592941216,38111.150592941216,38111.150592941216,,
sku,sku::1002663,1002663,교체형,intermittent,6523697.0,tsb,"{'alpha': 0.1, 'beta': 0.2}",1.9001351968440085e-07,5.413900380367516e-07,2.0,11,6,,0.041429645970069075,1.6851184874156632e-08,0.009090447675743329,0.036361790702973316,0.010357411492517269,0.010357411492517269,0.010357411492517269,0.010357411492517269,,
sku,sku::2018626,2018626,교체형,intermittent,5489858.0,tsb,"{'alpha': 0.2, 'beta': 0.05}",0.3653568700588994,1.0618376815864925,0.6305257605777931,11,6,-0.11724900102881941,429082.26656499156,0.2737016756712949,105793.30257823187,423173.2103129275,107270.56664124789,107270.56664124789,107270.56664124789,107270.56664124789,,
sku,sku::1002653,1002653,교체형,intermittent,5216541.0,tsb,"{'alpha': 0.1, 'beta': 0.2}",1.6424114169855836e-11,4.463689362794227e-11,2.0,11,6,,2.7313903394760884e-06,1.2182071874686775e-12,6.755510610165927e-07,2.702204244066371e-06,6.828475848690221e-07,6.828475848690221e-07,6.828475848690221e-07,6.828475848690221e-07,,
sku,sku::1006925,1006925,교체형,lumpy,4461370.0,tsb,"{'alpha': 0.1, 'beta': 0.2}",4.611147212704037e-07,2.1200893118215475e-06,2.0,11,6,,0.11095058068611047,6.807021305959256e-08,0.026774754855077392,0.10709901942030957,0.027737645171527617,0.027737645171527617,0.027737645171527617,0.027737645171527617,,
sku,sku::1007126,1007126,교체형,lumpy,4361224.0,sba,{'alpha': 0.05},0.05558480912007715,0.21057858323743772,1.9885094775408938,11,6,-0.011918522681060405,38559.09097755574,0.047541664581878335,8785.287542650893,35141.15017060357,9639.772744388934,9639.772744388934,9639.772744388934,9639.772744388934,,
sku,sku::1009131,1009131,교체형,lumpy,3860567.0,tsb,"{'alpha': 0.1, 'beta': 0.2}",1.9592670887119998,3.9848199325135276,1.0177219491541993,11,6,1.5119905178710893,347291.4235693035,0.5495390069531187,54924.16904135408,219696.6761654163,86822.85589232587,86822.85589232587,86822.85589232587,86822.85589232587,,
sku,sku::1009217,1009217,교체형,lumpy,3414378.0,tsb,"{'alpha': 0.2, 'beta': 0.05}",0.15500333650290157,1.33340201125705,0.9411141357405035,11,6,2.281483173088219,754746.5814616594,0.09407744852388511,125626.82965721162,502507.3186288465,188686.64536541485,188686.64536541485,188686.64536541485,188686.64536541485,,
sku,sku::1009303,1009303,교체형,lumpy,3134076.0,tsb,"{'alpha': 0.2, 'beta': 0.05}",3.1333633312050444,11.427008217186588,1.3702121134672371,11,6,0.09295524620738604,349088.4108277298,0.28268120884653297,24524.628390564107,98098.51356225643,87272.10270693245,87272.10270693245,87272.10270693245,87272.10270693245,,
sku,sku::1008924,1008924,교체형,lumpy,2879137.0,tsb,"{'alpha': 0.1, 'beta': 0.2}",0.0007103473066470391,0.0013526788509208422,2.0,11,6,-0.5847631037275749,33.149843442280556,8.535434184638584e-05,6.601848134657582,26.40739253863033,8.287460860570139,8.287460860570139,8.287460860570139,8.287460860570139,,
sku,sku::1007727,1007727,교체형,lumpy,2737806.0,tsb,"{'alpha': 0.1, 'beta': 0.2}",4.887452085828581e-06,1.7775422410992925e-05,2.0,11,6,,0.31233583763298234,3.8081799104603747e-07,0.04914957022614609,0.19659828090458437,0.07808395940824558,0.07808395940824558,0.07808395940824558,0.07808395940824558,,
sku,sku::2016351,2016351,교체형,lumpy,2730417.0,tsb,"{'alpha': 0.1, 'beta': 0.2}",1.7488719397851443e-05,4.3029362725166e-05,2.0,11,6,,1.22228210548451,3.5730371094358075e-06,0.28667973648738315,1.1467189459495326,0.3055705263711275,0.3055705263711275,0.3055705263711275,0.3055705263711275,,
sku,sku::2016864,2016864,교체형,lumpy,2599826.0,tsb,"{'alpha': 0.1, 'beta': 0.2}",1.0764236819279854e-06,2.3024025135294446e-06,2.0,11,6,,0.043362646730586915,3.7655176046839466e-07,0.010024637303520751,0.040098549214083005,0.010840661682646729,0.010840661682646729,0.010840661682646729,0.010840661682646729,,
sku,sku::1008409,1008409,교체형,lumpy,2594017.0,tsb,"{'alpha': 0.1, 'beta': 0.2}",4.139262175595801e-11,1.5389610872933216e-10,2.0,11,6,,3.149455069940702e-06,2.8278873758440006e-12,2.362821496272924e-07,9.451285985091697e-07,7.873637674851755e-07,7.873637674851755e-07,7.873637674851755e-07,7.873637674851755e-07,,
sku,sku::1008537,1008537,교체형,intermittent,2586005.0,tsb,"{'alpha': 0.1, 'beta': 0.2}",1.2079976325026461e-05,2.5845460071306428e-05,2.0,11,6,,0.6730903655427415,1.3669469078181235e-06,0.12518462457296148,0.5007384982918459,0.16827259138568537,0.16827259138568537,0.16827259138568537,0.16827259138568537,,
sku,sku::2015843,2015843,교체형,lumpy,2584584.0,tsb,"{'alpha': 0.1, 'beta': 0.1}",0.24582931707314,0.8099194849743987,0.501182825822324,11,6,-0.0776426226641685,134097.1863321331,0.23775125988547538,27241.206436660577,108964.82574664231,33524.296583033276,33524.296583033276,33524.296583033276,33524.296583033276,,
sku,sku::1008354,1008354,교체형,lumpy,2537822.0,tsb,"{'alpha': 0.1, 'beta': 0.2}",6.655352610034374e-07,1.7357702676544083e-06,2.0,11,6,,0.04671071369812241,8.059619542216284e-08,0.00937710726200395,0.0375084290480158,0.011677678424530602,0.011677678424530602,0.011677678424530602,0.011677678424530602,,
sku,sku::1009222,1009222,교체형,lumpy,2386627.0,tsb,"{'alpha': 0.1, 'beta': 0.2}",2.747597677844568e-05,0.00022097316419756905,2.0,11,6,,6.186304094824224,7.241041430654838e-07,1.2394542752350186,4.957817100940074,1.546576023706056,1.546576023706056,1.546576023706056,1.546576023706056,,
sku,sku::1008432,1008432,교체형,lumpy,2222517.0,tsb,"{'alpha': 0.1, 'beta': 0.2}",0.005407053445194669,0.012561150199991706,2.0,11,6,-0.5847631037275749,213.4788813625763,0.000604462981284794,46.339911343280015,185.35964537312006,53.36972034064407,53.36972034064407,53.36972034064407,53.36972034064407,,
sku,sku::1009440,1009440,교체형,lumpy,2180518.0,tsb,"{'alpha': 0.1, 'beta': 0.2}",2.8055534732419174,8.843297921835171,1.0696334549175668,11,6,0.5593184299777827,340296.2133139921,0.709788854646664,69394.05655554995,277576.2262221998,85074.05332849802,85074.05332849802,85074.05332849802,85074.05332849802,,
sku,sku::1009130,1009130,교체형,lumpy,2156980.0,tsb,"{'alpha': 0.1, 'beta': 0.2}",0.0022893725839634596,0.009588872504391147,2.0,11,6,-0.5847631037275748,242.6167846519209,0.00020690118095137615,48.8911080150622,195.5644320602488,60.65419616298023,60.65419616298023,60.65419616298023,60.65419616298023,,
sku,sku::2016048,2016048,교체형,lumpy,1961938.0,tsb,"{'alpha': 0.1, 'beta': 0.2}",4.06443148767225e-06,1.2176779625634138e-05,2.0,11,6,,0.1997984641663988,5.968221582281628e-07,0.03859045421752006,0.15436181687008024,0.0499496160415997,0.0499496160415997,0.0499496160415997,0.0499496160415997,,
sku,sku::2014722,2014722,교체형,lumpy,1931714.0,tsb,"{'alpha': 0.1, 'beta': 0.2}",2.944058699623881e-06,8.11052757043703e-06,2.0,11,6,,0.18378036624632535,3.8270737603252207e-07,0.034508984717272435,0.13803593886908974,0.04594509156158134,0.04594509156158134,0.04594509156158134,0.04594509156158134,,
sku,sku::1008433,1008433,교체형,lumpy,1886581.0,tsb,"{'alpha': 0.1, 'beta': 0.2}",3.965652968636941e-11,1.1854245203479096e-10,2.0,11,6,,2.18547600384026e-06,4.791215306141653e-12,4.698430824098712e-07,1.8793723296394847e-06,5.46369000960065e-07,5.46369000960065e-07,5.46369000960065e-07,5.46369000960065e-07,,
sku,sku::1009129,1009129,교체형,lumpy,1873411.0,tsb,"{'alpha': 0.1, 'beta': 0.2}",0.0012911633132002272,0.005806772048804497,2.0,11,6,-0.5847631037275748,127.6071543460291,0.00019902580560618777,28.40032471351006,113.60129885404024,31.901788586507276,31.901788586507276,31.901788586507276,31.901788586507276,,
sku,sku::1008815,1008815,교체형,lumpy,1826971.0,croston,{'alpha': 0.2},0.41778606796893863,1.324983521511465,1.5094564365170913,11,6,-0.04507967763476295,80460.09037580297,0.1336821039848872,16909.905327817574,67639.6213112703,20115.022593950744,20115.022593950744,20115.022593950744,20115.022593950744,,
sku,sku::2018035,2018035,교체형,lumpy,1767685.0,tsb,"{'alpha': 0.2, 'beta': 0.05}",0.19905395997284553,0.5730944451365246,0.5331972250519453,11,6,1.5756486088189274,124973.67842142309,0.1833209525332162,23832.983089322075,95331.9323572883,31243.41960535577,31243.41960535577,31243.41960535577,31243.41960535577,,
sku,sku::1009490,1009490,교체형,intermittent,1672945.0,tsb,"{'alpha': 0.1, 'beta': 0.2}",0.0007506444331935689,0.003666872660262116,2.0,11,6,-0.5847631037275748,71.95892588226889,4.659715497864158e-05,17.94359525464563,71.77438101858252,17.98973147056722,17.98973147056722,17.98973147056722,17.98973147056722,,
sku,sku::1006395,1006395,교체형,intermittent,1636045.0,tsb,"{'alpha': 0.1, 'beta': 0.2}",5.372513596231847e-08,3.0769930937792065e-07,2.0,11,6,,0.00590512298180083,1.7507763981046915e-09,0.001456432928750982,0.005825731715003928,0.0014762807454502076,0.0014762807454502076,0.0014762807454502076,0.0014762807454502076,,
sku,sku::2014723,2014723,교체형,lumpy,1611283.0,tsb,"{'alpha': 0.1, 'beta': 0.2}",1.8362711932523842e-06,3.834713830922511e-06,2.0,11,6,,0.05431026971858742,3.888040916755377e-07,0.010614238454062312,0.04245695381624925,0.013577567429646855,0.013577567429646855,0.013577567429646855,0.013577567429646855,,
sku,sku::2017754,2017754,교체형,lumpy,1569855.0,tsb,"{'alpha': 0.1, 'beta': 0.2}",0.00019747476945694014,0.0006232636480645205,2.0,11,6,,11.181646103407134,6.491546410333084e-05,2.0608396784445064,8.243358713778026,2.7954115258517835,2.7954115258517835,2.7954115258517835,2.7954115258517835,,
sku,sku::1007983,1007983,교체형,lumpy,1560275.0,tsb,"{'alpha': 0.1, 'beta': 0.2}",4.759582954621659e-06,1.2877270835325816e-05,2.0,11,6,,0.22057190548561162,3.819406771134261e-07,0.03189589743571233,0.1275835897428493,0.055142976371402905,0.055142976371402905,0.055142976371402905,0.055142976371402905,,
sku,sku::1007914,1007914,교체형,lumpy,1546689.0,tsb,"{'alpha': 0.1, 'beta': 0.2}",7.151760872829691e-06,1.803016488347204e-05,2.0,11,6,,0.3021942684422263,1.3530812292423236e-06,0.06703985075259501,0.26815940301038005,0.07554856711055657,0.07554856711055657,0.07554856711055657,0.07554856711055657,,
sku,sku::2017822,2017822,교체형,lumpy,1413997.0,tsb,"{'alpha': 0.1, 'beta': 0.2}",2.4152105945418003e-06,7.690985202128643e-06,2.0,11,6,,0.11717377798790354,2.480354828995837e-07,0.026627858258282837,0.10651143303313135,0.029293444496975886,0.029293444496975886,0.029293444496975886,0.029293444496975886,,
sku,sku::1008656,1008656,교체형,lumpy,1336431.0,tsb,"{'alpha': 0.1, 'beta': 0.2}",2.8340149393911153e-06,1.996436506487229e-05,2.0,11,6,,0.3080748009699285,6.042782825420777e-07,0.010793328639221994,0.04317331455688798,0.07701870024248213,0.07701870024248213,0.07701870024248213,0.07701870024248213,,
sku,sku::1009111,1009111,교체형,lumpy,1294780.0,tsb,"{'alpha': 0.1, 'beta': 0.2}",3.162215872246087e-05,0.00012972022547147658,2.0,11,6,,1.9702024628867547,2.2310917060443433e-06,0.41226777584533375,1.649071103381335,0.4925506157216887,0.4925506157216887,0.4925506157216887,0.4925506157216887,,
sku,sku::2016908,2016908,교체형,lumpy,1291753.0,tsb,"{'alpha': 0.1, 'beta': 0.2}",5.539062114005429e-06,1.2366792154228424e-05,2.0,11,6,,0.146458888829083,1.123881123972239e-06,0.0296685948158916,0.1186743792635664,0.03661472220727075,0.03661472220727075,0.03661472220727075,0.03661472220727075,,
sku,sku::1008968,1008968,교체형,lumpy,1241930.0,tsb,"{'alpha': 0.1, 'beta': 0.2}",7.265671830498154e-08,5.865312535380333e-07,2.0,11,6,,0.008544673193467498,1.685055381866e-08,0.001719796505685008,0.006879186022740032,0.0021361682983668745,0.0021361682983668745,0.0021361682983668745,0.0021361682983668745,,
sku,sku::1008434,1008434,교체형,lumpy,1239180.0,tsb,"{'alpha': 0.1, 'beta': 0.2}",0.8059983449770806,1.6543324484705346,0.9842090446025811,11,6,0.9012519801822596,123839.93548522888,0.5579197454500254,25844.847986214278,103379.39194485711,30959.98387130722,30959.98387130722,30959.98387130722,30959.98387130722,,
sku,sku::1006218,1006218,교체형,lumpy,1187676.0,tsb,"{'alpha': 0.1, 'beta': 0.2}",4.9556618996599604e-06,2.4053574750941818e-05,2.0,11,6,,0.32934075951371744,6.042784229999659e-07,0.05550261620588668,0.22201046482354672,0.08233518987842936,0.08233518987842936,0.08233518987842936,0.08233518987842936,,
sku,sku::2014724,2014724,교체형,lumpy,1176249.0,tsb,"{'alpha': 0.1, 'beta': 0.2}",5.12301559674538e-06,1.1949910381015567e-05,2.0,11,6,,0.11622882247436311,5.388178505182391e-07,0.025058531541746903,0.10023412616698761,0.02905720561859078,0.02905720561859078,0.02905720561859078,0.02905720561859078,,
sku,sku::1007730,1007730,교체형,lumpy,1149487.0,tsb,"{'alpha': 0.1, 'beta': 0.2}",5.230169647195388e-06,1.7045649244014243e-05,2.0,11,6,,0.22325522229379247,4.355758173894563e-07,0.04631821610232996,0.18527286440931984,0.055813805573448116,0.055813805573448116,0.055813805573448116,0.055813805573448116,,
sku,sku::1008168,1008168,교체형,lumpy,1115643.0,croston,{'alpha': 0.1},0.10847876175898018,0.3064610188383252,0.9603795011107202,11,6,0.23163828057928365,23008.94117885805,0.09168503504985867,4913.902733205933,19655.610932823733,5752.235294714513,5752.235294714513,5752.235294714513,5752.235294714513,,
sku,sku::1008056,1008056,교체형,lumpy,1096675.0,sba,{'alpha': 0.3},0.04114763971422514,0.23710190394813266,0.9459108312411857,11,6,0.02015113360294464,16438.839656424047,0.04595502639833644,1834.3224890537767,7337.289956215107,4109.709914106012,4109.709914106012,4109.709914106012,4109.709914106012,,
sku,sku::1008969,1008969,교체형,lumpy,999608.0,tsb,"{'alpha': 0.1, 'beta': 0.2}",7.28243220506783e-08,5.877308625291696e-07,2.0,11,6,,0.006891526020312512,1.685055381866e-08,0.0013879268702929573,0.005551707481171829,0.001722881505078128,0.001722881505078128,0.001722881505078128,0.001722881505078128,,
sku,sku::1008923,1008923,교체형,lumpy,935815.0,tsb,"{'alpha': 0.1, 'beta': 0.2}",0.00017020641293558964,0.0007437515147401644,2.0,11,6,,7.718476065414787,2.483817574975881e-05,1.4076955867830052,5.630782347132021,1.9296190163536968,1.9296190163536968,1.9296190163536968,1.9296190163536968,,
sku,sku::2016156,2016156,교체형,lumpy,884429.0,tsb,"{'alpha': 0.1, 'beta': 0.2}",6.577396184413829e-13,3.2143741805936346e-12,2.0,11,6,,3.334775374255735e-08,8.842264196114011e-14,6.113836867820759e-09,2.4455347471283035e-08,8.336938435639337e-09,8.336938435639337e-09,8.336938435639337e-09,8.336938435639337e-09,,
sku,sku::2016637,2016637,교체형,lumpy,883177.0,tsb,"{'alpha': 0.1, 'beta': 0.2}",0.11640709233621953,0.485942206427251,0.33374069115908117,11,6,-0.42236996541415767,55073.83846675527,0.15809886338781776,12489.070686512745,49956.28274605098,13768.459616688817,13768.459616688817,13768.459616688817,13768.459616688817,,
sku,sku::1006758,1006758,교체형,lumpy,827217.0,tsb,"{'alpha': 0.1, 'beta': 0.2}",9.102373973723866e-12,5.9407959993732e-11,2.0,11,6,,5.764627786093563e-07,7.405168905394707e-13,1.3134515504755407e-07,5.253806201902163e-07,1.4411569465233908e-07,1.4411569465233908e-07,1.4411569465233908e-07,1.4411569465233908e-07,,
sku,sku::1007870,1007870,교체형,lumpy,802570.0,tsb,"{'alpha': 0.1, 'beta': 0.2}",1.3389894179119142e-06,5.407207734746103e-06,2.0,11,6,,0.04994413206317955,2.8150267566105907e-07,0.009679018729165509,0.038716074916662034,0.012486033015794887,0.012486033015794887,0.012486033015794887,0.012486033015794887,,
sku,sku::2017835,2017835,교체형,lumpy,769542.0,tsb,"{'alpha': 0.1, 'beta': 0.2}",4.584901580224847e-07,1.358965681524601e-06,2.0,11,6,,0.009523315179597067,5.4088235751213715e-08,0.0015727533218158145,0.006291013287263258,0.002380828794899267,0.002380828794899267,0.002380828794899267,0.002380828794899267,,
sku,sku::1009698,1009698,교체형,intermittent,763038.0,sba,{'alpha': 0.05},0.035062953194099925,0.2235962208357111,2.0,11,6,0.013652508966809808,9129.761239012138,0.008371703641691083,2263.958652155714,9055.834608622856,2282.4403097530344,2282.4403097530344,2282.4403097530344,2282.4403097530344,,
sku,sku::1009239,1009239,교체형,lumpy,744804.0,tsb,"{'alpha': 0.1, 'beta': 0.2}",2.4065815760436515e-06,1.5217577344111775e-05,2.0,11,6,,0.13295194602461208,4.849386087745144e-07,0.01780509072703389,0.07122036290813556,0.03323798650615302,0.03323798650615302,0.03323798650615302,0.03323798650615302,,
sku,sku::2016871,2016871,교체형,lumpy,720515.0,tsb,"{'alpha': 0.1, 'beta': 0.2}",0.000887141874436039,0.005809861269788973,2.0,11,6,-0.5847631037275749,29.344573696415434,2.6605622376989277e-05,6.050575633340073,24.202302533360292,7.336143424103859,7.336143424103859,7.336143424103859,7.336143424103859,,
sku,sku::1009431,1009431,교체형,intermittent,704133.0,tsb,"{'alpha': 0.1, 'beta': 0.2}",1.4653318630402906e-05,7.38847654830371e-05,2.0,11,6,,0.6102626323955476,1.1012896080611676e-06,0.15240685213740446,0.6096274085496178,0.1525656580988869,0.1525656580988869,0.1525656580988869,0.1525656580988869,,
sku,sku::1006360,1006360,교체형,intermittent,698190.0,tsb,"{'alpha': 0.1, 'beta': 0.2}",8.040992563949998e-09,1.8692130690929584e-08,2.0,11,6,,0.0001364185127395533,1.1225430008109644e-09,3.116384773401599e-05,0.00012465539093606395,3.410462818488833e-05,3.410462818488833e-05,3.410462818488833e-05,3.410462818488833e-05,,
sku,sku::2017140,2017140,교체형,lumpy,673487.0,tsb,"{'alpha': 0.1, 'beta': 0.2}",2.8544290797650464e-06,9.365350126255904e-06,2.0,11,6,,0.07360972061349336,3.760943342713298e-07,0.015629514487558237,0.06251805795023295,0.01840243015337334,0.01840243015337334,0.01840243015337334,0.01840243015337334,,
sku,sku::1008760,1008760,교체형,lumpy,621791.0,tsb,"{'alpha': 0.1, 'beta': 0.2}",0.0002093113665596459,0.0012068369688652207,2.0,11,6,,4.964796572822919,2.188978718057219e-05,1.22866942902357,4.91467771609428,1.2411991432057297,1.2411991432057297,1.2411991432057297,1.2411991432057297,,
sku,sku::1009228,1009228,교체형,lumpy,618848.0,tsb,"{'alpha': 0.1, 'beta': 0.2}",0.010175568692093438,0.06230729613478187,2.0,11,6,-0.5847631037275747,452.30363421402836,0.000604480806898318,107.66182543013454,430.64730172053817,113.07590855350709,113.07590855350709,113.07590855350709,113.07590855350709,,
sku,sku::1007729,1007729,교체형,lumpy,606227.0,tsb,"{'alpha': 0.1, 'beta': 0.2}",2.1676376714516936e-06,9.722539748075105e-06,2.0,11,6,,0.06913885495230808,3.46431518990723e-07,0.007476352202016987,0.029905408808067947,0.01728471373807702,0.01728471373807702,0.01728471373807702,0.01728471373807702,,
sku,sku::1009439,1009439,교체형,lumpy,576779.0,tsb,"{'alpha': 0.2, 'beta': 0.05}",28.034563621544077,91.73259537038858,1.7804988584580448,11,6,-0.4950253537035947,67123.83073813676,0.19337068453913703,16007.029420320463,64028.11768128185,16780.95768453419,16780.95768453419,16780.95768453419,16780.95768453419,,
sku,sku::1008417,1008417,교체형,lumpy,576385.0,sba,{'alpha': 0.05},0.0440119535962965,0.23048368818789544,2.0,11,6,0.01365250896680948,5779.032370354968,0.04291864867634617,1063.3561975926937,4253.424790370775,1444.758092588742,1444.758092588742,1444.758092588742,1444.758092588742,,
sku,sku::1008353,1008353,교체형,lumpy,560403.0,tsb,"{'alpha': 0.1, 'beta': 0.2}",0.0063949218066321365,0.026100205509713145,2.0,11,6,-0.5847631037275749,171.57403259202368,0.0007555786392990564,34.84357072531525,139.374282901261,42.89350814800592,42.89350814800592,42.89350814800592,42.89350814800592,,
sku,sku::2018983,2018983,교체형,lumpy,548068.0,sba,{'alpha': 0.3},0.3057896842633709,0.9686796170427785,0.9334424370372886,11,6,0.43136191007534425,29610.420866681998,0.20041412346656082,5458.598986293643,21834.395945174572,7402.605216670499,7402.605216670499,7402.605216670499,7402.605216670499,,
sku,sku::1008981,1008981,교체형,lumpy,526778.0,tsb,"{'alpha': 0.2, 'beta': 0.05}",0.2758126485486027,1.0916632708814837,1.2374953050394282,11,6,-0.6421095104316585,23616.855587107428,0.11023807014404909,5904.213896776857,23616.855587107428,5904.213896776857,5904.213896776857,5904.213896776857,5904.213896776857,,
sku,sku::2017780,2017780,교체형,lumpy,507735.0,tsb,"{'alpha': 0.1, 'beta': 0.2}",0.0031594536975259337,0.012039540468781357,2.0,11,6,-0.5847631037275749,71.70578476060399,0.0002960619175222402,14.48418530062629,57.93674120250516,17.926446190150997,17.926446190150997,17.926446190150997,17.926446190150997,,
sku,sku::2018609,2018609,교체형,lumpy,495397.0,sba,{'alpha': 0.3},0.12778898004852193,0.4000297875442927,1.4308173840009502,11,6,-0.14503350892518807,10562.6189986175,0.15105621277693768,2551.1748872876055,10204.699549150422,2640.654749654375,2640.654749654375,2640.654749654375,2640.654749654375,,
sku,sku::1008004,1008004,교체형,lumpy,491000.0,tsb,"{'alpha': 0.1, 'beta': 0.2}",1.2616858012121378e-07,7.690136136221324e-07,2.0,11,6,,0.004281964447032393,2.455702228495621e-08,0.000418612136438303,0.001674448545753212,0.0010704911117580982,0.0010704911117580982,0.0010704911117580982,0.0010704911117580982,,
sku,sku::2019670,2019670,교체형,lumpy,488607.0,tsb,"{'alpha': 0.1, 'beta': 0.2}",1.4938235681056526,4.3231660515467025,0.6196300128252376,11,6,-0.17864156059334932,69280.35796072769,0.6022312768887498,14145.400241906087,56581.60096762435,17320.089490181923,17320.089490181923,17320.089490181923,17320.089490181923,,
sku,sku::1009494,1009494,교체형,lumpy,467702.0,tsb,"{'alpha': 0.2, 'beta': 0.05}",0.275307847896892,1.0509750449918032,0.5727538638623603,11,6,-0.10949192032940855,33845.30415322219,0.23685026613045085,7622.671209451142,30490.68483780457,8461.326038305548,8461.326038305548,8461.326038305548,8461.326038305548,,
sku,sku::2018611,2018611,교체형,lumpy,462151.0,sba,{'alpha': 0.05},0.02240686565296348,0.0789865051541168,1.7653796005272635,11,6,0.0902991628641338,1390.3102510241592,0.018575729730518464,298.01732838132483,1192.0693135252993,347.5775627560398,347.5775627560398,347.5775627560398,347.5775627560398,,
sku,sku::1008414,1008414,교체형,lumpy,461230.0,tsb,"{'alpha': 0.1, 'beta': 0.2}",0.00016362040448582042,0.0008820000567302633,2.0,11,6,,4.77192205226514,2.1270549225183695e-05,1.1448116527019183,4.579246610807673,1.192980513066285,1.192980513066285,1.192980513066285,1.192980513066285,,
sku,sku::1007584,1007584,교체형,intermittent,456009.0,tsb,"{'alpha': 0.1, 'beta': 0.2}",0.00014484546417836152,0.0008101593867931759,2.0,11,6,,4.3336223541833885,2.1270485567809425e-05,1.0795462716444237,4.318185086577695,1.0834055885458471,1.0834055885458471,1.0834055885458471,1.0834055885458471,,
sku,sku::1009432,1009432,교체형,lumpy,451111.0,tsb,"{'alpha': 0.1, 'beta': 0.2}",1.0450591435923902e-05,6.022433952611537e-05,2.0,11,6,,0.31868574919559595,1.000757900580434e-06,0.07162090041315372,0.2864836016526149,0.07967143729889899,0.07967143729889899,0.07967143729889899,0.07967143729889899,,
sku,sku::1007320,1007320,교체형,lumpy,445275.0,tsb,"{'alpha': 0.1, 'beta': 0.2}",5.898257420694531e-06,2.661162243119691e-05,2.0,11,6,,0.10780102813052324,4.2598114585458343e-07,0.024741972476445228,0.09896788990578091,0.02695025703263081,0.02695025703263081,0.02695025703263081,0.02695025703263081,,
sku,sku::1006362,1006362,교체형,intermittent,432890.0,tsb,"{'alpha': 0.1, 'beta': 0.2}",2.042887762841139e-07,4.5030740012498845e-07,2.0,11,6,,0.0020085208757514234,2.1443962467018436e-08,0.00047916791836763163,0.0019166716734705265,0.0005021302189378558,0.0005021302189378558,0.0005021302189378558,0.0005021302189378558,,
sku,sku::1006937,1006937,교체형,lumpy,425957.0,tsb,"{'alpha': 0.1, 'beta': 0.2}",9.60561688007307e-08,5.195941059819408e-07,2.0,11,6,,0.0025663348385954756,5.865511204547031e-09,0.0004023400200067621,0.0016093600800270484,0.0006415837096488689,0.0006415837096488689,0.0006415837096488689,0.0006415837096488689,,
sku,sku::2018627,2018627,교체형,intermittent,414913.0,tsb,"{'alpha': 0.1, 'beta': 0.2}",0.0029766811637959457,0.01112874425290354,2.0,11,6,-0.5847631037275749,54.16395701798821,0.0002988047090831811,12.507537610372488,50.03015044148995,13.540989254497052,13.540989254497052,13.540989254497052,13.540989254497052,,
sku,sku::2016119,2016119,교체형,intermittent,399218.0,tsb,"{'alpha': 0.1, 'beta': 0.2}",5.78623476900773e-07,3.1855317835555016e-06,2.0,11,6,,0.011246107492175306,7.52396338168675e-08,0.0026710439431590007,0.010684175772636003,0.0028115268730438264,0.0028115268730438264,0.0028115268730438264,0.0028115268730438264,,
sku,sku::1006004,1006004,교체형,lumpy,398206.0,tsb,"{'alpha': 0.1, 'beta': 0.2}",0.00044073074505902133,0.00201328149504696,2.0,11,6,-0.5847631037275749,9.404148570069417,6.64883841528233e-05,2.0037762906932564,8.015105162773025,2.351037142517354,2.351037142517354,2.351037142517354,2.351037142517354,,
sku,sku::2018356,2018356,교체형,lumpy,397882.0,tsb,"{'alpha': 0.1, 'beta': 0.2}",0.5246606469539082,1.3613700871667962,0.45081944154868764,11,6,-0.373495601134157,34485.461700612155,0.6634428026779811,5300.368086541608,21201.472346166433,8621.365425153039,8621.365425153039,8621.365425153039,8621.365425153039,,
sku,sku::2017773,2017773,교체형,lumpy,389102.0,sba,{'alpha': 0.3},0.0267775984976307,0.033511712947484854,0.5812543761902965,11,6,-0.37242758601061987,807.8638627784933,0.30244646095180133,201.18908130216627,804.7563252086651,201.96596569462332,201.96596569462332,201.96596569462332,201.96596569462332,,
sku,sku::1008986,1008986,교체형,intermittent,382518.0,tsb,"{'alpha': 0.1, 'beta': 0.2}",2.8102923854123892e-06,8.24722578999217e-06,2.0,11,6,,0.03700555665673692,3.4625188640153113e-07,0.007748141536923883,0.030992566147695532,0.00925138916418423,0.00925138916418423,0.00925138916418423,0.00925138916418423,,
sku,sku::2018964,2018964,교체형,lumpy,348437.0,tsb,"{'alpha': 0.1, 'beta': 0.2}",0.00018802602837519091,0.0009820477023340503,2.0,11,6,,4.013876724022818,3.5265858565987973e-05,0.6117260332369785,2.446904132947914,1.0034691810057046,1.0034691810057046,1.0034691810057046,1.0034691810057046,,
sku,sku::1006661,1006661,교체형,lumpy,348334.0,tsb,"{'alpha': 0.1, 'beta': 0.2}",5.077191507024217e-06,2.1162849571787305e-05,2.0,11,6,,0.08647233617342444,2.496439359968793e-07,0.011048488785086326,0.044193955140345305,0.02161808404335611,0.02161808404335611,0.02161808404335611,0.02161808404335611,,
sku,sku::1007187,1007187,교체형,lumpy,346093.0,tsb,"{'alpha': 0.1, 'beta': 0.2}",0.01215831670984065,0.0461563789309505,2.0,11,6,-0.5847631037275748,187.38366369194873,0.0007556249330778836,37.55039404712038,150.2015761884815,46.84591592298718,46.84591592298718,46.84591592298718,46.84591592298718,,
sku,sku::2018610,2018610,교체형,lumpy,342188.0,tsb,"{'alpha': 0.2, 'beta': 0.05}",0.11945925428177061,0.3211711259852146,0.17328476512457436,11,6,-0.337694227758455,23250.65406250603,0.3851601351055387,4894.602755691823,19578.411022767294,5812.663515626507,5812.663515626507,5812.663515626507,5812.663515626507,,
sku,sku::1007877,1007877,교체형,intermittent,337383.0,tsb,"{'alpha': 0.1, 'beta': 0.2}",5.305098697926037e-06,1.4358189161915782e-05,2.0,11,6,,0.056823770372779095,3.6724543344288787e-07,0.01016375398008528,0.04065501592034112,0.014205942593194774,0.014205942593194774,0.014205942593194774,0.014205942593194774,,
sku,sku::1007795,1007795,교체형,lumpy,335447.0,tsb,"{'alpha': 0.1, 'beta': 0.2}",5.990895467321903e-07,2.6566031203052203e-06,2.0,11,6,,0.01045340486144476,8.047559357739281e-08,0.002019291972058353,0.008077167888233412,0.00261335121536119,0.00261335121536119,0.00261335121536119,0.00261335121536119,,
sku,sku::1009160,1009160,교체형,lumpy,332000.0,tsb,"{'alpha': 0.1, 'beta': 0.2}",2.2473548068326923e-06,1.273656852334754e-05,2.0,11,6,,0.048107799085288006,2.3737689777122947e-07,0.008062755578542469,0.032251022314169875,0.012026949771322001,0.012026949771322001,0.012026949771322001,0.012026949771322001,,
sku,sku::1008098,1008098,교체형,lumpy,331625.0,tsb,"{'alpha': 0.1, 'beta': 0.2}",3.845599879065353e-06,1.343040886604124e-05,2.0,11,6,,0.046333738775228,4.461467464601445e-07,0.010005545976471736,0.040022183905886945,0.011583434693807,0.011583434693807,0.011583434693807,0.011583434693807,,
sku,sku::2018392,2018392,교체형,intermittent,323763.0,tsb,"{'alpha': 0.1, 'beta': 0.2}",1.048284014960296e-06,3.23331694943969e-06,2.0,11,6,,0.010914162400975732,1.0906491142297257e-07,0.0025065300446046527,0.010026120178418611,0.002728540600243933,0.002728540600243933,0.002728540600243933,0.002728540600243933,,
sku,sku::2017389,2017389,교체형,intermittent,308866.0,tsb,"{'alpha': 0.1, 'beta': 0.2}",0.0010596266874676101,0.003381909162002459,2.0,11,6,-0.5847631037275749,7.147775120996151,6.495602877726233e-05,1.5834862452334324,6.33394498093373,1.7869437802490378,1.7869437802490378,1.7869437802490378,1.7869437802490378,,
sku,sku::2016157,2016157,교체형,intermittent,302696.0,tsb,"{'alpha': 0.1, 'beta': 0.2}",7.799309214322061e-07,4.914134515926033e-06,2.0,11,6,,0.017448612693109263,2.1062458829106098e-08,0.0038336767037929213,0.015334706815171685,0.004362153173277316,0.004362153173277316,0.004362153173277316,0.004362153173277316,,
sku,sku::2018989,2018989,교체형,intermittent,299855.0,tsb,"{'alpha': 0.1, 'beta': 0.2}",7.432608184676141e-06,4.520517960295172e-05,2.0,11,6,,0.1590034964324058,2.058889369273834e-07,0.03575376687548692,0.14301506750194767,0.03975087410810145,0.03975087410810145,0.03975087410810145,0.03975087410810145,,
sku,sku::2017144,2017144,교체형,lumpy,298006.0,tsb,"{'alpha': 0.1, 'beta': 0.2}",4.1952115355606715e-10,2.24573246860474e-09,2.0,11,6,,7.850371453028551e-06,2.6328552190616863e-11,1.8319144592479814e-06,7.327657836991926e-06,1.9625928632571377e-06,1.9625928632571377e-06,1.9625928632571377e-06,1.9625928632571377e-06,,
sku,sku::1009491,1009491,교체형,lumpy,295000.0,tsb,"{'alpha': 0.2, 'beta': 0.05}",2.1488126779843886,8.306428150586529,1.7220941503624634,11,6,0.802356886979513,24705.228744570515,0.13873339231266704,4258.5566588547845,17034.226635419138,6176.307186142629,6176.307186142629,6176.307186142629,6176.307186142629,,
sku,sku::1008278,1008278,교체형,intermittent,284622.0,tsb,"{'alpha': 0.1, 'beta': 0.2}",2.189618722068339e-06,7.666014961796315e-06,2.0,11,6,,0.025594420978039288,2.496439755748763e-07,0.006263486740878592,0.02505394696351437,0.006398605244509822,0.006398605244509822,0.006398605244509822,0.006398605244509822,,
sku,sku::2018332,2018332,교체형,lumpy,280106.0,sba,{'alpha': 0.05},0.16986176716647797,0.34314189138699835,0.7867159969033359,11,6,-0.6492718984429455,4237.361707422079,0.2011418214477216,874.7338497861061,3498.9353991444245,1059.3404268555198,1059.3404268555198,1059.3404268555198,1059.3404268555198,,
sku,sku::1006119,1006119,교체형,lumpy,270452.0,tsb,"{'alpha': 0.1, 'beta': 0.2}",7.589557286871095e-07,3.139688227841413e-06,2.0,11,6,,0.008814213933339511,8.085549080392216e-08,0.0016483942416580504,0.006593576966632202,0.002203553483334878,0.002203553483334878,0.002203553483334878,0.002203553483334878,,
sku,sku::1009221,1009221,교체형,lumpy,270000.0,tsb,"{'alpha': 0.1, 'beta': 0.2}",9.314812983336531e-07,6.7535286303963205e-06,2.0,11,6,,0.021389552068933754,1.0485074543594977e-07,0.004907014886402449,0.019628059545609797,0.005347388017233438,0.005347388017233438,0.005347388017233438,0.005347388017233438,,
sku,sku::1009137,1009137,교체형,lumpy,268474.0,sba,{'alpha': 0.05},0.0510347350444492,0.1927983750051513,2.0,11,6,0.15057555908692252,2538.5420287300335,0.02084349192227731,585.8217422093743,2343.286968837497,634.6355071825084,634.6355071825084,634.6355071825084,634.6355071825084,,
sku,sku::2018695,2018695,교체형,lumpy,258021.0,sba,{'alpha': 0.3},1.2592817751239784,4.480166739364331,0.6465214450632729,11,6,-0.4537256680279719,61777.671502457626,0.6738684291533075,11801.644315700642,47206.577262802566,15444.417875614407,15444.417875614407,15444.417875614407,15444.417875614407,,
sku,sku::2017390,2017390,교체형,lumpy,257971.0,tsb,"{'alpha': 0.1, 'beta': 0.2}",0.018198524263227007,0.06914044737179573,2.0,11,6,-0.5539375913957266,192.6782935909982,0.0023058742117434364,43.34906787887709,173.39627151550835,48.16957339774955,48.16957339774955,48.16957339774955,48.16957339774955,,
sku,sku::2018558,2018558,교체형,lumpy,251542.0,sba,{'alpha': 0.05},0.01001170064518354,0.05539698375147634,2.0,11,6,0.013652508966809525,672.7439350650191,0.016361470127465274,108.59037148482402,434.3614859392961,168.18598376625476,168.18598376625476,168.18598376625476,168.18598376625476,,
sku,sku::1009201,1009201,교체형,intermittent,242509.0,sba,{'alpha': 0.3},0.07416074886535688,0.38498124840660397,2.0,11,6,0.12788454702934093,4995.928699389277,0.022619316896629726,1001.824800497625,4007.2992019905,1248.9821748473194,1248.9821748473194,1248.9821748473194,1248.9821748473194,,
sku,sku::2019619,2019619,교체형,lumpy,234197.0,sba,{'alpha': 0.05},0.01165377521537012,0.07577596218377373,2.0,11,6,0.010250204272954472,949.6456463172311,0.009922923690236094,204.6873904137116,818.7495616548464,237.41141157930778,237.41141157930778,237.41141157930778,237.41141157930778,,
sku,sku::1007945,1007945,교체형,lumpy,231721.0,tsb,"{'alpha': 0.1, 'beta': 0.2}",1.6271745443150557e-05,0.00012798350540250093,2.0,11,6,,0.3478776883467892,3.6323967540306546e-06,0.05505126121728962,0.22020504486915848,0.0869694220866973,0.0869694220866973,0.0869694220866973,0.0869694220866973,,
sku,sku::1009974,1009974,교체형,lumpy,230064.0,sba,{'alpha': 0.3},0.053082766956301035,0.40869765211050924,2.0,11,6,-0.7721410186221598,4975.813333333332,0.00980392156862745,1044.206,4176.824,1243.953333333333,1243.953333333333,1243.953333333333,1243.953333333333,,
sku,sku::1009404,1009404,교체형,lumpy,229402.0,sba,{'alpha': 0.3},0.06479943805932635,0.44701827314602127,2.0,11,6,0.09857902219562988,5487.458777056512,0.03110390882822245,544.014788540076,2176.059154160304,1371.864694264128,1371.864694264128,1371.864694264128,1371.864694264128,,
sku,sku::1009136,1009136,교체형,intermittent,222247.0,sba,{'alpha': 0.3},0.0676165203028878,0.2903740525945892,2.0,11,6,0.14931370778546393,3453.3651942201823,0.03363644252911067,792.2519069171998,3169.007627668799,863.3412985550456,863.3412985550456,863.3412985550456,863.3412985550456,,
sku,sku::2018195,2018195,교체형,lumpy,218921.0,tsb,"{'alpha': 0.1, 'beta': 0.2}",0.36985810137158237,1.3049788142874954,1.0170018268978247,11,6,-0.15834478658687495,10919.692459296253,0.2339042939997446,2385.2702346684337,9541.080938673735,2729.9231148240633,2729.9231148240633,2729.9231148240633,2729.9231148240633,,
sku,sku::2019419,2019419,교체형,lumpy,218710.0,croston,{'alpha': 0.1},0.13560903529571364,0.9169949642891155,0.8700480089809758,11,6,0.313620817596516,5968.107947905178,0.017017421823836056,230.28052486425716,921.1220994570286,1492.0269869762944,1492.0269869762944,1492.0269869762944,1492.0269869762944,,
sku,sku::1007544,1007544,교체형,lumpy,213015.0,tsb,"{'alpha': 0.1, 'beta': 0.2}",0.000497043933834295,0.0018956802844226062,2.0,11,6,-0.5847631037275749,4.736771774275503,8.321794741360697e-05,1.1610676304425607,4.644270521770243,1.1841929435688758,1.1841929435688758,1.1841929435688758,1.1841929435688758,,
sku,sku::2018126,2018126,교체형,lumpy,202043.0,tsb,"{'alpha': 0.1, 'beta': 0.2}",7.146352258741593e-06,3.612585583519448e-05,2.0,11,6,,0.06409618682931773,7.620044493021657e-07,0.012902754562275874,0.051611018249103496,0.01602404670732943,0.01602404670732943,0.01602404670732943,0.01602404670732943,,
sku,sku::1007757,1007757,교체형,lumpy,191728.0,tsb,"{'alpha': 0.1, 'beta': 0.2}",7.218773172259997e-05,0.0005371307653426481,2.0,11,6,,1.2080161783348353,2.1267647982500032e-05,0.10312221381570716,0.41248885526282864,0.30200404458370883,0.30200404458370883,0.30200404458370883,0.30200404458370883,,
sku,sku::1006414,1006414,교체형,lumpy,186849.0,tsb,"{'alpha': 0.1, 'beta': 0.2}",2.6467550805576745e-06,9.238658000436548e-06,2.0,11,6,,0.020249152391554077,2.496439763445337e-07,0.003853061677404121,0.015412246709616485,0.005062288097888519,0.005062288097888519,0.005062288097888519,0.005062288097888519,,
sku,sku::1009140,1009140,교체형,lumpy,186000.0,tsb,"{'alpha': 0.1, 'beta': 0.2}",5.495518202478921e-07,4.083213737570402e-06,2.0,11,6,,0.008908862138668372,1.4406310056061405e-08,0.001827872619913071,0.007311490479652284,0.002227215534667093,0.002227215534667093,0.002227215534667093,0.002227215534667093,,
sku,sku::1007941,1007941,교체형,lumpy,185733.0,tsb,"{'alpha': 0.1, 'beta': 0.2}",0.061248560785404915,0.31732678941867104,1.4996131491509523,11,6,0.02533467175511789,8609.79821023553,0.1912819132807282,330.34442415587176,1321.377696623487,2152.4495525588827,2152.4495525588827,2152.4495525588827,2152.4495525588827,,
sku,sku::1009161,1009161,교체형,intermittent,183000.0,tsb,"{'alpha': 0.1, 'beta': 0.2}",0.00023082709863546104,0.0012872504262503616,2.0,11,6,,2.763257226157529,8.788986088287306e-06,0.6880018309911303,2.7520073239645213,0.6908143065393823,0.6908143065393823,0.6908143065393823,0.6908143065393823,,
sku,sku::2017373,2017373,교체형,lumpy,181608.0,sba,{'alpha': 0.3},0.060811848465743557,0.32238216619349735,1.6045341905718171,11,6,-0.1673885145349811,2518.499766751662,0.027867184996307606,489.7394393679723,1958.9577574718892,629.6249416879155,629.6249416879155,629.6249416879155,629.6249416879155,,
sku,sku::2017776,2017776,교체형,lumpy,178710.0,tsb,"{'alpha': 0.1, 'beta': 0.2}",0.0007482936158646734,0.005688026926994585,2.0,11,6,-0.5847631037275748,11.923882255424175,2.418642084054398e-05,1.3074774902933,5.2299099611732,2.9809705638560438,2.9809705638560438,2.9809705638560438,2.9809705638560438,,
sku,sku::1006614,1006614,교체형,intermittent,173251.0,tsb,"{'alpha': 0.1, 'beta': 0.2}",1.3241762144695212e-07,6.427552370826764e-07,2.0,11,6,,0.0013062567700121502,4.417857032739255e-09,0.0002825147296295698,0.0011300589185182792,0.00032656419250303754,0.00032656419250303754,0.00032656419250303754,0.00032656419250303754,,
sku,sku::1009406,1009406,교체형,intermittent,169614.0,tsb,"{'alpha': 0.1, 'beta': 0.2}",0.0001568648879325078,0.0008361630270445771,2.0,11,6,,1.6636418502687937,5.871779356636305e-06,0.4152911072806604,1.6611644291226415,0.41591046256719844,0.41591046256719844,0.41591046256719844,0.41591046256719844,,
sku,sku::2018272,2018272,교체형,lumpy,165986.0,sba,{'alpha': 0.3},0.12627733655751902,0.21380425510708542,0.19457808598794654,11,6,-0.381918043442094,5608.031723720332,0.36770217943820627,1244.2615637381696,4977.046254952678,1402.007930930083,1402.007930930083,1402.007930930083,1402.007930930083,,
sku,sku::2019414,2019414,교체형,lumpy,164430.0,sba,{'alpha': 0.05},0.037565487181015454,0.18839447099882412,2.0,11,6,0.013652508966809604,1473.8067962145872,0.012898641174285089,328.74838431091615,1314.9935372436646,368.4516990536468,368.4516990536468,368.4516990536468,368.4516990536468,,
sku,sku::2019418,2019418,교체형,intermittent,158511.0,tsb,"{'alpha': 0.1, 'beta': 0.2}",0.00047905626641325924,0.0021754411933953156,2.0,11,6,-0.5847631037275748,3.0867133939999634,1.7764546157554394e-05,0.6642629310477101,2.6570517241908402,0.7716783484999908,0.7716783484999908,0.7716783484999908,0.7716783484999908,,
sku,sku::1008550,1008550,교체형,lumpy,155381.0,tsb,"{'alpha': 0.1, 'beta': 0.2}",6.165005743812751e-09,4.983651465631591e-08,2.0,11,6,,9.0834902553072e-05,1.4474020917611364e-09,1.822169230968297e-05,7.288676923873188e-05,2.2708725638268e-05,2.2708725638268e-05,2.2708725638268e-05,2.2708725638268e-05,,
sku,sku::1006760,1006760,교체형,lumpy,154861.0,tsb,"{'alpha': 0.1, 'beta': 0.2}",3.1361036367634353e-12,2.5330969936095282e-11,2.0,11,6,,4.6015173004922186e-08,7.383616889191476e-13,6.944616563427709e-09,2.7778466253710834e-08,1.1503793251230546e-08,1.1503793251230546e-08,1.1503793251230546e-08,1.1503793251230546e-08,,
sku,sku::2016834,2016834,교체형,intermittent,151142.0,tsb,"{'alpha': 0.1, 'beta': 0.2}",5.652397042120597e-08,1.32953143144215e-07,2.0,11,6,,0.00023073263031959127,5.579863758882301e-09,4.9088074992689245e-05,0.00019635229997075698,5.7683157579897817e-05,5.7683157579897817e-05,5.7683157579897817e-05,5.7683157579897817e-05,,
sku,sku::2016049,2016049,교체형,intermittent,149628.0,tsb,"{'alpha': 0.1, 'beta': 0.2}",4.9234637563627975e-06,1.9872845095376185e-05,2.0,11,6,,0.034880290932881954,3.109174312885157e-07,0.008222620115423091,0.032890480461692365,0.008720072733220488,0.008720072733220488,0.008720072733220488,0.008720072733220488,,
sku,sku::2018009,2018009,교체형,lumpy,149124.0,tsb,"{'alpha': 0.1, 'beta': 0.2}",0.0005964988690480338,0.0016255563873790746,2.0,11,6,-0.5847631037275749,2.5272392351227806,6.514973062860301e-05,0.49015089639749737,1.9606035855899895,0.6318098087806951,0.6318098087806951,0.6318098087806951,0.6318098087806951,,
sku,sku::2019416,2019416,교체형,intermittent,145988.0,sba,{'alpha': 0.3},0.0737606719435475,0.4408538685002279,2.0,11,6,0.21842263568702933,2795.4440591663683,0.02104067161823806,578.7247722347298,2314.8990889389192,698.8610147915921,698.8610147915921,698.8610147915921,698.8610147915921,,
sku,sku::1006241,1006241,교체형,lumpy,143181.0,tsb,"{'alpha': 0.1, 'beta': 0.2}",2.1234300552715104e-07,1.6394281839383592e-06,2.0,11,6,,0.0027534992882945913,3.855581904279314e-08,0.00048560668526207535,0.0019424267410483014,0.0006883748220736478,0.0006883748220736478,0.0006883748220736478,0.0006883748220736478,,
sku,sku::1008504,1008504,교체형,intermittent,142086.0,tsb,"{'alpha': 0.1, 'beta': 0.2}",2.110501644410258e-11,8.639977497233444e-11,2.0,11,6,,1.4400284751393668e-07,1.4905088068132133e-12,3.432689433657384e-08,1.3730757734629537e-07,3.600071187848417e-08,3.600071187848417e-08,3.600071187848417e-08,3.600071187848417e-08,,
sku,sku::2017777,2017777,교체형,lumpy,139717.0,tsb,"{'alpha': 0.1, 'beta': 0.2}",2.4398430820634514e-06,1.9557271962036e-05,2.0,11,6,,0.032052706539485186,6.427752257341294e-08,0.006427896238991859,0.025711584955967436,0.008013176634871296,0.008013176634871296,0.008013176634871296,0.008013176634871296,,
sku,sku::1006416,1006416,교체형,lumpy,137925.0,tsb,"{'alpha': 0.1, 'beta': 0.2}",2.519565143233348e-08,1.527221031964146e-07,2.0,11,6,,0.00024708823620792596,4.417123527458726e-09,5.343339558835081e-05,0.00021373358235340323,6.177205905198149e-05,6.177205905198149e-05,6.177205905198149e-05,6.177205905198149e-05,,
sku,sku::1008622,1008622,교체형,lumpy,137646.0,tsb,"{'alpha': 0.1, 'beta': 0.2}",0.0106316253322046,0.07060337483695366,2.0,11,6,-0.5847631037275749,113.99773866424924,0.0024548272877349545,7.198954336996089,28.795817347984357,28.49943466606231,28.49943466606231,28.49943466606231,28.49943466606231,,
sku,sku::1007976,1007976,교체형,lumpy,136334.0,tsb,"{'alpha': 0.1, 'beta': 0.2}",0.0017499979034847713,0.006166677894907911,2.0,11,6,-0.5847631037275748,9.861946036544804,0.00023627515818461334,1.9372436553452639,7.7489746213810555,2.465486509136201,2.465486509136201,2.465486509136201,2.465486509136201,,
sku,sku::2019671,2019671,교체형,lumpy,132847.0,sba,{'alpha': 0.05},0.03005093668504546,0.12676966656742886,1.9707543664242404,11,6,-0.9277483021460203,806.9336008449536,0.010676673593326238,176.23600388532975,704.944015541319,201.7334002112384,201.7334002112384,201.7334002112384,201.7334002112384,,
sku,sku::2017384,2017384,교체형,intermittent,127472.0,tsb,"{'alpha': 0.1, 'beta': 0.2}",5.676816789153717e-07,2.4360095943271634e-06,2.0,11,6,,0.002613812013365541,2.2907966710258102e-08,0.0005779727603752943,0.002311891041501177,0.0006534530033413852,0.0006534530033413852,0.0006534530033413852,0.0006534530033413852,,
sku,sku::2016911,2016911,교체형,intermittent,126101.0,tsb,"{'alpha': 0.1, 'beta': 0.2}",3.7054422549197157e-07,1.0419747083295527e-06,2.0,11,6,,0.001541284775366927,4.33869654495167e-08,0.00036209687577512143,0.0014483875031004857,0.0003853211938417318,0.0003853211938417318,0.0003853211938417318,0.0003853211938417318,,
sku,sku::2016929,2016929,교체형,lumpy,123540.0,sba,{'alpha': 0.2},0.10265398278694927,0.17809794357294687,1.1956861872143556,11,6,-0.08936920138992054,827.9356418614722,0.24600080009902447,188.12836020970667,752.5134408388267,206.98391046536804,206.98391046536804,206.98391046536804,206.98391046536804,,
sku,sku::1009193,1009193,교체형,lumpy,121763.0,tsb,"{'alpha': 0.1, 'beta': 0.2}",4.987232655157169e-07,3.5512358574055843e-06,2.0,11,6,,0.005072266192851869,8.626631682655714e-08,0.0009689022078290804,0.0038756088313163218,0.0012680665482129672,0.0012680665482129672,0.0012680665482129672,0.0012680665482129672,,
sku,sku::1006841,1006841,교체형,lumpy,121066.0,tsb,"{'alpha': 0.1, 'beta': 0.2}",1.8880593968166265e-12,1.2698842739447521e-11,2.0,11,6,,1.5932748082863056e-08,1.2419112814737126e-13,3.6942638125485938e-09,1.4777055250194375e-08,3.983187020715764e-09,3.983187020715764e-09,3.983187020715764e-09,3.983187020715764e-09,,
sku,sku::2018782,2018782,교체형,lumpy,118253.0,sba,{'alpha': 0.3},0.28612316377206737,0.6313185039673894,0.39996795553869197,11,6,-0.3804458594170662,8966.843449189439,0.5793701926073729,1944.8114129348407,7779.245651739363,2241.7108622973597,2241.7108622973597,2241.7108622973597,2241.7108622973597,,
sku,sku::1006389,1006389,교체형,intermittent,117818.0,tsb,"{'alpha': 0.1, 'beta': 0.2}",5.295222985859137e-09,1.8328223503747324e-08,2.0,11,6,,2.5330233822517066e-05,3.62991762771707e-10,6.1105381738475815e-06,2.4442152695390326e-05,6.332558455629267e-06,6.332558455629267e-06,6.332558455629267e-06,6.332558455629267e-06,,
sku,sku::2019417,2019417,교체형,intermittent,117120.0,tsb,"{'alpha': 0.1, 'beta': 0.2}",0.0001450116191020164,0.0008139664476336197,2.0,11,6,,1.0632683974284587,5.485198332613466e-06,0.2641320464293358,1.0565281857173432,0.2658170993571147,0.2658170993571147,0.2658170993571147,0.2658170993571147,,
sku,sku::2016096,2016096,교체형,lumpy,116050.0,tsb,"{'alpha': 0.1, 'beta': 0.2}",0.0003008960755492338,0.0023335367548312697,2.0,11,6,,3.1766324710910863,8.775506115749433e-06,0.4874154263923217,1.9496617055692869,0.7941581177727716,0.7941581177727716,0.7941581177727716,0.7941581177727716,,
sku,sku::2017631,2017631,교체형,lumpy,113859.0,tsb,"{'alpha': 0.1, 'beta': 0.1}",1.0676155954647724,2.390758397154755,0.9223281562755732,11,6,1.7781481924468245,7320.31730473314,0.4515126691139218,1182.357360207736,4729.429440830944,1830.079326183285,1830.079326183285,1830.079326183285,1830.079326183285,,
sku,sku::1008147,1008147,교체형,lumpy,112995.0,sba,{'alpha': 0.3},0.058371631974389375,0.4486679121125699,1.948630592675876,11,6,0.0803753311086608,2221.0022538168087,0.08093327199022962,80.52326561139286,322.09306244557143,555.2505634542022,555.2505634542022,555.2505634542022,555.2505634542022,,
sku,sku::1006799,1006799,교체형,lumpy,112783.0,tsb,"{'alpha': 0.1, 'beta': 0.2}",4.7254043835412345e-12,3.5660514218247096e-11,2.0,11,6,,4.717788030911389e-08,1.2393432265224506e-13,9.631937602632997e-09,3.852775041053199e-08,1.1794470077278472e-08,1.1794470077278472e-08,1.1794470077278472e-08,1.1794470077278472e-08,,
sku,sku::2018575,2018575,교체형,intermittent,108614.0,tsb,"{'alpha': 0.1, 'beta': 0.2}",6.905518598070581e-06,3.9641398270382015e-05,2.0,11,6,,0.05050588125944854,2.480262418502103e-07,0.012584315774797272,0.05033726309918909,0.012626470314862135,0.012626470314862135,0.012626470314862135,0.012626470314862135,,
sku,sku::1009139,1009139,교체형,lumpy,106970.0,tsb,"{'alpha': 0.1, 'beta': 0.2}",1.692776446686655e-05,0.0001283176917315953,2.0,11,6,,0.16101106209353352,4.933111665766518e-07,0.02536258036840241,0.10145032147360963,0.04025276552338338,0.04025276552338338,0.04025276552338338,0.04025276552338338,,
sku,sku::1006193,1006193,교체형,lumpy,106258.0,tsb,"{'alpha': 0.1, 'beta': 0.2}",0.0003063200065824582,0.0024489302582724397,2.0,11,6,,3.052426638305037,6.538261558821214e-05,0.6275763433757661,2.5103053735030643,0.7631066595762592,0.7631066595762592,0.7631066595762592,0.7631066595762592,,
sku,sku::2018097,2018097,교체형,erratic,105360.0,tsb,"{'alpha': 0.1, 'beta': 0.2}",0.0004274422262066698,0.0010196975368351546,2.0,11,6,-0.5847631037275748,0.8011562218683115,0.00019482152623984166,0.17290154029863244,0.6916061611945298,0.20028905546707787,0.20028905546707787,0.20028905546707787,0.20028905546707787,,
sku,sku::1007728,1007728,교체형,lumpy,104547.0,tsb,"{'alpha': 0.1, 'beta': 0.2}",5.127670528426874e-09,2.1843251792791578e-08,2.0,11,6,,2.2318631285041513e-05,2.112566560811694e-10,3.686024115442747e-06,1.4744096461770988e-05,5.579657821260378e-06,5.579657821260378e-06,5.579657821260378e-06,5.579657821260378e-06,,
sku,sku::1008497,1008497,교체형,lumpy,104363.0,tsb,"{'alpha': 0.1, 'beta': 0.2}",9.782567893003193e-11,3.189097581788319e-10,2.0,11,6,,3.904105485108974e-07,1.2644340080389544e-11,7.859369937919654e-08,3.1437479751678614e-07,9.760263712772435e-08,9.760263712772435e-08,9.760263712772435e-08,9.760263712772435e-08,,
sku,sku::2016957,2016957,교체형,lumpy,103058.0,sba,{'alpha': 0.3},0.017177260055280044,0.028135945337576056,1.9954045949212158,11,6,-0.19611623551259824,102.81958217495968,0.32067162366326024,24.951511183215693,99.80604473286277,25.70489554373992,25.70489554373992,25.70489554373992,25.70489554373992,,
sku,sku::2019071,2019071,교체형,intermittent,102360.0,tsb,"{'alpha': 0.2, 'beta': 0.05}",0.19165627686821415,0.5096412661764832,0.48908154399575793,11,6,0.17863041214068853,4846.8418796738815,0.3156744765376218,1188.802348881292,4755.209395525168,1211.7104699184704,1211.7104699184704,1211.7104699184704,1211.7104699184704,,
sku,sku::1009975,1009975,교체형,lumpy,100681.0,tsb,"{'alpha': 0.1, 'beta': 0.1}",9.692916683354463,74.09395582725591,1.8432039502196684,11,6,1.0470602062984187,14542.757306557813,0.2639286587379759,3413.751717506689,13655.006870026757,3635.689326639453,3635.689326639453,3635.689326639453,3635.689326639453,,
sku,sku::2017386,2017386,교체형,intermittent,99912.0,tsb,"{'alpha': 0.1, 'beta': 0.2}",6.646546106192365e-07,2.586809815085998e-06,2.0,11,6,,0.0030317217056178166,3.565362470188936e-08,0.0007309377802151477,0.0029237511208605907,0.0007579304264044541,0.0007579304264044541,0.0007579304264044541,0.0007579304264044541,,
sku,sku::2019749,2019749,교체형,intermittent,99901.0,tsb,"{'alpha': 0.2, 'beta': 0.05}",0.7121880142425346,2.9248523354576186,1.3407263871263349,11,6,-0.15748811568859045,9367.699331344253,0.16914970109442456,2224.0013473954486,8896.005389581795,2341.924832836063,2341.924832836063,2341.924832836063,2341.924832836063,,
sku,sku::1005729,1005729,교체형,lumpy,99555.0,tsb,"{'alpha': 0.1, 'beta': 0.2}",4.613613800149265e-05,0.00037132457918795744,2.0,11,6,,0.43363462701578,1.0889115345490367e-05,0.06552775608801775,0.262111024352071,0.108408656753945,0.108408656753945,0.108408656753945,0.108408656753945,,
sku,sku::1009888,1009888,교체형,intermittent,98896.0,tsb,"{'alpha': 0.2, 'beta': 0.05}",0.3784182129073026,2.2339907796308927,0.9538220863029455,11,6,0.5036112004776485,14900.14482364986,0.08431903490870239,2967.2279861262723,11868.91194450509,3725.036205912465,3725.036205912465,3725.036205912465,3725.036205912465,,
sku,sku::1007629,1007629,교체형,intermittent,96033.0,tsb,"{'alpha': 0.1, 'beta': 0.2}",2.4741684307522306e-12,1.1589822942291452e-11,2.0,11,6,,1.3055829738186407e-08,1.0108257738373576e-13,3.2550419512213563e-09,1.3020167804885425e-08,3.263957434546602e-09,3.263957434546602e-09,3.263957434546602e-09,3.263957434546602e-09,,
sku,sku::2019729,2019729,교체형,intermittent,95820.0,tsb,"{'alpha': 0.1, 'beta': 0.1}",0.09060982303111506,0.2531334385594444,0.07963755736805649,11,6,-0.8036097342870827,11306.698410719626,0.32116378160410425,2771.8885578311883,11087.554231324753,2826.6746026799065,2826.6746026799065,2826.6746026799065,2826.6746026799065,,
sku,sku::1007826,1007826,교체형,lumpy,93620.0,tsb,"{'alpha': 0.1, 'beta': 0.2}",0.008793385757341704,0.030116954980240012,2.0,11,6,-0.5847631037275748,33.074011793284534,0.0006081547862491424,3.950301460156479,15.801205840625917,8.268502948321133,8.268502948321133,8.268502948321133,8.268502948321133,,
sku,sku::1008734,1008734,교체형,lumpy,93304.0,tsb,"{'alpha': 0.1, 'beta': 0.2}",0.005880549997501126,0.017924937256309833,2.0,11,6,-0.5847631037275748,19.565901862776094,0.0007070528397430966,4.516782280226068,18.067129120904273,4.891475465694024,4.891475465694024,4.891475465694024,4.891475465694024,,
sku,sku::2016514,2016514,교체형,lumpy,91316.0,tsb,"{'alpha': 0.1, 'beta': 0.2}",8.006171263943653e-07,6.324798081908126e-06,2.0,11,6,,0.006774866239770249,2.1062458775120777e-08,0.0013642954922079183,0.005457181968831673,0.0016937165599425622,0.0016937165599425622,0.0016937165599425622,0.0016937165599425622,,
sku,sku::2017382,2017382,교체형,intermittent,90428.0,tsb,"{'alpha': 0.1, 'beta': 0.2}",0.0016898122577175656,0.007309249130793249,2.0,11,6,-0.5847631037275748,7.753233628529808,6.493829177502098e-05,1.4061763442501904,5.624705377000762,1.938308407132452,1.938308407132452,1.938308407132452,1.938308407132452,,
sku,sku::1008745,1008745,교체형,lumpy,87812.0,tsb,"{'alpha': 0.1, 'beta': 0.2}",0.04865438613080917,0.21316740584848962,2.0,11,6,-0.16803323212381158,219.57447304440944,0.008803109832472312,29.233376190214923,116.93350476085969,54.89361826110236,54.89361826110236,54.89361826110236,54.89361826110236,,
sku,sku::2019297,2019297,교체형,lumpy,85788.0,sba,{'alpha': 0.05},0.028634346222779758,0.07770878047338105,1.3993856774520703,11,6,0.1943068602123287,299.48019818917436,0.02190863450452561,70.93503432380182,283.74013729520726,74.87004954729359,74.87004954729359,74.87004954729359,74.87004954729359,,
sku,sku::1008802,1008802,교체형,lumpy,85381.0,croston,{'alpha': 0.2},75.79526609604481,491.1104916357746,1.9863000303071783,11,6,1.0106587744562812,2132.725490196078,0.03404139433551198,470.9101307189543,1883.6405228758172,533.1813725490196,533.1813725490196,533.1813725490196,533.1813725490196,,
sku,sku::1009010,1009010,교체형,lumpy,85147.0,tsb,"{'alpha': 0.1, 'beta': 0.2}",0.0036459514698055128,0.028645566397751055,2.0,11,6,-0.5847631037275748,28.611059806537586,0.000755824994466583,4.972778222994145,19.89111289197658,7.1527649516343965,7.1527649516343965,7.1527649516343965,7.1527649516343965,,
sku,sku::2017601,2017601,교체형,lumpy,83880.0,tsb,"{'alpha': 0.1, 'beta': 0.2}",4.053507594420628e-07,1.8750173997836952e-06,2.0,11,6,,0.0018448918164056197,2.1158266559189214e-08,0.0001437402715359871,0.0005749610861439484,0.00046122295410140493,0.00046122295410140493,0.00046122295410140493,0.00046122295410140493,,
sku,sku::1007899,1007899,교체형,lumpy,83610.0,tsb,"{'alpha': 0.1, 'beta': 0.2}",4.414162926260809e-07,2.7571744478910107e-06,2.0,11,6,,0.0027041429667918715,1.4221078489302502e-08,0.000381317940432721,0.001525271761730884,0.0006760357416979679,0.0006760357416979679,0.0006760357416979679,0.0006760357416979679,,
sku,sku::2019246,2019246,교체형,intermittent,79862.0,tsb,"{'alpha': 0.1, 'beta': 0.2}",0.0006759181612519344,0.002493572126491034,2.0,11,6,-0.5847631037275749,2.3359809522227906,4.08043142344969e-05,0.5837438834800132,2.3349755339200526,0.5839952380556976,0.5839952380556976,0.5839952380556976,0.5839952380556976,,
sku,sku::1009223,1009223,교체형,intermittent,79458.0,tsb,"{'alpha': 0.1, 'beta': 0.2}",2.142037240274362e-05,0.00011530352617863817,2.0,11,6,,0.10747003709332725,8.482474748590432e-07,0.02662962675148234,0.10651850700592937,0.026867509273331813,0.026867509273331813,0.026867509273331813,0.026867509273331813,,
sku,sku::1009282,1009282,교체형,lumpy,78895.0,sba,{'alpha': 0.05},0.007987840775106827,0.06638965298392725,2.0,11,6,0.013652508966809553,280.2842366376958,0.013671821427555199,30.564594823181917,122.25837929272767,70.07105915942395,70.07105915942395,70.07105915942395,70.07105915942395,,
sku,sku::2017755,2017755,교체형,lumpy,78444.0,tsb,"{'alpha': 0.1, 'beta': 0.2}",0.0003434385474797189,0.0012218341371693522,2.0,11,6,,1.1242921186089352,6.491244017311002e-05,0.21572362752446853,0.8628945100978741,0.2810730296522338,0.2810730296522338,0.2810730296522338,0.2810730296522338,,
sku,sku::1009889,1009889,교체형,intermittent,75606.0,sba,{'alpha': 0.05},0.02359489228929014,0.15972726177086838,2.0,11,6,-0.046758001377127434,646.2255172413793,0.007662835249042145,158.8701609195402,635.4806436781608,161.55637931034482,161.55637931034482,161.55637931034482,161.55637931034482,,
sku,sku::1008744,1008744,교체형,lumpy,75471.0,tsb,"{'alpha': 0.1, 'beta': 0.2}",0.011969686027182127,0.05208768762289695,2.0,11,6,-0.5847631037275748,46.11289227051557,0.0018749493917255943,5.782473055811297,23.12989222324519,11.528223067628893,11.528223067628893,11.528223067628893,11.528223067628893,,
sku,sku::1008897,1008897,교체형,lumpy,74918.0,tsb,"{'alpha': 0.1, 'beta': 0.2}",0.002410641090241831,0.010073464739403503,2.0,11,6,-0.5847631037275749,8.60590130033178,0.000307078777407838,1.5469178512538593,6.187671405015437,2.151475325082945,2.151475325082945,2.151475325082945,2.151475325082945,,
sku,sku::2017603,2017603,교체형,intermittent,74893.0,tsb,"{'alpha': 0.1, 'beta': 0.2}",1.982208041728732e-06,6.068442897430499e-06,2.0,11,6,,0.005331208619996117,1.584060678122255e-07,0.0012791096202484653,0.005116438480993861,0.0013328021549990294,0.0013328021549990294,0.0013328021549990294,0.0013328021549990294,,
sku,sku::1006406,1006406,교체형,lumpy,74080.0,tsb,"{'alpha': 0.1, 'beta': 0.2}",2.4490587266995492e-06,1.7260747888570702e-05,2.0,11,6,,0.014999188508050742,6.427753502051311e-08,0.00313376637357889,0.01253506549431556,0.0037497971270126856,0.0037497971270126856,0.0037497971270126856,0.0037497971270126856,,
sku,sku::2016910,2016910,교체형,lumpy,73018.0,tsb,"{'alpha': 0.1, 'beta': 0.2}",3.7359971436132544e-07,1.5907632399641465e-06,2.0,11,6,,0.0013625192919289207,4.338719508645289e-08,0.0001369127162346765,0.000547650864938706,0.00034062982298223017,0.00034062982298223017,0.00034062982298223017,0.00034062982298223017,,
sku,sku::1009611,1009611,교체형,intermittent,72952.0,tsb,"{'alpha': 0.1, 'beta': 0.2}",0.00036603264967646933,0.002105381878164334,2.0,11,6,,1.8016700683517068,1.1429131914252535e-05,0.4353296914652836,1.7413187658611344,0.4504175170879267,0.4504175170879267,0.4504175170879267,0.4504175170879267,,
sku,sku::1005728,1005728,교체형,lumpy,72307.0,tsb,"{'alpha': 0.1, 'beta': 0.2}",2.1392029268852386e-07,1.4054965428948684e-06,2.0,11,6,,0.0011921126739877512,4.629580323113197e-08,0.00020449891461351245,0.0008179956584540498,0.0002980281684969378,0.0002980281684969378,0.0002980281684969378,0.0002980281684969378,,
sku,sku::2016512,2016512,교체형,intermittent,71474.0,tsb,"{'alpha': 0.1, 'beta': 0.2}",1.0254450942557556e-13,6.829566948759265e-13,2.0,11,6,,5.725961648532213e-10,2.713530422705195e-15,1.2237001918961493e-10,4.894800767584597e-10,1.4314904121330532e-10,1.4314904121330532e-10,1.4314904121330532e-10,1.4314904121330532e-10,,
sku,sku::1009134,1009134,교체형,intermittent,71000.0,tsb,"{'alpha': 0.1, 'beta': 0.2}",1.5679823628048364e-07,7.45803894248536e-07,2.0,11,6,,0.0006211409698279627,7.152705778765116e-09,0.00015296776578467076,0.000611871063138683,0.00015528524245699067,0.00015528524245699067,0.00015528524245699067,0.00015528524245699067,,
sku,sku::2016833,2016833,교체형,lumpy,70447.0,tsb,"{'alpha': 0.1, 'beta': 0.2}",0.00010079343734417259,0.00028395975401521677,2.0,11,6,,0.2293537057732802,8.723470684666191e-06,0.052704392977994945,0.21081757191197978,0.05733842644332005,0.05733842644332005,0.05733842644332005,0.05733842644332005,,
sku,sku::1009403,1009403,교체형,lumpy,69507.0,tsb,"{'alpha': 0.1, 'beta': 0.2}",0.00020713780807665662,0.0011913138321514385,2.0,11,6,,0.9713190557394407,6.274250998056207e-06,0.19162412081648794,0.7664964832659518,0.24282976393486017,0.24282976393486017,0.24282976393486017,0.24282976393486017,,
sku,sku::2016905,2016905,교체형,lumpy,69038.0,tsb,"{'alpha': 0.1, 'beta': 0.2}",4.012721946687172e-07,2.839765383677562e-06,2.0,11,6,,0.001670087874796598,2.1062459072833912e-08,0.00039385248269211657,0.0015754099307684663,0.0004175219686991495,0.0004175219686991495,0.0004175219686991495,0.0004175219686991495,,
sku,sku::2017606,2017606,교체형,lumpy,68495.0,tsb,"{'alpha': 0.1, 'beta': 0.2}",1.232223967496867e-06,4.698022375021524e-06,2.0,11,6,,0.0030208530712361103,4.172366651416169e-07,0.0004591999031969716,0.0018367996127878865,0.0007552132678090276,0.0007552132678090276,0.0007552132678090276,0.0007552132678090276,,
sku,sku::2018958,2018958,교체형,lumpy,67769.0,sba,{'alpha': 0.3},0.07455974695344247,0.4634526494355151,2.0,11,6,0.013652508966809666,1680.6808080051062,0.04163601215271923,169.8384705302388,679.3538821209552,420.17020200127655,420.17020200127655,420.17020200127655,420.17020200127655,,
sku,sku::1002840,1002840,교체형,intermittent,67541.0,tsb,"{'alpha': 0.1, 'beta': 0.2}",2.0674970726318708e-07,1.4042029562797131e-06,2.0,11,6,,0.0011125116046846219,1.6850007038074135e-08,0.00026358263809574914,0.0010543305523829966,0.00027812790117115547,0.00027812790117115547,0.00027812790117115547,0.00027812790117115547,,
sku,sku::2018954,2018954,교체형,lumpy,67361.0,tsb,"{'alpha': 0.1, 'beta': 0.2}",7.688270643448179e-06,3.678387660345482e-05,2.0,11,6,,0.02852152265388382,1.2504103917774172e-06,0.005473956515677686,0.021895826062710743,0.007130380663470955,0.007130380663470955,0.007130380663470955,0.007130380663470955,,
sku,sku::1009158,1009158,교체형,lumpy,65740.0,tsb,"{'alpha': 0.1, 'beta': 0.2}",0.0001646057634456128,0.000834092827309812,2.0,11,6,,0.5918411412518281,1.336949366392915e-05,0.1295889966794787,0.5183559867179148,0.14796028531295702,0.14796028531295702,0.14796028531295702,0.14796028531295702,,
sku,sku::1008397,1008397,교체형,lumpy,65279.0,tsb,"{'alpha': 0.1, 'beta': 0.2}",3.819547468007768e-07,1.950419222327598e-06,2.0,11,6,,0.001493511743282425,1.709290463575578e-08,0.00017746394248936164,0.0007098557699574466,0.00037337793582060627,0.00037337793582060627,0.00037337793582060627,0.00037337793582060627,,
sku,sku::1007777,1007777,교체형,lumpy,65136.0,tsb,"{'alpha': 0.1, 'beta': 0.2}",6.143937343117665e-05,0.00047958081316095097,2.0,11,6,,0.36642919216851016,1.090251571481095e-05,0.07843400635423577,0.31373602541694307,0.09160729804212754,0.09160729804212754,0.09160729804212754,0.09160729804212754,,
sku,sku::1008167,1008167,교체형,lumpy,64020.0,tsb,"{'alpha': 0.1, 'beta': 0.2}",3.6250212203067107e-09,2.9090738045647073e-08,2.0,11,6,,2.1846284738222872e-05,9.263397251420943e-10,2.302459998468034e-06,9.209839993872136e-06,5.461571184555718e-06,5.461571184555718e-06,5.461571184555718e-06,5.461571184555718e-06,,
sku,sku::1006006,1006006,교체형,lumpy,63581.0,tsb,"{'alpha': 0.1, 'beta': 0.2}",9.992277240888865e-06,7.590187691219851e-05,2.0,11,6,,0.05660920422494037,1.4749816106718247e-06,0.012515395964343715,0.05006158385737486,0.014152301056235092,0.014152301056235092,0.014152301056235092,0.014152301056235092,,
sku,sku::1007306,1007306,교체형,lumpy,63459.0,tsb,"{'alpha': 0.1, 'beta': 0.2}",2.8150926124597357e-05,0.00020864593230614,2.0,11,6,,0.1553139005698909,3.5815992051058212e-06,0.0350877813006761,0.1403511252027044,0.03882847514247272,0.03882847514247272,0.03882847514247272,0.03882847514247272,,
sku,sku::2018127,2018127,교체형,lumpy,63343.0,croston,{'alpha': 0.2},0.30758621769458333,1.1979688943324296,1.7621293090829306,11,6,0.03344878874480154,1130.8375068784248,0.03962226352799169,236.7944982743712,947.1779930974848,282.7093767196062,282.7093767196062,282.7093767196062,282.7093767196062,,
sku,sku::2017901,2017901,교체형,lumpy,63333.0,tsb,"{'alpha': 0.1, 'beta': 0.2}",5.6591354788610506e-05,0.00043223294418587955,2.0,11,6,,0.3211109430094331,1.6481061796354662e-06,0.04985653041891656,0.19942612167566623,0.08027773575235828,0.08027773575235828,0.08027773575235828,0.08027773575235828,,
sku,sku::2019307,2019307,교체형,lumpy,61411.0,sba,{'alpha': 0.05},0.04312687174867545,0.14617170307572674,1.7530974653353768,11,6,-0.060369270213154115,336.0604987857572,0.01991619191891105,79.0543118175299,316.2172472701196,84.0151246964393,84.0151246964393,84.0151246964393,84.0151246964393,,
sku,sku::2019206,2019206,교체형,intermittent,60964.0,sba,{'alpha': 0.05},0.05387624519365803,0.17939711728886532,2.0,11,6,-0.7363636548430674,513.2077533250965,0.015311992272406535,127.35175788190891,509.40703152763564,128.30193833127413,128.30193833127413,128.30193833127413,128.30193833127413,,
sku,sku::2019456,2019456,교체형,intermittent,60369.0,sba,{'alpha': 0.1},4244.540382073468,2504.0207398985176,1.9748526921717104,11,6,-0.11155917922407925,440.58578053924805,0.010106226547238018,103.78541636137442,415.14166544549767,110.14644513481201,110.14644513481201,110.14644513481201,110.14644513481201,,
sku,sku::2017902,2017902,교체형,lumpy,59991.0,tsb,"{'alpha': 0.1, 'beta': 0.2}",0.07410321402067792,0.4082509072389659,2.0,11,6,-0.35409902280711514,287.2899542939231,0.0028868063630821646,54.02160267203733,216.08641068814933,71.82248857348077,71.82248857348077,71.82248857348077,71.82248857348077,,
sku,sku::2018010,2018010,교체형,lumpy,59843.0,tsb,"{'alpha': 0.1, 'beta': 0.2}",9.239859929678212e-09,3.142386446099999e-08,2.0,11,6,,2.2058710974489732e-05,7.759085006493994e-10,5.135574968228146e-06,2.0542299872912584e-05,5.514677743622433e-06,5.514677743622433e-06,5.514677743622433e-06,5.514677743622433e-06,,
sku,sku::2018827,2018827,교체형,intermittent,59778.0,tsb,"{'alpha': 0.1, 'beta': 0.2}",7.801432826277611e-07,3.983037846526124e-06,2.0,11,6,,0.0027929489273291444,3.322333540467481e-08,0.0006885098379058221,0.0027540393516232884,0.0006982372318322861,0.0006982372318322861,0.0006982372318322861,0.0006982372318322861,,
sku,sku::2017239,2017239,교체형,lumpy,59718.0,sba,{'alpha': 0.3},0.05814640538085766,0.1727649370397011,2.0,11,6,0.01365250896680939,522.5705988585474,0.04672028674392526,125.91934993574442,503.6773997429777,130.64264971463686,130.64264971463686,130.64264971463686,130.64264971463686,,
sku,sku::2017460,2017460,교체형,lumpy,59296.0,tsb,"{'alpha': 0.1, 'beta': 0.2}",1.9215681552950925e-05,5.5183974901444685e-05,2.0,11,6,,0.030279119411777713,8.39582292204633e-06,0.005140995726056117,0.020563982904224468,0.007569779852944428,0.007569779852944428,0.007569779852944428,0.007569779852944428,,
sku,sku::2018096,2018096,교체형,lumpy,58584.0,tsb,"{'alpha': 0.1, 'beta': 0.2}",0.12338199778231843,0.2801691363881685,1.3747754420162812,11,6,-0.09259014222921669,309.9558589979791,0.1087094044924253,54.04136653500261,216.16546614001044,77.48896474949477,77.48896474949477,77.48896474949477,77.48896474949477,,
sku,sku::2013652,2013652,교체형,intermittent,58197.0,tsb,"{'alpha': 0.1, 'beta': 0.2}",6.948479445123285e-07,4.020807709005647e-06,2.0,11,6,,0.00274486558482343,2.1064250143684637e-08,0.000653241155175925,0.0026129646207037,0.0006862163962058575,0.0006862163962058575,0.0006862163962058575,0.0006862163962058575,,
sku,sku::1009219,1009219,교체형,lumpy,56663.0,tsb,"{'alpha': 0.1, 'beta': 0.2}",3.994258191467563e-06,3.066419359801164e-05,2.0,11,6,,0.02038160088290888,1.0485074543594977e-07,0.004139230623843346,0.016556922495373383,0.00509540022072722,0.00509540022072722,0.00509540022072722,0.00509540022072722,,
sku,sku::1002787,1002787,교체형,lumpy,56331.0,tsb,"{'alpha': 0.1, 'beta': 0.2}",1.3224127465715028e-07,9.803848848043537e-07,2.0,11,6,,0.0006478153705857982,1.6850007038074135e-08,0.00014632209111722816,0.0005852883644689126,0.00016195384264644955,0.00016195384264644955,0.00016195384264644955,0.00016195384264644955,,
sku,sku::1009220,1009220,교체형,intermittent,53000.0,tsb,"{'alpha': 0.1, 'beta': 0.2}",8.829147784705193e-06,5.0610525857059406e-05,2.0,11,6,,0.03146472205530559,3.1091622584294056e-07,0.00784752554027582,0.03139010216110328,0.007866180513826397,0.007866180513826397,0.007866180513826397,0.007866180513826397,,
sku,sku::2018703,2018703,교체형,intermittent,50000.0,tsb,"{'alpha': 0.1, 'beta': 0.2}",6.085873058496251e-06,3.751278628281098e-05,2.0,11,6,,0.022001713621495396,1.666796486476924e-07,0.004900381670242157,0.019601526680968626,0.005500428405373849,0.005500428405373849,0.005500428405373849,0.005500428405373849,,
sku,sku::2017272,2017272,교체형,lumpy,49314.0,tsb,"{'alpha': 0.1, 'beta': 0.2}",4.451150207057602e-09,1.2919405738944466e-08,2.0,11,6,,4.835285018178119e-06,1.4108938318337947e-09,9.161625962503199e-07,3.6646503850012796e-06,1.2088212545445297e-06,1.2088212545445297e-06,1.2088212545445297e-06,1.2088212545445297e-06,,
sku,sku::2018509,2018509,교체형,lumpy,48784.0,sba,{'alpha': 0.05},0.0099385018622225,0.050245425818084444,2.0,11,6,-0.983349362672189,131.16644030017025,0.014345909465655225,30.495461189607656,121.98184475843063,32.79161007504256,32.79161007504256,32.79161007504256,32.79161007504256,,
sku,sku::1008736,1008736,교체형,lumpy,48126.0,tsb,"{'alpha': 0.1, 'beta': 0.2}",0.0012050387027003552,0.005464607846573134,2.0,11,6,-0.5847631037275748,3.0849345074726067,0.0001253044109383881,0.5502966388927638,2.2011865555710552,0.7712336268681517,0.7712336268681517,0.7712336268681517,0.7712336268681517,,
sku,sku::1007753,1007753,교체형,lumpy,47226.0,tsb,"{'alpha': 0.1, 'beta': 0.2}",8.755722580782875e-05,0.0006651765390955928,2.0,11,6,,0.3684896264614734,2.2970762816704573e-06,0.07507571164604063,0.3003028465841625,0.09212240661536834,0.09212240661536834,0.09212240661536834,0.09212240661536834,,
sku,sku::1009296,1009296,교체형,intermittent,47089.0,tsb,"{'alpha': 0.1, 'beta': 0.2}",1.5312534509591703e-05,8.97571164876982e-05,2.0,11,6,,0.04957874625861911,6.397686845906965e-07,0.012261269203170234,0.049045076812680936,0.012394686564654778,0.012394686564654778,0.012394686564654778,0.012394686564654778,,
sku,sku::2019490,2019490,교체형,lumpy,46769.0,sba,{'alpha': 0.05},0.02597268646103054,0.12434045337422134,2.0,11,6,0.013652508966809458,311.1854803402787,0.011184912894694607,75.36539008537166,301.46156034148663,77.79637008506967,77.79637008506967,77.79637008506967,77.79637008506967,,
sku,sku::1006749,1006749,교체형,lumpy,46321.0,tsb,"{'alpha': 0.1, 'beta': 0.2}",0.01538648868376208,0.08825659883053699,2.0,11,6,-0.5847631037275748,47.95482316535434,0.0007555786372741897,11.655005997343716,46.620023989374864,11.988705791338585,11.988705791338585,11.988705791338585,11.988705791338585,,
sku,sku::2018696,2018696,교체형,lumpy,45847.0,tsb,"{'alpha': 0.1, 'beta': 0.2}",2.105558350930261e-08,1.6729702781559867e-07,2.0,11,6,,8.997178331297836e-05,4.2743564274641485e-09,1.8718432641408097e-05,7.487373056563239e-05,2.249294582824459e-05,2.249294582824459e-05,2.249294582824459e-05,2.249294582824459e-05,,
sku,sku::2019394,2019394,교체형,intermittent,45397.0,sba,{'alpha': 0.05},0.031757127713193535,0.11590976857721785,2.0,11,6,-0.5354342785305232,281.576228179262,0.013330215190492793,70.38427501460816,281.53710005843266,70.3940570448155,70.3940570448155,70.3940570448155,70.3940570448155,,
sku,sku::1007755,1007755,교체형,lumpy,44208.0,tsb,"{'alpha': 0.1, 'beta': 0.2}",0.0008080765092071174,0.006412840054490984,2.0,11,6,-0.5847631037275748,3.3255115157303616,2.1267647934383967e-05,0.6688028738866552,2.6752114955466206,0.8313778789325904,0.8313778789325904,0.8313778789325904,0.8313778789325904,,
sku,sku::1008763,1008763,교체형,lumpy,44000.0,tsb,"{'alpha': 0.1, 'beta': 0.2}",1.6013640745450516e-12,9.389159035216113e-12,2.0,11,6,,4.846035063358104e-09,4.732456116560648e-14,9.048456094863958e-10,3.6193824379455833e-09,1.211508765839526e-09,1.211508765839526e-09,1.211508765839526e-09,1.211508765839526e-09,,
sku,sku::2018008,2018008,교체형,lumpy,43888.0,tsb,"{'alpha': 0.1, 'beta': 0.2}",0.01473120681127803,0.04868497629285057,2.0,11,6,-0.459888833741509,24.543598599623056,0.007542843432278362,3.6949480297776085,14.779792119110434,6.135899649905764,6.135899649905764,6.135899649905764,6.135899649905764,,
sku,sku::2018399,2018399,교체형,smooth,43845.0,tsb,"{'alpha': 0.1, 'beta': 0.2}",4.166677237105414e-08,3.151514979072199e-07,2.0,11,6,,8.755882907212599e-05,1.0671399033775257e-09,2.1814473904843382e-05,8.725789561937353e-05,2.1889707268031498e-05,2.1889707268031498e-05,2.1889707268031498e-05,2.1889707268031498e-05,,
sku,sku::1008771,1008771,교체형,lumpy,43497.0,sba,{'alpha': 0.05},0.09154288970285948,0.3353935400733214,2.0,11,6,-0.41999076504944083,776.8636234095263,0.07350372921539589,168.2420364646636,672.9681458586545,194.21590585238158,194.21590585238158,194.21590585238158,194.21590585238158,,
sku,sku::2018395,2018395,교체형,lumpy,43126.0,tsb,"{'alpha': 0.1, 'beta': 0.2}",0.001535910199409116,0.007168726994052736,2.0,11,6,-0.5847631037275748,3.6265060009174293,6.539316445666139e-05,0.7643210032219457,3.057284012887783,0.9066265002293573,0.9066265002293573,0.9066265002293573,0.9066265002293573,,
sku,sku::2017602,2017602,교체형,lumpy,43042.0,tsb,"{'alpha': 0.1, 'beta': 0.2}",1.153118638816994e-08,4.061878034774026e-08,2.0,11,6,,2.0508150804728986e-05,7.74336252758296e-10,2.576422123874421e-06,1.0305688495497683e-05,5.127037701182246e-06,5.127037701182246e-06,5.127037701182246e-06,5.127037701182246e-06,,
sku,sku::2017905,2017905,교체형,lumpy,42752.0,tsb,"{'alpha': 0.1, 'beta': 0.2}",1.817394789771241e-05,0.0001460097173056653,2.0,11,6,,0.07322263896846766,4.789048697707439e-07,0.014674794581463044,0.058699178325852176,0.018305659742116915,0.018305659742116915,0.018305659742116915,0.018305659742116915,,
sku,sku::1009224,1009224,교체형,intermittent,42750.0,tsb,"{'alpha': 0.1, 'beta': 0.2}",1.5805661169706836e-05,8.608120014406781e-05,2.0,11,6,,0.043166974696586764,8.482474748590432e-07,0.010327582655903823,0.04131033062361529,0.010791743674146691,0.010791743674146691,0.010791743674146691,0.010791743674146691,,
sku,sku::2017910,2017910,교체형,lumpy,41845.0,tsb,"{'alpha': 0.1, 'beta': 0.2}",0.0003423809905806463,0.0017849764040151143,2.0,11,6,,0.8761596164988619,3.8629188764057024e-05,0.18027278752442502,0.7210911500977001,0.21903990412471547,0.21903990412471547,0.21903990412471547,0.21903990412471547,,
sku,sku::1008625,1008625,교체형,lumpy,41267.0,sba,{'alpha': 0.3},0.06865882073933305,0.3906727751311827,2.0,11,6,-0.5574718970776241,862.7100153224624,0.08395086324173877,133.9887024969471,535.9548099877884,215.6775038306156,215.6775038306156,215.6775038306156,215.6775038306156,,
sku,sku::2013848,2013848,교체형,intermittent,41265.0,tsb,"{'alpha': 0.1, 'beta': 0.2}",4.236650997048825e-07,2.5725914967599196e-06,2.0,11,6,,0.0012452594885942333,2.1064250143684637e-08,0.0003051502087015076,0.0012206008348060304,0.0003113148721485583,0.0003113148721485583,0.0003113148721485583,0.0003113148721485583,,
sku,sku::2018095,2018095,교체형,erratic,41071.0,tsb,"{'alpha': 0.1, 'beta': 0.2}",3.255251574022731e-08,1.0561257119212094e-07,2.0,11,6,,4.0981542159388604e-05,7.186327999711932e-09,4.573290594786831e-06,1.8293162379147325e-05,1.0245385539847151e-05,1.0245385539847151e-05,1.0245385539847151e-05,1.0245385539847151e-05,,
sku,sku::2018959,2018959,교체형,intermittent,41040.0,sba,{'alpha': 0.05},0.03142252883854932,0.10548084672706774,2.0,11,6,0.013652508966809617,231.6486394476982,0.013418435536713253,56.409678345877694,225.63871338351078,57.91215986192455,57.91215986192455,57.91215986192455,57.91215986192455,,
sku,sku::1008882,1008882,교체형,lumpy,40798.0,sba,{'alpha': 0.3},0.09401275785940257,0.5100785198694466,1.706646575363422,11,6,-0.07159459655622702,1084.0462809274338,0.043224925220879375,264.9668220602728,1059.8672882410913,271.01157023185846,271.01157023185846,271.01157023185846,271.01157023185846,,
sku,sku::2019732,2019732,교체형,lumpy,40682.0,tsb,"{'alpha': 0.2, 'beta': 0.05}",1.3442998877961125,8.322104170992622,1.2870083589722043,11,6,0.5223214259705508,4809.069479215163,0.23424336381504643,1104.8820967578679,4419.5283870314715,1202.2673698037906,1202.2673698037906,1202.2673698037906,1202.2673698037906,,
sku,sku::2019526,2019526,교체형,lumpy,40350.0,sba,{'alpha': 0.05},0.05512690841865121,0.2643531082520438,2.0,11,6,0.347728906491834,570.7905240385267,0.010970257236316784,127.80018025435362,511.2007210174145,142.69763100963166,142.69763100963166,142.69763100963166,142.69763100963166,,
sku,sku::1009965,1009965,교체형,intermittent,40108.0,sba,{'alpha': 0.05},0.05250066693093951,0.3334023024881014,2.0,11,6,-0.932089677570801,715.5638554216866,0.007301935012778387,163.64081051478644,654.5632420591458,178.89096385542166,178.89096385542166,178.89096385542166,178.89096385542166,,
sku,sku::2019842,2019842,교체형,intermittent,40097.0,tsb,"{'alpha': 0.1, 'beta': 0.2}",1.586559808851974,11.783944998069282,0.8147095804788935,11,6,-0.9991843877530202,13017.21128382431,0.24271586918399998,3223.082764134678,12892.331056538713,3254.3028209560775,3254.3028209560775,3254.3028209560775,3254.3028209560775,,
sku,sku::2019563,2019563,교체형,intermittent,39407.0,sba,{'alpha': 0.05},0.03898896133108526,0.11832156158516621,2.0,11,6,-0.8759902578404606,249.50891116450276,0.013648589273952128,62.37722779112569,249.50891116450276,62.37722779112569,62.37722779112569,62.37722779112569,62.37722779112569,,
sku,sku::2018978,2018978,교체형,intermittent,39406.0,tsb,"{'alpha': 0.1, 'beta': 0.2}",1.4556756346447052e-06,9.175999341951464e-06,2.0,11,6,,0.004241533555497012,8.533998011124415e-08,0.0010293298769113736,0.004117319507645495,0.001060383388874253,0.001060383388874253,0.001060383388874253,0.001060383388874253,,
sku,sku::1007363,1007363,교체형,intermittent,39343.0,tsb,"{'alpha': 0.1, 'beta': 0.2}",4.498407660921132e-05,0.0002575635995720818,2.0,11,6,,0.11886640803346527,1.4749816106718247e-06,0.02940092644405034,0.11760370577620136,0.029716602008366316,0.029716602008366316,0.029716602008366316,0.029716602008366316,,
sku,sku::2018905,2018905,교체형,intermittent,39176.0,tsb,"{'alpha': 0.1, 'beta': 0.2}",6.249274142867101e-06,4.050357680061554e-05,2.0,11,6,,0.018613183036347267,1.666796486476924e-07,0.004028527098467699,0.016114108393870796,0.004653295759086817,0.004653295759086817,0.004653295759086817,0.004653295759086817,,
sku,sku::1008389,1008389,교체형,lumpy,38328.0,tsb,"{'alpha': 0.1, 'beta': 0.2}",2.045669963971982e-06,1.4218937566769837e-05,2.0,11,6,,0.006392790695012431,2.454042488491009e-07,0.0011203367042241848,0.004481346816896739,0.0015981976737531078,0.0015981976737531078,0.0015981976737531078,0.0015981976737531078,,
sku,sku::1008803,1008803,교체형,lumpy,38152.0,tsb,"{'alpha': 0.1, 'beta': 0.2}",1.3972625811982476e-12,1.0559514529702797e-11,2.0,11,6,,4.725724960794544e-09,3.664852715525846e-14,9.643854689154195e-10,3.857541875661678e-09,1.181431240198636e-09,1.181431240198636e-09,1.181431240198636e-09,1.181431240198636e-09,,
sku,sku::2018336,2018336,교체형,lumpy,37238.0,sba,{'alpha': 0.05},0.0782058654496477,0.170471204340315,1.1084777967774189,11,6,0.1442470462834885,395.51371659779926,0.14417441916621612,69.67239244004047,278.6895697601619,98.87842914944981,98.87842914944981,98.87842914944981,98.87842914944981,,
sku,sku::1007871,1007871,교체형,lumpy,37041.0,tsb,"{'alpha': 0.1, 'beta': 0.2}",1.0220154551149803e-07,3.074329804708988e-07,2.0,11,6,,0.0001335796615275863,1.565282912830312e-08,2.7970821161752008e-05,0.00011188328464700803,3.339491538189658e-05,3.339491538189658e-05,3.339491538189658e-05,3.339491538189658e-05,,
sku,sku::1009135,1009135,교체형,intermittent,37000.0,tsb,"{'alpha': 0.1, 'beta': 0.2}",7.128937583374484e-06,4.027434089911721e-05,2.0,11,6,,0.01747983570126154,3.0904942894733983e-07,0.004303204248662759,0.017212816994651037,0.004369958925315385,0.004369958925315385,0.004369958925315385,0.004369958925315385,,
sku,sku::1008396,1008396,교체형,lumpy,36950.0,tsb,"{'alpha': 0.1, 'beta': 0.2}",3.07809910756433e-14,2.4363329517009036e-13,2.0,11,6,,1.0559862474628807e-10,7.000574422265303e-15,1.7449645806087343e-11,6.979858322434937e-11,2.6399656186572018e-11,2.6399656186572018e-11,2.6399656186572018e-11,2.6399656186572018e-11,,
sku,sku::2019838,2019838,교체형,intermittent,36551.0,tsb,"{'alpha': 0.1, 'beta': 0.2}",1.240216089129994,6.925609855662148,1.3637909505691497,11,6,0.18468845042940835,3633.513425193376,0.08094051089776641,892.4492637536634,3569.797055014654,908.378356298344,908.378356298344,908.378356298344,908.378356298344,,
sku,sku::1009011,1009011,교체형,lumpy,36215.0,tsb,"{'alpha': 0.1, 'beta': 0.2}",5.733744492799497e-05,0.0002626965620219153,2.0,11,6,,0.11159636765754216,2.4567427328431117e-06,0.017256888642687485,0.06902755457074994,0.02789909191438554,0.02789909191438554,0.02789909191438554,0.02789909191438554,,
sku,sku::1007710,1007710,교체형,lumpy,35994.0,tsb,"{'alpha': 0.1, 'beta': 0.2}",0.0028219814154922403,0.015735301861598185,2.0,11,6,-0.5847631037275749,6.6437360719953364,0.0006045683252167632,1.0757058697798543,4.302823479119417,1.6609340179988341,1.6609340179988341,1.6609340179988341,1.6609340179988341,,
sku,sku::2019841,2019841,교체형,intermittent,35926.0,tsb,"{'alpha': 0.1, 'beta': 0.1}",0.7032287182550969,4.295128343786761,0.7773676195034374,11,6,-0.13666523781403517,9146.631827737854,0.14550687216734354,1973.5260039753632,7894.104015901453,2286.6579569344635,2286.6579569344635,2286.6579569344635,2286.6579569344635,,
sku,sku::2018977,2018977,교체형,intermittent,35680.0,sba,{'alpha': 0.05},0.052712887927186564,0.332995969418231,2.0,11,6,-0.973981334748003,635.7884248210023,0.011933174224343675,157.86669451073985,631.4667780429594,158.94710620525058,158.94710620525058,158.94710620525058,158.94710620525058,,
sku,sku::2019462,2019462,교체형,lumpy,35197.0,sba,{'alpha': 0.15},0.14306827268401417,0.3887499437185961,0.4820478213550019,11,6,-0.6107792804092523,1370.9525080394792,0.4487268375046075,194.49349001993113,777.9739600797245,342.7381270098698,342.7381270098698,342.7381270098698,342.7381270098698,,
sku,sku::1007794,1007794,교체형,lumpy,35119.0,sba,{'alpha': 0.3},0.10980333059928474,0.9171893754188386,2.0,11,6,-0.46881816303738694,1718.2642857142857,0.021008403361344536,348.3635714285714,1393.4542857142856,429.56607142857143,429.56607142857143,429.56607142857143,429.56607142857143,,
sku,sku::1008884,1008884,교체형,lumpy,34947.0,croston,{'alpha': 0.2},0.1927399427478304,0.9474812313180135,1.663304933942004,11,6,0.6494724946529103,1239.013601548776,0.1174884294116318,186.24132161959912,744.9652864783965,309.753400387194,309.753400387194,309.753400387194,309.753400387194,,
sku,sku::2018608,2018608,교체형,lumpy,34778.0,sba,{'alpha': 0.05},0.017106789158780764,0.11418970622157969,2.0,11,6,-0.9986876912242557,148.06318509458714,0.016984193235960128,29.788529510141906,119.15411804056762,37.015796273646785,37.015796273646785,37.015796273646785,37.015796273646785,,
sku,sku::2019710,2019710,교체형,intermittent,34760.0,tsb,"{'alpha': 0.2, 'beta': 0.05}",0.378775646943602,1.6132086956595455,0.8832815043295703,11,6,-0.42876322104264103,4025.087730161349,0.11473501009535908,992.1732944998196,3968.6931779992783,1006.2719325403373,1006.2719325403373,1006.2719325403373,1006.2719325403373,,
sku,sku::1005681,1005681,교체형,lumpy,34468.0,sba,{'alpha': 0.05},0.061107963360207906,0.4518281262050135,1.5412016862141649,11,6,-0.01745379673941865,807.2318744703534,0.03644879400052851,178.78047346983402,715.1218938793361,201.80796861758836,201.80796861758836,201.80796861758836,201.80796861758836,,
sku,sku::2019241,2019241,교체형,lumpy,34122.0,sba,{'alpha': 0.05},0.0552949144149006,0.2037377686725885,2.0,11,6,0.017021367110921993,272.4716690121917,0.022529510681191234,47.754543994889076,191.0181759795563,68.11791725304792,68.11791725304792,68.11791725304792,68.11791725304792,,
sku,sku::1005677,1005677,교체형,lumpy,34111.0,tsb,"{'alpha': 0.1, 'beta': 0.2}",0.03883497248399033,0.26545097082288527,2.0,11,6,-0.02056227436031988,106.21502356072983,0.003613768742012381,23.26985195894097,93.07940783576387,26.553755890182458,26.553755890182458,26.553755890182458,26.553755890182458,,
sku,sku::2017381,2017381,교체형,lumpy,33847.0,tsb,"{'alpha': 0.1, 'beta': 0.2}",3.5171448975871774e-07,2.6127789628040294e-06,2.0,11,6,,0.0010373612768581149,9.220038439219733e-09,0.00021285306980475162,0.0008514122792190065,0.0002593403192145287,0.0002593403192145287,0.0002593403192145287,0.0002593403192145287,,
sku,sku::1008623,1008623,교체형,lumpy,33817.0,sba,{'alpha': 0.3},0.04464935242597269,0.23145497434910525,2.0,11,6,-0.6028179082541743,416.1223700023021,0.03238990207489649,83.57774296719839,334.31097186879356,104.03059250057552,104.03059250057552,104.03059250057552,104.03059250057552,,
sku,sku::2017682,2017682,교체형,lumpy,33801.0,tsb,"{'alpha': 0.1, 'beta': 0.2}",0.0008772136022411574,0.0024697844950334596,2.0,11,6,-0.5847631037275748,0.9148520395794423,8.460454600452807e-05,0.1769030307303605,0.707612122921442,0.22871300989486057,0.22871300989486057,0.22871300989486057,0.22871300989486057,,
sku,sku::2018698,2018698,교체형,intermittent,33799.0,tsb,"{'alpha': 0.1, 'beta': 0.2}",9.973551941158705e-08,5.873454554202045e-07,2.0,11,6,,0.00023286522842567582,4.2743564274641485e-09,5.7515398139443385e-05,0.00023006159255777354,5.8216307106418956e-05,5.8216307106418956e-05,5.8216307106418956e-05,5.8216307106418956e-05,,
sku,sku::2017906,2017906,교체형,lumpy,33536.0,tsb,"{'alpha': 0.1, 'beta': 0.2}",0.08036581819471707,0.44747679296377507,2.0,11,6,-0.15315039965272978,176.0309197755553,0.0028870986634096313,22.06047638624701,88.24190554498804,44.007729943888826,44.007729943888826,44.007729943888826,44.007729943888826,,
sku,sku::1007977,1007977,교체형,lumpy,32777.0,tsb,"{'alpha': 0.1, 'beta': 0.2}",8.317094885906493e-05,0.0004898526063537715,2.0,11,6,,0.1883396697842097,1.721101884587111e-05,0.030951363455193167,0.12380545382077267,0.04708491744605243,0.04708491744605243,0.04708491744605243,0.04708491744605243,,
sku,sku::2018562,2018562,교체형,intermittent,32532.0,sba,{'alpha': 0.05},0.028136305934301758,0.18985209342711143,2.0,11,6,0.013652508966809486,330.50265168539335,0.008988764044943821,81.2938786516854,325.1755146067416,82.62566292134834,82.62566292134834,82.62566292134834,82.62566292134834,,
sku,sku::2018969,2018969,교체형,intermittent,32519.0,tsb,"{'alpha': 0.1, 'beta': 0.2}",0.00011072563950836611,0.0004770156092273582,2.0,11,6,,0.18196042936763482,4.914284593760495e-06,0.045490107341908705,0.18196042936763482,0.045490107341908705,0.045490107341908705,0.045490107341908705,0.045490107341908705,,
sku,sku::1006093,1006093,교체형,lumpy,32452.0,tsb,"{'alpha': 0.1, 'beta': 0.2}",4.5553314785834855e-07,3.660082225302834e-06,2.0,11,6,,0.0013932834865212366,1.0140936055383404e-07,0.0002834635009944991,0.0011338540039779964,0.00034832087163030916,0.00034832087163030916,0.00034832087163030916,0.00034832087163030916,,
sku,sku::2017904,2017904,교체형,lumpy,32265.0,tsb,"{'alpha': 0.1, 'beta': 0.2}",0.08080780814222246,0.5511143454699164,2.0,11,6,-0.015442263621941295,208.58379540577536,0.0028868063630821646,17.868485380005843,71.47394152002337,52.14594885144384,52.14594885144384,52.14594885144384,52.14594885144384,,
sku,sku::2018991,2018991,교체형,lumpy,32079.0,sba,{'alpha': 0.3},0.06828767356473345,0.37913513120283354,2.0,11,6,0.013652508966809557,650.8241270290675,0.023593808984522464,154.1254478104945,616.501791241978,162.70603175726689,162.70603175726689,162.70603175726689,162.70603175726689,,
sku,sku::1009225,1009225,교체형,intermittent,31968.0,tsb,"{'alpha': 0.1, 'beta': 0.2}",3.7062886764535624e-06,2.2128811617244537e-05,2.0,11,6,,0.008298139635590111,1.0485074543594977e-07,0.00189516464166534,0.00758065856666136,0.002074534908897528,0.002074534908897528,0.002074534908897528,0.002074534908897528,,
sku,sku::1007635,1007635,교체형,intermittent,31822.0,tsb,"{'alpha': 0.1, 'beta': 0.2}",0.001645171825374008,0.009552086229527508,2.0,11,6,-0.5847631037275749,3.565602175749183,6.490371073213552e-05,0.8843364240612102,3.5373456962448406,0.8914005439372957,0.8914005439372957,0.8914005439372957,0.8914005439372957,,
sku,sku::1008804,1008804,교체형,intermittent,30951.0,sba,{'alpha': 0.05},0.3753885620281594,1.101167822479249,0.9333597934705669,11,6,-0.3988230245388947,1146.6948718936621,0.05268816673170364,272.5480543247929,1090.1922172991715,286.67371797341553,286.67371797341553,286.67371797341553,286.67371797341553,,
sku,sku::2019481,2019481,교체형,intermittent,30466.0,tsb,"{'alpha': 0.1, 'beta': 0.1}",0.6266226610992673,2.4023714511226597,0.8901585040341793,11,6,0.2616478974136054,3402.05790340548,0.1836169275572116,850.3692120931731,3401.4768483726925,850.51447585137,850.51447585137,850.51447585137,850.51447585137,,
sku,sku::2014868,2014868,교체형,intermittent,30347.0,tsb,"{'alpha': 0.1, 'beta': 0.2}",6.51776735809562e-05,0.00026465531436695573,2.0,11,6,,0.0942114231462517,3.5725471296923582e-06,0.02287712993226439,0.09150851972905756,0.023552855786562923,0.023552855786562923,0.023552855786562923,0.023552855786562923,,
sku,sku::1009591,1009591,교체형,intermittent,30134.0,tsb,"{'alpha': 0.1, 'beta': 0.2}",0.006753403135907604,0.039197545802385415,2.0,11,6,-0.5847631037275749,13.85552035091939,0.0002025305553253726,3.278321592940741,13.113286371762964,3.4638800877298475,3.4638800877298475,3.4638800877298475,3.4638800877298475,,
sku,sku::2016728,2016728,교체형,lumpy,29973.0,tsb,"{'alpha': 0.1, 'beta': 0.2}",0.0001130898338236156,0.0006367667533949603,2.0,11,6,,0.20585006823613364,2.6588580383029864e-05,0.03346230806968403,0.13384923227873613,0.05146251705903341,0.05146251705903341,0.05146251705903341,0.05146251705903341,,
sku,sku::1008316,1008316,교체형,lumpy,29733.0,sba,{'alpha': 0.3},0.09959576027881088,0.5458171890785984,1.7045118245937365,11,6,-0.7856266625274971,860.5047260810253,0.047481599693078955,166.45673880229566,665.8269552091826,215.12618152025632,215.12618152025632,215.12618152025632,215.12618152025632,,
sku,sku::2018060,2018060,교체형,lumpy,29622.0,tsb,"{'alpha': 0.1, 'beta': 0.2}",1.4718609275259751e-05,6.536585932281218e-05,2.0,11,6,,0.020941686752399075,2.398664337282843e-06,0.001899363188202043,0.007597452752808172,0.005235421688099769,0.005235421688099769,0.005235421688099769,0.005235421688099769,,
sku,sku::1007775,1007775,교체형,lumpy,29479.0,tsb,"{'alpha': 0.1, 'beta': 0.2}",0.0429533179969336,0.15110465234932527,2.0,11,6,-0.2964014525369749,52.25137981813623,0.00511167787176592,11.387858853257146,45.551435413028585,13.062844954534057,13.062844954534057,13.062844954534057,13.062844954534057,,
sku,sku::2018410,2018410,교체형,lumpy,29084.0,tsb,"{'alpha': 0.1, 'beta': 0.2}",2.202422380629591,5.368312572005408,0.7151385469406611,11,6,-0.5181604706828729,2824.9963654759003,0.4012228409167783,341.53350824058003,1366.1340329623201,706.2490913689751,706.2490913689751,706.2490913689751,706.2490913689751,,
sku,sku::2016877,2016877,교체형,lumpy,28944.0,sba,{'alpha': 0.3},0.0421650610900486,0.060847840372379475,0.8608318865405463,11,6,-0.18984133886865784,111.64272650805476,0.3788835501832051,27.672685518844006,110.69074207537602,27.91068162701369,27.91068162701369,27.91068162701369,27.91068162701369,,
sku,sku::2018606,2018606,교체형,lumpy,28821.0,sba,{'alpha': 0.05},0.01063978186044404,0.04862324242286265,1.316857616145784,11,6,-0.9473368863183441,77.20805652754125,0.0154039221904249,15.63980135744697,62.55920542978788,19.30201413188531,19.30201413188531,19.30201413188531,19.30201413188531,,
sku,sku::2017775,2017775,교체형,lumpy,28456.0,tsb,"{'alpha': 0.1, 'beta': 0.2}",0.004635684755026432,0.017451668479069073,2.0,11,6,-0.5847631037275749,5.825295850522559,0.0002978121731373103,0.7202066127224926,2.8808264508899706,1.4563239626306397,1.4563239626306397,1.4563239626306397,1.4563239626306397,,
sku,sku::1008549,1008549,교체형,lumpy,28307.0,sba,{'alpha': 0.05},4.558562781614217,16.340653145861666,1.905520904307009,11,6,1.003476293891118,754.7461357080555,0.05750766786801174,154.09955325633214,616.3982130253286,188.68653392701387,188.68653392701387,188.68653392701387,188.68653392701387,,
sku,sku::1009646,1009646,교체형,intermittent,28191.0,sba,{'alpha': 0.3},0.3626995641628449,1.0753741205397136,1.8576723723496869,11,6,0.6007842286098571,546.5120364209904,0.038347572426101366,132.71649217882089,530.8659687152835,136.6280091052476,136.6280091052476,136.6280091052476,136.6280091052476,,
sku,sku::1008405,1008405,교체형,intermittent,27903.0,tsb,"{'alpha': 0.1, 'beta': 0.2}",4.046927686674189e-09,1.3081549696147962e-08,2.0,11,6,,4.281710253080588e-06,2.4371813267709856e-10,1.0566628481356287e-06,4.226651392542515e-06,1.070427563270147e-06,1.070427563270147e-06,1.070427563270147e-06,1.070427563270147e-06,,
sku,sku::2018393,2018393,교체형,intermittent,27861.0,tsb,"{'alpha': 0.1, 'beta': 0.2}",4.8429246022305e-07,2.712543702420842e-06,2.0,11,6,,0.0008865038470099709,2.3102714954909402e-08,0.00021605109181215348,0.0008642043672486139,0.00022162596175249273,0.00022162596175249273,0.00022162596175249273,0.00022162596175249273,,
sku,sku::2017486,2017486,교체형,lumpy,27757.0,tsb,"{'alpha': 0.1, 'beta': 0.2}",2.312877306755032e-08,7.605548615959536e-08,2.0,11,6,,1.5428836675836515e-05,4.263385321073186e-09,2.9747079582208333e-06,1.1898831832883333e-05,3.857209168959129e-06,3.857209168959129e-06,3.857209168959129e-06,3.857209168959129e-06,,
sku,sku::1008097,1008097,교체형,lumpy,27709.0,tsb,"{'alpha': 0.1, 'beta': 0.2}",1.633974337596036e-08,1.0919062082720561e-07,2.0,11,6,,3.549060218710966e-05,1.8100357710402078e-09,7.4573473766856576e-06,2.982938950674263e-05,8.872650546777415e-06,8.872650546777415e-06,8.872650546777415e-06,8.872650546777415e-06,,
sku,sku::1006769,1006769,교체형,lumpy,27461.0,tsb,"{'alpha': 0.1, 'beta': 0.2}",2.8174807226602897e-08,2.2208912809787994e-07,2.0,11,6,,7.154031163270744e-05,7.41070846154481e-10,1.441566581340312e-05,5.766266325361248e-05,1.788507790817686e-05,1.788507790817686e-05,1.788507790817686e-05,1.788507790817686e-05,,
sku,sku::2017647,2017647,교체형,lumpy,27378.0,tsb,"{'alpha': 0.1, 'beta': 0.2}",4.153301351933304e-09,1.0345449944485251e-08,2.0,11,6,,2.2292856498617966e-06,8.09584154156519e-10,4.1380432294229696e-07,1.6552172917691879e-06,5.573214124654492e-07,5.573214124654492e-07,5.573214124654492e-07,5.573214124654492e-07,,
sku,sku::1005682,1005682,교체형,lumpy,27340.0,tsb,"{'alpha': 0.2, 'beta': 0.05}",1.5517826762611928,6.606850720467932,1.880819123300074,11,6,-0.7188167189646089,2715.8680463528713,0.14558878338185308,495.8070044117104,1983.2280176468416,678.9670115882178,678.9670115882178,678.9670115882178,678.9670115882178,,
sku,sku::2018979,2018979,교체형,intermittent,27306.0,croston,{'alpha': 0.1},0.3529670673233283,2.4403176110686204,1.7197826598051253,11,6,0.0016080045654802701,913.6073478760048,0.011481056257175661,196.15889781859934,784.6355912743974,228.4018369690012,228.4018369690012,228.4018369690012,228.4018369690012,,
sku,sku::1005673,1005673,교체형,intermittent,27134.0,sba,{'alpha': 0.05},0.8757918038139747,3.4566322180286093,1.8736045275047648,11,6,5.0,1005.4665242273938,0.05151510761023025,248.8128777787973,995.2515111151891,251.36663105684846,251.36663105684846,251.36663105684846,251.36663105684846,,
sku,sku::1005910,1005910,교체형,lumpy,27075.0,tsb,"{'alpha': 0.1, 'beta': 0.2}",0.0010087207634430209,0.008134097414985837,2.0,11,6,-0.5847631037275748,2.5833605004684226,2.6591461662052726e-05,0.5172039293269255,2.068815717307702,0.6458401251171056,0.6458401251171056,0.6458401251171056,0.6458401251171056,,
sku,sku::1008398,1008398,교체형,lumpy,26973.0,tsb,"{'alpha': 0.1, 'beta': 0.2}",4.0483616964461446e-07,2.3598732216751596e-06,2.0,11,6,,0.0007466638150165507,8.137225902589005e-08,6.422327658482697e-05,0.00025689310633930786,0.00018666595375413768,0.00018666595375413768,0.00018666595375413768,0.00018666595375413768,,
sku,sku::2017249,2017249,교체형,lumpy,26747.0,tsb,"{'alpha': 0.1, 'beta': 0.2}",2.496482340979993e-06,6.304030772120477e-06,2.0,11,6,,0.0012889108866011734,8.57969971668803e-07,0.0001875218128922064,0.0007500872515688256,0.00032222772165029336,0.00032222772165029336,0.00032222772165029336,0.00032222772165029336,,
sku,sku::2018043,2018043,교체형,lumpy,26718.0,tsb,"{'alpha': 0.1, 'beta': 0.2}",0.02307705670831152,0.040409513343260366,1.1544634422575855,11,6,-0.6238975670824626,107.6197355427365,0.1426693259385418,19.786450046455926,79.1458001858237,26.904933885684127,26.904933885684127,26.904933885684127,26.904933885684127,,
sku,sku::1008388,1008388,교체형,lumpy,26660.0,tsb,"{'alpha': 0.1, 'beta': 0.2}",9.194179879625674e-06,6.900880694816912e-05,2.0,11,6,,0.021581013910139946,2.9681557310908955e-07,0.002393650193141575,0.0095746007725663,0.005395253477534986,0.005395253477534986,0.005395253477534986,0.005395253477534986,,
sku,sku::2017666,2017666,교체형,lumpy,26614.0,tsb,"{'alpha': 0.1, 'beta': 0.2}",4.277763168226103e-05,8.960718468952096e-05,2.0,11,6,,0.02034221825921688,1.9509787496755332e-05,0.004135629324526771,0.016542517298107084,0.00508555456480422,0.00508555456480422,0.00508555456480422,0.00508555456480422,,
sku,sku::2018334,2018334,교체형,intermittent,26525.0,tsb,"{'alpha': 0.1, 'beta': 0.2}",5.2268203339249765e-06,2.1416993624190606e-05,2.0,11,6,,0.006663786592192505,2.3736417704345987e-07,0.0016534850287533447,0.006613940115013379,0.0016659466480481262,0.0016659466480481262,0.0016659466480481262,0.0016659466480481262,,
sku,sku::2016876,2016876,교체형,lumpy,26389.0,sba,{'alpha': 0.3},0.06257421106581354,0.11779756338948903,1.129457367640392,11,6,-0.25132601642768404,155.43827999543632,0.2507168864390951,33.33953421457339,133.35813685829356,38.85956999885908,38.85956999885908,38.85956999885908,38.85956999885908,,
sku,sku::1009651,1009651,교체형,lumpy,26356.0,sba,{'alpha': 0.2},0.14513316806477564,0.5191487182696933,1.9165320178832805,11,6,-0.40267804716174477,397.3557451330567,0.023061709444600228,72.2803558514014,289.1214234056056,99.33893628326418,99.33893628326418,99.33893628326418,99.33893628326418,,
sku,sku::2018194,2018194,교체형,lumpy,26233.0,tsb,"{'alpha': 0.1, 'beta': 0.2}",1.163771031789639e-06,6.017042381004468e-06,2.0,11,6,,0.0017739928356163895,1.781358110112786e-07,0.0003454012048000537,0.0013816048192002149,0.0004434982089040974,0.0004434982089040974,0.0004434982089040974,0.0004434982089040974,,
sku,sku::1008768,1008768,교체형,lumpy,26226.0,sba,{'alpha': 0.3},0.09460337314497676,0.6471792845831028,1.5012791527289098,11,6,-0.14286625250958343,987.3698246695031,0.06938835552372945,74.58797773882777,298.3519109553111,246.8424561673758,246.8424561673758,246.8424561673758,246.8424561673758,,
sku,sku::2018094,2018094,교체형,erratic,25941.0,tsb,"{'alpha': 0.1, 'beta': 0.2}",6.907910075745025e-10,2.8129628282161773e-09,2.0,11,6,,6.655114618844064e-07,1.8360491101478173e-10,1.0548927386167585e-07,4.219570954467034e-07,1.663778654711016e-07,1.663778654711016e-07,1.663778654711016e-07,1.663778654711016e-07,,
sku,sku::2018708,2018708,교체형,erratic,25805.0,tsb,"{'alpha': 0.1, 'beta': 0.2}",1.1099465585371646e-05,3.391129520350476e-05,2.0,11,6,,0.0081451048403177,1.679409853743396e-06,0.0016571527807354971,0.006628611122941989,0.002036276210079425,0.002036276210079425,0.002036276210079425,0.002036276210079425,,
sku,sku::1009054,1009054,교체형,intermittent,25765.0,tsb,"{'alpha': 0.1, 'beta': 0.2}",5.099842992033822e-07,3.408624468457467e-06,2.0,11,6,,0.001030187994369597,1.3484347847997574e-08,0.00021982129924414255,0.0008792851969765702,0.00025754699859239924,0.00025754699859239924,0.00025754699859239924,0.00025754699859239924,,
sku,sku::2016729,2016729,교체형,lumpy,25261.0,tsb,"{'alpha': 0.1, 'beta': 0.2}",3.7109064368200225e-08,9.787294881742974e-08,2.0,11,6,,1.5939858388784445e-05,3.820836709804482e-09,3.4764011119757982e-06,1.3905604447903193e-05,3.984964597196111e-06,3.984964597196111e-06,3.984964597196111e-06,3.984964597196111e-06,,
sku,sku::1009085,1009085,교체형,intermittent,25225.0,sba,{'alpha': 0.3},0.07933596236015844,0.4435408186628627,2.0,11,6,-0.9572926509195304,598.7059344894027,0.01926782273603083,143.07301541425818,572.2920616570327,149.67648362235067,149.67648362235067,149.67648362235067,149.67648362235067,,
sku,sku::2019221,2019221,교체형,lumpy,24943.0,sba,{'alpha': 0.05},0.026426574430963256,0.17887501836835865,2.0,11,6,-0.13035435733468176,238.7520847176974,0.011951343689571022,54.27151004854039,217.08604019416157,59.68802117942435,59.68802117942435,59.68802117942435,59.68802117942435,,
sku,sku::1008888,1008888,교체형,lumpy,24789.0,sba,{'alpha': 0.05},0.027104144740201116,0.21980124579843494,2.0,11,6,0.01360790538232048,291.56672011223566,0.04008417677121956,56.24127116945585,224.9650846778234,72.89168002805891,72.89168002805891,72.89168002805891,72.89168002805891,,
sku,sku::2017609,2017609,교체형,lumpy,24783.0,tsb,"{'alpha': 0.1, 'beta': 0.2}",0.012535256832090204,0.04184202515996579,2.0,11,6,-0.024057844700628196,10.289985040697552,0.001847663441341919,1.756732196490372,7.026928785961488,2.572496260174388,2.572496260174388,2.572496260174388,2.572496260174388,,
sku,sku::2019524,2019524,교체형,lumpy,24745.0,sba,{'alpha': 0.15},0.07746780209370228,0.2590766767313271,0.6017739167897665,11,6,0.12151887229600454,386.4264925651558,0.2758234973217924,80.81881000326815,323.2752400130726,96.60662314128895,96.60662314128895,96.60662314128895,96.60662314128895,,
sku,sku::1008878,1008878,교체형,lumpy,24472.0,tsb,"{'alpha': 0.1, 'beta': 0.2}",3.0285332695559926e-09,2.3609233889387584e-08,2.0,11,6,,6.7773285371480994e-06,7.958496797906137e-11,1.3700934245441713e-06,5.480373698176685e-06,1.6943321342870249e-06,1.6943321342870249e-06,1.6943321342870249e-06,1.6943321342870249e-06,,
sku,sku::2019334,2019334,교체형,lumpy,24134.0,croston,{'alpha': 0.2},0.393819175233531,1.3915263983749961,1.4045836630010131,11,6,5.0,1301.9947567084107,0.28286572867454685,250.34696906721123,1001.3878762688449,325.4986891771027,325.4986891771027,325.4986891771027,325.4986891771027,,
sku,sku::2019709,2019709,교체형,intermittent,23995.0,sba,{'alpha': 0.05},0.032025266170745414,0.12923630340965556,0.8509979916204884,11,6,-0.9518664503607991,298.92752003811466,0.009557319305737213,59.55211220937986,238.20844883751943,74.73188000952867,74.73188000952867,74.73188000952867,74.73188000952867,,
sku,sku::2019437,2019437,교체형,lumpy,23931.0,sba,{'alpha': 0.05},0.03498560318357832,0.1028409148045983,1.577623066020485,11,6,-0.9430079857672337,120.33232127189876,0.04890269625693539,16.513817653735355,66.05527061494142,30.08308031797469,30.08308031797469,30.08308031797469,30.08308031797469,,
sku,sku::1008985,1008985,교체형,intermittent,23262.0,tsb,"{'alpha': 0.1, 'beta': 0.2}",3.942487059657395e-06,2.650167875816119e-05,2.0,11,6,,0.007231487121553163,3.065124581038776e-07,0.0017200130493973955,0.006880052197589582,0.0018078717803882908,0.0018078717803882908,0.0018078717803882908,0.0018078717803882908,,
sku,sku::1009097,1009097,교체형,lumpy,23108.0,sba,{'alpha': 0.05},0.015789595883583696,0.12760232490275839,2.0,11,6,-0.9992104846851279,139.54088869957064,0.017935410104361667,24.873026096021707,99.49210438408683,34.88522217489266,34.88522217489266,34.88522217489266,34.88522217489266,,
sku,sku::2018098,2018098,교체형,erratic,22959.0,tsb,"{'alpha': 0.1, 'beta': 0.2}",2.6283116231464312e-05,8.041664366935471e-05,2.0,11,6,,0.01765682311958514,1.1591877055074447e-05,0.002647939882143844,0.010591759528575375,0.004414205779896285,0.004414205779896285,0.004414205779896285,0.004414205779896285,,
sku,sku::2017909,2017909,교체형,lumpy,22635.0,tsb,"{'alpha': 0.1, 'beta': 0.2}",6.658769865230069e-05,0.00043940388109918026,2.0,11,6,,0.11666795025087022,1.940406507101647e-06,0.020415598983168557,0.08166239593267423,0.029166987562717555,0.029166987562717555,0.029166987562717555,0.029166987562717555,,
sku,sku::2019270,2019270,교체형,lumpy,22431.0,croston,{'alpha': 0.2},0.8720444608600314,2.8561322812794248,0.60540142392467,11,6,-0.5805669155223147,2413.439320478735,0.7692418760662938,265.4657155312393,1061.8628621249572,603.3598301196838,603.3598301196838,603.3598301196838,603.3598301196838,,
sku,sku::2018129,2018129,교체형,lumpy,22321.0,tsb,"{'alpha': 0.1, 'beta': 0.2}",1.8829021421771355e-07,8.175679010165161e-07,2.0,11,6,,0.0002140645044844405,2.1180517948212536e-08,5.3243342230455094e-05,0.00021297336892182037,5.3516126121110125e-05,5.3516126121110125e-05,5.3516126121110125e-05,5.3516126121110125e-05,,
sku,sku::2017466,2017466,교체형,intermittent,22090.0,tsb,"{'alpha': 0.1, 'beta': 0.2}",1.6179777010325375e-12,5.318917444016664e-12,2.0,11,6,,1.0025181708379388e-09,1.6742733246603926e-13,2.3534939222716626e-10,9.41397568908665e-10,2.506295427094847e-10,2.506295427094847e-10,2.506295427094847e-10,2.506295427094847e-10,,
sku,sku::1009100,1009100,교체형,intermittent,22000.0,tsb,"{'alpha': 0.1, 'beta': 0.2}",4.8599162127158144e-08,2.7928232470457356e-07,2.0,11,6,,7.2073118211027e-05,1.5269728434539617e-09,1.7468569329113323e-05,6.987427731645329e-05,1.801827955275675e-05,1.801827955275675e-05,1.801827955275675e-05,1.801827955275675e-05,,
sku,sku::1009778,1009778,교체형,intermittent,21990.0,sba,{'alpha': 0.05},0.023535080231891173,0.12432911535903853,2.0,11,6,-0.017513273899678293,146.30085601312413,0.008412905396878813,36.21955001472258,144.87820005889031,36.57521400328103,36.57521400328103,36.57521400328103,36.57521400328103,,
sku,sku::2019731,2019731,교체형,intermittent,21892.0,sba,{'alpha': 0.05},0.02384600058422744,0.11124603623195527,2.0,11,6,-0.9505349114351835,130.3223130536436,0.010021548835383283,30.498336923970772,121.99334769588309,32.5805782634109,32.5805782634109,32.5805782634109,32.5805782634109,,
sku,sku::1009081,1009081,교체형,lumpy,21555.0,sba,{'alpha': 0.05},0.04220328457936212,0.2765884051931337,2.0,11,6,-0.6181456970833742,319.0294621505283,0.017392060524370628,76.08893386668986,304.3557354667594,79.75736553763207,79.75736553763207,79.75736553763207,79.75736553763207,,
sku,sku::1008887,1008887,교체형,intermittent,21532.0,tsb,"{'alpha': 0.1, 'beta': 0.2}",0.07661640842906844,0.38732924936852703,2.0,11,6,-0.21510578819412532,97.82995318832587,0.0036028832356037764,23.811275159943577,95.24510063977431,24.45748829708147,24.45748829708147,24.45748829708147,24.45748829708147,,
sku,sku::2016990,2016990,교체형,lumpy,21518.0,croston,{'alpha': 0.2},0.23900372319685811,0.9716717665838813,1.4111158610958627,11,6,1.098242588264343,916.6520996351638,0.15128821892270067,181.23196823733844,724.9278729493537,229.16302490879096,229.16302490879096,229.16302490879096,229.16302490879096,,
sku,sku::2020151,2020151,교체형,lumpy,21494.0,sba,{'alpha': 0.05},0.025841219853268104,0.14517276410070581,1.9477899532071472,11,6,-0.8805851642916183,137.37175988054895,0.009731932700319346,32.258704064413564,129.03481625765426,34.34293997013724,34.34293997013724,34.34293997013724,34.34293997013724,,
sku,sku::1006403,1006403,교체형,lumpy,21445.0,tsb,"{'alpha': 0.1, 'beta': 0.2}",2.5921263723466744e-11,1.6448535848746634e-10,2.0,11,6,,4.137714074581628e-08,4.981661300895349e-12,6.923530809965041e-09,2.7694123239860165e-08,1.034428518645407e-08,1.034428518645407e-08,1.034428518645407e-08,1.034428518645407e-08,,
sku,sku::2017214,2017214,교체형,lumpy,21407.0,tsb,"{'alpha': 0.1, 'beta': 0.2}",1.5324579277365224e-07,4.670121711743556e-07,2.0,11,6,,9.234548496512964e-05,1.5234694069493705e-08,2.0186743387606995e-05,8.074697355042798e-05,2.308637124128241e-05,2.308637124128241e-05,2.308637124128241e-05,2.308637124128241e-05,,
sku,sku::2018957,2018957,교체형,intermittent,21380.0,tsb,"{'alpha': 0.1, 'beta': 0.2}",0.003637125620795392,0.012913170557080864,2.0,11,6,-0.5847631037275748,3.238528836649109,0.0002619892245110271,0.7684844435498,3.0739377741992,0.8096322091622773,0.8096322091622773,0.8096322091622773,0.8096322091622773,,
sku,sku::1008909,1008909,교체형,lumpy,21120.0,tsb,"{'alpha': 0.1, 'beta': 0.2}",1.3007004630575036e-05,7.546415720660706e-05,2.0,11,6,,0.01869570386757782,2.338213927898653e-06,0.0033471485613590667,0.013388594245436267,0.004673925966894455,0.004673925966894455,0.004673925966894455,0.004673925966894455,,
sku,sku::2019839,2019839,교체형,lumpy,21081.0,sba,{'alpha': 0.3},0.22538766247515765,0.9430906426538018,1.8823408246084228,11,6,-0.39046523168804975,294.8440402284579,0.02069365118781558,62.33612304444997,249.34449217779988,73.71101005711448,73.71101005711448,73.71101005711448,73.71101005711448,,
sku,sku::2019702,2019702,교체형,intermittent,21000.0,sba,{'alpha': 0.05},0.047759658319721454,0.20004038871071517,2.0,11,6,-0.9217944862672532,224.7945505244157,0.010337324337362975,56.19863763110393,224.7945505244157,56.19863763110393,56.19863763110393,56.19863763110393,56.19863763110393,,
sku,sku::1006683,1006683,교체형,intermittent,20784.0,tsb,"{'alpha': 0.1, 'beta': 0.2}",1.7265345178306759e-12,1.1698792006140544e-11,2.0,11,6,,2.8521826504732006e-09,4.552827697159295e-14,6.050835488700224e-10,2.4203341954800897e-09,7.130456626183002e-10,7.130456626183002e-10,7.130456626183002e-10,7.130456626183002e-10,,
sku,sku::1008945,1008945,교체형,lumpy,20419.0,croston,{'alpha': 0.2},0.5231601697955008,1.76304509479222,1.9660530519090773,11,6,-0.4937413344973163,420.9873473917869,0.027746947835738063,97.18965593784684,388.75862375138735,105.24683684794672,105.24683684794672,105.24683684794672,105.24683684794672,,
sku,sku::1008180,1008180,교체형,lumpy,20099.0,tsb,"{'alpha': 0.1, 'beta': 0.2}",2.7377768202184177e-06,2.2119953439596676e-05,2.0,11,6,,0.005215138409309522,6.397686845906965e-07,0.0010475060626540394,0.004190024250616158,0.0013037846023273806,0.0013037846023273806,0.0013037846023273806,0.0013037846023273806,,
sku,sku::1006439,1006439,교체형,intermittent,20000.0,tsb,"{'alpha': 0.1, 'beta': 0.2}",4.4051209508851776e-14,2.8415514151112414e-13,2.0,11,6,,6.666420351151557e-11,1.1769809942004868e-15,1.4462742456735582e-11,5.785096982694233e-11,1.6666050877878894e-11,1.6666050877878894e-11,1.6666050877878894e-11,1.6666050877878894e-11,,
sku,sku::1009641,1009641,교체형,intermittent,20000.0,tsb,"{'alpha': 0.1, 'beta': 0.2}",0.030530297228398874,0.2037642195176359,2.0,11,6,-0.5093605318778157,47.80409506599421,0.0008075016058444968,10.20682029787444,40.82728119149776,11.951023766498553,11.951023766498553,11.951023766498553,11.951023766498553,,
sku,sku::2018361,2018361,교체형,lumpy,19889.0,tsb,"{'alpha': 0.2, 'beta': 0.05}",0.5410786928568615,2.118619466480792,0.7793686663414404,11,6,0.4334025828234204,1736.8784900033402,0.21285382566436278,350.8407534965532,1403.3630139862128,434.21962250083504,434.21962250083504,434.21962250083504,434.21962250083504,,
sku,sku::2018065,2018065,교체형,lumpy,19816.0,tsb,"{'alpha': 0.1, 'beta': 0.2}",1.0352239712167928e-07,5.434488289158128e-07,2.0,11,6,,0.00012632282552208223,1.1611343558484881e-08,2.7693730167181547e-05,0.00011077492066872619,3.1580706380520557e-05,3.1580706380520557e-05,3.1580706380520557e-05,3.1580706380520557e-05,,
sku,sku::2019402,2019402,교체형,intermittent,19381.0,sba,{'alpha': 0.05},0.05059086497955363,0.25432627489949206,2.0,11,6,-0.9391471945344312,263.7644165258625,0.010900964735379081,65.66747492778111,262.66989971112446,65.94110413146562,65.94110413146562,65.94110413146562,65.94110413146562,,
sku,sku::1009650,1009650,교체형,lumpy,19371.0,croston,{'alpha': 0.1},0.420910659096118,2.734048460081898,1.825464141420549,11,6,0.04930710219136232,440.35900632178806,0.008903926631644556,80.61212714807233,322.44850859228933,110.08975158044701,110.08975158044701,110.08975158044701,110.08975158044701,,
sku,sku::2017238,2017238,교체형,lumpy,18964.0,tsb,"{'alpha': 0.1, 'beta': 0.2}",1.8146024054507073e-08,6.446927730965912e-08,2.0,11,6,,1.0002794250073705e-05,2.024262076277845e-09,2.0745300889476788e-06,8.298120355790715e-06,2.5006985625184262e-06,2.5006985625184262e-06,2.5006985625184262e-06,2.5006985625184262e-06,,
sku,sku::2018394,2018394,교체형,intermittent,18518.0,tsb,"{'alpha': 0.1, 'beta': 0.2}",7.322386510718078e-07,4.314204342165315e-06,2.0,11,6,,0.0009371345977329456,2.1161922990988744e-08,0.00021702821742638416,0.0008681128697055366,0.0002342836494332364,0.0002342836494332364,0.0002342836494332364,0.0002342836494332364,,
sku,sku::2018605,2018605,교체형,intermittent,18166.0,tsb,"{'alpha': 0.1, 'beta': 0.2}",0.014218436418803361,0.08782470593357194,2.0,11,6,-0.5104095248945049,18.714713998217288,0.0007629192348358481,4.566132654031337,18.26453061612535,4.678678499554322,4.678678499554322,4.678678499554322,4.678678499554322,,
sku,sku::2017689,2017689,교체형,lumpy,18107.0,sba,{'alpha': 0.3},0.05234349230415998,0.1112694773645521,1.2326285195686275,11,6,-0.16991541511153677,100.68519777928375,0.19711578688334314,24.796804149280426,99.1872165971217,25.17129944482094,25.17129944482094,25.17129944482094,25.17129944482094,,
sku,sku::1007709,1007709,교체형,lumpy,18035.0,tsb,"{'alpha': 0.1, 'beta': 0.2}",7.958437815001215e-09,6.215723627619303e-08,2.0,11,6,,1.3149675116597225e-05,1.4882403603325164e-09,2.286011605488762e-06,9.144046421955048e-06,3.287418779149306e-06,3.287418779149306e-06,3.287418779149306e-06,3.287418779149306e-06,,
sku,sku::1008606,1008606,교체형,lumpy,17845.0,tsb,"{'alpha': 0.1, 'beta': 0.2}",1.1478267489076014e-06,6.504996503797455e-06,2.0,11,6,,0.0013616666478482296,1.9406132542930755e-07,0.0002466656356471589,0.0009866625425886356,0.0003404166619620574,0.0003404166619620574,0.0003404166619620574,0.0003404166619620574,,
sku,sku::1008899,1008899,교체형,lumpy,17797.0,tsb,"{'alpha': 0.1, 'beta': 0.2}",0.000542062056926732,0.002728974956861758,2.0,11,6,-0.5847631037275749,0.5697095913543836,6.538261571901346e-05,0.1402736944768116,0.5610947779072464,0.1424273978385959,0.1424273978385959,0.1424273978385959,0.1424273978385959,,
sku,sku::1007932,1007932,교체형,intermittent,17762.0,tsb,"{'alpha': 0.1, 'beta': 0.2}",1.0341359012169995e-12,4.965393416130907e-12,2.0,11,6,,1.0345529183699154e-09,5.3012129824134544e-14,2.541572202827044e-10,1.0166288811308175e-09,2.5863822959247884e-10,2.5863822959247884e-10,2.5863822959247884e-10,2.5863822959247884e-10,,
sku,sku::1008605,1008605,교체형,lumpy,17677.0,tsb,"{'alpha': 0.1, 'beta': 0.2}",7.068233174408044e-08,4.776686330109149e-07,2.0,11,6,,9.904725996857082e-05,1.3674343098217056e-08,1.5187039954771129e-05,6.0748159819084516e-05,2.4761814992142704e-05,2.4761814992142704e-05,2.4761814992142704e-05,2.4761814992142704e-05,,
sku,sku::2020251,2020251,교체형,intermittent,17468.0,sba,{'alpha': 0.05},0.047152843871387635,0.28883829461129307,2.0,11,6,-0.9519943543361921,269.9894223555889,0.007501875468867216,65.97144036009001,263.88576144036006,67.49735558889722,67.49735558889722,67.49735558889722,67.49735558889722,,
sku,sku::2017778,2017778,교체형,lumpy,17292.0,tsb,"{'alpha': 0.1, 'beta': 0.2}",0.0031290846583488722,0.014617713412843273,2.0,11,6,-0.5847631037275749,2.965048832517652,0.0002267577135247199,0.6666065438831104,2.6664261755324414,0.741262208129413,0.741262208129413,0.741262208129413,0.741262208129413,,
sku,sku::2019283,2019283,교체형,lumpy,16982.0,sba,{'alpha': 0.05},0.019065335841592642,0.07711763010447074,2.0,11,6,-0.9479181824505141,69.07676309397917,0.015847016176408213,16.320830273880592,65.28332109552237,17.269190773494792,17.269190773494792,17.269190773494792,17.269190773494792,,
sku,sku::2018798,2018798,교체형,lumpy,16821.0,tsb,"{'alpha': 0.1, 'beta': 0.2}",0.0010149339632304262,0.0075335438661080075,2.0,11,6,-0.5847631037275748,1.4864774065354693,2.66056223740392e-05,0.30508560753821257,1.2203424301528503,0.37161935163386733,0.37161935163386733,0.37161935163386733,0.37161935163386733,,
sku,sku::1007817,1007817,교체형,lumpy,16700.0,tsb,"{'alpha': 0.1, 'beta': 0.2}",1.4749734914824079e-05,7.954337281319657e-05,2.0,11,6,,0.015582159790545582,3.606271712626347e-06,0.0017302788170908147,0.006921115268363259,0.0038955399476363955,0.0038955399476363955,0.0038955399476363955,0.0038955399476363955,,
sku,sku::1009976,1009976,교체형,intermittent,16674.0,croston,{'alpha': 0.1},0.21763628152487646,1.180827396200235,1.936645670274971,10,6,,373.29870129870125,0.007639419404125286,79.98899923605805,319.9559969442322,93.32467532467531,93.32467532467531,93.32467532467531,93.32467532467531,,
sku,sku::2019312,2019312,교체형,lumpy,16674.0,croston,{'alpha': 0.1},0.0644870748161287,0.22228699440819613,1.3233777406790244,11,6,0.014322892218872564,143.93254428429273,0.056745351101047774,28.12456083294788,112.49824333179151,35.98313607107318,35.98313607107318,35.98313607107318,35.98313607107318,,
sku,sku::2019979,2019979,교체형,lumpy,16631.0,sba,{'alpha': 0.2},0.07714890203978791,0.2073817386411985,0.3857273472483072,11,6,-0.8687257574675181,484.70167012502446,0.35967594012511955,73.05944563150042,292.2377825260017,121.17541753125612,121.17541753125612,121.17541753125612,121.17541753125612,,
sku,sku::2018968,2018968,교체형,intermittent,16521.0,tsb,"{'alpha': 0.1, 'beta': 0.2}",6.542233128692333e-06,4.10993654967022e-05,2.0,11,6,,0.007964868843927143,1.7696405213087207e-07,0.0017529846647221631,0.0070119386588886525,0.001991217210981786,0.001991217210981786,0.001991217210981786,0.001991217210981786,,
sku,sku::2018980,2018980,교체형,intermittent,16467.0,sba,{'alpha': 0.05},0.04232910595647341,0.2786334704285986,2.0,11,6,-0.984827493485533,245.52547732696897,0.011933174224343675,60.61661097852029,242.46644391408117,61.38136933174224,61.38136933174224,61.38136933174224,61.38136933174224,,
sku,sku::2018702,2018702,교체형,intermittent,16427.0,sba,{'alpha': 0.3},0.06060772535228709,0.3677499711448551,2.0,11,6,0.08250538075706305,323.2657538994801,0.017331022530329292,78.58781802426344,314.35127209705377,80.81643847487003,80.81643847487003,80.81643847487003,80.81643847487003,,
sku,sku::2017898,2017898,교체형,intermittent,16280.0,tsb,"{'alpha': 0.1, 'beta': 0.2}",4.174949599406351e-05,0.00025128636908438743,2.0,11,6,,0.04798776374486848,1.169201323114876e-06,0.010881101961489208,0.04352440784595683,0.01199694093621712,0.01199694093621712,0.01199694093621712,0.01199694093621712,,
sku,sku::2018372,2018372,교체형,lumpy,16146.0,sba,{'alpha': 0.05},0.10235706964437602,0.2533287870229744,2.0,11,6,0.18774910320096305,163.43180502201898,0.1137669493544432,30.38859684896874,121.55438739587495,40.857951255504744,40.857951255504744,40.857951255504744,40.857951255504744,,
sku,sku::2017633,2017633,교체형,lumpy,16125.0,tsb,"{'alpha': 0.1, 'beta': 0.2}",1.3853589733522088e-06,4.404456283202182e-06,2.0,11,6,,0.0006720113750102888,4.698284362974885e-07,0.00013260145829970457,0.0005304058331988183,0.0001680028437525722,0.0001680028437525722,0.0001680028437525722,0.0001680028437525722,,
sku,sku::2017911,2017911,교체형,lumpy,15678.0,tsb,"{'alpha': 0.1, 'beta': 0.2}",0.00011413981555568722,0.0008968569474781882,2.0,11,6,,0.16493811132255043,3.3334002551826626e-06,0.025107644064872054,0.10043057625948822,0.04123452783063761,0.04123452783063761,0.04123452783063761,0.04123452783063761,,
sku,sku::2018800,2018800,교체형,erratic,15614.0,tsb,"{'alpha': 0.1, 'beta': 0.2}",1.461803400746169e-05,4.94627668116164e-05,2.0,11,6,,0.005862446924531041,1.246577622405894e-06,0.0010547340350414098,0.004218936140165639,0.0014656117311327601,0.0014656117311327601,0.0014656117311327601,0.0014656117311327601,,
sku,sku::1007640,1007640,교체형,intermittent,15603.0,tsb,"{'alpha': 0.1, 'beta': 0.2}",3.8455902161855316e-12,1.7279095374579242e-11,2.0,11,6,,3.162541918532046e-09,3.53019948631344e-13,7.349924753297391e-10,2.9399699013189565e-09,7.906354796330115e-10,7.906354796330115e-10,7.906354796330115e-10,7.906354796330115e-10,,
sku,sku::1005519,1005519,교체형,lumpy,15302.0,sba,{'alpha': 0.05},0.03763033924395761,0.25118355540118115,2.0,11,6,0.013379909880853113,205.67816801331765,0.01624101668764465,48.875428965853274,195.5017158634131,51.41954200332941,51.41954200332941,51.41954200332941,51.41954200332941,,
sku,sku::1007634,1007634,교체형,lumpy,15274.0,tsb,"{'alpha': 0.1, 'beta': 0.2}",0.010638500473346206,0.05618895176895184,2.0,11,6,-0.5847631037275748,10.067251002962777,0.0007668507968866328,2.2961433053181186,9.184573221272474,2.5168127507406943,2.5168127507406943,2.5168127507406943,2.5168127507406943,,
sku,sku::1008776,1008776,교체형,intermittent,15223.0,tsb,"{'alpha': 0.1, 'beta': 0.2}",0.018660650826125405,0.08743798328381629,2.0,11,6,-0.5847631037275748,15.613762175018488,0.000755578716833126,3.89680354030596,15.58721416122384,3.903440543754622,3.903440543754622,3.903440543754622,3.903440543754622,,
sku,sku::1008071,1008071,교체형,intermittent,15008.0,sba,{'alpha': 0.3},0.05611425178083886,0.3948194734737965,2.0,11,6,0.010659389162673954,317.08097165991904,0.010121457489878543,68.97216599190283,275.8886639676113,79.27024291497976,79.27024291497976,79.27024291497976,79.27024291497976,,
sku,sku::1007944,1007944,교체형,lumpy,14963.0,sba,{'alpha': 0.05},0.1064948054162491,0.5203941094204676,2.0,11,6,0.4573115370412182,393.14009231000824,0.14884947114271146,59.2246328331843,236.8985313327372,98.28502307750206,98.28502307750206,98.28502307750206,98.28502307750206,,
sku,sku::2017683,2017683,교체형,lumpy,14957.0,tsb,"{'alpha': 0.1, 'beta': 0.2}",2.0738323472422807e-08,6.550882374119418e-08,2.0,11,6,,8.309084676086592e-06,3.1115260560574075e-09,1.938227466948127e-06,7.752909867792508e-06,2.077271169021648e-06,2.077271169021648e-06,2.077271169021648e-06,2.077271169021648e-06,,
sku,sku::2018366,2018366,교체형,lumpy,14671.0,croston,{'alpha': 0.2},0.7929509163521792,2.093839269677899,1.0862435743163257,11,6,0.8959217652273022,1037.4461001994557,0.2981385956162464,150.78601015008263,603.1440406003305,259.3615250498639,259.3615250498639,259.3615250498639,259.3615250498639,,
sku,sku::2019701,2019701,교체형,intermittent,14596.0,tsb,"{'alpha': 0.2, 'beta': 0.05}",0.6338551295421243,2.25034977158251,1.727364656011299,10,6,,1105.9656216371084,0.14473358843317963,274.08882784128633,1096.3553113651453,276.4914054092771,276.4914054092771,276.4914054092771,276.4914054092771,,
sku,sku::2018976,2018976,교체형,intermittent,14418.0,tsb,"{'alpha': 0.1, 'beta': 0.2}",2.8933745950478383e-06,1.689010612479346e-05,2.0,11,6,,0.0028565680862676535,8.533998011124415e-08,0.0006696252743416838,0.002678501097366735,0.0007141420215669134,0.0007141420215669134,0.0007141420215669134,0.0007141420215669134,,
sku,sku::2019401,2019401,교체형,intermittent,14398.0,tsb,"{'alpha': 0.1, 'beta': 0.2}",7.539224332029405e-05,0.0003783754553561511,2.0,11,6,,0.06390462728397625,5.508525725622552e-06,0.015935614071653482,0.06374245628661393,0.015976156820994063,0.015976156820994063,0.015976156820994063,0.015976156820994063,,
sku,sku::2019823,2019823,교체형,lumpy,14264.0,sba,{'alpha': 0.05},0.029872924243451084,0.12437475191884967,1.9099960148025563,11,6,-0.9559295856603658,85.35135224536656,0.021191045400264973,13.012850074047492,52.05140029618997,21.33783806134164,21.33783806134164,21.33783806134164,21.33783806134164,,
sku,sku::2019621,2019621,교체형,lumpy,14254.0,sba,{'alpha': 0.05},0.049844990065080884,0.30513713423665473,2.0,11,6,-0.018181959212354437,232.7451350586904,0.009428180832508369,57.992138664969595,231.96855465987838,58.1862837646726,58.1862837646726,58.1862837646726,58.1862837646726,,
sku,sku::2018397,2018397,교체형,intermittent,14164.0,tsb,"{'alpha': 0.1, 'beta': 0.2}",1.9325992214759905e-06,1.1060359391578733e-05,2.0,11,6,,0.0018376480474771092,6.487037727609112e-08,0.0004594120118692773,0.0018376480474771092,0.0004594120118692773,0.0004594120118692773,0.0004594120118692773,0.0004594120118692773,,
sku,sku::2019754,2019754,교체형,intermittent,13920.0,sba,{'alpha': 0.3},0.27398522188541,1.2994049193260568,1.6764976898371227,11,6,-0.8490045826091523,214.39723242905168,0.019544992572902823,46.23100226721915,184.9240090688766,53.59930810726292,53.59930810726292,53.59930810726292,53.59930810726292,,
sku,sku::2014224,2014224,교체형,lumpy,13866.0,tsb,"{'alpha': 0.1, 'beta': 0.2}",4.106098929412936e-08,2.5352806636981585e-07,2.0,11,6,,4.123674910133335e-05,4.417150381478785e-09,8.897819385443235e-06,3.559127754177294e-05,1.0309187275333337e-05,1.0309187275333337e-05,1.0309187275333337e-05,1.0309187275333337e-05,,
sku,sku::1008556,1008556,교체형,lumpy,13630.0,tsb,"{'alpha': 0.1, 'beta': 0.2}",3.011038301921108e-09,1.4035379008078123e-08,2.0,11,6,,2.2440223646517997e-06,1.9451442580986886e-10,4.995390326070313e-07,1.9981561304281253e-06,5.610055911629499e-07,5.610055911629499e-07,5.610055911629499e-07,5.610055911629499e-07,,
sku,sku::1009227,1009227,교체형,lumpy,13606.0,sba,{'alpha': 0.05},0.041387840387129095,0.2639868512673385,2.0,11,6,0.013652508966809439,192.2036173026573,0.014277886944121708,45.69502192548015,182.7800877019206,48.05090432566433,48.05090432566433,48.05090432566433,48.05090432566433,,
sku,sku::2017514,2017514,교체형,lumpy,13578.0,tsb,"{'alpha': 0.1, 'beta': 0.2}",1.570712211674087e-05,4.961946096523065e-05,2.0,11,6,,0.007185389528059462,6.636364762653233e-06,0.0011504652689490926,0.0046018610757963705,0.0017963473820148655,0.0017963473820148655,0.0017963473820148655,0.0017963473820148655,,
sku,sku::1008772,1008772,교체형,lumpy,13426.0,sba,{'alpha': 0.3},0.0669616984362935,0.35560011757176097,0.9565719750609611,11,6,-0.010429702773350187,331.6484104402941,0.06020375358362844,54.78261938705354,219.13047754821417,82.91210261007353,82.91210261007353,82.91210261007353,82.91210261007353,,
sku,sku::1008886,1008886,교체형,lumpy,13402.0,sba,{'alpha': 0.3},0.10212302533745239,0.627182796862107,2.0,11,6,0.01362567803404881,449.7928478151683,0.033484011384563875,77.81951079859368,311.27804319437473,112.44821195379207,112.44821195379207,112.44821195379207,112.44821195379207,,
sku,sku::2016098,2016098,교체형,lumpy,13388.0,tsb,"{'alpha': 0.1, 'beta': 0.2}",1.834105091741556e-05,0.00010027255976326535,2.0,11,6,,0.015747259555327457,2.9187731003779416e-06,0.0037576080580148594,0.015030432232059437,0.003936814888831864,0.003936814888831864,0.003936814888831864,0.003936814888831864,,
sku,sku::2018156,2018156,교체형,lumpy,13216.0,tsb,"{'alpha': 0.1, 'beta': 0.2}",1.1005773757193656e-05,4.7748444072705566e-05,2.0,11,6,,0.005645818815563508,1.3904720652767772e-06,0.0011786842364654086,0.004714736945861634,0.001411454703890877,0.001411454703890877,0.001411454703890877,0.001411454703890877,,
sku,sku::1008519,1008519,교체형,lumpy,13164.0,tsb,"{'alpha': 0.1, 'beta': 0.2}",1.277178775978178e-07,1.0167248154412951e-06,2.0,11,6,,0.0001569995753042232,2.6328074742457607e-08,3.2547819119615796e-05,0.00013019127647846318,3.92498938260558e-05,3.92498938260558e-05,3.92498938260558e-05,3.92498938260558e-05,,
sku,sku::2015736,2015736,교체형,lumpy,13073.0,tsb,"{'alpha': 0.1, 'beta': 0.2}",0.001008322466465102,0.008141019999010884,2.0,11,6,-0.5847631037275749,1.2484215684365119,2.658455993638282e-05,0.24985445487089525,0.999417819483581,0.31210539210912797,0.31210539210912797,0.31210539210912797,0.31210539210912797,,
sku,sku::2016791,2016791,교체형,lumpy,13043.0,tsb,"{'alpha': 0.1, 'beta': 0.2}",1.8691401021878967e-05,0.00014734506853073318,2.0,11,6,,0.022543444782196637,3.568129911712035e-06,0.004754176294365115,0.01901670517746046,0.005635861195549159,0.005635861195549159,0.005635861195549159,0.005635861195549159,,
sku,sku::2019276,2019276,교체형,lumpy,13006.0,sba,{'alpha': 0.05},0.009361871911470712,0.03955686554916527,1.2684321588354839,11,6,-0.20140818222907944,34.29256129291653,0.02894476597868688,2.4952838235069015,9.981135294027606,8.573140323229133,8.573140323229133,8.573140323229133,8.573140323229133,,
sku,sku::1009146,1009146,교체형,lumpy,13000.0,tsb,"{'alpha': 0.1, 'beta': 0.2}",5.423558288777988e-07,4.066000216532523e-06,2.0,11,6,,0.0006200374623044308,1.4221042713404377e-08,0.00012685170100356705,0.0005074068040142682,0.0001550093655761077,0.0001550093655761077,0.0001550093655761077,0.0001550093655761077,,
sku,sku::1008643,1008643,교체형,lumpy,12977.0,sba,{'alpha': 0.3},0.05123203912219974,0.20448096896542065,2.0,11,6,0.013652508966809411,141.99596169975993,0.04166801394981272,29.27710325853748,117.10841303414992,35.49899042493998,35.49899042493998,35.49899042493998,35.49899042493998,,
sku,sku::2018045,2018045,교체형,lumpy,12750.0,tsb,"{'alpha': 0.1, 'beta': 0.2}",1.815491610643919e-08,7.905643860593933e-08,2.0,11,6,,1.135727506578146e-05,2.3559099264494508e-09,2.3008217908908217e-06,9.203287163563287e-06,2.839318766445365e-06,2.839318766445365e-06,2.839318766445365e-06,2.839318766445365e-06,,
sku,sku::2018707,2018707,교체형,lumpy,12619.0,sba,{'alpha': 0.05},0.06227631924015185,0.1906207924758763,1.9129298156846735,11,6,5.0,80.27017723527494,0.05401372826594498,11.826170335288813,47.30468134115525,20.067544308818736,20.067544308818736,20.067544308818736,20.067544308818736,,
sku,sku::1007473,1007473,교체형,lumpy,12536.0,tsb,"{'alpha': 0.1, 'beta': 0.2}",8.322657238076917e-07,6.480010330726112e-06,2.0,11,6,,0.0009528880094237365,1.967523192708895e-07,0.00011379701616293934,0.00045518806465175734,0.00023822200235593412,0.00023822200235593412,0.00023822200235593412,0.00023822200235593412,,
sku,sku::1008624,1008624,교체형,lumpy,12531.0,tsb,"{'alpha': 0.1, 'beta': 0.2}",0.07661570436287546,0.3010705544798521,1.9439138719760223,11,6,-0.20225506397767673,2267.596804167617,0.2036046898551961,239.7927303989462,959.1709215957848,566.8992010419042,566.8992010419042,566.8992010419042,566.8992010419042,,
sku,sku::1008781,1008781,교체형,intermittent,12482.0,tsb,"{'alpha': 0.1, 'beta': 0.2}",5.4987557685974883e-08,3.76890142897741e-07,2.0,11,6,,5.518310555918368e-05,1.4474029407847662e-09,1.1652635803434735e-05,4.661054321373894e-05,1.379577638979592e-05,1.379577638979592e-05,1.379577638979592e-05,1.379577638979592e-05,,
sku,sku::1008780,1008780,교체형,intermittent,12421.0,sba,{'alpha': 0.3},0.11199997112324872,0.5242875553548173,2.0,11,6,0.010830264014923156,348.4776307725585,0.03605032625545262,81.34915822488193,325.39663289952773,87.11940769313962,87.11940769313962,87.11940769313962,87.11940769313962,,
sku,sku::1007788,1007788,교체형,lumpy,12419.0,tsb,"{'alpha': 0.1, 'beta': 0.2}",0.002363408210340688,0.014286280242237782,2.0,11,6,-0.5847631037275748,2.0811959521068064,7.588657334870926e-05,0.28834779119381637,1.1533911647752655,0.5202989880267016,0.5202989880267016,0.5202989880267016,0.5202989880267016,,
sku,sku::1007175,1007175,교체형,lumpy,12412.0,tsb,"{'alpha': 0.1, 'beta': 0.2}",0.010623495223380974,0.06837591098507804,2.0,11,6,-0.5811122146244043,9.955247757841372,0.0018862127885040571,1.4379348913243468,5.751739565297387,2.488811939460343,2.488811939460343,2.488811939460343,2.488811939460343,,
sku,sku::2018342,2018342,교체형,lumpy,12293.0,sba,{'alpha': 0.05},0.045658048970119436,0.1050430817752659,0.9834386166334846,11,6,0.029508324456950726,94.20698313312768,0.11979891957304412,15.167652198971593,60.67060879588637,23.55174578328192,23.55174578328192,23.55174578328192,23.55174578328192,,
sku,sku::1007605,1007605,교체형,lumpy,12271.0,tsb,"{'alpha': 0.1, 'beta': 0.2}",3.525333307268235e-08,2.8071493398042214e-07,2.0,11,6,,4.0406632163869895e-05,9.281285238717256e-10,8.118451573728849e-06,3.2473806294915395e-05,1.0101658040967474e-05,1.0101658040967474e-05,1.0101658040967474e-05,1.0101658040967474e-05,,
sku,sku::2018201,2018201,교체형,lumpy,12218.0,sba,{'alpha': 0.3},0.050611534748773224,0.0864131109071038,0.8204859783673725,11,6,-0.4387158017274286,47.67723927692446,0.3151801838808744,11.663586016482942,46.65434406593177,11.919309819231115,11.919309819231115,11.919309819231115,11.919309819231115,,
sku,sku::1009113,1009113,교체형,lumpy,12170.0,croston,{'alpha': 0.1},26.125765928390543,93.95130208333332,1.9985869718807405,10,6,,91.89835575485799,0.014947683109118086,19.575485799701042,78.30194319880417,22.974588938714497,22.974588938714497,22.974588938714497,22.974588938714497,,
sku,sku::1007827,1007827,교체형,lumpy,11858.0,tsb,"{'alpha': 0.1, 'beta': 0.2}",2.2178212598777827e-07,9.370043270041089e-07,2.0,10,6,,0.00013033474987026773,3.734592183652579e-08,2.4218402039159133e-05,9.687360815663653e-05,3.258368746756693e-05,3.258368746756693e-05,3.258368746756693e-05,3.258368746756693e-05,,
sku,sku::2017690,2017690,교체형,lumpy,11817.0,sba,{'alpha': 0.3},0.01469809166604727,0.03407271134934206,0.8920382793994234,10,6,,28.389043567316264,0.13447056573139474,4.612194896502616,18.448779586010463,7.097260891829066,7.097260891829066,7.097260891829066,7.097260891829066,,
customer,customer::Patriot Memory Inc.,,교체형,lumpy,90116698.0,sba,{'alpha': 0.3},0.02419809828495861,0.03954579860092824,0.645093446052648,11,6,-0.3197003737422354,202654.37342489246,0.5534106304244303,50662.77631521725,202651.105260869,50663.593356223115,50663.593356223115,50663.593356223115,50663.593356223115,Patriot Memory Inc.,
customer,"customer::Hosin Global Electronics Co., Ltd",,교체형,lumpy,89504212.0,tsb,"{'alpha': 0.1, 'beta': 0.2}",0.023057862241929548,0.04568413208324685,2.0,11,6,-0.5847631037275748,35995.53326649991,0.008775725806682828,4724.956745886406,18899.826983545623,8998.883316624977,8998.883316624977,8998.883316624977,8998.883316624977,"Hosin Global Electronics Co., Ltd",
customer,customer::YHG SUPPLY CHAIN (HONG KONG),,교체형,lumpy,78940789.0,croston,{'alpha': 0.2},0.0951493160229659,0.19288014010181986,0.2185880508034992,11,6,2.9818113226582876,2385926.944722727,0.4075986402027954,590435.407297252,2361741.629189008,596481.7361806817,596481.7361806817,596481.7361806817,596481.7361806817,YHG SUPPLY CHAIN (HONG KONG),
customer,"customer::World Pacific Industrial H.K., Ltd.",,교체형,lumpy,74593888.0,tsb,"{'alpha': 0.1, 'beta': 0.2}",5.13226970793766e-10,1.154142764387125e-09,2.0,11,6,,0.0007304055747950029,6.953917754192987e-11,0.0001737143918423692,0.0006948575673694768,0.00018260139369875072,0.00018260139369875072,0.00018260139369875072,0.00018260139369875072,"World Pacific Industrial H.K., Ltd.",
customer,customer::ALL-THE-WAY EXPRESS LIMITED,,교체형,lumpy,61836655.0,sba,{'alpha': 0.1},0.07354783829045304,0.10362299077603133,0.20986956618154795,11,6,-0.46102078851199113,1292891.0705532832,0.540704768782929,297225.88701555174,1188903.548062207,323222.7676383208,323222.7676383208,323222.7676383208,323222.7676383208,ALL-THE-WAY EXPRESS LIMITED,
customer,"customer::G.Skill International Ent. Co., Ltd",,교체형,lumpy,49551383.0,sba,{'alpha': 0.2},0.13847933169814927,0.2246346576868625,0.7331232988942437,11,6,-0.2564099526778747,876064.419264011,0.45759816922659174,194295.4923252618,777181.9693010472,219016.10481600274,219016.10481600274,219016.10481600274,219016.10481600274,"G.Skill International Ent. Co., Ltd",
customer,customer::TEC LOGISTICS COMPANY,,교체형,lumpy,41620256.0,sba,{'alpha': 0.1},0.1017232127651768,0.26940930729839274,0.932565498230208,11,6,0.02643717607524673,710157.0408518873,0.1868188682698228,128306.34250920473,513225.3700368189,177539.26021297183,177539.26021297183,177539.26021297183,177539.26021297183,TEC LOGISTICS COMPANY,
customer,customer::PATRIOT MEMORY INC.,,교체형,lumpy,36113671.0,tsb,"{'alpha': 0.1, 'beta': 0.2}",0.16056157803765514,0.35333713558783136,1.8242975048252015,11,6,-0.3058089700695813,251909.2599764488,0.13918278096333053,41506.27673579025,166025.106943161,62977.3149941122,62977.3149941122,62977.3149941122,62977.3149941122,PATRIOT MEMORY INC.,
customer,customer::Eternal International (HK) Ltd.,,교체형,lumpy,34662794.0,sba,{'alpha': 0.3},0.05874749085946246,0.22261383575359864,1.3246940464110744,11,6,0.18571208341490356,474200.6281333139,0.49608375423575457,112710.41907957017,450841.6763182807,118550.15703332848,118550.15703332848,118550.15703332848,118550.15703332848,Eternal International (HK) Ltd.,
customer,customer::REALTECH SEMICONDUCTOR TECHNOLOGY,,교체형,lumpy,29395002.0,tsb,"{'alpha': 0.1, 'beta': 0.2}",0.0006478984756415066,0.0014369042358144176,2.0,11,6,-0.5847631037275748,373.072690390319,0.0001995553079445985,88.01793270011491,352.07173080045965,93.26817259757975,93.26817259757975,93.26817259757975,93.26817259757975,REALTECH SEMICONDUCTOR TECHNOLOGY,
customer,customer::GOLDKEY TECHNOLOGY CORPORATION,,교체형,lumpy,23798456.0,sba,{'alpha': 0.15},0.2061838038789933,0.38877312919208845,0.6012418979433343,11,6,0.5714579096089785,389281.9988406261,0.16184572403036643,92565.58241705934,370262.32966823736,97320.49971015652,97320.49971015652,97320.49971015652,97320.49971015652,GOLDKEY TECHNOLOGY CORPORATION,
customer,customer::MAX LOGISTICS LIMITED,,교체형,intermittent,22902429.0,tsb,"{'alpha': 0.2, 'beta': 0.05}",0.9968503387914651,7.429196441821433,1.6224105861672307,11,6,-0.9999995627022547,3286020.4143898212,0.0666936056498295,790687.8665186042,3162751.466074417,821505.1035974553,821505.1035974553,821505.1035974553,821505.1035974553,MAX LOGISTICS LIMITED,
customer,customer::PNG HK LTD,,교체형,lumpy,21065963.0,tsb,"{'alpha': 0.1, 'beta': 0.2}",3.8087734155384665e-08,1.2216084416868388e-07,2.0,11,6,,0.026279628007412268,1.0851393264223471e-08,0.005436999312609594,0.021747997250438376,0.006569907001853067,0.006569907001853067,0.006569907001853067,0.006569907001853067,PNG HK LTD,
customer,"customer::XINRONGDA CO., Limited",,교체형,lumpy,18560397.0,tsb,"{'alpha': 0.1, 'beta': 0.2}",0.02540774294107007,0.08103127250970714,2.0,11,6,-0.5847631037275748,17419.257166162828,0.0050412143502912826,957.8999699640524,3831.5998798562096,4354.814291540707,4354.814291540707,4354.814291540707,4354.814291540707,"XINRONGDA CO., Limited",
customer,customer::BANG TAI INTERNATIONAL LOGISTICS CO,,교체형,lumpy,17622725.0,sba,{'alpha': 0.05},0.09503765670738482,0.2551563655978603,0.749561458804771,11,6,-0.2706422345026797,102577.07039331214,0.06557045005863207,13064.937289471416,52259.749157885664,25644.267598328035,25644.267598328035,25644.267598328035,25644.267598328035,BANG TAI INTERNATIONAL LOGISTICS CO,
customer,customer::SF Supply Chain (Hong Kong) Limited,,교체형,lumpy,15956279.0,sba,{'alpha': 0.05},0.023409989886266813,0.06586340039090245,1.1520786956327211,11,6,0.872451014136888,91070.1486322699,0.03743372617233374,18181.633700022725,72726.5348000909,22767.537158067476,22767.537158067476,22767.537158067476,22767.537158067476,SF Supply Chain (Hong Kong) Limited,
customer,customer::REALTECH SEMICONDUCTOR TECHNOLOGY L,,교체형,lumpy,14179579.0,sba,{'alpha': 0.05},0.00015816396275491714,0.00046812471947028526,0.005984284223489899,11,6,,55706.851153812466,0.025936911997020595,11428.501663339126,45714.006653356504,13926.712788453116,13926.712788453116,13926.712788453116,13926.712788453116,REALTECH SEMICONDUCTOR TECHNOLOGY L,
customer,"customer::SC GLOBAL TRANS (HK) CO., LIMITED",,교체형,intermittent,12729355.0,sba,{'alpha': 0.3},0.050495554163542226,0.13213083254798522,0.960587365409193,11,6,0.10783747946197576,73452.71573555839,0.03762672588663415,18130.349727473378,72521.39890989351,18363.178933889598,18363.178933889598,18363.178933889598,18363.178933889598,"SC GLOBAL TRANS (HK) CO., LIMITED",
customer,customer::Ringson Limited,,교체형,lumpy,12302298.0,sba,{'alpha': 0.3},0.06049340023450079,0.1278123997233514,1.6765104768588284,11,6,0.5811317688533074,57129.51822492101,0.18436391581706746,13911.573056560817,55646.29222624327,14282.379556230253,14282.379556230253,14282.379556230253,14282.379556230253,Ringson Limited,
customer,customer::EVERBOND ELECTRONICS LIMITED,,교체형,lumpy,11533061.0,tsb,"{'alpha': 0.1, 'beta': 0.1}",0.019214565099032882,0.04756685819673621,0.10657238853775064,11,6,-0.5463208197876017,189375.10969448014,0.2766381953392226,30048.292503464705,120193.17001385882,47343.777423620035,47343.777423620035,47343.777423620035,47343.777423620035,EVERBOND ELECTRONICS LIMITED,
customer,"customer::HONGKONG SHICHUANGYI CO., LIMITED",,교체형,lumpy,10511640.0,sba,{'alpha': 0.3},0.059929442211288785,0.14981775365133537,1.5132999262320947,11,6,0.019591346143288717,39669.568613195544,0.2422167109647248,8966.185413339692,35864.74165335877,9917.392153298886,9917.392153298886,9917.392153298886,9917.392153298886,"HONGKONG SHICHUANGYI CO., LIMITED",
customer,customer::Skyrich View (HK) Limited,,교체형,intermittent,10391940.0,tsb,"{'alpha': 0.1, 'beta': 0.2}",2.7054396215474046e-11,7.00492524482413e-11,2.0,11,6,,7.350741189188409e-06,2.707014087624449e-12,1.7708770595839375e-06,7.08350823833575e-06,1.8376852972971022e-06,1.8376852972971022e-06,1.8376852972971022e-06,1.8376852972971022e-06,Skyrich View (HK) Limited,
customer,customer::RUNZHE INTERNATIONAL LIMITED,,교체형,intermittent,9211467.0,tsb,"{'alpha': 0.1, 'beta': 0.2}",0.012312105071107053,0.0691660898590987,2.0,11,6,-0.5847631037275748,4057.1506284619927,0.0006282001005756067,1014.2824933106713,4057.129973242685,1014.2876571154982,1014.2876571154982,1014.2876571154982,1014.2876571154982,RUNZHE INTERNATIONAL LIMITED,
customer,customer::GoldKey Technology Corporation,,교체형,lumpy,6647976.0,sba,{'alpha': 0.05},0.027622758269376203,0.1182921921593157,2.0,11,6,-0.28813860277806896,40812.49957450386,0.040041891392035796,6965.535400825907,27862.14160330363,10203.124893625965,10203.124893625965,10203.124893625965,10203.124893625965,GoldKey Technology Corporation,
customer,customer::Leadmax Technology International,,교체형,lumpy,5461346.0,tsb,"{'alpha': 0.1, 'beta': 0.2}",2.8635449876886957e-08,1.3819610533246775e-07,2.0,11,6,,0.008815150445684504,6.168284661230448e-09,0.0013337674635289624,0.00533506985411585,0.002203787611421126,0.002203787611421126,0.002203787611421126,0.002203787611421126,Leadmax Technology International,
customer,customer::Eudar Technology Inc.,,교체형,lumpy,5233317.0,tsb,"{'alpha': 0.1, 'beta': 0.2}",0.0006437698977680489,0.0015861003505793687,2.0,11,6,-0.5847631037275748,90.31537315698083,0.00010662169132881006,14.728019087233555,58.91207634893422,22.578843289245206,22.578843289245206,22.578843289245206,22.578843289245206,Eudar Technology Inc.,
channel,channel::TAIUN,,지속형,erratic,697063424.0,ma,{'window': 26},0.24210505131490828,0.3208850751958526,0.4771069842479701,11,6,0.7654663304263308,13920775.23076923,0.9808917197452229,2836565.207692308,11346260.830769232,3480193.8076923075,3480193.8076923075,3480193.8076923075,3480193.8076923075,,TAIUN
channel,channel::TAIUN_AIR,,교체형,lumpy,138644780.0,sba,{'alpha': 0.2},0.08053800487537845,0.09940030928704056,0.32047778215539924,11,6,-0.4546264922191273,1555328.8443169615,0.6780803706425661,363722.8743770879,1454891.4975083517,388832.21107924037,388832.21107924037,388832.21107924037,388832.21107924037,,TAIUN_AIR
channel,channel::CUSTOMER_PICK_UP,,지속형,erratic,8654568.0,ma,{'window': 4},0.04053021521626972,0.05471744046493748,0.9062927757556537,11,6,-0.549422007652561,144.0,0.7643312101910829,36.0,144.0,36.0,36.0,36.0,36.0,,CUSTOMER_PICK_UP
channel,channel::DHL,,지속형,erratic,1486001.0,ma,{'window': 4},0.13369114003761431,0.18386082871132603,0.21371803162752046,11,6,-0.3169852352336728,24239.0,0.9872611464968153,5548.8,22195.2,6059.75,6059.75,6059.75,6059.75,,DHL
channel,channel::FEDEX,,지속형,erratic,1418560.0,holt,{'damped': True},0.9017447504298852,1.3022034737440404,0.8661333135209338,11,6,-0.013791167214316244,41116.035220125355,0.9235668789808917,6850.884395421962,27403.537581687848,10277.42142346898,10278.503672259976,10279.549625107835,10280.560499288566,,FEDEX
channel,channel::UPS,,교체형,lumpy,48160.0,tsb,"{'alpha': 0.1, 'beta': 0.2}",4.5722259039947196e-08,2.583719424154991e-07,2.0,11,6,,0.00014596173224065668,5.489710196713159e-09,2.980442717622407e-05,0.00011921770870489628,3.649043306016417e-05,3.649043306016417e-05,3.649043306016417e-05,3.649043306016417e-05,,UPS
sku_customer,sku_customer::1008094|YHG SUPPLY CHAIN (HONG KONG),1008094,교체형,lumpy,55872565.0,sba,{'alpha': 0.05},0.021973140057461968,0.074337671823711,2.0,11,6,0.11799237596089274,167017.07968522536,0.02174265897477579,38967.597402418214,155870.38960967286,41754.26992130634,41754.26992130634,41754.26992130634,41754.26992130634,YHG SUPPLY CHAIN (HONG KONG),
sku_customer,sku_customer::1005732|Patriot Memory Inc.,1005732,교체형,lumpy,22518450.0,tsb,"{'alpha': 0.1, 'beta': 0.2}",8.006759232572817e-07,3.231382467143014e-06,2.0,11,6,,0.815119227213141,3.9130679252667296e-08,0.10007565063258886,0.40030260253035543,0.20377980680328525,0.20377980680328525,0.20377980680328525,0.20377980680328525,Patriot Memory Inc.,
sku_customer,sku_customer::1008094|ALL-THE-WAY EXPRESS LIMITED,1008094,교체형,lumpy,21800893.0,sba,{'alpha': 0.05},0.07564869091490703,0.14239141312798165,0.6624271505454423,11,6,-0.012148807148095965,209813.0978594777,0.07645454625396322,38624.26961739237,154497.07846956947,52453.27446486943,52453.27446486943,52453.27446486943,52453.27446486943,ALL-THE-WAY EXPRESS LIMITED,
sku_customer,sku_customer::1009218|Eternal International (HK) Ltd.,1009218,교체형,lumpy,19335863.0,tsb,"{'alpha': 0.1, 'beta': 0.2}",0.0005080967534079072,0.00299433194135745,2.0,11,6,-0.5847631037275749,654.4369135123343,7.223976200513202e-05,116.80491551120214,467.21966204480856,163.60922837808357,163.60922837808357,163.60922837808357,163.60922837808357,Eternal International (HK) Ltd.,
sku_customer,"sku_customer::1008094|World Pacific Industrial H.K., Ltd.",1008094,교체형,lumpy,19188674.0,tsb,"{'alpha': 0.1, 'beta': 0.2}",2.6232973050011717e-10,7.882631639697666e-10,2.0,11,6,,0.00015352014532070836,3.5788032370619774e-11,3.333519399602487e-05,0.00013334077598409948,3.838003633017709e-05,3.838003633017709e-05,3.838003633017709e-05,3.838003633017709e-05,"World Pacific Industrial H.K., Ltd.",
sku_customer,sku_customer::1008095|PATRIOT MEMORY INC.,1008095,교체형,lumpy,18813520.0,sba,{'alpha': 0.05},0.05689424931854738,0.17858745799042072,2.0,11,6,-0.5770980936702964,157760.0654201357,0.06205002133243441,26307.123620264563,105228.49448105825,39440.01635503393,39440.01635503393,39440.01635503393,39440.01635503393,PATRIOT MEMORY INC.,
sku_customer,sku_customer::1007754|ALL-THE-WAY EXPRESS LIMITED,1007754,교체형,intermittent,17711618.0,tsb,"{'alpha': 0.1, 'beta': 0.2}",0.0016740927243177406,0.0035801838166315543,2.0,11,6,-0.5847631037275748,701.8243086842947,0.00017904237181970022,137.83685986512802,551.3474394605121,175.45607717107367,175.45607717107367,175.45607717107367,175.45607717107367,ALL-THE-WAY EXPRESS LIMITED,
sku_customer,"sku_customer::1009185|Hosin Global Electronics Co., Ltd",1009185,교체형,lumpy,16727952.0,tsb,"{'alpha': 0.1, 'beta': 0.2}",0.011199006405847154,0.04617006139236734,2.0,11,6,-0.25733817179698104,7434.6789088793685,0.0013809712560311168,1545.4247795104375,6181.69911804175,1858.6697272198421,1858.6697272198421,1858.6697272198421,1858.6697272198421,"Hosin Global Electronics Co., Ltd",
sku_customer,"sku_customer::1008094|Hosin Global Electronics Co., Ltd",1008094,교체형,intermittent,15155176.0,tsb,"{'alpha': 0.1, 'beta': 0.2}",0.0025632199210357262,0.006646783380578283,2.0,11,6,-0.5847631037275749,1002.1224243264946,0.00021179362685152473,238.27324296328936,953.0929718531575,250.53060608162366,250.53060608162366,250.53060608162366,250.53060608162366,"Hosin Global Electronics Co., Ltd",
sku_customer,sku_customer::1009110|TEC LOGISTICS COMPANY,1009110,교체형,lumpy,15104945.0,sba,{'alpha': 0.3},0.061293496263768184,0.26570067627049737,2.0,11,6,0.013652508966809479,214763.5639614003,0.04746760336070632,45642.33836081442,182569.35344325769,53690.890990350075,53690.890990350075,53690.890990350075,53690.890990350075,TEC LOGISTICS COMPANY,
sku_customer,"sku_customer::1007754|World Pacific Industrial H.K., Ltd.",1007754,교체형,intermittent,11684557.0,tsb,"{'alpha': 0.1, 'beta': 0.2}",4.763505236655388e-10,1.2794182412192369e-09,2.0,11,6,,0.00014757475596467907,3.574523951307521e-11,2.948580320831693e-05,0.00011794321283326773,3.689368899116977e-05,3.689368899116977e-05,3.689368899116977e-05,3.689368899116977e-05,"World Pacific Industrial H.K., Ltd.",
sku_customer,sku_customer::2019863|MAX LOGISTICS LIMITED,2019863,교체형,intermittent,11597699.0,tsb,"{'alpha': 0.2, 'beta': 0.05}",0.9740238026532199,7.2808765139276135,1.6155806855544814,11,6,-0.9999991643022528,1674129.9237850818,0.0666936056498295,401579.7880553054,1606319.1522212217,418532.48094627046,418532.48094627046,418532.48094627046,418532.48094627046,MAX LOGISTICS LIMITED,
sku_customer,sku_customer::2019229|MAX LOGISTICS LIMITED,2019229,교체형,intermittent,11304730.0,tsb,"{'alpha': 0.2, 'beta': 0.05}",1.0208795053585356,7.584536262931633,1.6293010160211765,11,6,-0.9999990836299874,1611890.4906047394,0.0666936056498295,389108.0784632988,1556432.3138531952,402972.62265118485,402972.62265118485,402972.62265118485,402972.62265118485,MAX LOGISTICS LIMITED,
sku_customer,sku_customer::1008053|BANG TAI INTERNATIONAL LOGISTICS CO,1008053,교체형,lumpy,11264935.0,sba,{'alpha': 0.05},0.04240907154617045,0.1769312811701833,0.8764459817055101,11,6,0.6168386674246586,43431.71369772848,0.02568236876262212,5853.827414088112,23415.30965635245,10857.92842443212,10857.92842443212,10857.92842443212,10857.92842443212,BANG TAI INTERNATIONAL LOGISTICS CO,
sku_customer,"sku_customer::1008095|G.Skill International Ent. Co., Ltd",1008095,교체형,lumpy,10203986.0,tsb,"{'alpha': 0.1, 'beta': 0.2}",0.05537205472718052,0.14705837410452777,2.0,11,6,-0.28484246020872483,15702.037341507203,0.005779225856821398,2750.198504295065,11000.79401718026,3925.5093353768007,3925.5093353768007,3925.5093353768007,3925.5093353768007,"G.Skill International Ent. Co., Ltd",
sku_customer,sku_customer::1009437|REALTECH SEMICONDUCTOR TECHNOLOGY L,1009437,교체형,intermittent,9818016.0,sba,{'alpha': 0.05},0.029333631161157808,0.13526615362612035,2.0,11,6,0.01365250896680959,71065.96712025191,0.009143327371121945,17220.710726180205,68882.84290472082,17766.491780062977,17766.491780062977,17766.491780062977,17766.491780062977,REALTECH SEMICONDUCTOR TECHNOLOGY L,
sku_customer,"sku_customer::1007754|Hosin Global Electronics Co., Ltd",1007754,교체형,intermittent,9652310.0,tsb,"{'alpha': 0.1, 'beta': 0.2}",0.0001233736563081835,0.00047108560073485785,2.0,11,6,,40.349552979953955,1.17109006352439e-05,9.095619005729581,36.382476022918325,10.087388244988489,10.087388244988489,10.087388244988489,10.087388244988489,"Hosin Global Electronics Co., Ltd",
sku_customer,sku_customer::1008551|Patriot Memory Inc.,1008551,교체형,lumpy,8828571.0,tsb,"{'alpha': 0.1, 'beta': 0.2}",0.007033166823099526,0.033578385396939824,1.0812660798503113,11,6,-0.6032837697541411,160213.85468340473,0.10324930147161875,21387.52484044361,85550.09936177444,40053.46367085118,40053.46367085118,40053.46367085118,40053.46367085118,Patriot Memory Inc.,
sku_customer,sku_customer::1007754|YHG SUPPLY CHAIN (HONG KONG),1007754,교체형,intermittent,8328063.0,sba,{'alpha': 0.05},0.05397209794108017,0.16191756672113386,2.0,11,6,0.013652508966809376,62414.12508759248,0.017200910058078583,15392.200246512602,61568.80098605041,15603.53127189812,15603.53127189812,15603.53127189812,15603.53127189812,YHG SUPPLY CHAIN (HONG KONG),
sku_customer,sku_customer::1006352|Patriot Memory Inc.,1006352,교체형,intermittent,8212479.0,tsb,"{'alpha': 0.1, 'beta': 0.2}",2.363452634182721e-08,1.2975795823207752e-07,2.0,11,6,,0.01250015665210383,7.171184504536147e-10,0.002478174300117181,0.009912697200468725,0.0031250391630259573,0.0031250391630259573,0.0031250391630259573,0.0031250391630259573,Patriot Memory Inc.,
sku_customer,"sku_customer::1007490|Hosin Global Electronics Co., Ltd",1007490,교체형,lumpy,8202507.0,tsb,"{'alpha': 0.1, 'beta': 0.2}",4.578549379149037e-11,3.655945281480438e-10,2.0,11,6,,3.517656895703416e-05,1.0681112160598746e-11,5.381869126780867e-06,2.152747650712347e-05,8.79414223925854e-06,8.79414223925854e-06,8.79414223925854e-06,8.79414223925854e-06,"Hosin Global Electronics Co., Ltd",
sku_customer,sku_customer::1009437|TEC LOGISTICS COMPANY,1009437,교체형,lumpy,8181764.0,sba,{'alpha': 0.05},0.02205910961855341,0.1173212322438648,2.0,11,6,0.013652508966809524,49005.38790268041,0.01324297562776009,11377.17222924329,45508.68891697316,12251.346975670103,12251.346975670103,12251.346975670103,12251.346975670103,TEC LOGISTICS COMPANY,
sku_customer,"sku_customer::1007570|World Pacific Industrial H.K., Ltd.",1007570,교체형,lumpy,7432336.0,tsb,"{'alpha': 0.1, 'beta': 0.2}",2.615762943281436e-10,8.702285656503737e-10,2.0,11,6,,6.923029077484601e-05,2.48772832618996e-11,1.5351628661530442e-05,6.140651464612177e-05,1.7307572693711503e-05,1.7307572693711503e-05,1.7307572693711503e-05,1.7307572693711503e-05,"World Pacific Industrial H.K., Ltd.",
sku_customer,"sku_customer::1007583|G.Skill International Ent. Co., Ltd",1007583,교체형,lumpy,7338377.0,tsb,"{'alpha': 0.1, 'beta': 0.2}",0.015779890855748227,0.059025101873690915,2.0,11,6,-0.5847631037275749,5080.938579674401,0.003416843057428982,572.8055247707166,2291.2220990828664,1270.2346449186002,1270.2346449186002,1270.2346449186002,1270.2346449186002,"G.Skill International Ent. Co., Ltd",
sku_customer,sku_customer::1009592|YHG SUPPLY CHAIN (HONG KONG),1009592,교체형,intermittent,7303135.0,tsb,"{'alpha': 0.1, 'beta': 0.2}",1.0888605792379864,4.379204397474134,0.450361268764447,11,6,-0.3684944174211464,1732605.1236480472,0.387879598686208,413953.54478186066,1655814.1791274427,433151.2809120118,433151.2809120118,433151.2809120118,433151.2809120118,YHG SUPPLY CHAIN (HONG KONG),
sku_customer,sku_customer::1008094|REALTECH SEMICONDUCTOR TECHNOLOGY,1008094,교체형,intermittent,7206792.0,tsb,"{'alpha': 0.1, 'beta': 0.2}",9.75338069858511e-09,2.865121637401327e-08,2.0,11,6,,0.0019572528216878857,8.701087930947825e-10,0.00044033129693398236,0.0017613251877359294,0.0004893132054219714,0.0004893132054219714,0.0004893132054219714,0.0004893132054219714,REALTECH SEMICONDUCTOR TECHNOLOGY,
sku_customer,sku_customer::1008053|GOLDKEY TECHNOLOGY CORPORATION,1008053,교체형,lumpy,6365045.0,croston,{'alpha': 0.1},0.046422147350867006,0.07770445169944397,0.1868959281867543,11,6,-0.24215837042937655,90437.71771264929,0.08712267289386329,20874.65269505346,83498.61078021384,22609.429428162322,22609.429428162322,22609.429428162322,22609.429428162322,GOLDKEY TECHNOLOGY CORPORATION,
sku_customer,sku_customer::1009493|TEC LOGISTICS COMPANY,1009493,교체형,intermittent,6306057.0,sba,{'alpha': 0.05},0.06336985244175371,0.3458006719413009,2.0,11,6,0.013652508966809682,116689.69888428862,0.010753844499408539,28047.48627688461,112189.94510753844,29172.424721072155,29172.424721072155,29172.424721072155,29172.424721072155,TEC LOGISTICS COMPANY,
sku_customer,sku_customer::2012591|PATRIOT MEMORY INC.,2012591,교체형,lumpy,6225282.0,tsb,"{'alpha': 0.1, 'beta': 0.2}",4.7336568759244205e-09,2.5911767815228477e-08,2.0,11,6,,0.0018775938396896525,7.993697263436178e-10,0.00016624044887458353,0.0006649617954983341,0.00046939845992241314,0.00046939845992241314,0.00046939845992241314,0.00046939845992241314,PATRIOT MEMORY INC.,
sku_customer,sku_customer::1007570|PNG HK LTD,1007570,교체형,lumpy,6222389.0,tsb,"{'alpha': 0.1, 'beta': 0.2}",4.60792820089253e-12,2.0631592207837597e-11,2.0,11,6,,1.505903295262611e-06,3.745683545805263e-13,3.366426156378957e-07,1.3465704625515827e-06,3.7647582381565274e-07,3.7647582381565274e-07,3.7647582381565274e-07,3.7647582381565274e-07,PNG HK LTD,
sku_customer,sku_customer::2012591|Patriot Memory Inc.,2012591,교체형,lumpy,6152192.0,tsb,"{'alpha': 0.1, 'beta': 0.2}",3.2533626339583222e-09,1.7918178115346974e-08,2.0,11,6,,0.0012930964230944775,4.743526927654746e-10,0.00014920447708773258,0.0005968179083509303,0.0003232741057736194,0.0003232741057736194,0.0003232741057736194,0.0003232741057736194,Patriot Memory Inc.,
sku_customer,sku_customer::1007754|PNG HK LTD,1007754,교체형,lumpy,6128362.0,tsb,"{'alpha': 0.1, 'beta': 0.2}",9.321757243607396e-11,2.858706513229269e-10,2.0,11,6,,2.0382476658322244e-05,1.8596644419321318e-11,4.849445134679862e-06,1.9397780538719447e-05,5.095619164580561e-06,5.095619164580561e-06,5.095619164580561e-06,5.095619164580561e-06,PNG HK LTD,
sku_customer,"sku_customer::1007754|HONGKONG SHICHUANGYI CO., LIMITED",1007754,교체형,intermittent,6104386.0,tsb,"{'alpha': 0.1, 'beta': 0.2}",0.00018608265111609817,0.00046203062005997124,2.0,11,6,,26.559003380133362,1.758912156570766e-05,6.3878068853761025,25.55122754150441,6.6397508450333405,6.6397508450333405,6.6397508450333405,6.6397508450333405,"HONGKONG SHICHUANGYI CO., LIMITED",
sku_customer,sku_customer::1009185|ALL-THE-WAY EXPRESS LIMITED,1009185,교체형,intermittent,6096026.0,tsb,"{'alpha': 0.1, 'beta': 0.2}",0.00011829765350838972,0.00044150068660193877,2.0,11,6,,31.570784539352314,1.7241775978194955e-05,7.020313966323846,28.081255865295383,7.892696134838078,7.892696134838078,7.892696134838078,7.892696134838078,ALL-THE-WAY EXPRESS LIMITED,
sku_customer,sku_customer::1008094|RUNZHE INTERNATIONAL LIMITED,1008094,교체형,intermittent,6000646.0,tsb,"{'alpha': 0.1, 'beta': 0.2}",0.0059720021041799794,0.033487684073643234,2.0,11,6,-0.5847631037275749,1964.26972389498,0.00038061209271853094,475.8404047762244,1903.3616191048975,491.067430973745,491.067430973745,491.067430973745,491.067430973745,RUNZHE INTERNATIONAL LIMITED,
sku_customer,"sku_customer::1008279|Hosin Global Electronics Co., Ltd",1008279,교체형,lumpy,5551915.0,tsb,"{'alpha': 0.1, 'beta': 0.2}",0.008245346129027357,0.019546056841255512,2.0,11,6,-0.5847631037275748,1272.9435539916717,0.0012649856982946414,264.3204022567122,1057.2816090268489,318.2358884979179,318.2358884979179,318.2358884979179,318.2358884979179,"Hosin Global Electronics Co., Ltd",
sku_customer,sku_customer::1007754|Patriot Memory Inc.,1007754,교체형,lumpy,5524057.0,tsb,"{'alpha': 0.1, 'beta': 0.2}",0.0030005545081865067,0.008428546980165263,2.0,11,6,-0.5847631037275748,412.73473119988944,0.00031338584622650376,95.61208987084541,382.44835948338164,103.18368279997236,103.18368279997236,103.18368279997236,103.18368279997236,Patriot Memory Inc.,
sku_customer,"sku_customer::1004987|World Pacific Industrial H.K., Ltd.",1004987,교체형,intermittent,5236412.0,tsb,"{'alpha': 0.1, 'beta': 0.2}",9.946128252674316e-14,5.752517288278347e-13,2.0,11,6,,3.533449773321031e-08,3.0211890438089587e-15,8.418036315052113e-09,3.367214526020845e-08,8.833624433302577e-09,8.833624433302577e-09,8.833624433302577e-09,8.833624433302577e-09,"World Pacific Industrial H.K., Ltd.",
sku_customer,"sku_customer::1002653|SC GLOBAL TRANS (HK) CO., LIMITED",1002653,교체형,intermittent,5216541.0,tsb,"{'alpha': 0.1, 'beta': 0.2}",1.6424114169855836e-11,4.463689362794227e-11,2.0,11,6,,2.7313903394760884e-06,1.2182071874686775e-12,6.755510610165927e-07,2.702204244066371e-06,6.828475848690221e-07,6.828475848690221e-07,6.828475848690221e-07,6.828475848690221e-07,"SC GLOBAL TRANS (HK) CO., LIMITED",
sku_customer,"sku_customer::1002663|SC GLOBAL TRANS (HK) CO., LIMITED",1002663,교체형,intermittent,5102844.0,tsb,"{'alpha': 0.1, 'beta': 0.2}",1.493627749668668e-11,4.274361131066642e-11,2.0,11,6,,2.558531003245498e-06,1.2182071874686775e-12,6.096748318155811e-07,2.4386993272623242e-06,6.396327508113745e-07,6.396327508113745e-07,6.396327508113745e-07,6.396327508113745e-07,"SC GLOBAL TRANS (HK) CO., LIMITED",
sku_customer,"sku_customer::2017143|G.Skill International Ent. Co., Ltd",2017143,교체형,lumpy,4789201.0,tsb,"{'alpha': 0.1, 'beta': 0.2}",4.6391116938511467e-10,1.9761442785009413e-09,2.0,11,6,,0.00010478588651737994,2.775856068218303e-11,1.646717483178996e-05,6.586869932715983e-05,2.6196471629344985e-05,2.6196471629344985e-05,2.6196471629344985e-05,2.6196471629344985e-05,"G.Skill International Ent. Co., Ltd",
sku_customer,"sku_customer::2012591|G.Skill International Ent. Co., Ltd",2012591,교체형,lumpy,4671992.0,tsb,"{'alpha': 0.1, 'beta': 0.2}",2.889926041545051e-06,7.331784083788787e-06,2.0,11,6,,0.40180833150902423,3.0232981393033206e-07,0.08946445546269495,0.3578578218507798,0.10045208287725606,0.10045208287725606,0.10045208287725606,0.10045208287725606,"G.Skill International Ent. Co., Ltd",
sku_customer,sku_customer::1007754|Ringson Limited,1007754,교체형,lumpy,4509385.0,tsb,"{'alpha': 0.1, 'beta': 0.2}",0.0001902535392808597,0.0005255071675484237,2.0,11,6,,27.179402809561275,2.165514701198806e-05,5.9047879355605755,23.619151742242302,6.794850702390319,6.794850702390319,6.794850702390319,6.794850702390319,Ringson Limited,
sku_customer,sku_customer::1007754|REALTECH SEMICONDUCTOR TECHNOLOGY,1007754,교체형,intermittent,4426866.0,tsb,"{'alpha': 0.1, 'beta': 0.2}",6.066077114895781e-06,1.9552117818417866e-05,2.0,11,6,,0.9464068801252048,5.994164269119185e-07,0.22646989185841224,0.905879567433649,0.2366017200313012,0.2366017200313012,0.2366017200313012,0.2366017200313012,REALTECH SEMICONDUCTOR TECHNOLOGY,
sku_customer,"sku_customer::1008759|Hosin Global Electronics Co., Ltd",1008759,교체형,lumpy,4423672.0,tsb,"{'alpha': 0.1, 'beta': 0.2}",6.756923206557256e-06,3.2930196766502524e-05,2.0,11,6,,1.419035093932448,9.423836937706407e-07,0.26883652355689514,1.0753460942275805,0.354758773483112,0.354758773483112,0.354758773483112,0.354758773483112,"Hosin Global Electronics Co., Ltd",
sku_customer,sku_customer::1008094|Patriot Memory Inc.,1008094,교체형,lumpy,4301098.0,tsb,"{'alpha': 0.1, 'beta': 0.2}",0.0005488500242533053,0.0016726369252074438,2.0,11,6,-0.5847631037275747,83.89790714943157,7.701549530409245e-05,16.16353858354526,64.65415433418104,20.974476787357894,20.974476787357894,20.974476787357894,20.974476787357894,Patriot Memory Inc.,
sku_customer,sku_customer::1007583|GOLDKEY TECHNOLOGY CORPORATION,1007583,교체형,intermittent,4296415.0,tsb,"{'alpha': 0.1, 'beta': 0.2}",0.002004914131480737,0.005123502074272362,2.0,11,6,-0.5847631037275748,258.21431838575046,0.0002424449714521729,55.08554328904952,220.34217315619807,64.55357959643761,64.55357959643761,64.55357959643761,64.55357959643761,GOLDKEY TECHNOLOGY CORPORATION,
sku_customer,sku_customer::1008053|Patriot Memory Inc.,1008053,교체형,lumpy,4292345.0,sba,{'alpha': 0.05},0.1587802496830641,0.35615589690173305,1.1764079581292235,11,6,-0.5972940639074181,101831.53701554296,0.16791901622397876,19837.70132141807,79350.80528567228,25457.88425388574,25457.88425388574,25457.88425388574,25457.88425388574,Patriot Memory Inc.,
sku_customer,sku_customer::1007570|ALL-THE-WAY EXPRESS LIMITED,1007570,교체형,intermittent,4138688.0,tsb,"{'alpha': 0.1, 'beta': 0.2}",4.2103572231465114e-08,1.6239356469053246e-07,2.0,11,6,,0.007883856001173958,1.8092546887882027e-09,0.0016856156920096394,0.0067424627680385575,0.0019709640002934896,0.0019709640002934896,0.0019709640002934896,0.0019709640002934896,ALL-THE-WAY EXPRESS LIMITED,
sku_customer,sku_customer::1008094|SF Supply Chain (Hong Kong) Limited,1008094,교체형,intermittent,4126787.0,tsb,"{'alpha': 0.1, 'beta': 0.2}",0.00012091367426625337,0.0005381501698916596,2.0,11,6,,26.050899044942664,8.715131825433157e-06,6.4393160206121145,25.757264082448458,6.512724761235666,6.512724761235666,6.512724761235666,6.512724761235666,SF Supply Chain (Hong Kong) Limited,
sku_customer,sku_customer::1009218|EVERBOND ELECTRONICS LIMITED,1009218,교체형,lumpy,4005175.0,tsb,"{'alpha': 0.1, 'beta': 0.2}",2.118225566791159e-05,0.0001049130412032166,2.0,11,6,,4.928992456739167,3.306313910068515e-06,1.0343652266671914,4.137460906668766,1.2322481141847919,1.2322481141847919,1.2322481141847919,1.2322481141847919,EVERBOND ELECTRONICS LIMITED,
sku_customer,"sku_customer::2012591|World Pacific Industrial H.K., Ltd.",2012591,교체형,intermittent,3845636.0,tsb,"{'alpha': 0.1, 'beta': 0.2}",5.409201634745372e-10,1.3131329657860318e-09,2.0,11,6,,5.849641089450605e-05,5.4924746779689184e-11,1.418455828055649e-05,5.673823312222596e-05,1.4624102723626513e-05,1.4624102723626513e-05,1.4624102723626513e-05,1.4624102723626513e-05,"World Pacific Industrial H.K., Ltd.",
sku_customer,"sku_customer::1009218|Hosin Global Electronics Co., Ltd",1009218,교체형,lumpy,3524712.0,tsb,"{'alpha': 0.1, 'beta': 0.2}",9.301959833694423e-06,5.35722182868048e-05,2.0,11,6,,2.214983254315427,1.6219628748530461e-06,0.5247698555542516,2.0990794222170064,0.5537458135788568,0.5537458135788568,0.5537458135788568,0.5537458135788568,"Hosin Global Electronics Co., Ltd",
sku_customer,"sku_customer::1009229|XINRONGDA CO., Limited",1009229,교체형,intermittent,3505788.0,tsb,"{'alpha': 0.1, 'beta': 0.2}",3.3012713826864992e-06,1.7494294452726272e-05,2.0,11,6,,0.719431190622796,2.5833690393850103e-07,0.16949030369464835,0.6779612147785934,0.179857797655699,0.179857797655699,0.179857797655699,0.179857797655699,"XINRONGDA CO., Limited",
sku_customer,"sku_customer::1007506|World Pacific Industrial H.K., Ltd.",1007506,교체형,lumpy,3374309.0,tsb,"{'alpha': 0.1, 'beta': 0.2}",3.1106095240945656e-10,1.6798414995236508e-09,2.0,11,6,,4.111738745489155e-05,2.738321384397744e-11,1.0006418371339965e-05,4.002567348535986e-05,1.0279346863722887e-05,1.0279346863722887e-05,1.0279346863722887e-05,1.0279346863722887e-05,"World Pacific Industrial H.K., Ltd.",
sku_customer,"sku_customer::1009226|Hosin Global Electronics Co., Ltd",1009226,교체형,intermittent,3361107.0,tsb,"{'alpha': 0.1, 'beta': 0.2}",4.624409110547613e-06,2.5264798894685646e-05,2.0,11,6,,0.9961055603308335,2.4226752349591103e-07,0.24029059530836194,0.9611623812334478,0.24902639008270838,0.24902639008270838,0.24902639008270838,0.24902639008270838,"Hosin Global Electronics Co., Ltd",
sku_customer,"sku_customer::1009226|XINRONGDA CO., Limited",1009226,교체형,intermittent,3359796.0,tsb,"{'alpha': 0.1, 'beta': 0.2}",4.936936401509037e-06,2.698837910070681e-05,2.0,11,6,,1.063645460849197,2.5833690393850103e-07,0.2566158774346555,1.026463509738622,0.26591136521229924,0.26591136521229924,0.26591136521229924,0.26591136521229924,"XINRONGDA CO., Limited",
sku_customer,"sku_customer::1009229|Hosin Global Electronics Co., Ltd",1009229,교체형,intermittent,3262593.0,tsb,"{'alpha': 0.1, 'beta': 0.2}",7.003886244590027e-05,0.00038219369461204563,2.0,11,6,,14.62694398633599,2.0973340372426452e-06,2.8105020568741312,11.242008227496525,3.6567359965839974,3.6567359965839974,3.6567359965839974,3.6567359965839974,"Hosin Global Electronics Co., Ltd",
sku_customer,sku_customer::1009592|ALL-THE-WAY EXPRESS LIMITED,1009592,교체형,intermittent,3250010.0,tsb,"{'alpha': 0.1, 'beta': 0.2}",0.8673941227287861,3.0823373748971705,0.6363776469698875,11,6,-0.22891862261481527,223718.72307282747,0.23382837428689734,51263.962088337146,205055.84835334859,55929.68076820687,55929.68076820687,55929.68076820687,55929.68076820687,ALL-THE-WAY EXPRESS LIMITED,
sku_customer,sku_customer::1008094|Ringson Limited,1008094,교체형,lumpy,3231774.0,tsb,"{'alpha': 0.1, 'beta': 0.2}",0.0012926918004509541,0.0034794591211228334,2.0,11,6,-0.5847631037275748,129.4791614887012,0.00016257923541710718,26.10557581523214,104.42230326092856,32.3697903721753,32.3697903721753,32.3697903721753,32.3697903721753,Ringson Limited,
sku_customer,"sku_customer::1007125|World Pacific Industrial H.K., Ltd.",1007125,교체형,lumpy,3230051.0,tsb,"{'alpha': 0.1, 'beta': 0.2}",2.9875708653022e-10,1.0128774980521515e-09,2.0,11,6,,3.7779908663884694e-05,3.574133661499671e-11,9.013672838011767e-06,3.605469135204707e-05,9.444977165971174e-06,9.444977165971174e-06,9.444977165971174e-06,9.444977165971174e-06,"World Pacific Industrial H.K., Ltd.",
sku_customer,sku_customer::1007583|Patriot Memory Inc.,1007583,교체형,intermittent,3130297.0,tsb,"{'alpha': 0.1, 'beta': 0.2}",0.007351167483117297,0.015284979841407288,2.0,11,6,-0.5847631037275748,525.3207455748615,0.0007800295700113577,119.97891408433073,479.9156563373229,131.33018639371537,131.33018639371537,131.33018639371537,131.33018639371537,Patriot Memory Inc.,
sku_customer,"sku_customer::1007754|XINRONGDA CO., Limited",1007754,교체형,intermittent,3033127.0,sba,{'alpha': 0.05},0.023870794051277944,0.13297482512691694,2.0,11,6,0.013652508966809614,21582.85123278824,0.009225730562538921,5241.60114687363,20966.40458749452,5395.71280819706,5395.71280819706,5395.71280819706,5395.71280819706,"XINRONGDA CO., Limited",
sku_customer,"sku_customer::1009218|XINRONGDA CO., Limited",1009218,교체형,intermittent,3007665.0,tsb,"{'alpha': 0.1, 'beta': 0.2}",4.924706613503776e-06,2.969988435717082e-05,2.0,11,6,,1.047831380714575,2.3727444560431686e-07,0.25721468630161326,1.028858745206453,0.26195784517864373,0.26195784517864373,0.26195784517864373,0.26195784517864373,"XINRONGDA CO., Limited",
sku_customer,"sku_customer::1007368|World Pacific Industrial H.K., Ltd.",1007368,교체형,lumpy,2958241.0,tsb,"{'alpha': 0.1, 'beta': 0.2}",3.530880938320113e-10,1.3216729437828652e-09,2.0,11,6,,3.856448602156106e-05,2.147079006321831e-11,7.697324903536734e-06,3.0789299614146935e-05,9.641121505390266e-06,9.641121505390266e-06,9.641121505390266e-06,9.641121505390266e-06,"World Pacific Industrial H.K., Ltd.",
sku_customer,sku_customer::2012591|GOLDKEY TECHNOLOGY CORPORATION,2012591,교체형,lumpy,2928170.0,tsb,"{'alpha': 0.1, 'beta': 0.2}",1.9847985824607446e-06,1.0780985745408134e-05,2.0,11,6,,0.3703070147804466,2.8459517219143316e-07,0.06677424332860098,0.2670969733144039,0.09257675369511165,0.09257675369511165,0.09257675369511165,0.09257675369511165,GOLDKEY TECHNOLOGY CORPORATION,
sku_customer,sku_customer::1008279|REALTECH SEMICONDUCTOR TECHNOLOGY,1008279,교체형,intermittent,2926333.0,tsb,"{'alpha': 0.1, 'beta': 0.2}",2.083596483145527e-06,5.291695100114232e-06,2.0,11,6,,0.17392750386843148,2.544913970092653e-07,0.03647051450257237,0.14588205801028947,0.04348187596710787,0.04348187596710787,0.04348187596710787,0.04348187596710787,REALTECH SEMICONDUCTOR TECHNOLOGY,
sku_customer,sku_customer::1007506|Patriot Memory Inc.,1007506,교체형,lumpy,2865819.0,sba,{'alpha': 0.3},0.08533571379603234,0.2804729892613626,1.5675286435740363,11,6,-0.09678849314150602,31779.51509382558,0.07979883645533235,7902.345848155905,31609.38339262362,7944.878773456395,7944.878773456395,7944.878773456395,7944.878773456395,Patriot Memory Inc.,
sku_customer,sku_customer::1006925|Patriot Memory Inc.,1006925,교체형,intermittent,2823219.0,tsb,"{'alpha': 0.1, 'beta': 0.2}",1.140887670464655e-07,6.530384025465349e-07,2.0,11,6,,0.021626710644758337,3.7765277504652375e-09,0.005372614815960932,0.021490459263843728,0.005406677661189584,0.005406677661189584,0.005406677661189584,0.005406677661189584,Patriot Memory Inc.,
sku_customer,sku_customer::1007125|REALTECH SEMICONDUCTOR TECHNOLOGY,1007125,교체형,lumpy,2816628.0,tsb,"{'alpha': 0.1, 'beta': 0.2}",4.4357049162285825e-08,1.823055971407928e-07,2.0,11,6,,0.005957762009842483,6.762342482747654e-09,0.0009229976873550617,0.003691990749420247,0.0014894405024606207,0.0014894405024606207,0.0014894405024606207,0.0014894405024606207,REALTECH SEMICONDUCTOR TECHNOLOGY,
sku_customer,sku_customer::1007506|Leadmax Technology International,1007506,교체형,lumpy,2801194.0,tsb,"{'alpha': 0.1, 'beta': 0.2}",3.1421629450697555e-10,2.2867168178554007e-09,2.0,11,6,,7.513854026272178e-05,3.6092190035711396e-11,1.7196336164592103e-05,6.878534465836841e-05,1.8784635065680445e-05,1.8784635065680445e-05,1.8784635065680445e-05,1.8784635065680445e-05,Leadmax Technology International,
sku_customer,sku_customer::1007506|REALTECH SEMICONDUCTOR TECHNOLOGY,1007506,교체형,lumpy,2571567.0,tsb,"{'alpha': 0.1, 'beta': 0.2}",3.0076901637695095e-09,1.5355728593551043e-08,2.0,11,6,,0.0004632073605467456,2.6380194277335934e-10,9.848617913132154e-05,0.0003939447165252862,0.0001158018401366864,0.0001158018401366864,0.0001158018401366864,0.0001158018401366864,REALTECH SEMICONDUCTOR TECHNOLOGY,
sku_customer,sku_customer::1008551|SHEN MING GLOBAL CO LIMITED,1008551,교체형,intermittent,2548610.0,tsb,"{'alpha': 0.1, 'beta': 0.2}",1.5924904403548523,10.764878042998697,1.3228889560068122,11,6,-0.999987750172919,306663.0036346896,0.08335256453119999,75553.22755936158,302212.9102374463,76665.7509086724,76665.7509086724,76665.7509086724,76665.7509086724,SHEN MING GLOBAL CO LIMITED,
sku_customer,sku_customer::1008094|PNG HK LTD,1008094,교체형,lumpy,2508005.0,tsb,"{'alpha': 0.1, 'beta': 0.2}",6.380835291126583e-08,3.048149056790368e-07,2.0,11,6,,0.008788197651679817,1.0848481818703785e-08,0.0007528480171915934,0.0030113920687663736,0.0021970494129199543,0.0021970494129199543,0.0021970494129199543,0.0021970494129199543,PNG HK LTD,
sku_customer,"sku_customer::1008279|World Pacific Industrial H.K., Ltd.",1008279,교체형,intermittent,2419715.0,tsb,"{'alpha': 0.1, 'beta': 0.2}",3.295976885891344e-10,1.1660858760615405e-09,2.0,11,6,,2.9326091909428385e-05,2.1468571927463027e-11,6.768741844714694e-06,2.7074967378858776e-05,7.331522977357096e-06,7.331522977357096e-06,7.331522977357096e-06,7.331522977357096e-06,"World Pacific Industrial H.K., Ltd.",
sku_customer,sku_customer::1007754|SF Supply Chain (Hong Kong) Limited,1007754,교체형,intermittent,2401167.0,tsb,"{'alpha': 0.1, 'beta': 0.2}",0.0003043761600029913,0.001795630186648154,2.0,11,6,,50.57622892275661,8.775506114953163e-06,11.695309007471874,46.781236029887495,12.644057230689153,12.644057230689153,12.644057230689153,12.644057230689153,SF Supply Chain (Hong Kong) Limited,
sku_customer,sku_customer::1009222|Eternal International (HK) Ltd.,1009222,교체형,lumpy,2386627.0,tsb,"{'alpha': 0.1, 'beta': 0.2}",2.747597677844568e-05,0.00022097316419756905,2.0,11,6,,6.186304094824224,7.241041430654838e-07,1.2394542752350186,4.957817100940074,1.546576023706056,1.546576023706056,1.546576023706056,1.546576023706056,Eternal International (HK) Ltd.,
sku_customer,sku_customer::1008095|GOLDKEY TECHNOLOGY CORPORATION,1008095,교체형,intermittent,2375358.0,tsb,"{'alpha': 0.1, 'beta': 0.2}",0.0001487651098946129,0.0005205399142737244,2.0,11,6,,14.504083448948693,1.1219963445312505e-05,3.273327327478174,13.093309309912696,3.6260208622371732,3.6260208622371732,3.6260208622371732,3.6260208622371732,GOLDKEY TECHNOLOGY CORPORATION,
sku_customer,sku_customer::1007754|REALTECH SEMICONDUCTOR TECHNOLOGY L,1007754,교체형,lumpy,2305554.0,tsb,"{'alpha': 0.1, 'beta': 0.2}",0.00013458635184358843,0.0008151902370062716,2.0,11,6,,18.36886028953361,9.197469581341666e-06,4.168238213395947,16.672952853583787,4.592215072383403,4.592215072383403,4.592215072383403,4.592215072383403,REALTECH SEMICONDUCTOR TECHNOLOGY L,
sku_customer,sku_customer::1007126|Patriot Memory Inc.,1007126,교체형,lumpy,2273868.0,tsb,"{'alpha': 0.1, 'beta': 0.1}",0.0003227705400479895,0.0011818165895749304,1.8390287236285283,11,6,,101734.18611229342,0.09002345980018968,21783.826493739623,87135.3059749585,25433.546528073355,25433.546528073355,25433.546528073355,25433.546528073355,Patriot Memory Inc.,
sku_customer,sku_customer::1009303|TEC LOGISTICS COMPANY,1009303,교체형,lumpy,2243631.0,tsb,"{'alpha': 0.2, 'beta': 0.05}",2.2147091908378638,8.834191215044825,1.2710742349607136,11,6,0.11754649594572134,166494.08590138308,0.135625489872056,33343.292367598624,133373.1694703945,41623.52147534577,41623.52147534577,41623.52147534577,41623.52147534577,TEC LOGISTICS COMPANY,
sku_customer,"sku_customer::1008053|G.Skill International Ent. Co., Ltd",1008053,교체형,lumpy,2152788.0,croston,{'alpha': 0.2},0.1576450426470056,0.43115169552214944,0.7915371296051438,11,6,0.04706840470512134,60064.96702711855,0.1120689274020947,10561.284683577605,42245.13873431042,15016.241756779638,15016.241756779638,15016.241756779638,15016.241756779638,"G.Skill International Ent. Co., Ltd",
sku_customer,sku_customer::1008279|ALL-THE-WAY EXPRESS LIMITED,1008279,교체형,intermittent,2119904.0,tsb,"{'alpha': 0.1, 'beta': 0.2}",0.011069321292296094,0.025176891068943497,2.0,11,6,-0.5847631037275749,626.0737218662576,0.001056777630679088,140.86977075267046,563.4790830106818,156.5184304665644,156.5184304665644,156.5184304665644,156.5184304665644,ALL-THE-WAY EXPRESS LIMITED,
sku_customer,sku_customer::1007368|PNG HK LTD,1007368,교체형,lumpy,2109751.0,tsb,"{'alpha': 0.1, 'beta': 0.2}",2.258148228073106e-10,9.430003624387422e-10,2.0,11,6,,2.3337280244371648e-05,5.345456703781084e-11,4.320240908769699e-06,1.7280963635078797e-05,5.834320061092912e-06,5.834320061092912e-06,5.834320061092912e-06,5.834320061092912e-06,PNG HK LTD,
sku_customer,"sku_customer::1009131|G.Skill International Ent. Co., Ltd",1009131,교체형,intermittent,2039017.0,sba,{'alpha': 0.3},1.2830565825617057,2.628497040389448,1.8133211964507288,11,6,5.0,73757.10654648482,0.096761905369146,10810.970667748219,43243.882670992876,18439.276636621205,18439.276636621205,18439.276636621205,18439.276636621205,"G.Skill International Ent. Co., Ltd",
sku_customer,sku_customer::1007641|GoldKey Technology Corporation,1007641,교체형,lumpy,1951228.0,tsb,"{'alpha': 0.1, 'beta': 0.2}",2.0586796613271417e-08,1.2418028849576008e-07,2.0,11,6,,0.002842286578442525,1.9220659723148465e-09,0.0006259808292253049,0.0025039233169012196,0.0007105716446106313,0.0007105716446106313,0.0007105716446106313,0.0007105716446106313,GoldKey Technology Corporation,
sku_customer,"sku_customer::1007641|G.Skill International Ent. Co., Ltd",1007641,교체형,lumpy,1916707.0,tsb,"{'alpha': 0.1, 'beta': 0.2}",3.3872935810566183e-06,1.180061522470792e-05,2.0,11,6,,0.265318515778476,2.654864337834374e-07,0.051278795608205564,0.20511518243282226,0.066329628944619,0.066329628944619,0.066329628944619,0.066329628944619,"G.Skill International Ent. Co., Ltd",
sku_customer,"sku_customer::1008053|Hosin Global Electronics Co., Ltd",1008053,교체형,lumpy,1913684.0,tsb,"{'alpha': 0.1, 'beta': 0.2}",0.02471376647104037,0.07714010396128815,2.0,11,6,-0.5847631037275748,1595.7761723977464,0.0029530049708971764,270.44800811975136,1081.7920324790055,398.9440430994366,398.9440430994366,398.9440430994366,398.9440430994366,"Hosin Global Electronics Co., Ltd",
sku_customer,sku_customer::1008095|Skyrich View (HK) Limited,1008095,교체형,lumpy,1899971.0,tsb,"{'alpha': 0.1, 'beta': 0.2}",3.903326347917805e-11,1.9704662584000314e-10,2.0,11,6,,4.159767524870465e-06,1.4259174282616073e-12,6.274491178420322e-07,2.5097964713681287e-06,1.0399418812176163e-06,1.0399418812176163e-06,1.0399418812176163e-06,1.0399418812176163e-06,Skyrich View (HK) Limited,
sku_customer,sku_customer::1009130|TEC LOGISTICS COMPANY,1009130,교체형,lumpy,1857020.0,tsb,"{'alpha': 0.1, 'beta': 0.2}",0.0015174342985431232,0.0071106895248022155,2.0,11,6,-0.5847631037275749,154.89431481018477,0.0001981899523582002,27.287847948662023,109.15139179464809,38.72357870254619,38.72357870254619,38.72357870254619,38.72357870254619,TEC LOGISTICS COMPANY,
sku_customer,sku_customer::1007126|BANG TAI INTERNATIONAL LOGISTICS CO,1007126,교체형,smooth,1819575.0,sba,{'alpha': 0.05},0.05397907351132925,0.42498982718613637,2.0,11,6,-0.092903584610458,23227.379801324503,0.007358351729212656,5790.83766004415,23163.3506401766,5806.844950331126,5806.844950331126,5806.844950331126,5806.844950331126,BANG TAI INTERNATIONAL LOGISTICS CO,
sku_customer,sku_customer::1007368|ALL-THE-WAY EXPRESS LIMITED,1007368,교체형,lumpy,1788086.0,tsb,"{'alpha': 0.1, 'beta': 0.2}",5.995431244384195e-10,2.2254239098521777e-09,2.0,11,6,,4.667758011209083e-05,5.331537140243571e-11,1.0833160561051775e-05,4.33326422442071e-05,1.1669395028022708e-05,1.1669395028022708e-05,1.1669395028022708e-05,1.1669395028022708e-05,ALL-THE-WAY EXPRESS LIMITED,
sku_customer,sku_customer::1009129|TEC LOGISTICS COMPANY,1009129,교체형,lumpy,1772913.0,tsb,"{'alpha': 0.1, 'beta': 0.2}",0.0013545458269057329,0.006407071825252796,2.0,11,6,-0.5847631037275749,133.24600520621348,0.00019902227191205814,32.577036341723705,130.30814536689482,33.31150130155337,33.31150130155337,33.31150130155337,33.31150130155337,TEC LOGISTICS COMPANY,
sku_customer,sku_customer::1009229|Eternal International (HK) Ltd.,1009229,교체형,intermittent,1750686.0,tsb,"{'alpha': 0.1, 'beta': 0.2}",5.414887811541593e-05,0.00031302535479359514,2.0,11,6,,6.4282825207878265,1.6481061663914712e-06,1.5330850348117504,6.132340139247002,1.6070706301969566,1.6070706301969566,1.6070706301969566,1.6070706301969566,Eternal International (HK) Ltd.,
sku_customer,sku_customer::2015843|EVERBOND ELECTRONICS LIMITED,2015843,교체형,lumpy,1724562.0,tsb,"{'alpha': 0.2, 'beta': 0.05}",0.08397335498421321,0.3566466429190696,0.20399281929860283,11,6,-0.27271956997145425,161197.50247076724,0.1624236434529551,16466.468178428942,65865.87271371577,40299.37561769181,40299.37561769181,40299.37561769181,40299.37561769181,EVERBOND ELECTRONICS LIMITED,
sku_customer,sku_customer::2012591|REALTECH SEMICONDUCTOR TECHNOLOGY,2012591,교체형,lumpy,1707635.0,tsb,"{'alpha': 0.1, 'beta': 0.2}",9.66651431410743e-09,5.7235659652198625e-08,2.0,11,6,,0.0011464864346845273,3.0990171896695563e-10,0.00016462542688057636,0.0006585017075223054,0.0002866216086711318,0.0002866216086711318,0.0002866216086711318,0.0002866216086711318,REALTECH SEMICONDUCTOR TECHNOLOGY,
sku_customer,sku_customer::2018626|SF Supply Chain (Hong Kong) Limited,2018626,교체형,intermittent,1704614.0,sba,{'alpha': 0.05},0.05343381887287866,0.20066617533587375,2.0,11,6,0.01050297196078517,18304.126919276794,0.010564029234841687,2953.7051702181366,11814.820680872546,4576.0317298191985,4576.0317298191985,4576.0317298191985,4576.0317298191985,SF Supply Chain (Hong Kong) Limited,
sku_customer,"sku_customer::1007506|Hosin Global Electronics Co., Ltd",1007506,교체형,lumpy,1701308.0,tsb,"{'alpha': 0.1, 'beta': 0.2}",5.1549055839296136e-11,3.8024818974716026e-10,2.0,11,6,,7.3635361260745735e-06,9.023116954239462e-12,1.2267722363707285e-06,4.907088945482914e-06,1.8408840315186434e-06,1.8408840315186434e-06,1.8408840315186434e-06,1.8408840315186434e-06,"Hosin Global Electronics Co., Ltd",
sku_customer,"sku_customer::1008053|World Pacific Industrial H.K., Ltd.",1008053,교체형,lumpy,1691133.0,tsb,"{'alpha': 0.1, 'beta': 0.2}",2.480862116896447e-10,7.253518250413949e-10,2.0,11,6,,1.2853910380178287e-05,3.3004916458841425e-11,2.9379738731543502e-06,1.1751895492617401e-05,3.2134775950445717e-06,3.2134775950445717e-06,3.2134775950445717e-06,3.2134775950445717e-06,"World Pacific Industrial H.K., Ltd.",
sku_customer,sku_customer::2018626|Eternal International (HK) Ltd.,2018626,교체형,intermittent,1564230.0,tsb,"{'alpha': 0.2, 'beta': 0.05}",0.39252112376337545,1.488844390307371,1.4577385859833303,11,6,0.057487402700086856,79147.80494490382,0.09841912644143147,19037.137200660614,76148.54880264246,19786.951236225956,19786.951236225956,19786.951236225956,19786.951236225956,Eternal International (HK) Ltd.,
sku_customer,"sku_customer::1007368|Hosin Global Electronics Co., Ltd",1007368,교체형,intermittent,1505721.0,tsb,"{'alpha': 0.1, 'beta': 0.2}",2.131811915707031e-09,7.503322220837953e-09,2.0,11,6,,0.00013252728010985587,1.1269479009258369e-10,2.8177295483459272e-05,0.00011270918193383709,3.313182002746397e-05,3.313182002746397e-05,3.313182002746397e-05,3.313182002746397e-05,"Hosin Global Electronics Co., Ltd",
sku_customer,"sku_customer::2016351|World Pacific Industrial H.K., Ltd.",2016351,교체형,intermittent,1501837.0,tsb,"{'alpha': 0.1, 'beta': 0.2}",5.533270252750618e-10,1.4909803823874794e-09,2.0,11,6,,2.6266481986210155e-05,5.433771179560783e-11,6.427400515759705e-06,2.570960206303882e-05,6.566620496552539e-06,6.566620496552539e-06,6.566620496552539e-06,6.566620496552539e-06,"World Pacific Industrial H.K., Ltd.",
sku_customer,"sku_customer::1008094|HONGKONG SHICHUANGYI CO., LIMITED",1008094,교체형,intermittent,1474299.0,tsb,"{'alpha': 0.1, 'beta': 0.2}",0.00024328852019660425,0.001478657923371627,2.0,11,6,,25.571750952639615,6.743745348041413e-06,5.7531325861341704,23.012530344536682,6.392937738159904,6.392937738159904,6.392937738159904,6.392937738159904,"HONGKONG SHICHUANGYI CO., LIMITED",
sku_customer,sku_customer::1008279|PNG HK LTD,1008279,교체형,lumpy,1447838.0,tsb,"{'alpha': 0.1, 'beta': 0.2}",2.0461241286761925e-10,7.595838311598866e-10,2.0,11,6,,1.2900390682208725e-05,5.376840160778167e-11,2.306535132407356e-06,9.226140529629425e-06,3.2250976705521813e-06,3.2250976705521813e-06,3.2250976705521813e-06,3.2250976705521813e-06,PNG HK LTD,
sku_customer,"sku_customer::1008537|G.Skill International Ent. Co., Ltd",1008537,교체형,intermittent,1444462.0,tsb,"{'alpha': 0.1, 'beta': 0.2}",2.7905725422091982e-06,6.788217801365512e-06,2.0,11,6,,0.11501886292570504,2.6592614750438144e-07,0.024469265090360546,0.09787706036144218,0.02875471573142626,0.02875471573142626,0.02875471573142626,0.02875471573142626,"G.Skill International Ent. Co., Ltd",
sku_customer,sku_customer::1007583|GoldKey Technology Corporation,1007583,교체형,lumpy,1429848.0,tsb,"{'alpha': 0.1, 'beta': 0.2}",0.0039581660813011585,0.019642591340555425,2.0,11,6,-0.5847631037275749,329.45479587993907,0.0004835724728525061,63.03063785427226,252.12255141708903,82.36369896998477,82.36369896998477,82.36369896998477,82.36369896998477,GoldKey Technology Corporation,
sku_customer,"sku_customer::2017143|World Pacific Industrial H.K., Ltd.",2017143,교체형,intermittent,1411756.0,tsb,"{'alpha': 0.1, 'beta': 0.2}",2.0753416436550646e-10,7.233372396851794e-10,2.0,11,6,,1.1978643696846711e-05,1.3371849919515233e-11,2.935177183587622e-06,1.1740708734350488e-05,2.994660924211678e-06,2.994660924211678e-06,2.994660924211678e-06,2.994660924211678e-06,"World Pacific Industrial H.K., Ltd.",
sku_customer,sku_customer::1008759|ALL-THE-WAY EXPRESS LIMITED,1008759,교체형,intermittent,1395152.0,tsb,"{'alpha': 0.1, 'beta': 0.2}",2.605838360903663e-06,1.3252045505715252e-05,2.0,11,6,,0.10976230916151991,1.6708702014902903e-07,0.024962206064016716,0.09984882425606686,0.027440577290379978,0.027440577290379978,0.027440577290379978,0.027440577290379978,ALL-THE-WAY EXPRESS LIMITED,
sku_customer,sku_customer::1006395|China Electronics Shenzhen Company,1006395,교체형,intermittent,1335578.0,tsb,"{'alpha': 0.1, 'beta': 0.2}",5.683544099821452e-08,3.276922733390085e-07,2.0,11,6,,0.005133843650795941,1.7507763981046915e-09,0.0012320206510357122,0.004928082604142849,0.0012834609126989853,0.0012834609126989853,0.0012834609126989853,0.0012834609126989853,China Electronics Shenzhen Company,
sku_customer,"sku_customer::2018626|CY STORAGE TECHNOLOGY(HK) CO.,LIMIT",2018626,교체형,intermittent,1319361.0,tsb,"{'alpha': 0.2, 'beta': 0.05}",0.49657609447903694,2.5935092278711687,0.7320248257070886,11,6,-0.13140237591134027,210000.1389467471,0.1297847033305758,42533.32704825495,170133.3081930198,52500.03473668677,52500.03473668677,52500.03473668677,52500.03473668677,"CY STORAGE TECHNOLOGY(HK) CO.,LIMIT",
sku_customer,sku_customer::2017143|Patriot Memory Inc.,2017143,교체형,intermittent,1297469.0,tsb,"{'alpha': 0.1, 'beta': 0.2}",2.8340444880863223e-10,1.0950874754374365e-09,2.0,11,6,,1.6666829110749904e-05,1.670525939962826e-11,4.0572640914486195e-06,1.6229056365794478e-05,4.166707277687476e-06,4.166707277687476e-06,4.166707277687476e-06,4.166707277687476e-06,Patriot Memory Inc.,
sku_customer,sku_customer::1007641|PATRIOT MEMORY INC.,1007641,교체형,lumpy,1288181.0,tsb,"{'alpha': 0.1, 'beta': 0.2}",1.6601262258466659e-09,6.349097282656597e-09,2.0,11,6,,9.332975826306559e-05,2.0617533225660435e-10,1.84348649544048e-05,7.37394598176192e-05,2.3332439565766398e-05,2.3332439565766398e-05,2.3332439565766398e-05,2.3332439565766398e-05,PATRIOT MEMORY INC.,
sku_customer,sku_customer::1007641|GOLDKEY TECHNOLOGY CORPORATION,1007641,교체형,intermittent,1272328.0,tsb,"{'alpha': 0.1, 'beta': 0.2}",3.533176240074743e-06,1.355587266525873e-05,2.0,11,6,,0.20231763788252943,2.6246674143865997e-07,0.05021202301413065,0.2008480920565226,0.05057940947063236,0.05057940947063236,0.05057940947063236,0.05057940947063236,GOLDKEY TECHNOLOGY CORPORATION,
sku_customer,sku_customer::1008279|YHG SUPPLY CHAIN (HONG KONG),1008279,교체형,intermittent,1116590.0,tsb,"{'alpha': 0.1, 'beta': 0.2}",0.0023923466161193336,0.01155598595135342,2.0,11,6,-0.5847631037275748,151.35888494360293,0.00013767515822263386,37.640899032905104,150.56359613162041,37.83972123590073,37.83972123590073,37.83972123590073,37.83972123590073,YHG SUPPLY CHAIN (HONG KONG),
sku_customer,sku_customer::1007368|Patriot Memory Inc.,1007368,교체형,lumpy,1106757.0,tsb,"{'alpha': 0.1, 'beta': 0.2}",1.0345134818775135e-07,7.654765282531262e-07,2.0,11,6,,0.009937824807346361,2.108380211048252e-08,0.000836578276260485,0.00334631310504194,0.0024844562018365903,0.0024844562018365903,0.0024844562018365903,0.0024844562018365903,Patriot Memory Inc.,
sku_customer,sku_customer::1005732|Ringson Limited,1005732,교체형,lumpy,1102273.0,tsb,"{'alpha': 0.1, 'beta': 0.2}",0.0008070126949815918,0.006527193926488227,2.0,11,6,-0.5847631037275749,84.39619481459793,2.128112790589957e-05,16.882439644556637,67.52975857822655,21.099048703649483,21.099048703649483,21.099048703649483,21.099048703649483,Ringson Limited,
sku_customer,sku_customer::1009592|EACHAIN HONGKONG LIMITED,1009592,교체형,lumpy,1100899.0,sba,{'alpha': 0.3},0.052131264566077376,0.43049609258480287,2.0,11,6,0.01184973133267228,25360.948111332007,0.009940357852882704,5157.711789264414,20630.847157057655,6340.237027833002,6340.237027833002,6340.237027833002,6340.237027833002,EACHAIN HONGKONG LIMITED,
sku_customer,sku_customer::1008053|GoldKey Technology Corporation,1008053,교체형,lumpy,1061162.0,sba,{'alpha': 0.05},0.01729547636279356,0.09247258870670921,2.0,11,6,0.013652508966809447,5251.0179091472355,0.018736247155457107,1048.9833403116097,4195.933361246439,1312.7544772868089,1312.7544772868089,1312.7544772868089,1312.7544772868089,GoldKey Technology Corporation,
sku_customer,"sku_customer::1007914|G.Skill International Ent. Co., Ltd",1007914,교체형,lumpy,1055857.0,tsb,"{'alpha': 0.1, 'beta': 0.2}",1.7901400191641463e-06,5.539068100049178e-06,2.0,11,6,,0.06860392895122819,2.698610435953877e-07,0.014629963421840544,0.05851985368736218,0.017150982237807047,0.017150982237807047,0.017150982237807047,0.017150982237807047,"G.Skill International Ent. Co., Ltd",
sku_customer,"sku_customer::1008409|G.Skill International Ent. Co., Ltd",1008409,교체형,lumpy,1050656.0,tsb,"{'alpha': 0.1, 'beta': 0.2}",7.91508981881773e-14,6.978151432076334e-13,2.0,11,6,,4.915468543816134e-09,1.4889843664625972e-15,1.027869255443997e-09,4.111477021775988e-09,1.2288671359540336e-09,1.2288671359540336e-09,1.2288671359540336e-09,1.2288671359540336e-09,"G.Skill International Ent. Co., Ltd",
sku_customer,sku_customer::1009111|TEC LOGISTICS COMPANY,1009111,교체형,lumpy,1038609.0,tsb,"{'alpha': 0.1, 'beta': 0.2}",1.2387088509678743e-05,5.996297360345988e-05,2.0,11,6,,0.7305373479124009,7.561100953798648e-07,0.17105673247003983,0.6842269298801593,0.18263433697810022,0.18263433697810022,0.18263433697810022,0.18263433697810022,TEC LOGISTICS COMPANY,
sku_customer,"sku_customer::2017822|G.Skill International Ent. Co., Ltd",2017822,교체형,lumpy,1038240.0,tsb,"{'alpha': 0.1, 'beta': 0.2}",1.5642022040021713e-06,5.825665318778649e-06,2.0,11,6,,0.07094968444301555,2.4803546690731767e-07,0.01575682357889922,0.06302729431559688,0.01773742111075389,0.01773742111075389,0.01773742111075389,0.01773742111075389,"G.Skill International Ent. Co., Ltd",
sku_customer,"sku_customer::1008924|G.Skill International Ent. Co., Ltd",1008924,교체형,lumpy,1029590.0,tsb,"{'alpha': 0.1, 'beta': 0.2}",0.0003255635488663349,0.0007896237365537309,2.0,11,6,,9.41442371932646,4.4543966321986374e-05,2.1741341401238237,8.696536560495295,2.353605929831615,2.353605929831615,2.353605929831615,2.353605929831615,"G.Skill International Ent. Co., Ltd",
sku_customer,sku_customer::2019229|EVERBOND ELECTRONICS LIMITED,2019229,교체형,lumpy,1026000.0,tsb,"{'alpha': 0.1, 'beta': 0.2}",5.490309076830453e-05,0.00043969929161076027,2.0,11,6,,5.291883894732665,1.2436275368332077e-05,0.8206449390054973,3.282579756021989,1.3229709736831663,1.3229709736831663,1.3229709736831663,1.3229709736831663,EVERBOND ELECTRONICS LIMITED,
sku_customer,"sku_customer::1007490|XINRONGDA CO., Limited",1007490,교체형,lumpy,1017150.0,tsb,"{'alpha': 0.1, 'beta': 0.2}",1.3814796227049114e-14,1.107660306606292e-13,2.0,11,6,,1.321596186177496e-09,3.0211890438089587e-15,2.700939379738357e-10,1.0803757518953428e-09,3.30399046544374e-10,3.30399046544374e-10,3.30399046544374e-10,3.30399046544374e-10,"XINRONGDA CO., Limited",
sku_customer,sku_customer::1007570|Eudar Technology Inc.,1007570,교체형,intermittent,1002523.0,tsb,"{'alpha': 0.1, 'beta': 0.2}",1.467978283954213e-13,6.283747140228547e-13,2.0,11,6,,7.389588010904335e-09,8.36686009476752e-15,1.7473024147031593e-09,6.989209658812637e-09,1.8473970027260839e-09,1.8473970027260839e-09,1.8473970027260839e-09,1.8473970027260839e-09,Eudar Technology Inc.,
sku_customer,sku_customer::1007583|TAIWAN EXPRESS (H.K.) CO. LTD,1007583,교체형,intermittent,1002428.0,tsb,"{'alpha': 0.1, 'beta': 0.2}",1.9044336628282255e-05,0.0001089917212694846,2.0,11,6,,1.2816040779400948,6.397686845906965e-07,0.32038801938535283,1.2815520775414113,0.3204010194850237,0.3204010194850237,0.3204010194850237,0.3204010194850237,TAIWAN EXPRESS (H.K.) CO. LTD,
sku_customer,sku_customer::1009437|Eudar Technology Inc.,1009437,교체형,intermittent,1002221.0,tsb,"{'alpha': 0.1, 'beta': 0.2}",0.0040480183016677,0.02797119668117123,2.0,11,6,-0.5847631037275748,328.8377938386181,0.00010644208559996919,69.21785768402951,276.87143073611804,82.20944845965452,82.20944845965452,82.20944845965452,82.20944845965452,Eudar Technology Inc.,
sku_customer,sku_customer::1008053|TAIWAN EXPRESS (H.K.) CO. LTD,1008053,교체형,intermittent,1001442.0,tsb,"{'alpha': 0.1, 'beta': 0.2}",1.7966580734635423e-05,0.00010282361599991107,2.0,11,6,,1.2078857412253858,6.030481883205006e-07,0.3019657907753038,1.207863163101215,0.30197143530634646,0.30197143530634646,0.30197143530634646,0.30197143530634646,TAIWAN EXPRESS (H.K.) CO. LTD,
sku_customer,sku_customer::1007754|TEC LOGISTICS COMPANY,1007754,교체형,intermittent,1000808.0,sba,{'alpha': 0.05},0.026846057364751597,0.1539415067738372,2.0,11,6,0.013652508966809458,8244.32864274571,0.009600384015360616,1986.1892433697344,7944.756973478938,2061.0821606864274,2061.0821606864274,2061.0821606864274,2061.0821606864274,TEC LOGISTICS COMPANY,
sku_customer,sku_customer::1005732|Eudar Technology Inc.,1005732,교체형,intermittent,999504.0,tsb,"{'alpha': 0.1, 'beta': 0.2}",4.514836973541957e-07,1.8467934957861885e-06,2.0,11,6,,0.021652600009942593,1.922370529938743e-08,0.005080293152328518,0.020321172609314073,0.005413150002485648,0.005413150002485648,0.005413150002485648,0.005413150002485648,Eudar Technology Inc.,
sku_customer,"sku_customer::1007583|Hosin Global Electronics Co., Ltd",1007583,교체형,intermittent,991439.0,tsb,"{'alpha': 0.1, 'beta': 0.2}",0.007429974562434884,0.018639633600664295,2.0,11,6,-0.5847631037275749,216.7756764881205,0.0006471481424277966,51.91244859469159,207.64979437876636,54.193919122030124,54.193919122030124,54.193919122030124,54.193919122030124,"Hosin Global Electronics Co., Ltd",
sku_customer,sku_customer::2018035|Eternal International (HK) Ltd.,2018035,교체형,lumpy,983596.0,tsb,"{'alpha': 0.2, 'beta': 0.05}",0.39558384520638135,1.8749342960050805,1.409697585745157,11,6,0.10270957148977614,70965.44015638418,0.08074417818252551,10161.652834734286,40646.611338937146,17741.360039096046,17741.360039096046,17741.360039096046,17741.360039096046,Eternal International (HK) Ltd.,
sku_customer,sku_customer::1007983|PNG HK LTD,1007983,교체형,lumpy,954703.0,tsb,"{'alpha': 0.1, 'beta': 0.2}",1.3475300368692615e-10,4.458508349746285e-10,2.0,11,6,,4.993040076861674e-06,7.516881064921173e-12,6.06641865840831e-07,2.426567463363324e-06,1.2482600192154186e-06,1.2482600192154186e-06,1.2482600192154186e-06,1.2482600192154186e-06,PNG HK LTD,
sku_customer,sku_customer::1007754|Eternal International (HK) Ltd.,1007754,교체형,lumpy,927785.0,sba,{'alpha': 0.3},0.055483770836042945,0.46553875397507233,2.0,11,6,0.013652508966809569,23112.769116080937,0.010649627263045794,4672.925601703941,18691.702406815763,5778.192279020234,5778.192279020234,5778.192279020234,5778.192279020234,Eternal International (HK) Ltd.,
sku_customer,sku_customer::1008551|GOLDKEY TECHNOLOGY CORPORATION,1008551,교체형,lumpy,920740.0,tsb,"{'alpha': 0.1, 'beta': 0.2}",0.0009677713568288356,0.0033764528622325825,2.0,11,6,-0.5847631037275748,36.46740683848658,0.0001454272086555181,7.151333493647346,28.605333974589385,9.116851709621645,9.116851709621645,9.116851709621645,9.116851709621645,GOLDKEY TECHNOLOGY CORPORATION,
sku_customer,sku_customer::1007368|REALTECH SEMICONDUCTOR TECHNOLOGY,1007368,교체형,intermittent,918461.0,tsb,"{'alpha': 0.1, 'beta': 0.2}",3.1899125234677e-09,1.2115664867659668e-08,2.0,11,6,,0.00012138632527420948,2.644478510006094e-10,2.7892201833802482e-05,0.00011156880733520993,3.034658131855237e-05,3.034658131855237e-05,3.034658131855237e-05,3.034658131855237e-05,REALTECH SEMICONDUCTOR TECHNOLOGY,
sku_customer,sku_customer::2016351|Skyrich View (HK) Limited,2016351,교체형,intermittent,898757.0,tsb,"{'alpha': 0.1, 'beta': 0.2}",9.884789784212e-12,3.243681147770718e-11,2.0,11,6,,3.419696965512046e-07,9.982236685078139e-13,7.893209960247141e-08,3.1572839840988564e-07,8.549242413780115e-08,8.549242413780115e-08,8.549242413780115e-08,8.549242413780115e-08,Skyrich View (HK) Limited,
sku_customer,sku_customer::1008053|Skyrich View (HK) Limited,1008053,교체형,intermittent,885224.0,tsb,"{'alpha': 0.1, 'beta': 0.2}",1.9240046489263532e-11,5.782572009110375e-11,2.0,11,6,,5.79860778686365e-07,1.4628907422719368e-12,1.449497517239861e-07,5.797990068959444e-07,1.4496519467159124e-07,1.4496519467159124e-07,1.4496519467159124e-07,1.4496519467159124e-07,Skyrich View (HK) Limited,
sku_customer,"sku_customer::1007727|World Pacific Industrial H.K., Ltd.",1007727,교체형,lumpy,870826.0,tsb,"{'alpha': 0.1, 'beta': 0.2}",1.2917011290865003e-12,8.604297333677832e-12,2.0,11,6,,8.789293704635147e-08,4.1867600878283595e-14,1.1895596713046073e-08,4.758238685218429e-08,2.1973234261587868e-08,2.1973234261587868e-08,2.1973234261587868e-08,2.1973234261587868e-08,"World Pacific Industrial H.K., Ltd.",
sku_customer,sku_customer::1008433|Patriot Memory Inc.,1008433,교체형,intermittent,864887.0,tsb,"{'alpha': 0.1, 'beta': 0.2}",1.538607245198039e-11,5.718008964739972e-11,2.0,11,6,,5.801113753925563e-07,1.3275989312856557e-12,1.409565093063116e-07,5.638260372252464e-07,1.4502784384813907e-07,1.4502784384813907e-07,1.4502784384813907e-07,1.4502784384813907e-07,Patriot Memory Inc.,
sku_customer,sku_customer::1008168|Skyrich View (HK) Limited,1008168,교체형,intermittent,849984.0,tsb,"{'alpha': 0.1, 'beta': 0.2}",1.6988656620426447e-11,5.302981596576695e-11,2.0,11,6,,5.287349892976256e-07,1.2297565239229357e-12,1.2278233617367653e-07,4.911293446947061e-07,1.321837473244064e-07,1.321837473244064e-07,1.321837473244064e-07,1.321837473244064e-07,Skyrich View (HK) Limited,
sku_customer,sku_customer::1007583|BANG TAI INTERNATIONAL LOGISTICS CO,1007583,교체형,intermittent,841001.0,tsb,"{'alpha': 0.1, 'beta': 0.2}",0.01197514529983059,0.04076864834928275,2.0,11,6,-0.5847631037275748,402.18883077381787,0.0006588670730937278,96.64312441979722,386.57249767918887,100.54720769345447,100.54720769345447,100.54720769345447,100.54720769345447,BANG TAI INTERNATIONAL LOGISTICS CO,
sku_customer,sku_customer::1008095|GoldKey Technology Corporation,1008095,교체형,intermittent,830400.0,tsb,"{'alpha': 0.1, 'beta': 0.2}",5.398666164158778e-08,2.6066521707469066e-07,2.0,11,6,,0.0025390871294515252,1.9220659723148465e-09,0.000603492326753874,0.002413969307015496,0.0006347717823628813,0.0006347717823628813,0.0006347717823628813,0.0006347717823628813,GoldKey Technology Corporation,
sku_customer,sku_customer::1008354|Skyrich View (HK) Limited,1008354,교체형,lumpy,823952.0,tsb,"{'alpha': 0.1, 'beta': 0.2}",1.482852900399795e-11,6.627636477453302e-11,2.0,11,6,,6.245487350826429e-07,1.436355589489005e-12,1.495669882020146e-07,5.982679528080584e-07,1.5613718377066072e-07,1.5613718377066072e-07,1.5613718377066072e-07,1.5613718377066072e-07,Skyrich View (HK) Limited,
sku_customer,sku_customer::1008053|Leadmax Technology International,1008053,교체형,intermittent,810897.0,tsb,"{'alpha': 0.1, 'beta': 0.2}",1.3151637996221923e-07,5.972136544208615e-07,2.0,11,6,,0.0056807097858324294,5.3795465658802e-09,0.0014201374452257529,0.0056805497809030115,0.0014201774464581074,0.0014201774464581074,0.0014201774464581074,0.0014201774464581074,Leadmax Technology International,
sku_customer,"sku_customer::1006758|World Pacific Industrial H.K., Ltd.",1006758,교체형,intermittent,810555.0,tsb,"{'alpha': 0.1, 'beta': 0.2}",8.880281293598985e-14,5.909413802283255e-13,2.0,11,6,,5.618677065931973e-09,6.597333422647629e-15,1.341215189997289e-09,5.364860759989156e-09,1.4046692664829932e-09,1.4046692664829932e-09,1.4046692664829932e-09,1.4046692664829932e-09,"World Pacific Industrial H.K., Ltd.",
sku_customer,"sku_customer::1008434|G.Skill International Ent. Co., Ltd",1008434,교체형,intermittent,808705.0,tsb,"{'alpha': 0.1, 'beta': 0.2}",0.030557428780374686,0.07334668928851319,2.0,11,6,-0.5847631037275749,695.7894255006331,0.003416845948187812,172.24249271105668,688.9699708442267,173.94735637515828,173.94735637515828,173.94735637515828,173.94735637515828,"G.Skill International Ent. Co., Ltd",
sku_customer,"sku_customer::1008551|World Pacific Industrial H.K., Ltd.",1008551,교체형,intermittent,801970.0,tsb,"{'alpha': 0.1, 'beta': 0.2}",2.4997814865888987e-11,9.326405882122363e-11,2.0,11,6,,7.347834036357737e-07,1.7459269100940093e-12,1.7764239635756895e-07,7.105695854302758e-07,1.8369585090894342e-07,1.8369585090894342e-07,1.8369585090894342e-07,1.8369585090894342e-07,"World Pacific Industrial H.K., Ltd.",
sku_customer,sku_customer::1008053|YHG SUPPLY CHAIN (HONG KONG),1008053,교체형,lumpy,800496.0,tsb,"{'alpha': 0.2, 'beta': 0.05}",0.13954988979727984,0.638930458360782,0.545425826803228,11,6,0.14046503269817356,79074.68856081934,0.10705664826369873,17306.25549315665,69225.0219726266,19768.672140204835,19768.672140204835,19768.672140204835,19768.672140204835,YHG SUPPLY CHAIN (HONG KONG),
sku_customer,sku_customer::1008279|Patriot Memory Inc.,1008279,교체형,lumpy,794563.0,tsb,"{'alpha': 0.1, 'beta': 0.2}",0.001471676466320395,0.004108291578373307,2.0,11,6,-0.5847631037275748,38.29100606799861,0.00018017025805915714,7.9966933267566835,31.986773307026734,9.572751516999652,9.572751516999652,9.572751516999652,9.572751516999652,Patriot Memory Inc.,
sku_customer,sku_customer::1008537|PATRIOT MEMORY INC.,1008537,교체형,lumpy,790676.0,tsb,"{'alpha': 0.1, 'beta': 0.2}",1.2240505320380456e-05,4.64539697356977e-05,2.0,11,6,,0.4308524526736877,1.114499967595067e-06,0.08956694954678342,0.35826779818713367,0.10771311316842193,0.10771311316842193,0.10771311316842193,0.10771311316842193,PATRIOT MEMORY INC.,
sku_customer,"sku_customer::2016864|G.Skill International Ent. Co., Ltd",2016864,교체형,lumpy,778921.0,tsb,"{'alpha': 0.1, 'beta': 0.2}",8.851322099082567e-07,2.81067356406484e-06,2.0,11,6,,0.025680945076227386,1.0462849273851793e-07,0.002697844746796582,0.010791378987186328,0.006420236269056846,0.006420236269056846,0.006420236269056846,0.006420236269056846,"G.Skill International Ent. Co., Ltd",
sku_customer,sku_customer::1007570|REALTECH SEMICONDUCTOR TECHNOLOGY,1007570,교체형,intermittent,757632.0,tsb,"{'alpha': 0.1, 'beta': 0.2}",1.015812245525547e-09,3.672999846351455e-09,2.0,11,6,,3.2642724539224173e-05,7.37605383516399e-11,8.160018133043832e-06,3.264007253217533e-05,8.160681134806043e-06,8.160681134806043e-06,8.160681134806043e-06,8.160681134806043e-06,REALTECH SEMICONDUCTOR TECHNOLOGY,
sku_customer,"sku_customer::1009239|Hosin Global Electronics Co., Ltd",1009239,교체형,lumpy,744144.0,tsb,"{'alpha': 0.1, 'beta': 0.2}",2.391383641506434e-06,1.5134847280736432e-05,2.0,11,6,,0.1321119819205993,4.849386087745144e-07,0.017595099701030698,0.07038039880412279,0.03302799548014983,0.03302799548014983,0.03302799548014983,0.03302799548014983,"Hosin Global Electronics Co., Ltd",
sku_customer,sku_customer::1009131|GOLDKEY TECHNOLOGY CORPORATION,1009131,교체형,lumpy,732863.0,sba,{'alpha': 0.3},6.650574715890581,25.364244385073835,1.875132412480995,11,6,0.6071129394431933,32064.264267271956,0.05892064310892087,5147.295926121859,20589.183704487437,8016.066066817989,8016.066066817989,8016.066066817989,8016.066066817989,GOLDKEY TECHNOLOGY CORPORATION,
sku_customer,sku_customer::1008409|Patriot Memory Inc.,1008409,교체형,lumpy,728629.0,tsb,"{'alpha': 0.1, 'beta': 0.2}",1.8390392441759915e-12,8.816451821478905e-12,2.0,11,6,,7.535420138573476e-08,1.808496232906193e-13,1.5272669666261565e-08,6.109067866504626e-08,1.883855034643369e-08,1.883855034643369e-08,1.883855034643369e-08,1.883855034643369e-08,Patriot Memory Inc.,
sku_customer,sku_customer::1008354|Patriot Memory Inc.,1008354,교체형,intermittent,722319.0,tsb,"{'alpha': 0.1, 'beta': 0.2}",2.457194292273723e-11,8.961430754389934e-11,2.0,11,6,,7.593003017267905e-07,1.3275989312856557e-12,1.7393293237395413e-07,6.957317294958165e-07,1.8982507543169762e-07,1.8982507543169762e-07,1.8982507543169762e-07,1.8982507543169762e-07,Patriot Memory Inc.,
sku_customer,sku_customer::1007583|REALTECH SEMICONDUCTOR TECHNOLOGY,1007583,교체형,lumpy,718385.0,tsb,"{'alpha': 0.1, 'beta': 0.2}",9.135697644586169e-06,3.220929382955511e-05,2.0,11,6,,0.2714223705702339,5.987828890917124e-07,0.06491953942690298,0.25967815770761193,0.06785559264255847,0.06785559264255847,0.06785559264255847,0.06785559264255847,REALTECH SEMICONDUCTOR TECHNOLOGY,
sku_customer,sku_customer::1007583|SILICON POWER COMPUTER & COMMUNICAT,1007583,교체형,intermittent,717399.0,sba,{'alpha': 0.1},0.19864298392472057,0.3701160976538747,1.9137791228578453,11,6,-0.18692602392224436,7970.044420011144,0.0395123504856444,1758.7795390478334,7035.118156191334,1992.511105002786,1992.511105002786,1992.511105002786,1992.511105002786,SILICON POWER COMPUTER & COMMUNICAT,
sku_customer,sku_customer::1008432|Patriot Memory Inc.,1008432,교체형,intermittent,713281.0,tsb,"{'alpha': 0.1, 'beta': 0.2}",1.2239358564245298e-10,3.6263489192629777e-10,2.0,11,6,,3.0341526364265677e-06,8.587521536985433e-12,7.162123768669938e-07,2.8648495074679753e-06,7.585381591066419e-07,7.585381591066419e-07,7.585381591066419e-07,7.585381591066419e-07,Patriot Memory Inc.,
sku_customer,"sku_customer::1009431|HONGKONG SHICHUANGYI CO., LIMITED",1009431,교체형,intermittent,704133.0,tsb,"{'alpha': 0.1, 'beta': 0.2}",1.4653318630402906e-05,7.38847654830371e-05,2.0,11,6,,0.6102626323955476,1.1012896080611676e-06,0.15240685213740446,0.6096274085496178,0.1525656580988869,0.1525656580988869,0.1525656580988869,0.1525656580988869,"HONGKONG SHICHUANGYI CO., LIMITED",
sku_customer,"sku_customer::1008095|Hosin Global Electronics Co., Ltd",1008095,교체형,lumpy,701090.0,tsb,"{'alpha': 0.1, 'beta': 0.2}",0.0008334192486506316,0.002692348781177417,2.0,11,6,-0.5847631037275749,22.14176682927578,0.00010815098845154583,4.960070961321031,19.840283845284123,5.535441707318945,5.535441707318945,5.535441707318945,5.535441707318945,"Hosin Global Electronics Co., Ltd",
sku_customer,"sku_customer::1007727|G.Skill International Ent. Co., Ltd",1007727,교체형,intermittent,700795.0,tsb,"{'alpha': 0.1, 'beta': 0.2}",4.874934278614432e-14,3.56044817267295e-13,2.0,11,6,,1.8820200226316443e-09,1.0003161553441744e-15,4.165064791308458e-10,1.6660259165233832e-09,4.705050056579111e-10,4.705050056579111e-10,4.705050056579111e-10,4.705050056579111e-10,"G.Skill International Ent. Co., Ltd",
sku_customer,sku_customer::1007368|Eudar Technology Inc.,1007368,교체형,lumpy,696219.0,tsb,"{'alpha': 0.1, 'beta': 0.2}",2.2201206151671575e-11,7.930429999250824e-11,2.0,11,6,,6.476640444156175e-07,2.4066671862823763e-12,1.4728891281371098e-07,5.891556512548439e-07,1.6191601110390439e-07,1.6191601110390439e-07,1.6191601110390439e-07,1.6191601110390439e-07,Eudar Technology Inc.,
sku_customer,"sku_customer::2016864|World Pacific Industrial H.K., Ltd.",2016864,교체형,intermittent,671769.0,tsb,"{'alpha': 0.1, 'beta': 0.2}",6.453517781644361e-10,1.7799935031057725e-09,2.0,11,6,,1.3889240273843951e-05,5.4866206262623015e-11,3.3206946026896038e-06,1.3282778410758415e-05,3.472310068460988e-06,3.472310068460988e-06,3.472310068460988e-06,3.472310068460988e-06,"World Pacific Industrial H.K., Ltd.",
sku_customer,"sku_customer::2016156|World Pacific Industrial H.K., Ltd.",2016156,교체형,intermittent,669455.0,tsb,"{'alpha': 0.1, 'beta': 0.2}",2.8220985906212043e-13,1.7551817694357188e-12,2.0,11,6,,1.3783219400706972e-08,7.680407521913566e-15,3.0520722915533044e-09,1.2208289166213218e-08,3.445804850176743e-09,3.445804850176743e-09,3.445804850176743e-09,3.445804850176743e-09,"World Pacific Industrial H.K., Ltd.",
sku_customer,sku_customer::1007641|Leadmax Technology International,1007641,교체형,intermittent,665812.0,tsb,"{'alpha': 0.1, 'beta': 0.2}",9.750527199399241e-08,4.7284995308008214e-07,2.0,11,6,,0.00369302416031707,5.423026103832003e-09,0.0009065251151726648,0.0036261004606906594,0.0009232560400792675,0.0009232560400792675,0.0009232560400792675,0.0009232560400792675,Leadmax Technology International,
sku_customer,sku_customer::2014722|GOLDKEY TECHNOLOGY CORPORATION,2014722,교체형,lumpy,662782.0,tsb,"{'alpha': 0.1, 'beta': 0.2}",9.94013227989708e-07,5.0347153186343465e-06,2.0,11,6,,0.03914288253878198,1.1973731973721378e-07,0.008051441559817317,0.03220576623926927,0.009785720634695495,0.009785720634695495,0.009785720634695495,0.009785720634695495,GOLDKEY TECHNOLOGY CORPORATION,
sku_customer,"sku_customer::2017754|World Pacific Industrial H.K., Ltd.",2017754,교체형,intermittent,658825.0,tsb,"{'alpha': 0.1, 'beta': 0.2}",5.768595610935976e-12,3.2691450390233436e-11,2.0,11,6,,2.526454260082089e-07,2.00073015902746e-13,5.9095422254476606e-08,2.3638168901790642e-07,6.316135650205223e-08,6.316135650205223e-08,6.316135650205223e-08,6.316135650205223e-08,"World Pacific Industrial H.K., Ltd.",
sku_customer,"sku_customer::2017754|Hosin Global Electronics Co., Ltd",2017754,교체형,lumpy,656109.0,tsb,"{'alpha': 0.1, 'beta': 0.2}",0.0009345783355584793,0.004102375427289663,2.0,11,6,-0.5847631037275748,31.573198327308706,6.491263444541364e-05,2.0310945907562012,8.124378363024805,7.8932995818271765,7.8932995818271765,7.8932995818271765,7.8932995818271765,"Hosin Global Electronics Co., Ltd",
sku_customer,"sku_customer::1008551|G.Skill International Ent. Co., Ltd",1008551,교체형,intermittent,655859.0,sba,{'alpha': 0.3},0.06915885231907783,0.20865595779382415,2.0,11,6,0.013652508966809593,7323.01740857256,0.046094995945505174,1829.775237973944,7319.100951895776,1830.75435214314,1830.75435214314,1830.75435214314,1830.75435214314,"G.Skill International Ent. Co., Ltd",
sku_customer,sku_customer::1007368|Ringson Limited,1007368,교체형,lumpy,655147.0,tsb,"{'alpha': 0.1, 'beta': 0.2}",6.900614392004724e-12,2.8069067031300134e-11,2.0,11,6,,2.15711805913206e-07,7.962988180835621e-13,4.848344307996622e-08,1.9393377231986488e-07,5.39279514783015e-08,5.39279514783015e-08,5.39279514783015e-08,5.39279514783015e-08,Ringson Limited,
sku_customer,sku_customer::1008924|PATRIOT MEMORY INC.,1008924,교체형,intermittent,654006.0,tsb,"{'alpha': 0.1, 'beta': 0.2}",0.0004237276859501202,0.0011118357211483923,2.0,11,6,-0.5847631037275748,8.529617103199413,4.733980116159122e-05,1.8128990978608515,7.251596391443406,2.1324042757998534,2.1324042757998534,2.1324042757998534,2.1324042757998534,PATRIOT MEMORY INC.,
sku_customer,"sku_customer::1007730|Hosin Global Electronics Co., Ltd",1007730,교체형,lumpy,653370.0,tsb,"{'alpha': 0.1, 'beta': 0.2}",2.87618433927245e-06,1.370412436534036e-05,2.0,11,6,,0.10503103888523917,4.3556867636575e-07,0.02147656591771059,0.08590626367084236,0.02625775972130979,0.02625775972130979,0.02625775972130979,0.02625775972130979,"Hosin Global Electronics Co., Ltd",
sku_customer,sku_customer::1007754|Eudar Technology Inc.,1007754,교체형,lumpy,653334.0,tsb,"{'alpha': 0.1, 'beta': 0.2}",7.224638965543382e-07,3.7809998265088282e-06,2.0,11,6,,0.02897671154999829,8.035201365514523e-08,0.005312560476357529,0.021250241905430116,0.007244177887499572,0.007244177887499572,0.007244177887499572,0.007244177887499572,Eudar Technology Inc.,
sku_customer,"sku_customer::1009440|G.Skill International Ent. Co., Ltd",1009440,교체형,lumpy,649045.0,tsb,"{'alpha': 0.2, 'beta': 0.05}",1.9422685419743608,6.155134110756816,1.7216931692736297,11,6,0.8856493179290245,48937.17221058179,0.13598803247633545,8442.412546213649,33769.650184854596,12234.293052645447,12234.293052645447,12234.293052645447,12234.293052645447,"G.Skill International Ent. Co., Ltd",
sku_customer,sku_customer::1007570|Ringson Limited,1007570,교체형,intermittent,623653.0,tsb,"{'alpha': 0.1, 'beta': 0.2}",0.0005877990293831636,0.002869443467091622,2.0,11,6,-0.5847631037275748,20.991712466830503,2.1267647948800976e-05,4.321439392989044,17.285757571956175,5.247928116707626,5.247928116707626,5.247928116707626,5.247928116707626,Ringson Limited,
sku_customer,"sku_customer::1008053|SC GLOBAL TRANS (HK) CO., LIMITED",1008053,교체형,lumpy,610792.0,tsb,"{'alpha': 0.1, 'beta': 0.2}",2.7269394581451964e-05,0.00021687207760058382,2.0,11,6,,1.5538323552950881,5.577447863883702e-06,0.32271447987302937,1.2908579194921175,0.38845808882377203,0.38845808882377203,0.38845808882377203,0.38845808882377203,"SC GLOBAL TRANS (HK) CO., LIMITED",
sku_customer,sku_customer::2014722|PATRIOT MEMORY INC.,2014722,교체형,intermittent,608066.0,tsb,"{'alpha': 0.1, 'beta': 0.2}",2.3570779446552586e-08,1.348995495786595e-07,2.0,11,6,,0.0009622067528420215,7.871223956444522e-10,0.0002399934610075143,0.0009599738440300572,0.00024055168821050538,0.00024055168821050538,0.00024055168821050538,0.00024055168821050538,PATRIOT MEMORY INC.,
sku_customer,sku_customer::1008095|REALTECH SEMICONDUCTOR TECHNOLOGY,1008095,교체형,intermittent,605050.0,tsb,"{'alpha': 0.1, 'beta': 0.2}",3.1844395581249057e-06,1.091803607687107e-05,2.0,11,6,,0.07748951999366566,2.872526674905714e-07,0.016218591310400644,0.06487436524160257,0.019372379998416414,0.019372379998416414,0.019372379998416414,0.019372379998416414,REALTECH SEMICONDUCTOR TECHNOLOGY,
sku_customer,"sku_customer::1007729|G.Skill International Ent. Co., Ltd",1007729,교체형,lumpy,578225.0,tsb,"{'alpha': 0.1, 'beta': 0.2}",2.1267818203375073e-06,9.972227294233677e-06,2.0,11,6,,0.06763884981040522,3.464306913633205e-07,0.00810540230441328,0.03242160921765312,0.016909712452601304,0.016909712452601304,0.016909712452601304,0.016909712452601304,"G.Skill International Ent. Co., Ltd",
sku_customer,"sku_customer::1007583|AGI TECHNOLOGY CO., LTD.",1007583,교체형,lumpy,555402.0,tsb,"{'alpha': 0.1, 'beta': 0.2}",0.017194830652957693,0.07070590925086566,2.0,11,6,-0.5847631037275746,460.64921052003086,0.0010935768597108467,110.2836266076971,441.1345064307884,115.16230263000772,115.16230263000772,115.16230263000772,115.16230263000772,"AGI TECHNOLOGY CO., LTD.",
sku_customer,"sku_customer::2012591|Hosin Global Electronics Co., Ltd",2012591,교체형,lumpy,551548.0,tsb,"{'alpha': 0.1, 'beta': 0.2}",2.1079351306556533e-07,1.5646653177075977e-06,2.0,11,6,,0.010123063255290526,5.525771591854708e-09,0.0020776600583399104,0.008310640233359642,0.0025307658138226316,0.0025307658138226316,0.0025307658138226316,0.0025307658138226316,"Hosin Global Electronics Co., Ltd",
sku_customer,sku_customer::2017143|Skyrich View (HK) Limited,2017143,교체형,intermittent,548119.0,tsb,"{'alpha': 0.1, 'beta': 0.2}",4.899772240066883e-13,2.1497594008446443e-12,2.0,11,6,,1.3822031993321982e-08,2.158797947057248e-14,3.4555079983304956e-09,1.3822031993321982e-08,3.4555079983304956e-09,3.4555079983304956e-09,3.4555079983304956e-09,3.4555079983304956e-09,Skyrich View (HK) Limited,
sku_customer,sku_customer::2018983|BaDa Group (HongKong) Corporation L,2018983,교체형,intermittent,547918.0,sba,{'alpha': 0.3},0.3070125246806095,1.0034935929965272,0.9790613100744894,11,6,0.4503487555877221,28393.284649700585,0.19058850246452744,5344.495363880422,21377.981455521687,7098.321162425146,7098.321162425146,7098.321162425146,7098.321162425146,BaDa Group (HongKong) Corporation L,
sku_customer,"sku_customer::1007570|Hosin Global Electronics Co., Ltd",1007570,교체형,lumpy,547294.0,tsb,"{'alpha': 0.1, 'beta': 0.2}",1.2434449953970767e-09,9.245267803194848e-09,2.0,11,6,,5.935364065731961e-05,3.259694602503095e-11,1.2175151010391686e-05,4.870060404156674e-05,1.4838410164329902e-05,1.4838410164329902e-05,1.4838410164329902e-05,1.4838410164329902e-05,"Hosin Global Electronics Co., Ltd",
sku_customer,sku_customer::1007506|GOLDKEY TECHNOLOGY CORPORATION,1007506,교체형,lumpy,539316.0,tsb,"{'alpha': 0.1, 'beta': 0.2}",5.593946237137874e-05,0.00042132096917586433,2.0,11,6,,2.665407158006694,1.4670230344160533e-06,0.5445110080624743,2.1780440322498973,0.6663517895016735,0.6663517895016735,0.6663517895016735,0.6663517895016735,GOLDKEY TECHNOLOGY CORPORATION,
sku_customer,"sku_customer::1008095|World Pacific Industrial H.K., Ltd.",1008095,교체형,intermittent,527459.0,tsb,"{'alpha': 0.1, 'beta': 0.2}",2.9279304130734694e-11,1.1758901214311977e-10,2.0,11,6,,6.231674612551996e-07,1.7004220837575596e-12,1.5251092674960537e-07,6.100437069984215e-07,1.557918653137999e-07,1.557918653137999e-07,1.557918653137999e-07,1.557918653137999e-07,"World Pacific Industrial H.K., Ltd.",
sku_customer,"sku_customer::1006218|G.Skill International Ent. Co., Ltd",1006218,교체형,lumpy,518351.0,tsb,"{'alpha': 0.1, 'beta': 0.2}",1.4627462896808255e-09,8.29431136288648e-09,2.0,11,6,,5.0432611288444655e-05,1.2566434646706678e-10,1.0593841313286612e-05,4.237536525314645e-05,1.2608152822111164e-05,1.2608152822111164e-05,1.2608152822111164e-05,1.2608152822111164e-05,"G.Skill International Ent. Co., Ltd",
sku_customer,sku_customer::2016637|EVERBOND ELECTRONICS LIMITED,2016637,교체형,intermittent,513750.0,tsb,"{'alpha': 0.1, 'beta': 0.2}",0.2816818871612989,1.0870442040337023,0.49124491837169204,11,6,-0.3812049515019822,42642.47667291818,0.15809769418650785,10234.183410232466,40936.733640929866,10660.619168229545,10660.619168229545,10660.619168229545,10660.619168229545,EVERBOND ELECTRONICS LIMITED,
sku_customer,"sku_customer::2018626|MING SHUN ELECTRONIC CO.,LIMITED",2018626,교체형,intermittent,509393.0,tsb,"{'alpha': 0.1, 'beta': 0.2}",0.00020415906159236557,0.0012621059246568126,2.0,11,6,,7.541469144055548,1.0994824901511315e-05,1.8396184792881924,7.35847391715277,1.885367286013887,1.885367286013887,1.885367286013887,1.885367286013887,"MING SHUN ELECTRONIC CO.,LIMITED",
sku_customer,sku_customer::1009185|YHG SUPPLY CHAIN (HONG KONG),1009185,교체형,lumpy,491149.0,croston,{'alpha': 0.1},29.00564477631611,178.64841686339756,1.995040599893609,10,6,,3297.2119760479045,0.011976047904191617,718.4675449101798,2873.870179640719,824.3029940119761,824.3029940119761,824.3029940119761,824.3029940119761,YHG SUPPLY CHAIN (HONG KONG),
sku_customer,"sku_customer::2017835|Hosin Global Electronics Co., Ltd",2017835,교체형,lumpy,488411.0,tsb,"{'alpha': 0.1, 'beta': 0.2}",1.6782362443939582e-07,6.20775628621691e-07,2.0,11,6,,0.0028803437799660297,1.8540523786676345e-08,0.0005927367975821537,0.002370947190328615,0.0007200859449915074,0.0007200859449915074,0.0007200859449915074,0.0007200859449915074,"Hosin Global Electronics Co., Ltd",
sku_customer,sku_customer::1008053|SILICON POWER COMPUTER & COMMUNICAT,1008053,교체형,intermittent,480349.0,tsb,"{'alpha': 0.2, 'beta': 0.05}",0.2344626888086813,0.5954249905862369,0.8460928158570344,11,6,-0.03753230964874991,16200.742586606139,0.12440591284728987,4040.99291973284,16163.97167893136,4050.1856466515346,4050.1856466515346,4050.1856466515346,4050.1856466515346,SILICON POWER COMPUTER & COMMUNICAT,
sku_customer,sku_customer::1008759|REALTECH SEMICONDUCTOR TECHNOLOGY,1008759,교체형,intermittent,475598.0,tsb,"{'alpha': 0.1, 'beta': 0.2}",1.1215323784457004e-07,7.776724465835531e-07,2.0,11,6,,0.004338543057440395,1.0074584057306931e-08,0.001019081251865927,0.004076325007463708,0.0010846357643600987,0.0010846357643600987,0.0010846357643600987,0.0010846357643600987,REALTECH SEMICONDUCTOR TECHNOLOGY,
sku_customer,"sku_customer::1008924|Hosin Global Electronics Co., Ltd",1008924,교체형,intermittent,468760.0,tsb,"{'alpha': 0.1, 'beta': 0.2}",3.740785658100616e-06,1.1681424647880499e-05,2.0,11,6,,0.0633857628915114,4.880602595889765e-07,0.013707161340244972,0.05482864536097989,0.01584644072287785,0.01584644072287785,0.01584644072287785,0.01584644072287785,"Hosin Global Electronics Co., Ltd",
sku_customer,"sku_customer::1008432|G.Skill International Ent. Co., Ltd",1008432,교체형,intermittent,468421.0,tsb,"{'alpha': 0.1, 'beta': 0.2}",2.2303333820588976e-10,8.964207319175644e-10,2.0,11,6,,4.9255579090244e-06,1.0531571891108548e-11,1.2248735937270712e-06,4.899494374908285e-06,1.2313894772561e-06,1.2313894772561e-06,1.2313894772561e-06,1.2313894772561e-06,"G.Skill International Ent. Co., Ltd",
sku_customer,"sku_customer::2014723|G.Skill International Ent. Co., Ltd",2014723,교체형,intermittent,466202.0,tsb,"{'alpha': 0.1, 'beta': 0.2}",3.92569543717342e-06,1.157712821456474e-05,2.0,11,6,,0.05555507037739145,3.2605348686538326e-07,0.013402266217404073,0.053609064869616294,0.013888767594347862,0.013888767594347862,0.013888767594347862,0.013888767594347862,"G.Skill International Ent. Co., Ltd",
sku_customer,"sku_customer::1008354|World Pacific Industrial H.K., Ltd.",1008354,교체형,lumpy,462428.0,tsb,"{'alpha': 0.1, 'beta': 0.2}",4.875969490827953e-11,3.589719235215254e-10,2.0,11,6,,1.861633011472646e-06,1.56204135795373e-12,2.0544754802521125e-07,8.21790192100845e-07,4.654082528681615e-07,4.654082528681615e-07,4.654082528681615e-07,4.654082528681615e-07,"World Pacific Industrial H.K., Ltd.",
sku_customer,"sku_customer::2016048|G.Skill International Ent. Co., Ltd",2016048,교체형,lumpy,461720.0,tsb,"{'alpha': 0.1, 'beta': 0.2}",7.3807809035571186e-06,3.430987449811836e-05,2.0,11,6,,0.18582536598262597,5.620170813134056e-07,0.04477532682399217,0.17910130729596868,0.04645634149565649,0.04645634149565649,0.04645634149565649,0.04645634149565649,"G.Skill International Ent. Co., Ltd",
sku_customer,sku_customer::1007506|Skyrich View (HK) Limited,1007506,교체형,intermittent,460578.0,tsb,"{'alpha': 0.1, 'beta': 0.2}",3.697347435428843e-11,1.8184239454257686e-10,2.0,11,6,,9.070864652641582e-07,1.3477920727487507e-12,1.9736909421660196e-07,7.894763768664079e-07,2.2677161631603956e-07,2.2677161631603956e-07,2.2677161631603956e-07,2.2677161631603956e-07,Skyrich View (HK) Limited,
sku_customer,sku_customer::1007583|REALTECH SEMICONDUCTOR TECHNOLOGY L,1007583,교체형,intermittent,460065.0,tsb,"{'alpha': 0.1, 'beta': 0.2}",0.01259768885629093,0.04839324325586919,2.0,11,6,-0.5847631037275748,261.162672656428,0.0007111256832875743,61.777778401234706,247.11111360493882,65.290668164107,65.290668164107,65.290668164107,65.290668164107,REALTECH SEMICONDUCTOR TECHNOLOGY L,
sku_customer,sku_customer::1008924|GOLDKEY TECHNOLOGY CORPORATION,1008924,교체형,intermittent,458947.0,tsb,"{'alpha': 0.1, 'beta': 0.2}",0.0005419077905547116,0.0017993172503728335,2.0,11,6,-0.5847631037275748,9.686735902270186,3.7804864727822793e-05,2.3976397035520045,9.590558814208018,2.4216839755675466,2.4216839755675466,2.4216839755675466,2.4216839755675466,GOLDKEY TECHNOLOGY CORPORATION,
sku_customer,sku_customer::2016048|GoldKey Technology Corporation,2016048,교체형,intermittent,453744.0,tsb,"{'alpha': 0.1, 'beta': 0.2}",5.259032955458544e-08,2.7913786623013e-07,2.0,11,6,,0.0014857195223084404,4.735671355255791e-09,0.00035514318696433945,0.0014205727478573578,0.0003714298805771101,0.0003714298805771101,0.0003714298805771101,0.0003714298805771101,GoldKey Technology Corporation,
sku_customer,sku_customer::2012591|Leadmax Technology International,2012591,교체형,intermittent,452723.0,tsb,"{'alpha': 0.1, 'beta': 0.2}",9.213635489539622e-08,5.572059428042984e-07,2.0,11,6,,0.002959071634506304,4.496689389933471e-09,0.0007258624362909335,0.002903449745163734,0.000739767908626576,0.000739767908626576,0.000739767908626576,0.000739767908626576,Leadmax Technology International,
sku_customer,sku_customer::1007641|REALTECH SEMICONDUCTOR TECHNOLOGY,1007641,교체형,intermittent,452266.0,tsb,"{'alpha': 0.1, 'beta': 0.2}",3.867694823796718e-09,1.737588882319999e-08,2.0,11,6,,9.218242942071935e-05,3.0990171896695563e-10,2.1180079581445695e-05,8.472031832578278e-05,2.304560735517984e-05,2.304560735517984e-05,2.304560735517984e-05,2.304560735517984e-05,REALTECH SEMICONDUCTOR TECHNOLOGY,
sku_customer,sku_customer::1009440|GOLDKEY TECHNOLOGY CORPORATION,1009440,교체형,lumpy,449290.0,tsb,"{'alpha': 0.2, 'beta': 0.05}",47.62572933816053,278.8280725643911,1.9053268591206631,11,6,0.42278079711427585,37585.674093523485,0.14105443387686795,9396.400468413334,37585.60187365334,9396.418523380871,9396.418523380871,9396.418523380871,9396.418523380871,GOLDKEY TECHNOLOGY CORPORATION,
sku_customer,sku_customer::1008279|Ringson Limited,1008279,교체형,lumpy,447300.0,tsb,"{'alpha': 0.1, 'beta': 0.2}",0.0009616594265713273,0.002307806766072516,2.0,11,6,-0.5847631037275747,12.108923091744467,0.00011361783442038854,2.828533723767766,11.314134895071064,3.0272307729361168,3.0272307729361168,3.0272307729361168,3.0272307729361168,Ringson Limited,
sku_customer,sku_customer::1007730|Skyrich View (HK) Limited,1007730,교체형,intermittent,445859.0,tsb,"{'alpha': 0.1, 'beta': 0.2}",4.267090071716754e-11,1.9012997556120866e-10,2.0,11,6,,9.209438609213837e-07,1.6729062746252303e-12,1.805044288825937e-07,7.220177155303748e-07,2.3023596523034593e-07,2.3023596523034593e-07,2.3023596523034593e-07,2.3023596523034593e-07,Skyrich View (HK) Limited,
sku_customer,sku_customer::1008981|BANG TAI INTERNATIONAL LOGISTICS CO,1008981,교체형,intermittent,441239.0,sba,{'alpha': 0.05},0.015825730705393583,0.06703874852034725,2.0,11,6,-0.9803497714228042,1551.8435932653392,0.012386266974217679,387.9608983163348,1551.8435932653392,387.9608983163348,387.9608983163348,387.9608983163348,387.9608983163348,BANG TAI INTERNATIONAL LOGISTICS CO,
sku_customer,"sku_customer::1007583|SC GLOBAL TRANS (HK) CO., LIMITED",1007583,교체형,lumpy,440626.0,tsb,"{'alpha': 0.1, 'beta': 0.2}",4.472129780146874e-05,0.0003303098681270683,2.0,11,6,,1.707256791134801,5.577447863883702e-06,0.3867156941110948,1.5468627764443792,0.4268141977837003,0.4268141977837003,0.4268141977837003,0.4268141977837003,"SC GLOBAL TRANS (HK) CO., LIMITED",
sku_customer,"sku_customer::1008409|World Pacific Industrial H.K., Ltd.",1008409,교체형,lumpy,430524.0,tsb,"{'alpha': 0.1, 'beta': 0.2}",1.0571669574424921e-11,5.6096306881023904e-11,2.0,11,6,,2.832949398401299e-07,3.7249613283481693e-13,2.8052314039028462e-08,1.1220925615611385e-07,7.082373496003248e-08,7.082373496003248e-08,7.082373496003248e-08,7.082373496003248e-08,"World Pacific Industrial H.K., Ltd.",
sku_customer,sku_customer::1007641|Skyrich View (HK) Limited,1007641,교체형,lumpy,422055.0,tsb,"{'alpha': 0.1, 'beta': 0.2}",3.461397163853884e-11,1.716760767820506e-10,2.0,11,6,,8.19219044473796e-07,1.3482196329255552e-12,1.6991815019012267e-07,6.796726007604907e-07,2.04804761118449e-07,2.04804761118449e-07,2.04804761118449e-07,2.04804761118449e-07,Skyrich View (HK) Limited,
sku_customer,sku_customer::1008815|BANG TAI INTERNATIONAL LOGISTICS CO,1008815,교체형,lumpy,420035.0,tsb,"{'alpha': 0.1, 'beta': 0.1}",1.7470558594680152,7.131946020502505,1.734749873063059,11,6,-0.45784854597381963,73417.26111002956,0.18093297745570244,16888.621374785245,67554.48549914098,18354.31527750739,18354.31527750739,18354.31527750739,18354.31527750739,BANG TAI INTERNATIONAL LOGISTICS CO,
sku_customer,"sku_customer::1008433|G.Skill International Ent. Co., Ltd",1008433,교체형,lumpy,411341.0,tsb,"{'alpha': 0.1, 'beta': 0.2}",4.292237286982628e-11,2.309834289570633e-10,2.0,11,6,,1.1145254862143434e-06,1.4167929236709828e-12,1.8514945809566592e-07,7.405978323826637e-07,2.7863137155358585e-07,2.7863137155358585e-07,2.7863137155358585e-07,2.7863137155358585e-07,"G.Skill International Ent. Co., Ltd",
sku_customer,sku_customer::1009217|ALL-THE-WAY EXPRESS LIMITED,1009217,교체형,lumpy,406521.0,tsb,"{'alpha': 0.1, 'beta': 0.2}",58727.61155926037,35503.845869731354,1.9593670710862299,10,6,,36449.43400960001,0.16793600000000003,7861.238661120001,31444.954644480003,9112.358502400002,9112.358502400002,9112.358502400002,9112.358502400002,ALL-THE-WAY EXPRESS LIMITED,
sku_customer,"sku_customer::2014724|G.Skill International Ent. Co., Ltd",2014724,교체형,intermittent,385626.0,tsb,"{'alpha': 0.1, 'beta': 0.2}",7.0473950602816486e-06,2.0665102281386292e-05,2.0,11,6,,0.09347835196302282,4.958186435312375e-07,0.021325184349674762,0.08530073739869905,0.023369587990755704,0.023369587990755704,0.023369587990755704,0.023369587990755704,"G.Skill International Ent. Co., Ltd",
sku_customer,sku_customer::1008053|REALTECH SEMICONDUCTOR TECHNOLOGY,1008053,교체형,intermittent,384143.0,tsb,"{'alpha': 0.1, 'beta': 0.2}",8.644423619089867e-06,2.6807429184660012e-05,2.0,11,6,,0.12079675601559343,8.050252033727448e-07,0.025326410089092893,0.10130564035637157,0.03019918900389836,0.03019918900389836,0.03019918900389836,0.03019918900389836,REALTECH SEMICONDUCTOR TECHNOLOGY,
sku_customer,sku_customer::1009303|YHG SUPPLY CHAIN (HONG KONG),1009303,교체형,lumpy,383712.0,tsb,"{'alpha': 0.2, 'beta': 0.05}",15.766993306378167,96.67870563527003,1.9863437274199727,11,6,0.003756779149923492,18849.81691604895,0.04864840492602518,4096.316342815538,16385.26537126215,4712.454229012237,4712.454229012237,4712.454229012237,4712.454229012237,YHG SUPPLY CHAIN (HONG KONG),
sku_customer,"sku_customer::1008053|AGI TECHNOLOGY CO., LTD.",1008053,교체형,intermittent,381843.0,sba,{'alpha': 0.05},0.025319571967905168,0.10503003241643645,2.0,11,6,0.013652508966809687,2146.086029056286,0.013771820405787207,469.9679801188193,1879.8719204752772,536.5215072640715,536.5215072640715,536.5215072640715,536.5215072640715,"AGI TECHNOLOGY CO., LTD.",
sku_customer,"sku_customer::1008986|G.Skill International Ent. Co., Ltd",1008986,교체형,intermittent,372264.0,tsb,"{'alpha': 0.1, 'beta': 0.2}",2.7980138721601376e-06,8.414279535975577e-06,2.0,11,6,,0.03674304594288137,3.462385364825567e-07,0.007860717481261551,0.031442869925046205,0.009185761485720343,0.009185761485720343,0.009185761485720343,0.009185761485720343,"G.Skill International Ent. Co., Ltd",
sku_customer,sku_customer::2016119|GOLDKEY TECHNOLOGY CORPORATION,2016119,교체형,intermittent,369374.0,tsb,"{'alpha': 0.1, 'beta': 0.2}",1.6207787713556947e-06,9.41028276838153e-06,2.0,11,6,,0.029927456486846034,7.082251615436322e-08,0.007312119547893377,0.02924847819157351,0.0074818641217115085,0.0074818641217115085,0.0074818641217115085,0.0074818641217115085,GOLDKEY TECHNOLOGY CORPORATION,
sku_customer,sku_customer::1004987|MF WAREHOUSING & LOGISTICS,1004987,교체형,intermittent,368482.0,tsb,"{'alpha': 0.1, 'beta': 0.2}",3.802186185012679e-05,0.00022021362954509195,2.0,11,6,,0.9518481128369158,1.4749816106718247e-06,0.23627252527310103,0.9450901010924041,0.23796202820922896,0.23796202820922896,0.23796202820922896,0.23796202820922896,MF WAREHOUSING & LOGISTICS,
sku_customer,"sku_customer::2016048|Hosin Global Electronics Co., Ltd",2016048,교체형,intermittent,361605.0,tsb,"{'alpha': 0.1, 'beta': 0.2}",3.8613876556459874e-08,2.2351280534786188e-07,2.0,11,6,,0.0009480778861543273,1.1691703348070007e-09,0.00022548572310274425,0.000901942892410977,0.00023701947153858182,0.00023701947153858182,0.00023701947153858182,0.00023701947153858182,"Hosin Global Electronics Co., Ltd",
sku_customer,"sku_customer::2015843|Hotop Technologies, Inc.",2015843,교체형,intermittent,358611.0,tsb,"{'alpha': 0.1, 'beta': 0.1}",0.8877470493068285,4.040999053329782,1.7016589176511225,11,6,-0.2074802133294338,22548.59019839225,0.08228412578883207,5634.299366868009,22537.197467472037,5637.147549598062,5637.147549598062,5637.147549598062,5637.147549598062,"Hotop Technologies, Inc.",
sku_customer,sku_customer::1008053|PATRIOT MEMORY INC.,1008053,교체형,intermittent,354285.0,tsb,"{'alpha': 0.1, 'beta': 0.2}",1.591768235994556e-05,0.00011087625219237031,2.0,11,6,,0.46078515937715064,1.4615016378262972e-06,0.10801140164256978,0.43204560657027913,0.11519628984428766,0.11519628984428766,0.11519628984428766,0.11519628984428766,PATRIOT MEMORY INC.,
sku_customer,sku_customer::2014723|PATRIOT MEMORY INC.,2014723,교체형,intermittent,352047.0,tsb,"{'alpha': 0.1, 'beta': 0.2}",6.00022576955351e-07,1.7074538836312327e-06,2.0,11,6,,0.007051098975807696,6.243092921835569e-08,0.00175254950658433,0.00701019802633732,0.001762774743951924,0.001762774743951924,0.001762774743951924,0.001762774743951924,PATRIOT MEMORY INC.,
sku_customer,sku_customer::1008537|Skyrich View (HK) Limited,1008537,교체형,intermittent,350867.0,tsb,"{'alpha': 0.1, 'beta': 0.2}",2.0779833873660446e-11,8.855405346771015e-11,2.0,11,6,,3.126847126866802e-07,1.3532207268292594e-12,7.813005216991682e-08,3.125202086796673e-07,7.817117817167005e-08,7.817117817167005e-08,7.817117817167005e-08,7.817117817167005e-08,Skyrich View (HK) Limited,
sku_customer,sku_customer::1007727|Patriot Memory Inc.,1007727,교체형,intermittent,350561.0,tsb,"{'alpha': 0.1, 'beta': 0.2}",4.3282564541376305e-14,2.695315325273912e-13,2.0,11,6,,1.1083587651070192e-09,1.1769809942004868e-15,2.4523514792149646e-10,9.809405916859859e-10,2.770896912767548e-10,2.770896912767548e-10,2.770896912767548e-10,2.770896912767548e-10,Patriot Memory Inc.,
sku_customer,"sku_customer::2015843|Hosin Global Electronics Co., Ltd",2015843,교체형,intermittent,350496.0,tsb,"{'alpha': 0.1, 'beta': 0.2}",0.0010953667455218762,0.0052217905809948525,2.0,11,6,-0.5847631037275749,21.468895244195526,3.815028389429195e-05,4.74889255535379,18.99557022141516,5.3672238110488815,5.3672238110488815,5.3672238110488815,5.3672238110488815,"Hosin Global Electronics Co., Ltd",
sku_customer,sku_customer::1008095|BANG TAI INTERNATIONAL LOGISTICS CO,1008095,교체형,intermittent,350381.0,sba,{'alpha': 0.05},0.05022111801771073,0.20578366228845932,2.0,11,6,0.013652508966809458,3858.337678998938,0.010621063360949206,962.5061221309438,3850.0244885237753,964.5844197497345,964.5844197497345,964.5844197497345,964.5844197497345,BANG TAI INTERNATIONAL LOGISTICS CO,
sku_customer,sku_customer::1006937|Skyrich View (HK) Limited,1006937,교체형,intermittent,350089.0,tsb,"{'alpha': 0.1, 'beta': 0.2}",7.894262548850902e-14,4.563607857534232e-13,2.0,11,6,,1.874105196131191e-09,3.0211890438089587e-15,4.6551048770548674e-10,1.862041950821947e-09,4.685262990327978e-10,4.685262990327978e-10,4.685262990327978e-10,4.685262990327978e-10,Skyrich View (HK) Limited,
sku_customer,"sku_customer::1007870|World Pacific Industrial H.K., Ltd.",1007870,교체형,intermittent,349609.0,tsb,"{'alpha': 0.1, 'beta': 0.2}",2.613910224029761e-11,1.6295896151275475e-10,2.0,11,6,,6.682947246398831e-07,7.102865833318274e-13,1.4776310561319673e-07,5.910524224527869e-07,1.6707368115997079e-07,1.6707368115997079e-07,1.6707368115997079e-07,1.6707368115997079e-07,"World Pacific Industrial H.K., Ltd.",
sku_customer,sku_customer::2018964|EVERBOND ELECTRONICS LIMITED,2018964,교체형,lumpy,348437.0,tsb,"{'alpha': 0.1, 'beta': 0.2}",0.00018802602837519091,0.0009820477023340503,2.0,11,6,,4.013876724022818,3.5265858565987973e-05,0.6117260332369785,2.446904132947914,1.0034691810057046,1.0034691810057046,1.0034691810057046,1.0034691810057046,EVERBOND ELECTRONICS LIMITED,
sku_customer,sku_customer::1007914|PATRIOT MEMORY INC.,1007914,교체형,lumpy,346918.0,tsb,"{'alpha': 0.1, 'beta': 0.2}",1.1064850684668137e-05,3.537001621422341e-05,2.0,11,6,,0.14393594824936612,1.0833105748769536e-06,0.029914639902020507,0.11965855960808203,0.03598398706234153,0.03598398706234153,0.03598398706234153,0.03598398706234153,PATRIOT MEMORY INC.,
sku_customer,"sku_customer::2017780|Hosin Global Electronics Co., Ltd",2017780,교체형,lumpy,344432.0,tsb,"{'alpha': 0.1, 'beta': 0.2}",0.0010740015950572988,0.004868893510565581,2.0,11,6,-0.5847631037275749,19.671657296603904,7.672386311083303e-05,4.851109864163238,19.404439456652952,4.917914324150976,4.917914324150976,4.917914324150976,4.917914324150976,"Hosin Global Electronics Co., Ltd",
sku_customer,sku_customer::1008923|PATRIOT MEMORY INC.,1008923,교체형,lumpy,339437.0,tsb,"{'alpha': 0.1, 'beta': 0.2}",1.7544517847093654e-09,9.260851725880983e-09,2.0,11,6,,3.1321128360749886e-05,1.469808376983015e-10,7.486064726765066e-06,2.9944258907060264e-05,7.830282090187472e-06,7.830282090187472e-06,7.830282090187472e-06,7.830282090187472e-06,PATRIOT MEMORY INC.,
sku_customer,"sku_customer::1008433|World Pacific Industrial H.K., Ltd.",1008433,교체형,intermittent,338500.0,tsb,"{'alpha': 0.1, 'beta': 0.2}",2.3670230066819266e-11,9.551214349233806e-11,2.0,11,6,,3.7924900063796566e-07,1.1140660407174697e-12,9.471453177292348e-08,3.7885812709169394e-07,9.481225015949142e-08,9.481225015949142e-08,9.481225015949142e-08,9.481225015949142e-08,"World Pacific Industrial H.K., Ltd.",
sku_customer,sku_customer::1008760|ALL-THE-WAY EXPRESS LIMITED,1008760,교체형,intermittent,337539.0,tsb,"{'alpha': 0.1, 'beta': 0.2}",6.474338379970014e-06,3.9944681246922754e-05,2.0,11,6,,0.15815761224707076,3.4563291431135654e-07,0.03859975850826255,0.1543990340330502,0.03953940306176769,0.03953940306176769,0.03953940306176769,0.03953940306176769,ALL-THE-WAY EXPRESS LIMITED,
sku_customer,"sku_customer::1008815|G.Skill International Ent. Co., Ltd",1008815,교체형,intermittent,330121.0,sba,{'alpha': 0.05},0.028351302832454937,0.12626383424216145,2.0,11,6,0.013652508966809522,2230.4932828819574,0.010169939692257627,557.6167763642975,2230.46710545719,557.6233207204893,557.6233207204893,557.6233207204893,557.6233207204893,"G.Skill International Ent. Co., Ltd",
sku_customer,sku_customer::2017140|PATRIOT MEMORY INC.,2017140,교체형,intermittent,323245.0,tsb,"{'alpha': 0.1, 'beta': 0.2}",5.306086283440877e-09,2.971593398884221e-08,2.0,11,6,,0.00011267521130171778,7.871546886297686e-10,2.812758740593279e-05,0.00011251034962373116,2.8168802825429446e-05,2.8168802825429446e-05,2.8168802825429446e-05,2.8168802825429446e-05,PATRIOT MEMORY INC.,
sku_customer,sku_customer::1009592|Ringson Limited,1009592,교체형,intermittent,323003.0,sba,{'alpha': 0.3},0.11353999457732487,0.5297951712721592,1.5531059639126266,11,6,-0.8504023635178392,5023.75343771273,0.01944957697170087,1244.8200816882236,4979.280326752894,1255.9383594281826,1255.9383594281826,1255.9383594281826,1255.9383594281826,Ringson Limited,
sku_customer,sku_customer::1008353|Patriot Memory Inc.,1008353,교체형,lumpy,309853.0,tsb,"{'alpha': 0.1, 'beta': 0.2}",0.02043852289042439,0.0928281296547336,2.0,11,6,-0.5847631037275748,337.3979860230332,0.0007555786372664272,45.11463768799034,180.45855075196135,84.3494965057583,84.3494965057583,84.3494965057583,84.3494965057583,Patriot Memory Inc.,
sku_customer,sku_customer::2014724|REALTECH SEMICONDUCTOR TECHNOLOGY,2014724,교체형,intermittent,307784.0,tsb,"{'alpha': 0.1, 'beta': 0.2}",2.1733988609712257e-09,1.1413309086310105e-08,2.0,11,6,,4.120641181334784e-05,6.706810743873978e-11,8.39930944464266e-06,3.359723777857064e-05,1.030160295333696e-05,1.030160295333696e-05,1.030160295333696e-05,1.030160295333696e-05,REALTECH SEMICONDUCTOR TECHNOLOGY,
sku_customer,"sku_customer::1009439|G.Skill International Ent. Co., Ltd",1009439,교체형,lumpy,306222.0,sba,{'alpha': 0.3},26.96921841918078,83.08952200981659,1.966044183879004,11,6,-0.4966402678605048,5811.94383480307,0.021991071624920287,1452.93212455743,5811.72849822972,1452.9859587007675,1452.9859587007675,1452.9859587007675,1452.9859587007675,"G.Skill International Ent. Co., Ltd",
sku_customer,"sku_customer::1007795|G.Skill International Ent. Co., Ltd",1007795,교체형,lumpy,303461.0,tsb,"{'alpha': 0.1, 'beta': 0.2}",5.824700558616026e-07,2.825495662430853e-06,2.0,11,6,,0.0100578397067889,8.047476594999036e-08,0.002214130031566244,0.008856520126264976,0.002514459926697225,0.002514459926697225,0.002514459926697225,0.002514459926697225,"G.Skill International Ent. Co., Ltd",
sku_customer,"sku_customer::1007641|Hosin Global Electronics Co., Ltd",1007641,교체형,intermittent,302529.0,tsb,"{'alpha': 0.1, 'beta': 0.2}",4.7324886818339665e-08,2.0177622119599175e-07,2.0,11,6,,0.0007160513644769054,2.9827962341820676e-09,0.00017895056033385658,0.0007158022413354263,0.00017901284111922634,0.00017901284111922634,0.00017901284111922634,0.00017901284111922634,"Hosin Global Electronics Co., Ltd",
sku_customer,"sku_customer::1006395|HONGKONG SHICHUANGYI CO., LIMITED",1006395,교체형,intermittent,300467.0,tsb,"{'alpha': 0.1, 'beta': 0.2}",3.627112797669482e-08,2.1883043918178654e-07,2.0,11,6,,0.0007712793310048891,1.7507763981046915e-09,0.00018930956108855035,0.0007572382443542014,0.00019281983275122228,0.00019281983275122228,0.00019281983275122228,0.00019281983275122228,"HONGKONG SHICHUANGYI CO., LIMITED",
sku_customer,"sku_customer::1009592|PATRIOT?MEMORY?CO.,?LIMITED",1009592,교체형,intermittent,300072.0,tsb,"{'alpha': 0.1, 'beta': 0.2}",2.5377542750208777,18.29969083255877,1.6578176493818777,11,6,-0.9998238586516541,30589.279081699737,0.069608669184,7507.49544446165,30029.9817778466,7647.319770424934,7647.319770424934,7647.319770424934,7647.319770424934,"PATRIOT?MEMORY?CO.,?LIMITED",
sku_customer,sku_customer::1006360|PNG HK LTD,1006360,교체형,intermittent,297221.0,tsb,"{'alpha': 0.1, 'beta': 0.2}",6.957305864288428e-10,1.7266635072161921e-09,2.0,11,6,,6.019970759127098e-06,5.347421440476809e-11,1.1406842998451132e-06,4.562737199380453e-06,1.5049926897817744e-06,1.5049926897817744e-06,1.5049926897817744e-06,1.5049926897817744e-06,PNG HK LTD,
sku_customer,sku_customer::1007727|REALTECH SEMICONDUCTOR TECHNOLOGY,1007727,교체형,intermittent,295133.0,tsb,"{'alpha': 0.1, 'beta': 0.2}",3.537536886570128e-09,1.900751133590497e-08,2.0,11,6,,6.580368442659795e-05,2.6916099944026625e-10,1.5356254088365904e-05,6.142501635346362e-05,1.6450921106649488e-05,1.6450921106649488e-05,1.6450921106649488e-05,1.6450921106649488e-05,REALTECH SEMICONDUCTOR TECHNOLOGY,
sku_customer,sku_customer::2016908|Skyrich View (HK) Limited,2016908,교체형,lumpy,293072.0,tsb,"{'alpha': 0.1, 'beta': 0.2}",9.003111308727099e-12,4.927939023213782e-11,2.0,11,6,,1.6941303928648784e-07,2.9350289030017506e-13,2.597361822730132e-08,1.0389447290920528e-07,4.235325982162196e-08,4.235325982162196e-08,4.235325982162196e-08,4.235325982162196e-08,Skyrich View (HK) Limited,
sku_customer,sku_customer::2018627|Eternal International (HK) Ltd.,2018627,교체형,intermittent,290025.0,tsb,"{'alpha': 0.1, 'beta': 0.2}",0.0017607672995184481,0.008470671757070529,2.0,11,6,-0.5847631037275749,28.817776497471712,8.97394778960146e-05,7.066499829567378,28.26599931826951,7.204444124367928,7.204444124367928,7.204444124367928,7.204444124367928,Eternal International (HK) Ltd.,
sku_customer,"sku_customer::1008432|World Pacific Industrial H.K., Ltd.",1008432,교체형,intermittent,288448.0,tsb,"{'alpha': 0.1, 'beta': 0.2}",2.7346405580569447e-10,9.621526798947725e-10,2.0,11,6,,3.2555075454575275e-06,1.6246932613468428e-11,7.71539654544249e-07,3.086158618176996e-06,8.138768863643819e-07,8.138768863643819e-07,8.138768863643819e-07,8.138768863643819e-07,"World Pacific Industrial H.K., Ltd.",
sku_customer,sku_customer::2016351|PATRIOT MEMORY INC.,2016351,교체형,intermittent,281335.0,tsb,"{'alpha': 0.1, 'beta': 0.2}",8.04390603344298e-09,2.9206400919761574e-08,2.0,11,6,,9.638489700735273e-05,4.4578473939483116e-10,2.4044539897827185e-05,9.617815959130874e-05,2.4096224251838183e-05,2.4096224251838183e-05,2.4096224251838183e-05,2.4096224251838183e-05,PATRIOT MEMORY INC.,
sku_customer,sku_customer::1008551|REALTECH SEMICONDUCTOR TECHNOLOGY,1008551,교체형,intermittent,278293.0,tsb,"{'alpha': 0.1, 'beta': 0.2}",4.134129087084127e-08,1.6283569429856434e-07,2.0,11,6,,0.0005315682989946585,1.8305780847369567e-09,7.97380269178381e-05,0.0003189521076713524,0.00013289207474866463,0.00013289207474866463,0.00013289207474866463,0.00013289207474866463,REALTECH SEMICONDUCTOR TECHNOLOGY,
sku_customer,sku_customer::2016864|PATRIOT MEMORY INC.,2016864,교체형,lumpy,274398.0,tsb,"{'alpha': 0.1, 'beta': 0.2}",1.3507934469709236e-06,3.6759479024428578e-06,2.0,11,6,,0.011280047992537344,1.5130884356868742e-07,0.0024238869146668567,0.009695547658667427,0.002820011998134336,0.002820011998134336,0.002820011998134336,0.002820011998134336,PATRIOT MEMORY INC.,
sku_customer,sku_customer::1008760|Ringson Limited,1008760,교체형,lumpy,273244.0,tsb,"{'alpha': 0.1, 'beta': 0.2}",0.0002092117836088255,0.0014498007853970525,2.0,11,6,,4.646930159796287,2.1544154264009135e-05,1.0146287961045661,4.0585151844182645,1.1617325399490717,1.1617325399490717,1.1617325399490717,1.1617325399490717,Ringson Limited,
sku_customer,sku_customer::1009221|TEC LOGISTICS COMPANY,1009221,교체형,lumpy,270000.0,tsb,"{'alpha': 0.1, 'beta': 0.2}",9.314812983336531e-07,6.7535286303963205e-06,2.0,11,6,,0.021389552068933754,1.0485074543594977e-07,0.004907014886402449,0.019628059545609797,0.005347388017233438,0.005347388017233438,0.005347388017233438,0.005347388017233438,TEC LOGISTICS COMPANY,
sku_customer,sku_customer::2014723|REALTECH SEMICONDUCTOR TECHNOLOGY,2014723,교체형,intermittent,264020.0,tsb,"{'alpha': 0.1, 'beta': 0.2}",9.965509132817524e-10,6.687062384064327e-09,2.0,11,6,,2.070996580803174e-05,2.632738791205003e-11,4.41158561382574e-06,1.764634245530296e-05,5.177491452007935e-06,5.177491452007935e-06,5.177491452007935e-06,5.177491452007935e-06,REALTECH SEMICONDUCTOR TECHNOLOGY,
sku_customer,sku_customer::1008094|Eudar Technology Inc.,1008094,교체형,intermittent,259543.0,tsb,"{'alpha': 0.1, 'beta': 0.2}",1.8183958437077568e-10,8.708830337796493e-10,2.0,11,6,,2.6514065845740515e-06,6.900232434181855e-12,6.628024612867221e-07,2.6512098451468884e-06,6.628516461435129e-07,6.628516461435129e-07,6.628516461435129e-07,6.628516461435129e-07,Eudar Technology Inc.,
sku_customer,sku_customer::1009303|ALL-THE-WAY EXPRESS LIMITED,1009303,교체형,lumpy,259309.0,tsb,"{'alpha': 0.2, 'beta': 0.05}",5.908905550737412,31.859230368240457,1.9846101195111394,11,6,0.004001071677604816,11632.397709387798,0.05890465466303261,1499.4016796390847,5997.606718556339,2908.0994273469496,2908.0994273469496,2908.0994273469496,2908.0994273469496,ALL-THE-WAY EXPRESS LIMITED,
sku_customer,"sku_customer::2016871|World Pacific Industrial H.K., Ltd.",2016871,교체형,intermittent,255958.0,tsb,"{'alpha': 0.1, 'beta': 0.2}",1.012138146279652e-13,6.868691377831461e-13,2.0,11,6,,2.0622907394540624e-09,2.668278025201532e-15,4.3723257569920367e-10,1.7489303027968147e-09,5.155726848635156e-10,5.155726848635156e-10,5.155726848635156e-10,5.155726848635156e-10,"World Pacific Industrial H.K., Ltd.",
sku_customer,"sku_customer::1009218|HONGKONG SHICHUANGYI CO., LIMITED",1009218,교체형,lumpy,255923.0,tsb,"{'alpha': 0.1, 'beta': 0.2}",9.370700341845198e-06,7.484143010034501e-05,2.0,11,6,,0.22467697912940834,1.9838045900547817e-06,0.04628517646895495,0.1851407058758198,0.056169244782352086,0.056169244782352086,0.056169244782352086,0.056169244782352086,"HONGKONG SHICHUANGYI CO., LIMITED",
sku_customer,sku_customer::2017144|Patriot Memory Inc.,2017144,교체형,intermittent,255727.0,tsb,"{'alpha': 0.1, 'beta': 0.2}",2.215989795869584e-14,1.365615137126005e-13,2.0,11,6,,4.0964917661627475e-10,1.1769809942004868e-15,1.0000826339417444e-10,4.0003305357669775e-10,1.0241229415406869e-10,1.0241229415406869e-10,1.0241229415406869e-10,1.0241229415406869e-10,Patriot Memory Inc.,
sku_customer,"sku_customer::1009491|G.Skill International Ent. Co., Ltd",1009491,교체형,lumpy,254208.0,tsb,"{'alpha': 0.2, 'beta': 0.05}",2.4123873197884174,9.902721877899689,1.8239333654044856,11,6,0.6461061787443584,19571.220264363314,0.1188726763897561,3250.3650709488456,13001.460283795383,4892.805066090828,4892.805066090828,4892.805066090828,4892.805066090828,"G.Skill International Ent. Co., Ltd",
sku_customer,sku_customer::2018356|BANG TAI INTERNATIONAL LOGISTICS CO,2018356,교체형,intermittent,254193.0,tsb,"{'alpha': 0.2, 'beta': 0.05}",0.5705256330488581,1.614308052768534,0.7630741872445533,11,6,-0.4854347251410841,21096.852663457637,0.2360604116129355,5045.782226754804,20183.128907019214,5274.213165864409,5274.213165864409,5274.213165864409,5274.213165864409,BANG TAI INTERNATIONAL LOGISTICS CO,
sku_customer,sku_customer::1007320|ALL-THE-WAY EXPRESS LIMITED,1007320,교체형,intermittent,252298.0,tsb,"{'alpha': 0.1, 'beta': 0.2}",8.44213184500777e-06,4.931032258920984e-05,2.0,11,6,,0.14593478811852964,3.4563291431135654e-07,0.03612781955574087,0.14451127822296347,0.03648369702963241,0.03648369702963241,0.03648369702963241,0.03648369702963241,ALL-THE-WAY EXPRESS LIMITED,
sku_customer,"sku_customer::1007641|World Pacific Industrial H.K., Ltd.",1007641,교체형,intermittent,251493.0,tsb,"{'alpha': 0.1, 'beta': 0.2}",1.0665337573759225e-14,7.098806133576393e-14,2.0,11,6,,2.0942011693477055e-10,7.931078088800248e-16,4.9986254140910666e-11,1.9994501656364266e-10,5.235502923369264e-11,5.235502923369264e-11,5.235502923369264e-11,5.235502923369264e-11,"World Pacific Industrial H.K., Ltd.",
sku_customer,sku_customer::1008094|GOLDKEY TECHNOLOGY CORPORATION,1008094,교체형,intermittent,251115.0,croston,{'alpha': 0.2},0.48253904190719416,2.2586580092110466,1.8122701212025838,11,6,0.002624316030155432,5006.109573879358,0.013835085777531817,1251.19092418373,5004.76369673492,1251.5273934698396,1251.5273934698396,1251.5273934698396,1251.5273934698396,GOLDKEY TECHNOLOGY CORPORATION,
sku_customer,sku_customer::1008417|REALTECH SEMICONDUCTOR TECHNOLOGY,1008417,교체형,smooth,250976.0,tsb,"{'alpha': 0.1, 'beta': 0.2}",3.9139749492735445e-05,0.0002858274222555428,2.0,11,6,,0.4799638109420718,1.0775359271774867e-06,0.11922960895081143,0.4769184358032457,0.11999095273551795,0.11999095273551795,0.11999095273551795,0.11999095273551795,REALTECH SEMICONDUCTOR TECHNOLOGY,
sku_customer,sku_customer::1008432|Skyrich View (HK) Limited,1008432,교체형,intermittent,250401.0,tsb,"{'alpha': 0.1, 'beta': 0.2}",1.6873144031084744e-11,6.17132453380154e-11,2.0,11,6,,1.812682010550621e-07,9.792342676170718e-13,4.3702580459645945e-08,1.7481032183858378e-07,4.531705026376553e-08,4.531705026376553e-08,4.531705026376553e-08,4.531705026376553e-08,Skyrich View (HK) Limited,
sku_customer,sku_customer::1008279|Eudar Technology Inc.,1008279,교체형,intermittent,248113.0,tsb,"{'alpha': 0.1, 'beta': 0.2}",1.6625040171971402e-09,4.08334155114093e-09,2.0,11,6,,1.188426721685036e-05,1.4100689756360605e-10,2.645066259800031e-06,1.0580265039200124e-05,2.97106680421259e-06,2.97106680421259e-06,2.97106680421259e-06,2.97106680421259e-06,Eudar Technology Inc.,
sku_customer,sku_customer::2018626|ALL-THE-WAY EXPRESS LIMITED,2018626,교체형,lumpy,246340.0,sba,{'alpha': 0.1},35556.11925768428,20536.666666666668,1.3333333333333333,10,6,,676.6080691642652,0.007204610951008646,135.45850144092222,541.8340057636889,169.1520172910663,169.1520172910663,169.1520172910663,169.1520172910663,ALL-THE-WAY EXPRESS LIMITED,
sku_customer,sku_customer::1008053|REALTECH SEMICONDUCTOR TECHNOLOGY L,1008053,교체형,intermittent,243935.0,tsb,"{'alpha': 0.1, 'beta': 0.2}",0.016421913604588865,0.08006711782618715,2.0,11,6,-0.5847631037275748,229.10548862440464,0.0006483136789607558,56.64967714507904,226.59870858031616,57.27637215610116,57.27637215610116,57.27637215610116,57.27637215610116,REALTECH SEMICONDUCTOR TECHNOLOGY L,
sku_customer,sku_customer::1009131|Patriot Memory Inc.,1009131,교체형,intermittent,242616.0,tsb,"{'alpha': 0.2, 'beta': 0.05}",0.6595551392177934,2.593099726100393,1.5209683917955414,11,6,-0.15493092588525742,20139.073536107135,0.15139075450837466,5022.4165940353505,20089.666376141402,5034.768384026784,5034.768384026784,5034.768384026784,5034.768384026784,Patriot Memory Inc.,
sku_customer,sku_customer::1009201|TEC LOGISTICS COMPANY,1009201,교체형,intermittent,242509.0,sba,{'alpha': 0.3},0.07416074886535688,0.38498124840660397,2.0,11,6,0.12788454702934093,4995.928699389277,0.022619316896629726,1001.824800497625,4007.2992019905,1248.9821748473194,1248.9821748473194,1248.9821748473194,1248.9821748473194,TEC LOGISTICS COMPANY,
sku_customer,"sku_customer::2014723|World Pacific Industrial H.K., Ltd.",2014723,교체형,intermittent,242301.0,tsb,"{'alpha': 0.1, 'beta': 0.2}",2.2596327621036888e-10,7.643374465191034e-10,2.0,11,6,,2.1724386663007577e-06,1.4468633198108256e-11,5.384797039517948e-07,2.153918815807179e-06,5.431096665751894e-07,5.431096665751894e-07,5.431096665751894e-07,5.431096665751894e-07,"World Pacific Industrial H.K., Ltd.",
sku_customer,sku_customer::1008433|Skyrich View (HK) Limited,1008433,교체형,intermittent,241027.0,tsb,"{'alpha': 0.1, 'beta': 0.2}",1.5132660872301038e-11,6.415624191336584e-11,2.0,11,6,,1.8138935309094288e-07,9.529823264073739e-13,4.253048208323626e-08,1.7012192833294504e-07,4.534733827273572e-08,4.534733827273572e-08,4.534733827273572e-08,4.534733827273572e-08,Skyrich View (HK) Limited,
sku_customer,"sku_customer::1007506|G.Skill International Ent. Co., Ltd",1007506,교체형,intermittent,240798.0,tsb,"{'alpha': 0.1, 'beta': 0.2}",5.1667355898897076e-06,2.458041590568493e-05,2.0,11,6,,0.06943033853141624,2.452011668573841e-07,0.01678796270615101,0.06715185082460404,0.01735758463285406,0.01735758463285406,0.01735758463285406,0.01735758463285406,"G.Skill International Ent. Co., Ltd",
sku_customer,sku_customer::2018695|BANG TAI INTERNATIONAL LOGISTICS CO,2018695,교체형,intermittent,235200.0,tsb,"{'alpha': 0.1, 'beta': 0.2}",1.2410472901336633,4.650083702837434,0.7903007989396834,11,6,-0.49009342575161813,24605.591621565432,0.36267624515112296,5789.871343937363,23159.485375749453,6151.397905391358,6151.397905391358,6151.397905391358,6151.397905391358,BANG TAI INTERNATIONAL LOGISTICS CO,
sku_customer,sku_customer::2018035|EACHAIN HONGKONG LIMITED,2018035,교체형,intermittent,231313.0,sba,{'alpha': 0.05},0.03862312911257983,0.23810689735458124,2.0,11,6,-0.9761295443677381,2947.2760266370697,0.007399186089530151,734.6512097669255,2938.604839067702,736.8190066592674,736.8190066592674,736.8190066592674,736.8190066592674,EACHAIN HONGKONG LIMITED,
sku_customer,"sku_customer::1007584|XINRONGDA CO., Limited",1007584,교체형,lumpy,231045.0,tsb,"{'alpha': 0.1, 'beta': 0.2}",1.7118195283252818e-08,1.323347118995676e-07,2.0,11,6,,0.000358655529670717,2.8376352507802446e-09,7.775654062565017e-05,0.0003110261625026007,8.966388241767925e-05,8.966388241767925e-05,8.966388241767925e-05,8.966388241767925e-05,"XINRONGDA CO., Limited",
sku_customer,sku_customer::1007945|EVERBOND ELECTRONICS LIMITED,1007945,교체형,lumpy,230559.0,tsb,"{'alpha': 0.1, 'beta': 0.2}",1.8627520740104608e-05,0.00014724903162209886,2.0,11,6,,0.39823709159523024,3.6323967535420343e-06,0.08360019246625049,0.33440076986500195,0.09955927289880756,0.09955927289880756,0.09955927289880756,0.09955927289880756,EVERBOND ELECTRONICS LIMITED,
sku_customer,sku_customer::1008551|BANG TAI INTERNATIONAL LOGISTICS CO,1008551,교체형,intermittent,230154.0,sba,{'alpha': 0.05},0.03512508595080062,0.16645894617739102,2.0,11,6,0.013652508966809472,2050.097246743077,0.010169939692257627,497.6817118423863,1990.726847369545,512.5243116857692,512.5243116857692,512.5243116857692,512.5243116857692,BANG TAI INTERNATIONAL LOGISTICS CO,
sku_customer,sku_customer::1009974|BANG TAI INTERNATIONAL LOGISTICS CO,1009974,교체형,lumpy,230064.0,sba,{'alpha': 0.3},0.053082766956301035,0.40869765211050924,2.0,11,6,-0.7721410186221598,4975.813333333332,0.00980392156862745,1044.206,4176.824,1243.953333333333,1243.953333333333,1243.953333333333,1243.953333333333,BANG TAI INTERNATIONAL LOGISTICS CO,
sku_customer,"sku_customer::1008414|XINRONGDA CO., Limited",1008414,교체형,lumpy,226516.0,tsb,"{'alpha': 0.1, 'beta': 0.2}",2.2351950441735515e-08,1.582760905026818e-07,2.0,11,6,,0.0004205536230150347,2.9012926250407002e-09,8.451717829201939e-05,0.00033806871316807756,0.00010513840575375867,0.00010513840575375867,0.00010513840575375867,0.00010513840575375867,"XINRONGDA CO., Limited",
sku_customer,"sku_customer::1006360|Hosin Global Electronics Co., Ltd",1006360,교체형,intermittent,220266.0,tsb,"{'alpha': 0.1, 'beta': 0.2}",1.8812038344145545e-08,5.327355754433176e-08,2.0,11,6,,0.0001376468714785291,1.096599990875378e-09,2.1909559062987402e-05,8.763823625194961e-05,3.4411717869632275e-05,3.4411717869632275e-05,3.4411717869632275e-05,3.4411717869632275e-05,"Hosin Global Electronics Co., Ltd",
sku_customer,"sku_customer::1008053|G.SKILL INTERNATIONAL ENT. CO., LTD",1008053,교체형,intermittent,220091.0,tsb,"{'alpha': 0.1, 'beta': 0.2}",0.00715876758590268,0.043594145845123826,2.0,11,6,-0.5847631037275748,112.54796240797982,0.00019807040629891103,25.28388543446229,101.13554173784917,28.136990601994956,28.136990601994956,28.136990601994956,28.136990601994956,"G.SKILL INTERNATIONAL ENT. CO., LTD",
sku_customer,sku_customer::1009404|TEC LOGISTICS COMPANY,1009404,교체형,lumpy,219402.0,tsb,"{'alpha': 0.1, 'beta': 0.2}",0.029819906996651428,0.2010502774450951,2.0,11,6,-0.5702256351006257,517.4309939757582,0.0009544977660108905,61.29816991706255,245.1926796682502,129.35774849393954,129.35774849393954,129.35774849393954,129.35774849393954,TEC LOGISTICS COMPANY,
sku_customer,sku_customer::2019619|SF Supply Chain (Hong Kong) Limited,2019619,교체형,intermittent,217766.0,sba,{'alpha': 0.3},0.05647912954933238,0.39323367241681595,2.0,11,6,0.010219327892451691,4582.363821138212,0.010162601626016262,1002.0653455284553,4008.261382113821,1145.590955284553,1145.590955284553,1145.590955284553,1145.590955284553,SF Supply Chain (Hong Kong) Limited,
sku_customer,"sku_customer::1006119|G.Skill International Ent. Co., Ltd",1006119,교체형,lumpy,216802.0,tsb,"{'alpha': 0.1, 'beta': 0.2}",7.502879063378538e-07,3.346944839377412e-06,2.0,11,6,,0.008511753137484765,8.085478060364884e-08,0.0015580299188727182,0.006232119675490873,0.0021279382843711913,0.0021279382843711913,0.0021279382843711913,0.0021279382843711913,"G.Skill International Ent. Co., Ltd",
sku_customer,sku_customer::1008815|GOLDKEY TECHNOLOGY CORPORATION,1008815,교체형,lumpy,216104.0,tsb,"{'alpha': 0.1, 'beta': 0.2}",2.919748512024227,7.198113735287589,1.9998960653098086,11,6,5.0,19345.701818737565,0.20023554400194285,3523.388884313412,14093.555537253647,4836.425454684391,4836.425454684391,4836.425454684391,4836.425454684391,GOLDKEY TECHNOLOGY CORPORATION,
sku_customer,sku_customer::1007583|Leadmax Technology International,1007583,교체형,lumpy,215313.0,tsb,"{'alpha': 0.1, 'beta': 0.2}",1.689076720916276e-07,9.843855265812385e-07,2.0,11,6,,0.002486237726038059,5.426525708084418e-09,0.0003503894278750765,0.001401557711500306,0.0006215594315095148,0.0006215594315095148,0.0006215594315095148,0.0006215594315095148,Leadmax Technology International,
sku_customer,sku_customer::1007727|PATRIOT MEMORY INC.,1007727,교체형,intermittent,214391.0,tsb,"{'alpha': 0.1, 'beta': 0.2}",5.929641980036657e-07,2.9867058985357917e-06,2.0,11,6,,0.006802076449040129,4.1139588193117627e-08,0.0016013669451722717,0.006405467780689087,0.0017005191122600322,0.0017005191122600322,0.0017005191122600322,0.0017005191122600322,PATRIOT MEMORY INC.,
sku_customer,"sku_customer::2017140|G.Skill International Ent. Co., Ltd",2017140,교체형,intermittent,214057.0,tsb,"{'alpha': 0.1, 'beta': 0.2}",3.82564967520633e-06,1.3749457705726413e-05,2.0,11,6,,0.03396894416748086,3.7530716469789657e-07,0.008451057579956147,0.03380423031982459,0.008492236041870216,0.008492236041870216,0.008492236041870216,0.008492236041870216,"G.Skill International Ent. Co., Ltd",
sku_customer,sku_customer::2016908|PATRIOT MEMORY INC.,2016908,교체형,intermittent,212870.0,tsb,"{'alpha': 0.1, 'beta': 0.2}",4.347971530245204e-06,1.3053876959760002e-05,2.0,11,6,,0.03259576330026315,4.577487464942802e-07,0.0072366658832525455,0.028946663533010182,0.008148940825065787,0.008148940825065787,0.008148940825065787,0.008148940825065787,PATRIOT MEMORY INC.,
sku_customer,sku_customer::1006004|Eternal International (HK) Ltd.,1006004,교체형,lumpy,212693.0,tsb,"{'alpha': 0.1, 'beta': 0.2}",0.002490009369009213,0.017445748334133742,2.0,11,6,-0.5847631037275749,43.52612255369105,6.538261558821214e-05,9.113787399025831,36.455149596103325,10.881530638422763,10.881530638422763,10.881530638422763,10.881530638422763,Eternal International (HK) Ltd.,
sku_customer,sku_customer::2014724|PATRIOT MEMORY INC.,2014724,교체형,intermittent,212196.0,tsb,"{'alpha': 0.1, 'beta': 0.2}",1.013460541415354e-06,3.595168489811259e-06,2.0,11,6,,0.008948775686600585,5.97983926907147e-08,0.0022294715474709295,0.008917886189883718,0.002237193921650146,0.002237193921650146,0.002237193921650146,0.002237193921650146,PATRIOT MEMORY INC.,
sku_customer,sku_customer::1009440|YHG SUPPLY CHAIN (HONG KONG),1009440,교체형,intermittent,209975.0,tsb,"{'alpha': 0.1, 'beta': 0.1}",1.9341343272802227,11.62672024927682,1.1860395132751427,11,6,-0.2672573822299932,36009.81575794682,0.14383915400074143,8795.299666677916,35181.198666711665,9002.453939486704,9002.453939486704,9002.453939486704,9002.453939486704,YHG SUPPLY CHAIN (HONG KONG),
sku_customer,sku_customer::1007544|EVERBOND ELECTRONICS LIMITED,1007544,교체형,intermittent,208978.0,tsb,"{'alpha': 0.1, 'beta': 0.2}",2.5290369181959492e-05,9.828766260609615e-05,2.0,11,6,,0.24093880723369684,1.3001183353865968e-06,0.059901308511321284,0.23960523404528514,0.06023470180842421,0.06023470180842421,0.06023470180842421,0.06023470180842421,EVERBOND ELECTRONICS LIMITED,
sku_customer,"sku_customer::2014722|G.Skill International Ent. Co., Ltd",2014722,교체형,intermittent,208468.0,tsb,"{'alpha': 0.1, 'beta': 0.2}",6.305928013709002e-06,3.0223504089966802e-05,2.0,11,6,,0.07390799060864976,3.4239615542571947e-07,0.01835106434619686,0.07340425738478744,0.01847699765216244,0.01847699765216244,0.01847699765216244,0.01847699765216244,"G.Skill International Ent. Co., Ltd",
sku_customer,sku_customer::1007727|Skyrich View (HK) Limited,1007727,교체형,lumpy,205689.0,tsb,"{'alpha': 0.1, 'beta': 0.2}",4.482032774088362e-14,3.1374590214597223e-13,2.0,11,6,,7.570007492095178e-10,1.1769809942004868e-15,1.585583128524321e-10,6.342332514097284e-10,1.8925018730237944e-10,1.8925018730237944e-10,1.8925018730237944e-10,1.8925018730237944e-10,Skyrich View (HK) Limited,
sku_customer,sku_customer::1009136|TEC LOGISTICS COMPANY,1009136,교체형,intermittent,205183.0,tsb,"{'alpha': 0.1, 'beta': 0.2}",2.406399361750149e-05,0.00010398054319466308,2.0,11,6,,0.2502653000066378,9.42513753670543e-07,0.05646741690009326,0.22586966760037305,0.06256632500165946,0.06256632500165946,0.06256632500165946,0.06256632500165946,TEC LOGISTICS COMPANY,
sku_customer,"sku_customer::2016908|G.Skill International Ent. Co., Ltd",2016908,교체형,intermittent,204495.0,tsb,"{'alpha': 0.1, 'beta': 0.2}",3.6625218640659163e-06,9.396037146264198e-06,2.0,11,6,,0.02253899769727158,2.980036314014586e-07,0.005197527138430986,0.020790108553723943,0.005634749424317895,0.005634749424317895,0.005634749424317895,0.005634749424317895,"G.Skill International Ent. Co., Ltd",
sku_customer,"sku_customer::1008279|HONGKONG SHICHUANGYI CO., LIMITED",1008279,교체형,intermittent,200916.0,tsb,"{'alpha': 0.1, 'beta': 0.2}",9.520488393307869e-06,5.448628834971761e-05,2.0,11,6,,0.1284129810601774,3.199790815140991e-07,0.0321011845997594,0.1284047383990376,0.03210324526504435,0.03210324526504435,0.03210324526504435,0.03210324526504435,"HONGKONG SHICHUANGYI CO., LIMITED",
sku_customer,sku_customer::1009592|GOLDKEY TECHNOLOGY CORPORATION,1009592,교체형,intermittent,199637.0,tsb,"{'alpha': 0.1, 'beta': 0.2}",16865.133405662615,10437.361087490102,1.542686655077049,10,6,,77846.74202112,0.3548288,18850.5468312576,75402.1873250304,19461.68550528,19461.68550528,19461.68550528,19461.68550528,GOLDKEY TECHNOLOGY CORPORATION,
sku_customer,sku_customer::1008409|Skyrich View (HK) Limited,1008409,교체형,intermittent,196495.0,tsb,"{'alpha': 0.1, 'beta': 0.2}",1.1786382395683424e-11,5.681172380790966e-11,2.0,11,6,,1.309473310851885e-07,4.026804973939184e-13,2.398111257121501e-08,9.592445028486004e-08,3.273683277129713e-08,3.273683277129713e-08,3.273683277129713e-08,3.273683277129713e-08,Skyrich View (HK) Limited,
sku_customer,"sku_customer::2017822|World Pacific Industrial H.K., Ltd.",2017822,교체형,intermittent,196475.0,tsb,"{'alpha': 0.1, 'beta': 0.2}",2.117270336579352e-13,1.2120383768765588e-12,2.0,11,6,,2.7933853360271983e-09,7.240688810044839e-15,6.976982923583006e-10,2.7907931694332025e-09,6.983463340067996e-10,6.983463340067996e-10,6.983463340067996e-10,6.983463340067996e-10,"World Pacific Industrial H.K., Ltd.",
sku_customer,sku_customer::1008056|REALTECH SEMICONDUCTOR TECHNOLOGY,1008056,교체형,intermittent,196376.0,tsb,"{'alpha': 0.1, 'beta': 0.2}",3.0990105216748753e-10,1.52489686411218e-09,2.0,11,6,,3.5126595633763797e-06,1.005961771287584e-11,7.289566573181062e-07,2.915826629272425e-06,8.781648908440949e-07,8.781648908440949e-07,8.781648908440949e-07,8.781648908440949e-07,REALTECH SEMICONDUCTOR TECHNOLOGY,
sku_customer,sku_customer::2016048|PATRIOT MEMORY INC.,2016048,교체형,intermittent,195631.0,tsb,"{'alpha': 0.1, 'beta': 0.2}",6.349838079646587e-08,3.6455332368508877e-07,2.0,11,6,,0.0008365769942860515,2.2835358008155323e-09,0.00020843320119385495,0.0008337328047754198,0.00020914424857151288,0.00020914424857151288,0.00020914424857151288,0.00020914424857151288,PATRIOT MEMORY INC.,
sku_customer,sku_customer::1008551|PATRIOT MEMORY INC.,1008551,교체형,lumpy,194101.0,tsb,"{'alpha': 0.1, 'beta': 0.2}",0.00017399898678307186,0.0013150647050481845,2.0,11,6,,2.99420874987891,2.8046061553524622e-05,0.5789296071940105,2.315718428776042,0.7485521874697275,0.7485521874697275,0.7485521874697275,0.7485521874697275,PATRIOT MEMORY INC.,
sku_customer,sku_customer::2016864|Skyrich View (HK) Limited,2016864,교체형,intermittent,194090.0,tsb,"{'alpha': 0.1, 'beta': 0.2}",2.6723024269556778e-11,1.0164860791170377e-10,2.0,11,6,,2.2469610237685043e-07,1.3970169192094525e-12,5.595404572204621e-08,2.2381618288818485e-07,5.6174025594212607e-08,5.6174025594212607e-08,5.6174025594212607e-08,5.6174025594212607e-08,Skyrich View (HK) Limited,
sku_customer,"sku_customer::2018609|Hosin Global Electronics Co., Ltd",2018609,교체형,lumpy,192350.0,tsb,"{'alpha': 0.1, 'beta': 0.2}",0.001255571420121174,0.006509890439538053,2.0,11,6,-0.5847631037275748,14.065232250021042,4.372627302075195e-05,2.8799520553342792,11.519808221337117,3.5163080625052605,3.5163080625052605,3.5163080625052605,3.5163080625052605,"Hosin Global Electronics Co., Ltd",
sku_customer,sku_customer::1007757|UNIFORTUNE (HK) COMPANY LIMITED,1007757,교체형,lumpy,190854.0,tsb,"{'alpha': 0.1, 'beta': 0.2}",6.380076493329031e-13,4.768963682778572e-12,2.0,11,6,,1.0676587459817076e-08,1.6727604261038227e-14,2.1863500670429907e-09,8.745400268171963e-09,2.669146864954269e-09,2.669146864954269e-09,2.669146864954269e-09,2.669146864954269e-09,UNIFORTUNE (HK) COMPANY LIMITED,
sku_customer,sku_customer::1008923|Eternal International (HK) Ltd.,1008923,교체형,lumpy,186815.0,tsb,"{'alpha': 0.1, 'beta': 0.2}",0.00010584895868355253,0.0008556006224360401,2.0,11,6,,1.8749514063038688,2.4835767164329203e-05,0.3761823980846616,1.5047295923386463,0.4687378515759672,0.4687378515759672,0.4687378515759672,0.4687378515759672,Eternal International (HK) Ltd.,
sku_customer,sku_customer::1008551|Skyrich View (HK) Limited,1008551,교체형,intermittent,182589.0,tsb,"{'alpha': 0.1, 'beta': 0.2}",3.2706701150719815e-11,1.3392939317219396e-10,2.0,11,6,,2.5493807327325704e-07,1.4462970882397381e-12,6.350298293153331e-08,2.5401193172613323e-07,6.373451831831426e-08,6.373451831831426e-08,6.373451831831426e-08,6.373451831831426e-08,Skyrich View (HK) Limited,
sku_customer,sku_customer::1008656|Skyrich View (HK) Limited,1008656,교체형,lumpy,181464.0,tsb,"{'alpha': 0.1, 'beta': 0.2}",6.646965702593457e-12,3.961291041343143e-11,2.0,11,6,,7.732839766472218e-08,1.1078455263821148e-12,1.4322599201164847e-08,5.729039680465939e-08,1.9332099416180545e-08,1.9332099416180545e-08,1.9332099416180545e-08,1.9332099416180545e-08,Skyrich View (HK) Limited,
sku_customer,"sku_customer::1006360|World Pacific Industrial H.K., Ltd.",1006360,교체형,intermittent,180703.0,tsb,"{'alpha': 0.1, 'beta': 0.2}",4.103374556523904e-10,1.3989904042406567e-09,2.0,11,6,,2.655588763356809e-06,2.1468381391052456e-11,6.294047101460486e-07,2.5176188405841944e-06,6.638971908392022e-07,6.638971908392022e-07,6.638971908392022e-07,6.638971908392022e-07,"World Pacific Industrial H.K., Ltd.",
sku_customer,"sku_customer::2018611|Hosin Global Electronics Co., Ltd",2018611,교체형,lumpy,179707.0,tsb,"{'alpha': 0.1, 'beta': 0.2}",0.004282044057459778,0.020448520175210396,2.0,11,6,-0.5847631037275749,43.105636163891575,0.000562284100882675,9.03368926964664,36.13475707858656,10.776409040972894,10.776409040972894,10.776409040972894,10.776409040972894,"Hosin Global Electronics Co., Ltd",
sku_customer,sku_customer::2017773|PINE INFO CO LTD,2017773,교체형,lumpy,177378.0,sba,{'alpha': 0.05},0.102599743859424,0.21452405301632727,2.0,11,6,0.21433304976995743,1597.6660911597244,0.07900755658359247,354.9778719314209,1419.9114877256836,399.4165227899311,399.4165227899311,399.4165227899311,399.4165227899311,PINE INFO CO LTD,
sku_customer,sku_customer::2016864|Patriot Memory Inc.,2016864,교체형,intermittent,176524.0,tsb,"{'alpha': 0.1, 'beta': 0.2}",8.04373651759901e-14,4.900486312463963e-13,2.0,11,6,,1.0147291133621325e-09,2.224650874142201e-15,2.2788371404138576e-10,9.115348561655431e-10,2.5368227834053313e-10,2.5368227834053313e-10,2.5368227834053313e-10,2.5368227834053313e-10,Patriot Memory Inc.,
sku_customer,"sku_customer::1007570|XINRONGDA CO., Limited",1007570,교체형,lumpy,174573.0,tsb,"{'alpha': 0.1, 'beta': 0.2}",7.965746289082206e-07,5.65521053801702e-06,2.0,11,6,,0.011580652595418397,8.035758216008436e-08,0.002689214701536519,0.010756858806146076,0.0028951631488545993,0.0028951631488545993,0.0028951631488545993,0.0028951631488545993,"XINRONGDA CO., Limited",
sku_customer,"sku_customer::2014724|World Pacific Industrial H.K., Ltd.",2014724,교체형,intermittent,171550.0,tsb,"{'alpha': 0.1, 'beta': 0.2}",1.1458753950383519e-11,4.546040343677584e-11,2.0,11,6,,9.148106002699693e-08,1.1150883057426724e-12,2.2385246197283397e-08,8.954098478913359e-08,2.2870265006749232e-08,2.2870265006749232e-08,2.2870265006749232e-08,2.2870265006749232e-08,"World Pacific Industrial H.K., Ltd.",
sku_customer,sku_customer::2019670|REALTECH SEMICONDUCTOR TECHNOLOGY L,2019670,교체형,intermittent,171401.0,tsb,"{'alpha': 0.2, 'beta': 0.05}",0.5607160098717728,2.070422871128098,0.6969156623039391,11,6,-0.26091788375274383,15069.8499936355,0.17081922135076338,3715.936162115854,14863.744648463417,3767.462498408875,3767.462498408875,3767.462498408875,3767.462498408875,REALTECH SEMICONDUCTOR TECHNOLOGY L,
sku_customer,sku_customer::1009440|Patriot Memory Inc.,1009440,교체형,intermittent,170790.0,sba,{'alpha': 0.15},0.03138705421442051,0.1253278056937536,0.9496675001518314,11,6,-0.9676538301079024,1628.6575725885339,0.01764356805656264,407.15378087176435,1628.6151234870574,407.16439314713347,407.16439314713347,407.16439314713347,407.16439314713347,Patriot Memory Inc.,
sku_customer,sku_customer::1008815|GoldKey Technology Corporation,1008815,교체형,intermittent,169667.0,sba,{'alpha': 0.3},0.05860266334147453,0.38728461042737955,2.0,11,6,-0.8271477319692823,3516.223036649215,0.010471204188481676,792.2605235602094,3169.0420942408377,879.0557591623037,879.0557591623037,879.0557591623037,879.0557591623037,GoldKey Technology Corporation,
sku_customer,"sku_customer::1006661|World Pacific Industrial H.K., Ltd.",1006661,교체형,lumpy,166460.0,tsb,"{'alpha': 0.1, 'beta': 0.2}",3.025858949607058e-14,2.2211894160301716e-13,2.0,11,6,,4.3371322598790645e-10,7.931078088800248e-16,8.934023189322515e-11,3.573609275729006e-10,1.0842830649697661e-10,1.0842830649697661e-10,1.0842830649697661e-10,1.0842830649697661e-10,"World Pacific Industrial H.K., Ltd.",
sku_customer,"sku_customer::1007941|HONGKONG SHICHUANGYI CO., LIMITED",1007941,교체형,lumpy,164847.0,sba,{'alpha': 0.05},0.007755292700105738,0.06633750214739954,2.0,11,6,0.013652508966809597,585.1793025547759,0.019044172959178818,64.70820775288287,258.8328310115315,146.29482563869396,146.29482563869396,146.29482563869396,146.29482563869396,"HONGKONG SHICHUANGYI CO., LIMITED",
sku_customer,"sku_customer::2016908|World Pacific Industrial H.K., Ltd.",2016908,교체형,intermittent,164282.0,tsb,"{'alpha': 0.1, 'beta': 0.2}",3.201192103349025e-10,1.3295018034956803e-09,2.0,11,6,,2.562041101161199e-06,1.5424378501382798e-11,6.405102752902997e-07,2.562041101161199e-06,6.405102752902997e-07,6.405102752902997e-07,6.405102752902997e-07,6.405102752902997e-07,"World Pacific Industrial H.K., Ltd.",
sku_customer,sku_customer::1007368|KC Int'L (HK) Ltd,1007368,교체형,intermittent,161893.0,tsb,"{'alpha': 0.1, 'beta': 0.2}",3.580232891287413e-10,1.1476207246239881e-09,2.0,11,6,,2.1793833757447035e-06,2.0553770414569644e-11,5.344460962395512e-07,2.137784384958205e-06,5.448458439361759e-07,5.448458439361759e-07,5.448458439361759e-07,5.448458439361759e-07,KC Int'L (HK) Ltd,
sku_customer,"sku_customer::1007506|HONGKONG SHICHUANGYI CO., LIMITED",1007506,교체형,intermittent,161348.0,tsb,"{'alpha': 0.1, 'beta': 0.2}",1.0293664658534504e-05,6.576827990923962e-05,2.0,11,6,,0.12447646616365195,6.397686845906965e-07,0.030094437424925145,0.12037774969970058,0.031119116540912987,0.031119116540912987,0.031119116540912987,0.031119116540912987,"HONGKONG SHICHUANGYI CO., LIMITED",
sku_customer,sku_customer::1008815|REALTECH SEMICONDUCTOR TECHNOLOGY L,1008815,교체형,lumpy,159886.0,tsb,"{'alpha': 0.1, 'beta': 0.2}",0.00653882665528766,0.04368330193970185,2.0,11,6,-0.5361332798321454,81.9281364372939,0.0006939496214597336,17.402507753164045,69.61003101265618,20.482034109323475,20.482034109323475,20.482034109323475,20.482034109323475,REALTECH SEMICONDUCTOR TECHNOLOGY L,
sku_customer,sku_customer::1008168|MF WAREHOUSING & LOGISTICS,1008168,교체형,lumpy,159601.0,tsb,"{'alpha': 0.1, 'beta': 0.2}",2.979807492336487e-08,2.2712978946677042e-07,2.0,11,6,,0.0004252231367939128,4.496689389933471e-09,9.367917032533281e-05,0.00037471668130133125,0.0001063057841984782,0.0001063057841984782,0.0001063057841984782,0.0001063057841984782,MF WAREHOUSING & LOGISTICS,
sku_customer,sku_customer::1009406|TEC LOGISTICS COMPANY,1009406,교체형,intermittent,156930.0,tsb,"{'alpha': 0.1, 'beta': 0.2}",8.70251655659559e-06,4.981360590881379e-05,2.0,11,6,,0.0916982686199319,2.9659305700364813e-07,0.02290718680184256,0.09162874720737024,0.022924567154982974,0.022924567154982974,0.022924567154982974,0.022924567154982974,TEC LOGISTICS COMPANY,
sku_customer,"sku_customer::1009494|G.Skill International Ent. Co., Ltd",1009494,교체형,intermittent,156223.0,tsb,"{'alpha': 0.2, 'beta': 0.05}",1.7134486403215146,8.258365471703447,1.6141066826905288,11,6,-0.2714041314504264,11290.41377909421,0.10783677555725987,2822.2928748599475,11289.17149943979,2822.6034447735524,2822.6034447735524,2822.6034447735524,2822.6034447735524,"G.Skill International Ent. Co., Ltd",
sku_customer,sku_customer::2016908|GOLDKEY TECHNOLOGY CORPORATION,2016908,교체형,intermittent,156222.0,tsb,"{'alpha': 0.1, 'beta': 0.2}",5.0945267765817615e-06,1.7222961128329165e-05,2.0,11,6,,0.03156146801124622,3.481516298988273e-07,0.00753976485335403,0.03015905941341612,0.007890367002811555,0.007890367002811555,0.007890367002811555,0.007890367002811555,GOLDKEY TECHNOLOGY CORPORATION,
sku_customer,"sku_customer::1006362|Hosin Global Electronics Co., Ltd",1006362,교체형,intermittent,154659.0,tsb,"{'alpha': 0.1, 'beta': 0.2}",2.5685987478139663e-07,6.955215732168181e-07,2.0,11,6,,0.0012618071480861347,2.1417988953467994e-08,0.00030572948609971644,0.0012229179443988658,0.0003154517870215337,0.0003154517870215337,0.0003154517870215337,0.0003154517870215337,"Hosin Global Electronics Co., Ltd",
sku_customer,sku_customer::1009592|SF Supply Chain (Hong Kong) Limited,1009592,교체형,intermittent,154623.0,croston,{'alpha': 0.1},0.6332105914696106,3.3885114060446653,1.9327583782407272,11,6,-0.08603235493410094,3020.217322834646,0.007874015748031496,689.2182677165356,2756.8730708661424,755.0543307086615,755.0543307086615,755.0543307086615,755.0543307086615,SF Supply Chain (Hong Kong) Limited,
sku_customer,sku_customer::1007983|Ringson Limited,1007983,교체형,intermittent,153258.0,tsb,"{'alpha': 0.1, 'beta': 0.2}",9.301288929138501e-06,5.5992383853544994e-05,2.0,11,6,,0.10066054836106607,2.6043695100796796e-07,0.022821485803101893,0.09128594321240757,0.025165137090266517,0.025165137090266517,0.025165137090266517,0.025165137090266517,Ringson Limited,
sku_customer,"sku_customer::2017780|XINRONGDA CO., Limited",2017780,교체형,lumpy,153107.0,tsb,"{'alpha': 0.1, 'beta': 0.2}",7.369263979528867e-12,5.491847278096916e-11,2.0,11,6,,9.86326448216386e-08,1.9319566166934476e-13,2.0217400501497192e-08,8.086960200598877e-08,2.465816120540965e-08,2.465816120540965e-08,2.465816120540965e-08,2.465816120540965e-08,"XINRONGDA CO., Limited",
sku_customer,sku_customer::1008432|REALTECH SEMICONDUCTOR TECHNOLOGY,1008432,교체형,intermittent,151078.0,tsb,"{'alpha': 0.1, 'beta': 0.2}",2.5950852268966156e-10,1.5633935101109324e-09,2.0,11,6,,2.7706183872423015e-06,7.259936785153576e-12,6.277437924119886e-07,2.5109751696479546e-06,6.926545968105754e-07,6.926545968105754e-07,6.926545968105754e-07,6.926545968105754e-07,REALTECH SEMICONDUCTOR TECHNOLOGY,
sku_customer,sku_customer::2015843|Eternal International (HK) Ltd.,2015843,교체형,intermittent,150915.0,croston,{'alpha': 0.1},0.7124328339694014,4.565691040675406,1.8674135285526778,11,6,0.0030841673622855853,3645.38299904489,0.009551098376313277,825.5560649474689,3302.2242597898758,911.3457497612225,911.3457497612225,911.3457497612225,911.3457497612225,Eternal International (HK) Ltd.,
sku_customer,sku_customer::1007583|YHG SUPPLY CHAIN (HONG KONG),1007583,교체형,intermittent,150408.0,sba,{'alpha': 0.3},0.0661285420087703,0.4264716841984673,2.0,11,6,0.013652508966809482,3432.4951479289944,0.01183431952662722,786.9800946745562,3147.920378698225,858.1237869822486,858.1237869822486,858.1237869822486,858.1237869822486,YHG SUPPLY CHAIN (HONG KONG),
sku_customer,sku_customer::1008053|LUCKY GRADE LIMITED,1008053,교체형,intermittent,150356.0,sba,{'alpha': 0.05},0.03953254803318287,0.25455392432525364,2.0,11,6,0.01365250896680942,2048.0914967677772,0.009945300845350571,507.2016907011436,2028.8067628045744,512.0228741919443,512.0228741919443,512.0228741919443,512.0228741919443,LUCKY GRADE LIMITED,
sku_customer,sku_customer::1009439|BRIGHTON SKY (HONGKONG) LIMITED,1009439,교체형,intermittent,150014.0,tsb,"{'alpha': 0.1, 'beta': 0.1}",20412.00627529185,16666.967743338344,1.37042632692432,10,6,,62931.66767461674,0.1656100004279397,14242.963491204117,56971.853964816466,15732.916918654186,15732.916918654186,15732.916918654186,15732.916918654186,BRIGHTON SKY (HONGKONG) LIMITED,
sku_customer,"sku_customer::1009432|HONGKONG SHICHUANGYI CO., LIMITED",1009432,교체형,intermittent,150000.0,tsb,"{'alpha': 0.1, 'beta': 0.2}",8.33452987358513e-06,5.0279076433692306e-05,2.0,11,6,,0.08846790258453303,4.0212682992969563e-07,0.021714848816203565,0.08685939526481426,0.02211697564613326,0.02211697564613326,0.02211697564613326,0.02211697564613326,"HONGKONG SHICHUANGYI CO., LIMITED",
sku_customer,"sku_customer::1008551|Hosin Global Electronics Co., Ltd",1008551,교체형,intermittent,149998.0,tsb,"{'alpha': 0.1, 'beta': 0.2}",0.0139971686082573,0.06540667918301674,2.0,11,6,-0.5847631037275748,115.08394705861889,0.0005750585984932407,28.76092553941548,115.04370215766193,28.770986764654722,28.770986764654722,28.770986764654722,28.770986764654722,"Hosin Global Electronics Co., Ltd",
sku_customer,"sku_customer::2016864|Hosin Global Electronics Co., Ltd",2016864,교체형,lumpy,149681.0,tsb,"{'alpha': 0.1, 'beta': 0.2}",1.8642677759713575e-06,6.729421958102556e-06,2.0,11,6,,0.011815486743677347,1.3007985112933844e-07,0.002591039960421473,0.010364159841685892,0.002953871685919337,0.002953871685919337,0.002953871685919337,0.002953871685919337,"Hosin Global Electronics Co., Ltd",
sku_customer,sku_customer::1009131|BANG TAI INTERNATIONAL LOGISTICS CO,1009131,교체형,intermittent,149143.0,sba,{'alpha': 0.05},0.02463292386377794,0.10626096275054742,2.0,11,6,-0.9844488958497601,711.3496420181448,0.01123667502403736,167.51325181335713,670.0530072534285,177.8374105045362,177.8374105045362,177.8374105045362,177.8374105045362,BANG TAI INTERNATIONAL LOGISTICS CO,
sku_customer,sku_customer::1006362|PNG HK LTD,1006362,교체형,intermittent,149069.0,tsb,"{'alpha': 0.1, 'beta': 0.2}",6.420641181033518e-10,1.6409911738756743e-09,2.0,11,6,,2.8694638887369556e-06,5.3457601152174433e-11,6.856549234949926e-07,2.7426196939799705e-06,7.173659721842389e-07,7.173659721842389e-07,7.173659721842389e-07,7.173659721842389e-07,PNG HK LTD,
sku_customer,"sku_customer::1008353|World Pacific Industrial H.K., Ltd.",1008353,교체형,intermittent,148303.0,tsb,"{'alpha': 0.1, 'beta': 0.2}",1.6459222282264916e-14,9.926473269749613e-14,2.0,11,6,,1.726839977136949e-10,7.931078088800248e-16,4.238904271533656e-11,1.6955617086134623e-10,4.317099942842372e-11,4.317099942842372e-11,4.317099942842372e-11,4.317099942842372e-11,"World Pacific Industrial H.K., Ltd.",
sku_customer,sku_customer::2016048|GOLDKEY TECHNOLOGY CORPORATION,2016048,교체형,intermittent,147956.0,tsb,"{'alpha': 0.1, 'beta': 0.2}",2.9460144915233046e-06,1.3946645234790802e-05,2.0,11,6,,0.023573269297723687,1.0713538362711393e-07,0.004758343497571261,0.019033373990285044,0.005893317324430922,0.005893317324430922,0.005893317324430922,0.005893317324430922,GOLDKEY TECHNOLOGY CORPORATION,
sku_customer,sku_customer::1007187|Patriot Memory Inc.,1007187,교체형,lumpy,147213.0,tsb,"{'alpha': 0.1, 'beta': 0.2}",7.957484756568841e-14,4.582585829695156e-13,2.0,11,6,,7.91341517282496e-10,2.3349259368439243e-15,1.4394874438865278e-10,5.757949775546111e-10,1.97835379320624e-10,1.97835379320624e-10,1.97835379320624e-10,1.97835379320624e-10,Patriot Memory Inc.,
sku_customer,sku_customer::2014722|GoldKey Technology Corporation,2014722,교체형,intermittent,147112.0,tsb,"{'alpha': 0.1, 'beta': 0.2}",2.2923537975589067e-09,1.3888522550479173e-08,2.0,11,6,,2.3966870456423772e-05,1.1281457798178055e-10,5.8763940399098475e-06,2.350557615963939e-05,5.991717614105943e-06,5.991717614105943e-06,5.991717614105943e-06,5.991717614105943e-06,GoldKey Technology Corporation,
sku_customer,"sku_customer::2017835|XINRONGDA CO., Limited",2017835,교체형,lumpy,144519.0,tsb,"{'alpha': 0.1, 'beta': 0.2}",2.421706273619477e-07,8.463347649746035e-07,2.0,11,6,,0.0014347436423594322,3.527016872665816e-08,0.0002824202674916098,0.0011296810699664391,0.00035868591058985805,0.00035868591058985805,0.00035868591058985805,0.00035868591058985805,"XINRONGDA CO., Limited",
sku_customer,"sku_customer::2018392|XINRONGDA CO., Limited",2018392,교체형,intermittent,144000.0,tsb,"{'alpha': 0.1, 'beta': 0.2}",7.943658642125977e-07,3.0496799806197647e-06,2.0,11,6,,0.00515138419703209,3.4688446753818946e-08,0.0011567536913465824,0.0046270147653863294,0.0012878460492580224,0.0012878460492580224,0.0012878460492580224,0.0012878460492580224,"XINRONGDA CO., Limited",
sku_customer,sku_customer::1008279|KC Int'L (HK) Ltd,1008279,교체형,intermittent,139080.0,tsb,"{'alpha': 0.1, 'beta': 0.2}",2.188147019505063e-09,7.083792546427676e-09,2.0,11,6,,1.155680263369331e-05,1.5261099331787876e-10,2.533598882104783e-06,1.0134395528419131e-05,2.8892006584233274e-06,2.8892006584233274e-06,2.8892006584233274e-06,2.8892006584233274e-06,KC Int'L (HK) Ltd,
sku_customer,sku_customer::1006241|REALTECH SEMICONDUCTOR TECHNOLOGY,1006241,교체형,lumpy,138177.0,tsb,"{'alpha': 0.1, 'beta': 0.2}",1.8001398305149355e-07,1.4391916946397065e-06,2.0,11,6,,0.002332714472680112,3.843148823157455e-08,0.00047957885534417253,0.0019183154213766901,0.000583178618170028,0.000583178618170028,0.000583178618170028,0.000583178618170028,REALTECH SEMICONDUCTOR TECHNOLOGY,
sku_customer,"sku_customer::2016156|Hosin Global Electronics Co., Ltd",2016156,교체형,lumpy,138173.0,tsb,"{'alpha': 0.1, 'beta': 0.2}",8.999185737242356e-15,6.949291269610468e-14,2.0,11,6,,1.1263435653527246e-10,1.985123316724819e-15,1.3107344443944213e-11,5.242937777577685e-11,2.8158589133818115e-11,2.8158589133818115e-11,2.8158589133818115e-11,2.8158589133818115e-11,"Hosin Global Electronics Co., Ltd",
sku_customer,"sku_customer::2017373|Hosin Global Electronics Co., Ltd",2017373,교체형,intermittent,135137.0,tsb,"{'alpha': 0.1, 'beta': 0.2}",1.113032768821784e-06,7.211869218969139e-06,2.0,11,6,,0.011432186386537787,2.968964127472699e-08,0.0024746636650610715,0.009898654660244286,0.0028580465966344466,0.0028580465966344466,0.0028580465966344466,0.0028580465966344466,"Hosin Global Electronics Co., Ltd",
sku_customer,sku_customer::1008098|TAIWAN EXPRESS (H.K.) CO. LTD,1008098,교체형,intermittent,132542.0,tsb,"{'alpha': 0.1, 'beta': 0.2}",6.542035758390567e-06,2.7142605730386983e-05,2.0,11,6,,0.042199979329061145,3.6353000530806736e-07,0.010269115991080045,0.04107646396432018,0.010549994832265286,0.010549994832265286,0.010549994832265286,0.010549994832265286,TAIWAN EXPRESS (H.K.) CO. LTD,
sku_customer,"sku_customer::2017390|Hosin Global Electronics Co., Ltd",2017390,교체형,intermittent,131397.0,tsb,"{'alpha': 0.1, 'beta': 0.2}",3.91560214456934e-07,1.4378626476225743e-06,2.0,11,6,,0.0019733281357315288,3.1181670494206715e-08,0.00047508192634403146,0.0019003277053761258,0.0004933320339328822,0.0004933320339328822,0.0004933320339328822,0.0004933320339328822,"Hosin Global Electronics Co., Ltd",
sku_customer,sku_customer::2019414|Eternal International (HK) Ltd.,2019414,교체형,intermittent,130560.0,tsb,"{'alpha': 0.1, 'beta': 0.2}",0.0002125719136785232,0.0011779285802410405,2.0,11,6,,1.8039989525423519,1.2734925288458592e-05,0.42855366821916235,1.7142146728766494,0.45099973813558797,0.45099973813558797,0.45099973813558797,0.45099973813558797,Eternal International (HK) Ltd.,
sku_customer,sku_customer::1008053|TEC LOGISTICS COMPANY,1008053,교체형,intermittent,130156.0,tsb,"{'alpha': 0.2, 'beta': 0.05}",3.1557170433105646,21.430063390178763,1.766383391573279,11,6,0.09223713494637682,16792.329547552472,0.1155970192659419,4061.3079936926556,16245.231974770622,4198.082386888118,4198.082386888118,4198.082386888118,4198.082386888118,TEC LOGISTICS COMPANY,
sku_customer,sku_customer::1009137|TEC LOGISTICS COMPANY,1009137,교체형,intermittent,129279.0,tsb,"{'alpha': 0.1, 'beta': 0.2}",5.790591125103236e-05,0.000245110157498768,2.0,11,6,,0.371703348515822,3.039037852421724e-06,0.09015952690962463,0.3606381076384985,0.0929258371289555,0.0929258371289555,0.0929258371289555,0.0929258371289555,TEC LOGISTICS COMPANY,
sku_customer,sku_customer::2016864|REALTECH SEMICONDUCTOR TECHNOLOGY,2016864,교체형,intermittent,126804.0,tsb,"{'alpha': 0.1, 'beta': 0.2}",8.367558548911627e-08,3.7028326520750993e-07,2.0,11,6,,0.00048691665065631994,3.5456949803688087e-09,0.00011987396995367152,0.0004794958798146861,0.00012172916266407999,0.00012172916266407999,0.00012172916266407999,0.00012172916266407999,REALTECH SEMICONDUCTOR TECHNOLOGY,
sku_customer,sku_customer::1008278|REALTECH SEMICONDUCTOR TECHNOLOGY,1008278,교체형,intermittent,123078.0,tsb,"{'alpha': 0.1, 'beta': 0.2}",7.419649183820102e-10,4.2552709880078145e-09,2.0,11,6,,6.1434854383217095e-06,2.632738791205003e-11,1.5316568713234664e-06,6.126627485293866e-06,1.5358713595804274e-06,1.5358713595804274e-06,1.5358713595804274e-06,1.5358713595804274e-06,REALTECH SEMICONDUCTOR TECHNOLOGY,
sku_customer,"sku_customer::1007877|World Pacific Industrial H.K., Ltd.",1007877,교체형,lumpy,122969.0,tsb,"{'alpha': 0.1, 'beta': 0.2}",6.185858916458282e-10,3.1485210997939466e-09,2.0,11,6,,4.5416057362988336e-06,2.0650212685185713e-11,8.114633318605764e-07,3.2458533274423057e-06,1.1354014340747084e-06,1.1354014340747084e-06,1.1354014340747084e-06,1.1354014340747084e-06,"World Pacific Industrial H.K., Ltd.",
sku_customer,sku_customer::2019419|EVERBOND ELECTRONICS LIMITED,2019419,교체형,lumpy,122828.0,tsb,"{'alpha': 0.1, 'beta': 0.2}",0.0004646826926778297,0.0032027197041523854,2.0,11,6,-0.5847631037275748,4.614487696815164,1.3448549134811578e-05,0.7520503988061789,3.0082015952247154,1.153621924203791,1.153621924203791,1.153621924203791,1.153621924203791,EVERBOND ELECTRONICS LIMITED,
sku_customer,sku_customer::1007870|Eudar Technology Inc.,1007870,교체형,intermittent,122162.0,tsb,"{'alpha': 0.1, 'beta': 0.2}",6.136811663188814e-11,2.9271809218032755e-10,2.0,11,6,,4.1946224852476367e-07,2.3921815929312095e-12,1.0463209477644721e-07,4.1852837910578883e-07,1.0486556213119092e-07,1.0486556213119092e-07,1.0486556213119092e-07,1.0486556213119092e-07,Eudar Technology Inc.,
sku_customer,sku_customer::2019418|Eternal International (HK) Ltd.,2019418,교체형,intermittent,120960.0,tsb,"{'alpha': 0.1, 'beta': 0.2}",0.00036287163222844485,0.0017411733413437893,2.0,11,6,,2.4705347542000435,1.2734925288458592e-05,0.570100834609345,2.28040333843738,0.6176336885500109,0.6176336885500109,0.6176336885500109,0.6176336885500109,Eternal International (HK) Ltd.,
sku_customer,"sku_customer::2014723|Hosin Global Electronics Co., Ltd",2014723,교체형,intermittent,120444.0,tsb,"{'alpha': 0.1, 'beta': 0.2}",9.411292231625874e-09,6.568028713944717e-08,2.0,11,6,,9.279560195378357e-05,2.472081259504739e-10,1.945871076109049e-05,7.783484304436195e-05,2.3198900488445892e-05,2.3198900488445892e-05,2.3198900488445892e-05,2.3198900488445892e-05,"Hosin Global Electronics Co., Ltd",
sku_customer,sku_customer::1009439|GOLDKEY TECHNOLOGY CORPORATION,1009439,교체형,lumpy,120203.0,croston,{'alpha': 0.1},533.8316745034197,1900.5416666666667,1.999955559629256,10,6,,509.1034482758621,0.01044932079414838,102.23866248693837,408.95464994775347,127.27586206896552,127.27586206896552,127.27586206896552,127.27586206896552,GOLDKEY TECHNOLOGY CORPORATION,
sku_customer,sku_customer::2016864|GOLDKEY TECHNOLOGY CORPORATION,2016864,교체형,lumpy,118400.0,tsb,"{'alpha': 0.1, 'beta': 0.2}",1.718658662277963e-06,7.143054188727327e-06,2.0,11,6,,0.009920711665974786,1.0257838397089896e-07,0.0023366010040173084,0.009346404016069234,0.0024801779164936965,0.0024801779164936965,0.0024801779164936965,0.0024801779164936965,GOLDKEY TECHNOLOGY CORPORATION,
sku_customer,sku_customer::1006389|Eudar Technology Inc.,1006389,교체형,intermittent,117818.0,tsb,"{'alpha': 0.1, 'beta': 0.2}",5.295222985859137e-09,1.8328223503747324e-08,2.0,11,6,,2.5330233822517066e-05,3.62991762771707e-10,6.1105381738475815e-06,2.4442152695390326e-05,6.332558455629267e-06,6.332558455629267e-06,6.332558455629267e-06,6.332558455629267e-06,Eudar Technology Inc.,
sku_customer,sku_customer::1007870|Ringson Limited,1007870,교체형,intermittent,115917.0,tsb,"{'alpha': 0.1, 'beta': 0.2}",7.617743695763389e-06,3.6578086878458184e-05,2.0,11,6,,0.04973650915551273,2.604371145035677e-07,0.009241084404313574,0.036964337617254296,0.012434127288878183,0.012434127288878183,0.012434127288878183,0.012434127288878183,Ringson Limited,
sku_customer,"sku_customer::2017389|Hosin Global Electronics Co., Ltd",2017389,교체형,intermittent,115793.0,tsb,"{'alpha': 0.1, 'beta': 0.2}",6.543910175750542e-07,2.374979980464501e-06,2.0,11,6,,0.003225889147230471,3.395554406808966e-08,0.0006621093404469007,0.002648437361787603,0.0008064722868076177,0.0008064722868076177,0.0008064722868076177,0.0008064722868076177,"Hosin Global Electronics Co., Ltd",
sku_customer,"sku_customer::1006841|World Pacific Industrial H.K., Ltd.",1006841,교체형,intermittent,114587.0,tsb,"{'alpha': 0.1, 'beta': 0.2}",2.0037359414044962e-12,1.4307696216039543e-11,2.0,11,6,,1.686392563430905e-08,1.2389341500589973e-13,4.071866110374099e-09,1.6287464441496397e-08,4.215981408577263e-09,4.215981408577263e-09,4.215981408577263e-09,4.215981408577263e-09,"World Pacific Industrial H.K., Ltd.",
sku_customer,"sku_customer::2016908|Hosin Global Electronics Co., Ltd",2016908,교체형,intermittent,113625.0,tsb,"{'alpha': 0.1, 'beta': 0.2}",6.516445509603276e-06,2.288457269418612e-05,2.0,11,6,,0.03050168868911947,4.347653334039226e-07,0.00734685032865367,0.02938740131461468,0.007625422172279867,0.007625422172279867,0.007625422172279867,0.007625422172279867,"Hosin Global Electronics Co., Ltd",
sku_customer,"sku_customer::2018392|Hosin Global Electronics Co., Ltd",2018392,교체형,intermittent,113363.0,tsb,"{'alpha': 0.1, 'beta': 0.2}",1.2785889846545796e-06,5.181233601760957e-06,2.0,11,6,,0.00601468941047226,8.535853415511464e-08,0.001478423380159175,0.0059136935206367,0.001503672352618065,0.001503672352618065,0.001503672352618065,0.001503672352618065,"Hosin Global Electronics Co., Ltd",
sku_customer,"sku_customer::1007583|HONGKONG SHICHUANGYI CO., LIMITED",1007583,교체형,lumpy,112868.0,tsb,"{'alpha': 0.1, 'beta': 0.2}",2.4550256616088415e-05,0.00018121121485480018,2.0,11,6,,0.23991813776712112,3.0506548146491708e-06,0.05437047847337373,0.21748191389349492,0.05997953444178028,0.05997953444178028,0.05997953444178028,0.05997953444178028,"HONGKONG SHICHUANGYI CO., LIMITED",
sku_customer,"sku_customer::1008622|HONGKONG SHICHUANGYI CO., LIMITED",1008622,교체형,lumpy,112820.0,tsb,"{'alpha': 0.1, 'beta': 0.2}",0.023140798260497013,0.1866314614030664,2.0,11,6,-0.5847631037275749,246.9892961689218,0.0006100380961069529,49.4465402738537,197.7861610954148,61.74732404223045,61.74732404223045,61.74732404223045,61.74732404223045,"HONGKONG SHICHUANGYI CO., LIMITED",
sku_customer,sku_customer::2017822|Skyrich View (HK) Limited,2017822,교체형,lumpy,112082.0,tsb,"{'alpha': 0.1, 'beta': 0.2}",5.5980410838027514e-14,4.1609011122026355e-13,2.0,11,6,,5.470543135275557e-10,7.240688810044839e-15,1.2331298522079725e-10,4.93251940883189e-10,1.3676357838188893e-10,1.3676357838188893e-10,1.3676357838188893e-10,1.3676357838188893e-10,Skyrich View (HK) Limited,
sku_customer,"sku_customer::1009193|Hosin Global Electronics Co., Ltd",1009193,교체형,lumpy,111574.0,tsb,"{'alpha': 0.1, 'beta': 0.2}",1.32054465922186e-07,1.0215319870675816e-06,2.0,11,6,,0.0013369715125249447,2.198879505619753e-08,0.00028962057654779343,0.0011584823061911737,0.0003342428781312362,0.0003342428781312362,0.0003342428781312362,0.0003342428781312362,"Hosin Global Electronics Co., Ltd",
sku_customer,sku_customer::2019417|Eternal International (HK) Ltd.,2019417,교체형,intermittent,111360.0,tsb,"{'alpha': 0.1, 'beta': 0.2}",0.00011299073174316201,0.0006481874476636181,2.0,11,6,,0.8467145429817,4.023696695282561e-06,0.2110605959330296,0.8442423837321184,0.211678635745425,0.211678635745425,0.211678635745425,0.211678635745425,Eternal International (HK) Ltd.,
sku_customer,"sku_customer::1007870|Hosin Global Electronics Co., Ltd",1007870,교체형,lumpy,110351.0,tsb,"{'alpha': 0.1, 'beta': 0.2}",1.0713962184953555e-11,7.95925234663532e-11,2.0,11,6,,1.0302810872634699e-07,2.808618654562923e-13,2.1139877185740356e-08,8.455950874296142e-08,2.5757027181586747e-08,2.5757027181586747e-08,2.5757027181586747e-08,2.5757027181586747e-08,"Hosin Global Electronics Co., Ltd",
sku_customer,sku_customer::2014722|Patriot Memory Inc.,2014722,교체형,intermittent,110291.0,tsb,"{'alpha': 0.1, 'beta': 0.2}",1.8682577283514437e-13,9.099967596264496e-13,2.0,11,6,,1.177299882545032e-09,6.55694727120597e-15,2.776076663792712e-10,1.1104306655170849e-09,2.94324970636258e-10,2.94324970636258e-10,2.94324970636258e-10,2.94324970636258e-10,Patriot Memory Inc.,
sku_customer,sku_customer::1009440|BANG TAI INTERNATIONAL LOGISTICS CO,1009440,교체형,intermittent,110041.0,sba,{'alpha': 0.05},0.014288050365380162,0.08188531757355758,2.0,11,6,-0.9904777404836205,460.0202487467478,0.008460773737758318,115.0045919791865,460.018367916746,115.00506218668696,115.00506218668696,115.00506218668696,115.00506218668696,BANG TAI INTERNATIONAL LOGISTICS CO,
sku_customer,"sku_customer::1009440|Hosin Global (HK) Electronics Co.,",1009440,교체형,lumpy,109558.0,croston,{'alpha': 0.1},20409.96503363809,16665.107262065347,1.52363474848216,10,6,,2634.212889210716,0.007241129616220129,540.7020999275886,2162.8083997103545,658.553222302679,658.553222302679,658.553222302679,658.553222302679,"Hosin Global (HK) Electronics Co.,",
sku_customer,"sku_customer::2018575|G.Skill International Ent. Co., Ltd",2018575,교체형,intermittent,108614.0,tsb,"{'alpha': 0.1, 'beta': 0.2}",6.905518598070581e-06,3.9641398270382015e-05,2.0,11,6,,0.05050588125944854,2.480262418502103e-07,0.012584315774797272,0.05033726309918909,0.012626470314862135,0.012626470314862135,0.012626470314862135,0.012626470314862135,"G.Skill International Ent. Co., Ltd",
sku_customer,"sku_customer::1009137|HONGKONG SHICHUANGYI CO., LIMITED",1009137,교체형,lumpy,107825.0,tsb,"{'alpha': 0.1, 'beta': 0.2}",0.0024186639461453857,0.016472217365939,2.0,11,6,-0.5847631037275748,20.83429032543461,0.00038765105277656933,4.142000328978677,16.568001315914707,5.208572581358652,5.208572581358652,5.208572581358652,5.208572581358652,"HONGKONG SHICHUANGYI CO., LIMITED",
sku_customer,"sku_customer::1009139|LONG SOURCE ELECTRONIC CO.,LIMITED",1009139,교체형,lumpy,106749.0,tsb,"{'alpha': 0.1, 'beta': 0.2}",5.491264013520318e-07,4.171155488689207e-06,2.0,11,6,,0.005223088386161376,1.4406310056061405e-08,0.0010641929713364514,0.004256771885345806,0.001305772096540344,0.001305772096540344,0.001305772096540344,0.001305772096540344,"LONG SOURCE ELECTRONIC CO.,LIMITED",
sku_customer,"sku_customer::1006362|World Pacific Industrial H.K., Ltd.",1006362,교체형,intermittent,106636.0,tsb,"{'alpha': 0.1, 'beta': 0.2}",5.410274429714859e-10,1.909986757117066e-09,2.0,11,6,,2.0191489503306916e-06,2.1468381391052456e-11,3.411757593974012e-07,1.3647030375896047e-06,5.047872375826729e-07,5.047872375826729e-07,5.047872375826729e-07,5.047872375826729e-07,"World Pacific Industrial H.K., Ltd.",
sku_customer,sku_customer::1007877|TAIWAN EXPRESS (H.K.) CO. LTD,1007877,교체형,intermittent,105308.0,tsb,"{'alpha': 0.1, 'beta': 0.2}",7.846820107899447e-06,3.350089628324857e-05,2.0,11,6,,0.041383285906216226,3.6353000530806736e-07,0.010302341615681188,0.04120936646272475,0.010345821476554056,0.010345821476554056,0.010345821476554056,0.010345821476554056,TAIWAN EXPRESS (H.K.) CO. LTD,
sku_customer,sku_customer::1006760|UNIFORTUNE (HK) COMPANY LIMITED,1006760,교체형,lumpy,104726.0,tsb,"{'alpha': 0.1, 'beta': 0.2}",3.154782049658013e-12,2.5489979921073753e-11,2.0,11,6,,3.131346950674173e-08,7.374260420020565e-13,6.289093753652018e-09,2.5156375014608073e-08,7.828367376685432e-09,7.828367376685432e-09,7.828367376685432e-09,7.828367376685432e-09,UNIFORTUNE (HK) COMPANY LIMITED,
sku_customer,"sku_customer::2019670|Hosin Global (HK) Electronics Co.,",2019670,교체형,intermittent,104655.0,tsb,"{'alpha': 0.1, 'beta': 0.1}",0.3320011489062014,1.5703076635977256,0.38707631920424296,11,6,-0.4719306740958545,19727.572747107017,0.21061575895985135,4931.893186776754,19727.572747107017,4931.893186776754,4931.893186776754,4931.893186776754,4931.893186776754,"Hosin Global (HK) Electronics Co.,",
sku_customer,sku_customer::2018611|Eternal International (HK) Ltd.,2018611,교체형,intermittent,104472.0,tsb,"{'alpha': 0.1, 'beta': 0.2}",0.00758257753365605,0.03620509427580556,2.0,11,6,-0.5847631037275748,44.368706930185624,0.00028424176494991013,10.93985270767681,43.75941083070724,11.092176732546406,11.092176732546406,11.092176732546406,11.092176732546406,Eternal International (HK) Ltd.,
sku_customer,sku_customer::1007728|PATRIOT MEMORY INC.,1007728,교체형,intermittent,103048.0,tsb,"{'alpha': 0.1, 'beta': 0.2}",5.230444971047796e-09,2.265908802916061e-08,2.0,11,6,,2.275379347102899e-05,1.9790673710666366e-10,4.146922395937692e-06,1.6587689583750767e-05,5.688448367757248e-06,5.688448367757248e-06,5.688448367757248e-06,5.688448367757248e-06,PATRIOT MEMORY INC.,
sku_customer,sku_customer::1008053|MF WAREHOUSING & LOGISTICS,1008053,교체형,lumpy,101970.0,tsb,"{'alpha': 0.1, 'beta': 0.2}",0.07008941657264753,0.5562288544758017,2.0,11,6,-0.3754716142583555,665.3238835954816,0.001844674407372781,133.8048600913343,535.2194403653372,166.3309708988704,166.3309708988704,166.3309708988704,166.3309708988704,MF WAREHOUSING & LOGISTICS,
sku_customer,"sku_customer::1009592|HONGKONG SHICHUANGYI CO., LIMITED",1009592,교체형,intermittent,101070.0,sba,{'alpha': 0.05},0.03829088929550591,0.23594876078697172,2.0,11,6,-0.9736387709948591,1276.111906501096,0.007304601899196495,318.119495982469,1272.477983929876,319.027976625274,319.027976625274,319.027976625274,319.027976625274,"HONGKONG SHICHUANGYI CO., LIMITED",
sku_customer,"sku_customer::1009160|Hosin Global Electronics Co., Ltd",1009160,교체형,lumpy,101000.0,tsb,"{'alpha': 0.1, 'beta': 0.2}",2.3528987817225395e-06,1.2473889509986863e-05,2.0,11,6,,0.013315284971636632,9.835488972992047e-08,0.0032580057223036154,0.013032022889214461,0.003328821242909158,0.003328821242909158,0.003328821242909158,0.003328821242909158,"Hosin Global Electronics Co., Ltd",
sku_customer,sku_customer::1009131|LUCKY GRADE LIMITED,1009131,교체형,intermittent,100235.0,croston,{'alpha': 0.1},4.181926392487235,29.704386206226854,1.9580759136416848,11,6,1.0089037220000214,1362.562436548223,0.01015228426395939,332.23228426395934,1328.9291370558374,340.6406091370558,340.6406091370558,340.6406091370558,340.6406091370558,LUCKY GRADE LIMITED,
sku_customer,sku_customer::2018356|BaDa Group (HongKong) Corporation L,2018356,교체형,intermittent,100161.0,tsb,"{'alpha': 0.2, 'beta': 0.05}",0.1939248690619252,0.569879607967888,0.2944095642143713,11,6,-0.212853961366749,7902.156944904569,0.21979772531023753,1869.7549869888314,7479.019947955326,1975.5392362261423,1975.5392362261423,1975.5392362261423,1975.5392362261423,BaDa Group (HongKong) Corporation L,
sku_customer,"sku_customer::1009975|Hosin Global (HK) Electronics Co.,",1009975,교체형,intermittent,100089.0,tsb,"{'alpha': 0.1, 'beta': 0.1}",9.580231659345,73.24198034949009,1.8416127920944696,11,6,1.0232621034124536,11195.937530803234,0.19102865873797592,2691.893716612299,10767.574866449197,2798.9843827008085,2798.9843827008085,2798.9843827008085,2798.9843827008085,"Hosin Global (HK) Electronics Co.,",
sku_customer,"sku_customer::2016048|World Pacific Industrial H.K., Ltd.",2016048,교체형,lumpy,99960.0,tsb,"{'alpha': 0.1, 'beta': 0.2}",2.5110426774124086e-14,1.5403689768838715e-13,2.0,11,6,,1.806168197829528e-10,2.5676164131173475e-15,3.924334655342902e-11,1.5697338621371607e-10,4.51542049457382e-11,4.51542049457382e-11,4.51542049457382e-11,4.51542049457382e-11,"World Pacific Industrial H.K., Ltd.",
sku_customer,sku_customer::1008924|GoldKey Technology Corporation,1008924,교체형,intermittent,99856.0,tsb,"{'alpha': 0.1, 'beta': 0.2}",6.970410326956292e-08,4.2975033257503196e-07,2.0,11,6,,0.000503381866859101,1.908716051610375e-09,0.00011209927545428765,0.0004483971018171506,0.00012584546671477525,0.00012584546671477525,0.00012584546671477525,0.00012584546671477525,GoldKey Technology Corporation,
sku_customer,"sku_customer::1008053|CY STORAGE TECHNOLOGY(HK) CO.,LIMIT",1008053,교체형,intermittent,99792.0,sba,{'alpha': 0.05},0.05893388124321726,0.36491276658599486,2.0,11,6,-0.0031298969977965985,1948.6488188976375,0.008748906386701663,461.17858267716537,1844.7143307086615,487.1622047244094,487.1622047244094,487.1622047244094,487.1622047244094,"CY STORAGE TECHNOLOGY(HK) CO.,LIMIT",
sku_customer,sku_customer::2017773|PINE INFORMATION CO LTD,2017773,교체형,intermittent,99556.0,tsb,"{'alpha': 0.1, 'beta': 0.2}",2.2978315110723463e-10,5.756411223023135e-10,2.0,11,6,,4.914676213324577e-07,2.104231644321183e-11,1.1877379527915746e-07,4.750951811166298e-07,1.2286690533311443e-07,1.2286690533311443e-07,1.2286690533311443e-07,1.2286690533311443e-07,PINE INFORMATION CO LTD,
sku_customer,sku_customer::1005729|MF WAREHOUSING & LOGISTICS,1005729,교체형,lumpy,99547.0,tsb,"{'alpha': 0.1, 'beta': 0.2}",4.816686788332175e-05,0.0003876999683668501,2.0,11,6,,0.45272150261539557,1.0889115313198018e-05,0.09173992538446826,0.36695970153787305,0.11318037565384889,0.11318037565384889,0.11318037565384889,0.11318037565384889,MF WAREHOUSING & LOGISTICS,
sku_customer,sku_customer::2014723|GOLDKEY TECHNOLOGY CORPORATION,2014723,교체형,intermittent,99469.0,tsb,"{'alpha': 0.1, 'beta': 0.2}",1.1601195742902259e-09,6.6423025675672355e-09,2.0,11,6,,7.750212077373736e-06,3.806071513573669e-11,1.917472947252122e-06,7.669891789008488e-06,1.937553019343434e-06,1.937553019343434e-06,1.937553019343434e-06,1.937553019343434e-06,GOLDKEY TECHNOLOGY CORPORATION,
sku_customer,sku_customer::2017140|GOLDKEY TECHNOLOGY CORPORATION,2017140,교체형,intermittent,98071.0,tsb,"{'alpha': 0.1, 'beta': 0.2}",4.208269565278345e-06,2.66933934714553e-05,2.0,11,6,,0.03070800285058998,1.1325699336638191e-07,0.006721476376153872,0.026885905504615486,0.007677000712647495,0.007677000712647495,0.007677000712647495,0.007677000712647495,GOLDKEY TECHNOLOGY CORPORATION,
sku_customer,sku_customer::1007629|PNG HK LTD,1007629,교체형,intermittent,96033.0,tsb,"{'alpha': 0.1, 'beta': 0.2}",2.4741684307522306e-12,1.1589822942291452e-11,2.0,11,6,,1.3055829738186407e-08,1.0108257738373576e-13,3.2550419512213563e-09,1.3020167804885425e-08,3.263957434546602e-09,3.263957434546602e-09,3.263957434546602e-09,3.263957434546602e-09,PNG HK LTD,
sku_customer,"sku_customer::1006416|World Pacific Industrial H.K., Ltd.",1006416,교체형,lumpy,95982.0,tsb,"{'alpha': 0.1, 'beta': 0.2}",2.8478809229344435e-14,2.2668669952916712e-13,2.0,11,6,,2.5522488389461287e-10,5.865512766234599e-15,5.292194086411766e-11,2.1168776345647063e-10,6.380622097365322e-11,6.380622097365322e-11,6.380622097365322e-11,6.380622097365322e-11,"World Pacific Industrial H.K., Ltd.",
sku_customer,"sku_customer::2019670|PATRIOT?MEMORY?CO.,?LIMITED",2019670,교체형,intermittent,94181.0,tsb,"{'alpha': 0.1, 'beta': 0.2}",1.409381783594503,9.144120903690341,0.602152016898624,11,6,-0.9996678521414163,23633.08783452815,0.19760866918399997,5838.662328825281,23354.649315301125,5908.271958632037,5908.271958632037,5908.271958632037,5908.271958632037,"PATRIOT?MEMORY?CO.,?LIMITED",
sku_customer,sku_customer::2016049|PATRIOT MEMORY INC.,2016049,교체형,intermittent,92894.0,tsb,"{'alpha': 0.1, 'beta': 0.2}",1.0179624882726945e-05,5.578724457069488e-05,2.0,11,6,,0.060789665784294705,3.065003118177303e-07,0.011914753970460882,0.04765901588184353,0.015197416446073676,0.015197416446073676,0.015197416446073676,0.015197416446073676,PATRIOT MEMORY INC.,
sku_customer,sku_customer::2018609|Patriot Memory Inc.,2018609,교체형,intermittent,92710.0,sba,{'alpha': 0.05},0.030252564403661045,0.0966998942781739,2.0,11,6,0.013652508966809519,479.7349671453914,0.013156482863246492,119.56650105440679,478.26600421762714,119.93374178634785,119.93374178634785,119.93374178634785,119.93374178634785,Patriot Memory Inc.,
sku_customer,"sku_customer::2016514|XINRONGDA CO., Limited",2016514,교체형,lumpy,91316.0,tsb,"{'alpha': 0.1, 'beta': 0.2}",8.006171263943653e-07,6.324798081908126e-06,2.0,11,6,,0.006774866239770249,2.1062458775120777e-08,0.0013642954922079183,0.005457181968831673,0.0016937165599425622,0.0016937165599425622,0.0016937165599425622,0.0016937165599425622,"XINRONGDA CO., Limited",
sku_customer,sku_customer::1008815|Patriot Memory Inc.,1008815,교체형,intermittent,90591.0,tsb,"{'alpha': 0.1, 'beta': 0.2}",0.021513552091100466,0.12380606982505937,2.0,11,6,-0.5053304449782321,131.56312218696272,0.0007930553376672015,32.73922767171248,130.9569106868499,32.89078054674068,32.89078054674068,32.89078054674068,32.89078054674068,Patriot Memory Inc.,
sku_customer,"sku_customer::1007583|World Pacific Industrial H.K., Ltd.",1007583,교체형,intermittent,90446.0,tsb,"{'alpha': 0.1, 'beta': 0.2}",1.2353979037609614e-09,7.116348251443726e-09,2.0,11,6,,7.550117980811788e-06,4.594250632117502e-11,1.8780230717949696e-06,7.512092287179879e-06,1.887529495202947e-06,1.887529495202947e-06,1.887529495202947e-06,1.887529495202947e-06,"World Pacific Industrial H.K., Ltd.",
sku_customer,sku_customer::2018610|EVERBOND ELECTRONICS LIMITED,2018610,교체형,intermittent,89332.0,tsb,"{'alpha': 0.1, 'beta': 0.2}",0.26714862449190185,1.0967189295466506,0.4664667438704409,11,6,-0.1543772514541287,6111.514824878569,0.16893008022082018,1447.116917541817,5788.467670167268,1527.8787062196423,1527.8787062196423,1527.8787062196423,1527.8787062196423,EVERBOND ELECTRONICS LIMITED,
sku_customer,"sku_customer::2016834|XINRONGDA CO., Limited",2016834,교체형,intermittent,88014.0,tsb,"{'alpha': 0.1, 'beta': 0.2}",1.463275981408654e-09,4.4258941800903e-09,2.0,11,6,,4.56940829117845e-06,8.65568220208468e-11,9.029325172142181e-07,3.6117300688568724e-06,1.1423520727946125e-06,1.1423520727946125e-06,1.1423520727946125e-06,1.1423520727946125e-06,"XINRONGDA CO., Limited",
sku_customer,"sku_customer::2017754|XINRONGDA CO., Limited",2017754,교체형,intermittent,86794.0,tsb,"{'alpha': 0.1, 'beta': 0.2}",8.093173216855568e-10,3.722618721274876e-09,2.0,11,6,,3.790054379670981e-06,2.8531816973617293e-11,7.028467876465241e-07,2.8113871505860965e-06,9.475135949177453e-07,9.475135949177453e-07,9.475135949177453e-07,9.475135949177453e-07,"XINRONGDA CO., Limited",
sku_customer,sku_customer::1007320|PNG HK LTD,1007320,교체형,lumpy,86027.0,tsb,"{'alpha': 0.1, 'beta': 0.2}",3.7714693442812497e-11,2.217325645578042e-10,2.0,11,6,,2.2375432495524005e-07,1.206205635564338e-12,2.981474724634094e-08,1.1925898898536376e-07,5.593858123881001e-08,5.593858123881001e-08,5.593858123881001e-08,5.593858123881001e-08,PNG HK LTD,
sku_customer,sku_customer::2017389|EVERBOND ELECTRONICS LIMITED,2017389,교체형,intermittent,85985.0,tsb,"{'alpha': 0.1, 'beta': 0.2}",0.0013153040850427669,0.00501552775497748,2.0,11,6,-0.5847631037275749,5.0587883999840635,6.491702887089798e-05,1.2646970999960159,5.0587883999840635,1.2646970999960159,1.2646970999960159,1.2646970999960159,1.2646970999960159,EVERBOND ELECTRONICS LIMITED,
sku_customer,"sku_customer::1008802|Hosin Global (HK) Electronics Co.,",1008802,교체형,intermittent,84488.0,tsb,"{'alpha': 0.1, 'beta': 0.2}",7067.186202146102,5774.388554483662,1.4286031076432761,10,6,,40761.572352,0.28192,10104.441318399999,40417.765273599995,10190.393088,10190.393088,10190.393088,10190.393088,"Hosin Global (HK) Electronics Co.,",
sku_customer,"sku_customer::2017384|Hotop Technologies, Inc.",2017384,교체형,intermittent,84484.0,tsb,"{'alpha': 0.1, 'beta': 0.2}",4.8939546372241785e-08,2.180094390200227e-07,2.0,11,6,,0.00021605133074977607,1.7659366587210994e-09,4.419227597725815e-05,0.0001767691039090326,5.401283268744402e-05,5.401283268744402e-05,5.401283268744402e-05,5.401283268744402e-05,"Hotop Technologies, Inc.",
sku_customer,sku_customer::1009010|PATRIOT MEMORY INC.,1009010,교체형,lumpy,83118.0,tsb,"{'alpha': 0.1, 'beta': 0.2}",1.0944625684971607e-06,8.805031124858761e-06,2.0,11,6,,0.008584858879081694,2.463572074393837e-07,0.001741607496560277,0.006966429986241108,0.0021462147197704234,0.0021462147197704234,0.0021462147197704234,0.0021462147197704234,PATRIOT MEMORY INC.,
sku_customer,sku_customer::2018609|Eternal International (HK) Ltd.,2018609,교체형,intermittent,82887.0,tsb,"{'alpha': 0.1, 'beta': 0.2}",0.008399823746390252,0.04052230275220064,2.0,11,6,-0.5847631037275748,39.399228565872164,0.00028424176494991013,8.665289845293458,34.66115938117383,9.849807141468041,9.849807141468041,9.849807141468041,9.849807141468041,Eternal International (HK) Ltd.,
sku_customer,sku_customer::1007914|Skyrich View (HK) Limited,1007914,교체형,intermittent,82277.0,tsb,"{'alpha': 0.1, 'beta': 0.2}",3.725260306619206e-11,2.0651135209903645e-10,2.0,11,6,,1.356560407302801e-07,1.2973528555629055e-12,3.370005074963059e-08,1.3480020299852236e-07,3.391401018257002e-08,3.391401018257002e-08,3.391401018257002e-08,3.391401018257002e-08,Skyrich View (HK) Limited,
sku_customer,sku_customer::1008409|PATRIOT MEMORY INC.,1008409,교체형,intermittent,82239.0,tsb,"{'alpha': 0.1, 'beta': 0.2}",1.719155989235497e-11,1.0077877652778921e-10,2.0,11,6,,9.721965662078845e-08,5.020110286914023e-13,2.265680190778266e-08,9.062720763113065e-08,2.4304914155197113e-08,2.4304914155197113e-08,2.4304914155197113e-08,2.4304914155197113e-08,PATRIOT MEMORY INC.,
sku_customer,"sku_customer::2018610|Hosin Global Electronics Co., Ltd",2018610,교체형,intermittent,81839.0,tsb,"{'alpha': 0.1, 'beta': 0.2}",0.022965085818342165,0.09946145360136072,2.0,11,6,-0.5065380236619479,95.48217349607764,0.001005523232935061,23.658698733781417,94.63479493512567,23.87054337401941,23.87054337401941,23.87054337401941,23.87054337401941,"Hosin Global Electronics Co., Ltd",
sku_customer,sku_customer::2017835|EVERBOND ELECTRONICS LIMITED,2017835,교체형,intermittent,81603.0,tsb,"{'alpha': 0.1, 'beta': 0.2}",1.3920217804700389e-07,5.424617046296172e-07,2.0,11,6,,0.0005192570358870148,6.731212891517553e-09,0.0001298142589717537,0.0005192570358870148,0.0001298142589717537,0.0001298142589717537,0.0001298142589717537,0.0001298142589717537,EVERBOND ELECTRONICS LIMITED,
sku_customer,sku_customer::2019416|EVERBOND ELECTRONICS LIMITED,2019416,교체형,intermittent,81600.0,tsb,"{'alpha': 0.1, 'beta': 0.2}",0.00014113286179424453,0.0008077102360696301,2.0,11,6,,0.7731307123949206,4.737320541635543e-06,0.19328267809873015,0.7731307123949206,0.19328267809873015,0.19328267809873015,0.19328267809873015,0.19328267809873015,EVERBOND ELECTRONICS LIMITED,
sku_customer,sku_customer::2018782|Wilk Elektronik S.A.,2018782,교체형,intermittent,81487.0,sba,{'alpha': 0.05},0.10912751918517805,0.210786081058718,1.883914495751996,11,6,-0.8303641565128405,543.1647788802952,0.03482716545192527,125.57008655616247,502.28034622464986,135.7911947200738,135.7911947200738,135.7911947200738,135.7911947200738,Wilk Elektronik S.A.,
sku_customer,"sku_customer::2018610|Hotop Technologies, Inc.",2018610,교체형,intermittent,80044.0,sba,{'alpha': 0.05},0.03567430876682843,0.1719618974191595,2.0,11,6,-0.600384987358139,736.5628423822984,0.008664478885748016,181.77568378984307,727.1027351593723,184.1407105955746,184.1407105955746,184.1407105955746,184.1407105955746,"Hotop Technologies, Inc.",
sku_customer,sku_customer::1009440|GoldKey Technology Corporation,1009440,교체형,intermittent,80009.0,sba,{'alpha': 0.05},0.03616987235752565,0.22791605471537535,2.0,11,6,0.01365250896680958,975.803912868092,0.008067769261799113,242.3792577652279,969.5170310609116,243.950978217023,243.950978217023,243.950978217023,243.950978217023,GoldKey Technology Corporation,
sku_customer,sku_customer::2019246|Eternal International (HK) Ltd.,2019246,교체형,intermittent,79862.0,tsb,"{'alpha': 0.1, 'beta': 0.2}",0.0006759181612519344,0.002493572126491034,2.0,11,6,-0.5847631037275749,2.3359809522227906,4.08043142344969e-05,0.5837438834800132,2.3349755339200526,0.5839952380556976,0.5839952380556976,0.5839952380556976,0.5839952380556976,Eternal International (HK) Ltd.,
sku_customer,sku_customer::2018126|PATRIOT MEMORY INC.,2018126,교체형,intermittent,79462.0,tsb,"{'alpha': 0.1, 'beta': 0.2}",9.808405852889048e-06,5.806658862785829e-05,2.0,11,6,,0.054124386216370404,4.320411428874677e-07,0.013349380049394134,0.053397520197576535,0.013531096554092601,0.013531096554092601,0.013531096554092601,0.013531096554092601,PATRIOT MEMORY INC.,
sku_customer,"sku_customer::2017390|XINRONGDA CO., Limited",2017390,교체형,intermittent,79200.0,tsb,"{'alpha': 0.1, 'beta': 0.2}",1.321893809087263e-09,6.808388979741584e-09,2.0,11,6,,6.325235825136764e-06,4.1128510098943794e-11,1.2934751912077428e-06,5.173900764830971e-06,1.581308956284191e-06,1.581308956284191e-06,1.581308956284191e-06,1.581308956284191e-06,"XINRONGDA CO., Limited",
sku_customer,sku_customer::2019071|Eternal International (HK) Ltd.,2019071,교체형,intermittent,78060.0,tsb,"{'alpha': 0.1, 'beta': 0.2}",0.037346029668099585,0.10528768538981303,2.0,11,6,-0.14790063271605988,96.4080515633013,0.0029966738621714484,23.30890616849258,93.23562467397032,24.102012890825325,24.102012890825325,24.102012890825325,24.102012890825325,Eternal International (HK) Ltd.,
sku_customer,sku_customer::2018332|Wilk Elektronik S.A.,2018332,교체형,lumpy,77281.0,sba,{'alpha': 0.05},0.12244830064702732,0.28664794151961465,1.8832356462069626,11,6,-0.19697491458397842,762.9371518197797,0.03978064444268337,170.20018475808197,680.8007390323279,190.73428795494493,190.73428795494493,190.73428795494493,190.73428795494493,Wilk Elektronik S.A.,
sku_customer,"sku_customer::2016156|Hotop Technologies, Inc.",2016156,교체형,intermittent,76801.0,tsb,"{'alpha': 0.1, 'beta': 0.2}",2.72064707332134e-12,1.5962186107159705e-11,2.0,11,6,,1.4380249635584693e-08,7.929940706019753e-14,3.347595921259697e-09,1.3390383685038789e-08,3.5950624088961734e-09,3.5950624088961734e-09,3.5950624088961734e-09,3.5950624088961734e-09,"Hotop Technologies, Inc.",
sku_customer,"sku_customer::1009282|HONGKONG SHICHUANGYI CO., LIMITED",1009282,교체형,lumpy,76360.0,sba,{'alpha': 0.05},0.0038389653597368898,0.032956212379590545,2.0,11,6,0.013652508966809534,134.6641539695269,0.00801924619085806,27.780384923817167,111.12153969526867,33.66603849238172,33.66603849238172,33.66603849238172,33.66603849238172,"HONGKONG SHICHUANGYI CO., LIMITED",
sku_customer,sku_customer::1008004|PATRIOT MEMORY INC.,1008004,교체형,lumpy,75600.0,tsb,"{'alpha': 0.1, 'beta': 0.2}",2.0397187387676003e-07,1.4564015317998455e-06,2.0,11,6,,0.0012915466667454227,2.118678915264801e-08,0.00029898796852216873,0.001195951874088675,0.0003228866666863557,0.0003228866666863557,0.0003228866666863557,0.0003228866666863557,PATRIOT MEMORY INC.,
sku_customer,"sku_customer::2014722|World Pacific Industrial H.K., Ltd.",2014722,교체형,intermittent,75445.0,tsb,"{'alpha': 0.1, 'beta': 0.2}",2.944842641827508e-14,1.8652452561796388e-13,2.0,11,6,,1.6507206620718798e-10,7.931078088800248e-16,3.616051329770288e-11,1.446420531908115e-10,4.1268016551796995e-11,4.1268016551796995e-11,4.1268016551796995e-11,4.1268016551796995e-11,"World Pacific Industrial H.K., Ltd.",
sku_customer,sku_customer::1006406|Eudar Technology Inc.,1006406,교체형,lumpy,74080.0,tsb,"{'alpha': 0.1, 'beta': 0.2}",2.4490587266995492e-06,1.7260747888570702e-05,2.0,11,6,,0.014999188508050742,6.427753502051311e-08,0.00313376637357889,0.01253506549431556,0.0037497971270126856,0.0037497971270126856,0.0037497971270126856,0.0037497971270126856,Eudar Technology Inc.,
sku_customer,sku_customer::2019297|Wilk Elektronik S.A.,2019297,교체형,intermittent,73788.0,sba,{'alpha': 0.05},0.02263467699480704,0.0658360506939091,2.0,11,6,0.013652508966809432,259.9550773833935,0.017221417832484914,61.446475621129885,245.78590248451954,64.98876934584837,64.98876934584837,64.98876934584837,64.98876934584837,Wilk Elektronik S.A.,
sku_customer,sku_customer::1008278|PATRIOT MEMORY INC.,1008278,교체형,intermittent,73200.0,tsb,"{'alpha': 0.1, 'beta': 0.2}",3.396867480864225e-11,1.9479589452441605e-10,2.0,11,6,,1.6726229867745174e-07,1.2036445524962848e-12,4.170368387176287e-08,1.6681473548705148e-07,4.1815574669362935e-08,4.1815574669362935e-08,4.1815574669362935e-08,4.1815574669362935e-08,PATRIOT MEMORY INC.,
sku_customer,"sku_customer::1008354|G.Skill International Ent. Co., Ltd",1008354,교체형,intermittent,72532.0,tsb,"{'alpha': 0.1, 'beta': 0.2}",5.382204492328357e-11,2.5635663777177685e-10,2.0,11,6,,2.1811292417206408e-07,1.8803188419031256e-12,4.8568199452386416e-08,1.9427279780954566e-07,5.452823104301602e-08,5.452823104301602e-08,5.452823104301602e-08,5.452823104301602e-08,"G.Skill International Ent. Co., Ltd",
sku_customer,sku_customer::2016911|PATRIOT MEMORY INC.,2016911,교체형,intermittent,72376.0,tsb,"{'alpha': 0.1, 'beta': 0.2}",4.3575482685723774e-07,1.4040462792974747e-06,2.0,11,6,,0.0011920190077649294,4.338667196629466e-08,0.0002803014278587933,0.0011212057114351733,0.00029800475194123236,0.00029800475194123236,0.00029800475194123236,0.00029800475194123236,PATRIOT MEMORY INC.,
sku_customer,sku_customer::1008504|PATRIOT MEMORY INC.,1008504,교체형,intermittent,72307.0,tsb,"{'alpha': 0.1, 'beta': 0.2}",4.766033145640591e-11,2.7426296673406676e-10,2.0,11,6,,2.3262409310217573e-07,1.4838937850182803e-12,5.612739208204544e-08,2.2450956832818176e-07,5.815602327554393e-08,5.815602327554393e-08,5.815602327554393e-08,5.815602327554393e-08,PATRIOT MEMORY INC.,
sku_customer,sku_customer::2014722|SILICON POWER COMPUTER & COMMUNICAT,2014722,교체형,intermittent,71550.0,tsb,"{'alpha': 0.1, 'beta': 0.2}",4.009112120088398e-07,2.498622175662102e-06,2.0,11,6,,0.002097091638123685,2.2371363752119536e-08,0.0005104697780958636,0.0020418791123834545,0.0005242729095309213,0.0005242729095309213,0.0005242729095309213,0.0005242729095309213,SILICON POWER COMPUTER & COMMUNICAT,
sku_customer,sku_customer::1009134|TEC LOGISTICS COMPANY,1009134,교체형,intermittent,71000.0,tsb,"{'alpha': 0.1, 'beta': 0.2}",1.5679823628048364e-07,7.45803894248536e-07,2.0,11,6,,0.0006211409698279627,7.152705778765116e-09,0.00015296776578467076,0.000611871063138683,0.00015528524245699067,0.00015528524245699067,0.00015528524245699067,0.00015528524245699067,TEC LOGISTICS COMPANY,
sku_customer,sku_customer::1006218|Skyrich View (HK) Limited,1006218,교체형,intermittent,70467.0,tsb,"{'alpha': 0.1, 'beta': 0.2}",5.30748973103796e-12,3.294382332320436e-11,2.0,11,6,,2.7231211493714695e-08,2.909479105005267e-13,6.635637356869092e-09,2.654254942747637e-08,6.807802873428674e-09,6.807802873428674e-09,6.807802873428674e-09,6.807802873428674e-09,Skyrich View (HK) Limited,
sku_customer,sku_customer::1006661|REALTECH SEMICONDUCTOR TECHNOLOGY,1006661,교체형,intermittent,70091.0,tsb,"{'alpha': 0.1, 'beta': 0.2}",3.3125515346490424e-10,2.2375299548606707e-09,2.0,11,6,,1.8396630886975726e-06,2.632738791205003e-11,4.3677873712952536e-07,1.7471149485181014e-06,4.5991577217439315e-07,4.5991577217439315e-07,4.5991577217439315e-07,4.5991577217439315e-07,REALTECH SEMICONDUCTOR TECHNOLOGY,
sku_customer,sku_customer::2016048|Wilk Elektronik S.A.,2016048,교체형,intermittent,70051.0,tsb,"{'alpha': 0.1, 'beta': 0.2}",3.848407654092297e-08,1.9287461942069282e-07,2.0,11,6,,8.478821507431792e-05,2.806637217231154e-09,1.9564668656842363e-05,7.825867462736945e-05,2.119705376857948e-05,2.119705376857948e-05,2.119705376857948e-05,2.119705376857948e-05,Wilk Elektronik S.A.,
sku_customer,sku_customer::2017386|EVERBOND ELECTRONICS LIMITED,2017386,교체형,intermittent,68921.0,tsb,"{'alpha': 0.1, 'beta': 0.2}",5.769541456811705e-07,2.833454120483424e-06,2.0,11,6,,0.002290735443079288,3.410675893696248e-08,0.0005597730882418243,0.002239092352967297,0.000572683860769822,0.000572683860769822,0.000572683860769822,0.000572683860769822,EVERBOND ELECTRONICS LIMITED,
sku_customer,"sku_customer::2018195|XINRONGDA CO., Limited",2018195,교체형,intermittent,68852.0,tsb,"{'alpha': 0.1, 'beta': 0.2}",1.3008603594610127e-06,5.67967308451534e-06,2.0,11,6,,0.004587193702590808,1.7822677875755529e-07,0.001091529588647869,0.004366118354591476,0.001146798425647702,0.001146798425647702,0.001146798425647702,0.001146798425647702,"XINRONGDA CO., Limited",
sku_customer,sku_customer::2018611|EVERBOND ELECTRONICS LIMITED,2018611,교체형,intermittent,68713.0,sba,{'alpha': 0.05},0.03609578818030761,0.14288757633130636,2.0,11,6,0.013652508966809519,525.3904498971534,0.010070051051382563,131.34604154632433,525.3841661852973,131.34761247428835,131.34761247428835,131.34761247428835,131.34761247428835,EVERBOND ELECTRONICS LIMITED,
sku_customer,sku_customer::2018272|PINE INFO CO LTD,2018272,교체형,lumpy,68680.0,sba,{'alpha': 0.3},0.0766169776341936,0.1202835393178208,0.6985108435195883,11,6,0.14164013039401677,1000.6433977582789,0.24774761645426335,246.19009292148166,984.7603716859267,250.16084943956972,250.16084943956972,250.16084943956972,250.16084943956972,PINE INFO CO LTD,
sku_customer,sku_customer::2017822|Patriot Memory Inc.,2017822,교체형,intermittent,67200.0,tsb,"{'alpha': 0.1, 'beta': 0.2}",2.6896882064734345e-13,1.6747320599696901e-12,2.0,11,6,,1.3201454635613565e-09,1.4947299179816084e-14,3.2142672156276505e-10,1.2857068862510602e-09,3.3003636589033913e-10,3.3003636589033913e-10,3.3003636589033913e-10,3.3003636589033913e-10,Patriot Memory Inc.,
sku_customer,"sku_customer::2018126|G.Skill International Ent. Co., Ltd",2018126,교체형,intermittent,66668.0,tsb,"{'alpha': 0.1, 'beta': 0.2}",4.992656205508574e-06,3.225355726740219e-05,2.0,11,6,,0.02522331870498471,3.2554618875819194e-07,0.006078533327255208,0.02431413330902083,0.006305829676246178,0.006305829676246178,0.006305829676246178,0.006305829676246178,"G.Skill International Ent. Co., Ltd",
sku_customer,sku_customer::1007187|MF WAREHOUSING & LOGISTICS,1007187,교체형,lumpy,66654.0,tsb,"{'alpha': 0.1, 'beta': 0.2}",3.551172207850068e-08,2.6440360776688036e-07,2.0,11,6,,0.00020672870032673155,5.158200283218279e-09,4.138017621043708e-05,0.0001655207048417483,5.1682175081682887e-05,5.1682175081682887e-05,5.1682175081682887e-05,5.1682175081682887e-05,MF WAREHOUSING & LOGISTICS,
sku_customer,"sku_customer::2018954|Hosin Global Electronics Co., Ltd",2018954,교체형,intermittent,65911.0,tsb,"{'alpha': 0.1, 'beta': 0.2}",5.483458746954242e-06,2.6419974406998342e-05,2.0,11,6,,0.020426665342337638,7.211723800165017e-07,0.004938561053802563,0.019754244215210253,0.005106666335584409,0.005106666335584409,0.005106666335584409,0.005106666335584409,"Hosin Global Electronics Co., Ltd",
sku_customer,"sku_customer::2017389|XINRONGDA CO., Limited",2017389,교체형,intermittent,63888.0,tsb,"{'alpha': 0.1, 'beta': 0.2}",3.3485934460456444e-07,1.437623037585223e-06,2.0,11,6,,0.0010773864192732583,1.3845919209871239e-08,0.0002693466048183146,0.0010773864192732583,0.0002693466048183146,0.0002693466048183146,0.0002693466048183146,0.0002693466048183146,"XINRONGDA CO., Limited",
sku_customer,sku_customer::1008167|Mei Tong Development Investment Ltd,1008167,교체형,lumpy,63681.0,tsb,"{'alpha': 0.1, 'beta': 0.2}",1.1764841424427223e-14,9.491403926314577e-14,2.0,11,6,,7.090020829661042e-11,2.713530422705195e-15,1.4291296406652998e-11,5.716518562661199e-11,1.7725052074152606e-11,1.7725052074152606e-11,1.7725052074152606e-11,1.7725052074152606e-11,Mei Tong Development Investment Ltd,
sku_customer,"sku_customer::2016834|Hosin Global Electronics Co., Ltd",2016834,교체형,lumpy,63128.0,tsb,"{'alpha': 0.1, 'beta': 0.2}",7.314300137047027e-08,2.436328155799656e-07,2.0,11,6,,0.00018041182301935414,5.493894148721711e-09,3.981117784560415e-05,0.0001592447113824166,4.5102955754838536e-05,4.5102955754838536e-05,4.5102955754838536e-05,4.5102955754838536e-05,"Hosin Global Electronics Co., Ltd",
sku_customer,"sku_customer::2017601|World Pacific Industrial H.K., Ltd.",2017601,교체형,lumpy,62428.0,tsb,"{'alpha': 0.1, 'beta': 0.2}",6.777453532931488e-12,4.101951280208713e-11,2.0,11,6,,3.003842100863564e-08,1.982581211470669e-13,5.460231672706277e-09,2.184092669082511e-08,7.50960525215891e-09,7.50960525215891e-09,7.50960525215891e-09,7.50960525215891e-09,"World Pacific Industrial H.K., Ltd.",
sku_customer,sku_customer::1008981|Patriot Memory Inc.,1008981,교체형,intermittent,61670.0,croston,{'alpha': 0.1},6.6912553517736715,47.63287441278595,1.9728882128593004,10,6,,676.5773195876288,0.010309278350515464,161.70721649484537,646.8288659793815,169.1443298969072,169.1443298969072,169.1443298969072,169.1443298969072,Patriot Memory Inc.,
sku_customer,sku_customer::2019206|PATRIOT MEMORY INC.,2019206,교체형,intermittent,60964.0,sba,{'alpha': 0.05},0.05387624519365803,0.17939711728886532,2.0,11,6,-0.7363636548430674,513.2077533250965,0.015311992272406535,127.35175788190891,509.40703152763564,128.30193833127413,128.30193833127413,128.30193833127413,128.30193833127413,PATRIOT MEMORY INC.,
sku_customer,sku_customer::1008551|GoldKey Technology Corporation,1008551,교체형,intermittent,60391.0,tsb,"{'alpha': 0.1, 'beta': 0.2}",0.005725691865418133,0.03918769536994641,2.0,11,6,-0.5847631037275748,27.760617662870768,0.00048357042731050887,6.557079594610854,26.228318378443415,6.940154415717692,6.940154415717692,6.940154415717692,6.940154415717692,GoldKey Technology Corporation,
sku_customer,sku_customer::2019416|Eternal International (HK) Ltd.,2019416,교체형,intermittent,60131.0,tsb,"{'alpha': 0.1, 'beta': 0.2}",0.00012761750768843362,0.0007330339836772638,2.0,11,6,,0.5170466348224872,4.023696695282561e-06,0.12553241613450003,0.5021296645380001,0.1292616587056218,0.1292616587056218,0.1292616587056218,0.1292616587056218,Eternal International (HK) Ltd.,
sku_customer,"sku_customer::2018827|Hosin Global Electronics Co., Ltd",2018827,교체형,intermittent,59778.0,tsb,"{'alpha': 0.1, 'beta': 0.2}",7.801432826277611e-07,3.983037846526124e-06,2.0,11,6,,0.0027929489273291444,3.322333540467481e-08,0.0006885098379058221,0.0027540393516232884,0.0006982372318322861,0.0006982372318322861,0.0006982372318322861,0.0006982372318322861,"Hosin Global Electronics Co., Ltd",
sku_customer,sku_customer::1008279|Korchina Logistics (H.K) Ltd,1008279,교체형,intermittent,59740.0,tsb,"{'alpha': 0.1, 'beta': 0.2}",2.3742139940986248e-14,1.358799168531031e-13,2.0,11,6,,9.521988904788867e-11,7.931078088800248e-16,2.3753293357145543e-11,9.501317342858217e-11,2.3804972261972167e-11,2.3804972261972167e-11,2.3804972261972167e-11,2.3804972261972167e-11,Korchina Logistics (H.K) Ltd,
sku_customer,"sku_customer::1009158|Hosin Global Electronics Co., Ltd",1009158,교체형,intermittent,58673.0,tsb,"{'alpha': 0.1, 'beta': 0.2}",2.8541253269345563e-05,0.00015158876869731793,2.0,11,6,,0.10433079106893602,2.0973340372426452e-06,0.02448159296320297,0.09792637185281187,0.026082697767234004,0.026082697767234004,0.026082697767234004,0.026082697767234004,"Hosin Global Electronics Co., Ltd",
sku_customer,sku_customer::2019749|SF Supply Chain (Hong Kong) Limited,2019749,교체형,intermittent,58639.0,tsb,"{'alpha': 0.2, 'beta': 0.05}",0.5568343343308387,3.1647200029391915,1.399026557702572,11,6,-0.4255123017415435,6719.177810532256,0.08468088803983433,1662.581876606535,6650.32750642614,1679.794452633064,1679.794452633064,1679.794452633064,1679.794452633064,SF Supply Chain (Hong Kong) Limited,
sku_customer,"sku_customer::1008815|Hosin Global Electronics Co., Ltd",1008815,교체형,intermittent,58486.0,tsb,"{'alpha': 0.1, 'beta': 0.2}",0.02282564806464752,0.13688702427417757,2.0,11,6,-0.5847631037275748,93.91206343320897,0.0006420266528743853,21.361562156568773,85.44624862627509,23.478015858302243,23.478015858302243,23.478015858302243,23.478015858302243,"Hosin Global Electronics Co., Ltd",
sku_customer,"sku_customer::1008497|G.Skill International Ent. Co., Ltd",1008497,교체형,lumpy,58454.0,tsb,"{'alpha': 0.1, 'beta': 0.2}",7.279562446978286e-11,3.059669407188363e-10,2.0,11,6,,2.0979537979422958e-07,1.0383277039226259e-11,3.911356071397095e-08,1.564542428558838e-07,5.2448844948557395e-08,5.2448844948557395e-08,5.2448844948557395e-08,5.2448844948557395e-08,"G.Skill International Ent. Co., Ltd",
sku_customer,sku_customer::1007976|EVERBOND ELECTRONICS LIMITED,1007976,교체형,lumpy,58270.0,tsb,"{'alpha': 0.1, 'beta': 0.2}",0.004191899742008394,0.02094469720129624,2.0,11,6,-0.5847631037275748,14.316151465194611,0.00014477266649372817,2.7323384877176795,10.929353950870718,3.579037866298653,3.579037866298653,3.579037866298653,3.579037866298653,EVERBOND ELECTRONICS LIMITED,
sku_customer,"sku_customer::2013652|XINRONGDA CO., Limited",2013652,교체형,intermittent,58197.0,tsb,"{'alpha': 0.1, 'beta': 0.2}",6.948479445123285e-07,4.020807709005647e-06,2.0,11,6,,0.00274486558482343,2.1064250143684637e-08,0.000653241155175925,0.0026129646207037,0.0006862163962058575,0.0006862163962058575,0.0006862163962058575,0.0006862163962058575,"XINRONGDA CO., Limited",
sku_customer,sku_customer::2017143|PATRIOT MEMORY INC.,2017143,교체형,intermittent,57600.0,tsb,"{'alpha': 0.1, 'beta': 0.2}",2.6102237415931357e-10,1.7953767455473956e-09,2.0,11,6,,1.213068315824038e-06,6.8674610270835485e-12,2.55799188336808e-07,1.023196753347232e-06,3.032670789560095e-07,3.032670789560095e-07,3.032670789560095e-07,3.032670789560095e-07,PATRIOT MEMORY INC.,
sku_customer,"sku_customer::1009303|Hosin Global Electronics Co., Ltd",1009303,교체형,lumpy,57293.0,tsb,"{'alpha': 0.1, 'beta': 0.2}",0.0011533971652653034,0.008311108597545198,2.0,11,6,-0.5847631037275748,5.585572599523589,0.00019888297264575145,1.02954157385745,4.1181662954298,1.3963931498808972,1.3963931498808972,1.3963931498808972,1.3963931498808972,"Hosin Global Electronics Co., Ltd",
sku_customer,sku_customer::1005728|MF WAREHOUSING & LOGISTICS,1005728,교체형,lumpy,56715.0,tsb,"{'alpha': 0.1, 'beta': 0.2}",1.9559379491956903e-07,1.5828930222624538e-06,2.0,11,6,,0.0010530686438761712,5.158187041775022e-09,0.0002106199185996844,0.0008424796743987376,0.0002632671609690428,0.0002632671609690428,0.0002632671609690428,0.0002632671609690428,MF WAREHOUSING & LOGISTICS,
sku_customer,sku_customer::1009219|TEC LOGISTICS COMPANY,1009219,교체형,lumpy,56663.0,tsb,"{'alpha': 0.1, 'beta': 0.2}",3.994258191467563e-06,3.066419359801164e-05,2.0,11,6,,0.02038160088290888,1.0485074543594977e-07,0.004139230623843346,0.016556922495373383,0.00509540022072722,0.00509540022072722,0.00509540022072722,0.00509540022072722,TEC LOGISTICS COMPANY,
sku_customer,"sku_customer::2018195|Hosin Global Electronics Co., Ltd",2018195,교체형,intermittent,56150.0,tsb,"{'alpha': 0.1, 'beta': 0.2}",1.971623107765975e-09,9.249157505246154e-09,2.0,11,6,,6.091989079460124e-06,2.8514508815923646e-10,1.4955721863729283e-06,5.982288745491713e-06,1.522997269865031e-06,1.522997269865031e-06,1.522997269865031e-06,1.522997269865031e-06,"Hosin Global Electronics Co., Ltd",
sku_customer,"sku_customer::1006414|World Pacific Industrial H.K., Ltd.",1006414,교체형,intermittent,55433.0,tsb,"{'alpha': 0.1, 'beta': 0.2}",8.967644417750528e-13,4.212440470672124e-12,2.0,11,6,,2.739109157819879e-09,4.114076215398797e-14,6.826280960400454e-10,2.7305123841601814e-09,6.847772894549698e-10,6.847772894549698e-10,6.847772894549698e-10,6.847772894549698e-10,"World Pacific Industrial H.K., Ltd.",
sku_customer,sku_customer::1009494|Patriot Memory Inc.,1009494,교체형,intermittent,55118.0,sba,{'alpha': 0.05},0.05216378541801818,0.274844459324389,2.0,11,6,0.013652508966809432,810.6422426243035,0.009068711358787696,179.7677460284712,719.0709841138848,202.6605606560759,202.6605606560759,202.6605606560759,202.6605606560759,Patriot Memory Inc.,
sku_customer,"sku_customer::1008504|World Pacific Industrial H.K., Ltd.",1008504,교체형,intermittent,54610.0,tsb,"{'alpha': 0.1, 'beta': 0.2}",1.3498512127598318e-13,7.98201587499674e-13,2.0,11,6,,5.113190155604072e-10,5.9107651637382585e-15,1.2615156944481327e-10,5.046062777792531e-10,1.278297538901018e-10,1.278297538901018e-10,1.278297538901018e-10,1.278297538901018e-10,"World Pacific Industrial H.K., Ltd.",
sku_customer,sku_customer::2019671|Patriot Memory Inc.,2019671,교체형,intermittent,54568.0,sba,{'alpha': 0.05},0.022215017384733873,0.12051889869163275,2.0,11,6,0.01365250896680958,351.9184087654859,0.008300649525825396,86.07544979144618,344.3017991657847,87.97960219137147,87.97960219137147,87.97960219137147,87.97960219137147,Patriot Memory Inc.,
sku_customer,sku_customer::1008434|GOLDKEY TECHNOLOGY CORPORATION,1008434,교체형,lumpy,54184.0,croston,{'alpha': 0.1},12.278201490664115,44.344164412717966,1.997999084215208,10,6,,360.61405405405407,0.010810810810810811,80.01686486486489,320.06745945945954,90.15351351351352,90.15351351351352,90.15351351351352,90.15351351351352,GOLDKEY TECHNOLOGY CORPORATION,
sku_customer,"sku_customer::2017755|Hosin Global Electronics Co., Ltd",2017755,교체형,lumpy,53709.0,tsb,"{'alpha': 0.1, 'beta': 0.2}",0.000621032984719985,0.002818429991055266,2.0,11,6,-0.5847631037275748,1.7756668966216007,6.491244016452564e-05,0.2976585431912552,1.1906341727650207,0.4439167241554002,0.4439167241554002,0.4439167241554002,0.4439167241554002,"Hosin Global Electronics Co., Ltd",
sku_customer,sku_customer::1006119|Skyrich View (HK) Limited,1006119,교체형,intermittent,53650.0,tsb,"{'alpha': 0.1, 'beta': 0.2}",4.063473379769556e-11,2.2713821091604712e-10,2.0,11,6,,1.0147852520921668e-07,1.2973528555629055e-12,2.439317608085904e-08,9.757270432343616e-08,2.536963130230417e-08,2.536963130230417e-08,2.536963130230417e-08,2.536963130230417e-08,Skyrich View (HK) Limited,
sku_customer,sku_customer::2016864|GoldKey Technology Corporation,2016864,교체형,intermittent,52800.0,tsb,"{'alpha': 0.1, 'beta': 0.2}",4.944968091408187e-08,2.3297277534412946e-07,2.0,11,6,,0.00014429333667362017,1.9220659723148465e-09,3.607333416840504e-05,0.00014429333667362017,3.607333416840504e-05,3.607333416840504e-05,3.607333416840504e-05,3.607333416840504e-05,GoldKey Technology Corporation,
sku_customer,sku_customer::1008745|MF WAREHOUSING & LOGISTICS,1008745,교체형,lumpy,52636.0,tsb,"{'alpha': 0.1, 'beta': 0.2}",3.291378423387802e-08,2.221647936213146e-07,2.0,11,6,,0.00013717194484873542,5.162561547487042e-09,2.6886981918620838e-05,0.00010754792767448335,3.4292986212183854e-05,3.4292986212183854e-05,3.4292986212183854e-05,3.4292986212183854e-05,MF WAREHOUSING & LOGISTICS,
sku_customer,"sku_customer::2016910|World Pacific Industrial H.K., Ltd.",2016910,교체형,intermittent,51218.0,tsb,"{'alpha': 0.1, 'beta': 0.2}",5.320527498241709e-14,3.1306237066033393e-13,2.0,11,6,,1.88087816933811e-10,2.2699032716458647e-15,4.646655430094644e-11,1.8586621720378575e-10,4.702195423345275e-11,4.702195423345275e-11,4.702195423345275e-11,4.702195423345275e-11,"World Pacific Industrial H.K., Ltd.",
sku_customer,sku_customer::2018558|Ringson Limited,2018558,교체형,lumpy,51093.0,sba,{'alpha': 0.05},0.008718072720380849,0.05021006013300846,2.0,11,6,0.013652508966809382,137.27799878934053,0.014081529592070412,33.833777752274564,135.33511100909826,34.31949969733513,34.31949969733513,34.31949969733513,34.31949969733513,Ringson Limited,
sku_customer,sku_customer::1008924|Skyrich View (HK) Limited,1008924,교체형,intermittent,50744.0,tsb,"{'alpha': 0.1, 'beta': 0.2}",9.240523019476829e-12,4.869781630634003e-11,2.0,11,6,,2.8986872876968844e-08,8.780835561939846e-13,7.074543595543696e-09,2.8298174382174783e-08,7.246718219242211e-09,7.246718219242211e-09,7.246718219242211e-09,7.246718219242211e-09,Skyrich View (HK) Limited,
sku_customer,sku_customer::2019729|EACHAIN HONGKONG LIMITED,2019729,교체형,intermittent,50600.0,tsb,"{'alpha': 0.1, 'beta': 0.2}",0.37469282703511636,1.8972118781127791,0.26297128300180334,11,6,-0.5967574704723019,14218.158432819924,0.255806929502208,3263.6257356978904,13054.502942791562,3554.539608204981,3554.539608204981,3554.539608204981,3554.539608204981,EACHAIN HONGKONG LIMITED,
sku_customer,sku_customer::1008354|PATRIOT MEMORY INC.,1008354,교체형,smooth,50144.0,tsb,"{'alpha': 0.1, 'beta': 0.2}",4.8813745772202926e-11,3.483261666725945e-10,2.0,11,6,,1.2303210643709364e-07,1.0568606410729202e-12,2.884083913194149e-08,1.1536335652776596e-07,3.075802660927341e-08,3.075802660927341e-08,3.075802660927341e-08,3.075802660927341e-08,PATRIOT MEMORY INC.,
sku_customer,sku_customer::2018703|PATRIOT MEMORY INC.,2018703,교체형,intermittent,50000.0,tsb,"{'alpha': 0.1, 'beta': 0.2}",6.085873058496251e-06,3.751278628281098e-05,2.0,11,6,,0.022001713621495396,1.666796486476924e-07,0.004900381670242157,0.019601526680968626,0.005500428405373849,0.005500428405373849,0.005500428405373849,0.005500428405373849,PATRIOT MEMORY INC.,
sku_customer,"sku_customer::2018332|XINRONGDA CO., Limited",2018332,교체형,intermittent,49885.0,tsb,"{'alpha': 0.1, 'beta': 0.2}",1.4357750702376326e-06,5.3069377118298865e-06,2.0,11,6,,0.0031054257313743194,9.175070777619372e-08,0.0007217437966800177,0.002886975186720071,0.0007763564328435798,0.0007763564328435798,0.0007763564328435798,0.0007763564328435798,"XINRONGDA CO., Limited",
sku_customer,sku_customer::2016908|Patriot Memory Inc.,2016908,교체형,intermittent,49284.0,tsb,"{'alpha': 0.1, 'beta': 0.2}",6.334644535026371e-10,4.247407340787233e-09,2.0,11,6,,2.4554836267126598e-06,1.673785586815662e-11,5.232334086093928e-07,2.092933634437571e-06,6.138709066781649e-07,6.138709066781649e-07,6.138709066781649e-07,6.138709066781649e-07,Patriot Memory Inc.,
sku_customer,"sku_customer::2018627|MING SHUN ELECTRONIC CO.,LIMITED",2018627,교체형,intermittent,48640.0,tsb,"{'alpha': 0.1, 'beta': 0.2}",0.0002925226586995364,0.0016871497895960723,2.0,11,6,,0.9626189097771187,1.0994824901511315e-05,0.2393177567362559,0.9572710269450236,0.24065472744427968,0.24065472744427968,0.24065472744427968,0.24065472744427968,"MING SHUN ELECTRONIC CO.,LIMITED",
sku_customer,sku_customer::2017773|UNISPLENDOUR DIGITAL（HONG KONG）,2017773,교체형,intermittent,48000.0,tsb,"{'alpha': 0.1, 'beta': 0.2}",3.9452399434658094e-10,1.1674814234273367e-09,2.0,11,6,,6.573526176725709e-07,4.261735376027564e-11,1.2790031695310705e-07,5.116012678124282e-07,1.643381544181427e-07,1.643381544181427e-07,1.643381544181427e-07,1.643381544181427e-07,UNISPLENDOUR DIGITAL（HONG KONG）,
sku_customer,sku_customer::2016908|GoldKey Technology Corporation,2016908,교체형,intermittent,48000.0,tsb,"{'alpha': 0.1, 'beta': 0.2}",6.468119304651166e-08,3.775044976881512e-07,2.0,11,6,,0.00021255461950733136,1.908716051610375e-09,4.984039353965011e-05,0.00019936157415860044,5.313865487683284e-05,5.313865487683284e-05,5.313865487683284e-05,5.313865487683284e-05,GoldKey Technology Corporation,
sku_customer,sku_customer::1009303|GOLDKEY TECHNOLOGY CORPORATION,1009303,교체형,lumpy,46824.0,croston,{'alpha': 0.1},43.344732467106645,307.2401326591211,1.9958231936237125,10,6,,249.50912778904666,0.010141987829614604,53.62393509127789,214.49574036511157,62.377281947261665,62.377281947261665,62.377281947261665,62.377281947261665,GOLDKEY TECHNOLOGY CORPORATION,
sku_customer,sku_customer::2019490|PATRIOT MEMORY INC.,2019490,교체형,lumpy,46769.0,sba,{'alpha': 0.05},0.02597268646103054,0.12434045337422134,2.0,11,6,0.013652508966809458,311.1854803402787,0.011184912894694607,75.36539008537166,301.46156034148663,77.79637008506967,77.79637008506967,77.79637008506967,77.79637008506967,PATRIOT MEMORY INC.,
sku_customer,"sku_customer::2018195|Hotop Technologies, Inc.",2018195,교체형,intermittent,46680.0,tsb,"{'alpha': 0.1, 'beta': 0.2}",6.1562949672878775e-09,4.078074931363466e-08,2.0,11,6,,2.233023168527541e-05,1.631220318765882e-10,4.783677557525176e-06,1.9134710230100704e-05,5.582557921318853e-06,5.582557921318853e-06,5.582557921318853e-06,5.582557921318853e-06,"Hotop Technologies, Inc.",
sku_customer,sku_customer::2016929|PINE INFO CO LTD,2016929,교체형,lumpy,46619.0,sba,{'alpha': 0.3},0.12707186196900838,0.35154801931055707,1.3308854159677392,11,6,-0.048942000837237376,761.8068496687847,0.094046215837765,175.86401898089036,703.4560759235615,190.45171241719618,190.45171241719618,190.45171241719618,190.45171241719618,PINE INFO CO LTD,
sku_customer,sku_customer::2018958|Eternal International (HK) Ltd.,2018958,교체형,lumpy,46082.0,tsb,"{'alpha': 0.1, 'beta': 0.2}",0.007169701639599621,0.04290213712464853,2.0,11,6,-0.5847631037275749,23.190890570049643,0.00022852818766792233,3.031278688794483,12.125114755177933,5.797722642512411,5.797722642512411,5.797722642512411,5.797722642512411,Eternal International (HK) Ltd.,
sku_customer,"sku_customer::1009223|HONGKONG SHICHUANGYI CO., LIMITED",1009223,교체형,lumpy,45961.0,tsb,"{'alpha': 0.1, 'beta': 0.2}",7.792202931298099e-06,5.6085911833560524e-05,2.0,11,6,,0.03023781701974825,8.438303571956312e-07,0.006967844791507205,0.02787137916602882,0.007559454254937062,0.007559454254937062,0.007559454254937062,0.007559454254937062,"HONGKONG SHICHUANGYI CO., LIMITED",
sku_customer,sku_customer::2018696|PATRIOT MEMORY INC.,2018696,교체형,lumpy,45847.0,tsb,"{'alpha': 0.1, 'beta': 0.2}",2.105558350930261e-08,1.6729702781559867e-07,2.0,11,6,,8.997178331297836e-05,4.2743564274641485e-09,1.8718432641408097e-05,7.487373056563239e-05,2.249294582824459e-05,2.249294582824459e-05,2.249294582824459e-05,2.249294582824459e-05,PATRIOT MEMORY INC.,
sku_customer,sku_customer::1006749|MF WAREHOUSING & LOGISTICS,1006749,교체형,intermittent,44718.0,tsb,"{'alpha': 0.1, 'beta': 0.2}",3.374112226264493e-13,2.0023701274010744e-12,2.0,11,6,,1.050349685079867e-09,1.504643768952009e-14,2.5889562731846603e-10,1.0355825092738641e-09,2.6258742126996673e-10,2.6258742126996673e-10,2.6258742126996673e-10,2.6258742126996673e-10,MF WAREHOUSING & LOGISTICS,
sku_customer,"sku_customer::2019419|Hosin Global (HK) Electronics Co.,",2019419,교체형,intermittent,44042.0,tsb,"{'alpha': 0.1, 'beta': 0.2}",1.733889358190394,10.054249760688448,0.7568382804247545,11,6,0.25534950256957784,11475.33639325442,0.24721946881137047,2796.0106593858404,11184.042637543362,2868.834098313605,2868.834098313605,2868.834098313605,2868.834098313605,"Hosin Global (HK) Electronics Co.,",
sku_customer,sku_customer::1008763|MF WAREHOUSING & LOGISTICS,1008763,교체형,lumpy,44000.0,tsb,"{'alpha': 0.1, 'beta': 0.2}",1.6013640745450516e-12,9.389159035216113e-12,2.0,11,6,,4.846035063358104e-09,4.732456116560648e-14,9.048456094863958e-10,3.6193824379455833e-09,1.211508765839526e-09,1.211508765839526e-09,1.211508765839526e-09,1.211508765839526e-09,MF WAREHOUSING & LOGISTICS,
sku_customer,sku_customer::2019394|Eternal International (HK) Ltd.,2019394,교체형,intermittent,43961.0,tsb,"{'alpha': 0.1, 'beta': 0.2}",0.001425357932630071,0.005015065264887389,2.0,11,6,-0.5847631037275748,2.586135837163052,0.00010570802496618222,0.6464337797955024,2.5857351191820097,0.646533959290763,0.646533959290763,0.646533959290763,0.646533959290763,Eternal International (HK) Ltd.,
sku_customer,sku_customer::2018332|PINE INFO CO LTD,2018332,교체형,intermittent,43415.0,tsb,"{'alpha': 0.1, 'beta': 0.2}",0.009348153415585387,0.02194581921861964,2.0,11,6,-0.5847631037275749,8.115477405253113,0.000941096355134712,1.8571961289771914,7.428784515908766,2.0288693513132783,2.0288693513132783,2.0288693513132783,2.0288693513132783,PINE INFO CO LTD,
sku_customer,"sku_customer::2017389|Hotop Technologies, Inc.",2017389,교체형,intermittent,43200.0,tsb,"{'alpha': 0.1, 'beta': 0.2}",4.859683649881682e-09,2.7812206017562147e-08,2.0,11,6,,1.409374355413722e-05,1.631220318765882e-10,3.523435888534305e-06,1.409374355413722e-05,3.523435888534305e-06,3.523435888534305e-06,3.523435888534305e-06,3.523435888534305e-06,"Hotop Technologies, Inc.",
sku_customer,sku_customer::2017384|EVERBOND ELECTRONICS LIMITED,2017384,교체형,intermittent,42988.0,tsb,"{'alpha': 0.1, 'beta': 0.2}",6.328094224284122e-07,3.4831758623631597e-06,2.0,11,6,,0.0017564258603672942,2.2589431177165385e-08,0.00042462953115445114,0.0016985181246178046,0.00043910646509182354,0.00043910646509182354,0.00043910646509182354,0.00043910646509182354,EVERBOND ELECTRONICS LIMITED,
sku_customer,"sku_customer::1008098|World Pacific Industrial H.K., Ltd.",1008098,교체형,intermittent,41904.0,tsb,"{'alpha': 0.1, 'beta': 0.2}",1.4505246981833353e-10,5.652452592654097e-10,2.0,11,6,,2.7784308344762776e-07,8.274704028272887e-12,6.516586848307218e-08,2.606634739322887e-07,6.946077086190694e-08,6.946077086190694e-08,6.946077086190694e-08,6.946077086190694e-08,"World Pacific Industrial H.K., Ltd.",
sku_customer,"sku_customer::1009888|Hosin Global (HK) Electronics Co.,",1009888,교체형,intermittent,41410.0,tsb,"{'alpha': 0.1, 'beta': 0.1}",1.2385831672390104,10.085190588374644,1.4870677161990618,11,6,0.7092263305399501,8026.615835806755,0.09102865873797591,1951.796448049835,7807.18579219934,2006.6539589516888,2006.6539589516888,2006.6539589516888,2006.6539589516888,"Hosin Global (HK) Electronics Co.,",
sku_customer,sku_customer::1007368|Korchina Logistics (H.K) Ltd,1007368,교체형,intermittent,41288.0,tsb,"{'alpha': 0.1, 'beta': 0.2}",2.3756585657227243e-14,1.3596326701932546e-13,2.0,11,6,,6.58495206694436e-11,7.931078088800248e-16,1.6422122014982148e-11,6.568848805992859e-11,1.64623801673609e-11,1.64623801673609e-11,1.64623801673609e-11,1.64623801673609e-11,Korchina Logistics (H.K) Ltd,
sku_customer,"sku_customer::2013848|XINRONGDA CO., Limited",2013848,교체형,intermittent,41265.0,tsb,"{'alpha': 0.1, 'beta': 0.2}",4.236650997048825e-07,2.5725914967599196e-06,2.0,11,6,,0.0012452594885942333,2.1064250143684637e-08,0.0003051502087015076,0.0012206008348060304,0.0003113148721485583,0.0003113148721485583,0.0003113148721485583,0.0003113148721485583,"XINRONGDA CO., Limited",
sku_customer,sku_customer::2017382|EVERBOND ELECTRONICS LIMITED,2017382,교체형,intermittent,40618.0,tsb,"{'alpha': 0.1, 'beta': 0.2}",1.1186723885793508e-06,5.892884183639643e-06,2.0,11,6,,0.0028077188736939777,3.410675893696248e-08,0.0005547800633740066,0.0022191202534960265,0.0007019297184234944,0.0007019297184234944,0.0007019297184234944,0.0007019297184234944,EVERBOND ELECTRONICS LIMITED,
sku_customer,sku_customer::1007826|Mei Tong Development Investment Ltd,1007826,교체형,intermittent,40443.0,tsb,"{'alpha': 0.1, 'beta': 0.2}",1.5556382588335465e-06,1.0391339163542352e-05,2.0,11,6,,0.004929717855135961,4.1137614909324846e-08,0.0010521751310312052,0.004208700524124821,0.0012324294637839903,0.0012324294637839903,0.0012324294637839903,0.0012324294637839903,Mei Tong Development Investment Ltd,
sku_customer,"sku_customer::2017239|XINRONGDA CO., Limited",2017239,교체형,lumpy,40436.0,tsb,"{'alpha': 0.1, 'beta': 0.2}",5.006904356350806e-07,1.6956304195204448e-06,2.0,11,6,,0.0008042787002863841,3.2400333121449936e-08,0.00017244885576158175,0.000689795423046327,0.00020106967507159602,0.00020106967507159602,0.00020106967507159602,0.00020106967507159602,"XINRONGDA CO., Limited",
sku_customer,sku_customer::2016957|PINE INFO CO LTD,2016957,교체형,intermittent,40429.0,tsb,"{'alpha': 0.1, 'beta': 0.2}",0.004375005223799859,0.009877358047097615,2.0,11,6,-0.584763103727575,3.566521210266623,0.00048160130430748336,0.788687335541124,3.154749342164496,0.8916303025666558,0.8916303025666558,0.8916303025666558,0.8916303025666558,PINE INFO CO LTD,
sku_customer,"sku_customer::2018009|XINRONGDA CO., Limited",2018009,교체형,lumpy,40388.0,tsb,"{'alpha': 0.1, 'beta': 0.2}",2.1980622451774567e-06,1.3415868621212688e-05,2.0,11,6,,0.006355918571437108,2.372762374075898e-07,0.0013788193338626267,0.005515277335450507,0.001588979642859277,0.001588979642859277,0.001588979642859277,0.001588979642859277,"XINRONGDA CO., Limited",
sku_customer,"sku_customer::2019842|Hosin Global (HK) Electronics Co.,",2019842,교체형,intermittent,40097.0,tsb,"{'alpha': 0.1, 'beta': 0.2}",1.586559808851974,11.783944998069282,0.8147095804788935,11,6,-0.9991843877530202,13017.21128382431,0.24271586918399998,3223.082764134678,12892.331056538713,3254.3028209560775,3254.3028209560775,3254.3028209560775,3254.3028209560775,"Hosin Global (HK) Electronics Co.,",
sku_customer,sku_customer::1009131|TEC LOGISTICS COMPANY,1009131,교체형,smooth,40016.0,sba,{'alpha': 0.1},7073.896344202482,5008.360599207878,1.983644369112777,11,6,0.15473902633574468,558.9129411764706,0.007352941176470588,139.7265588235294,558.9062352941176,139.72823529411764,139.72823529411764,139.72823529411764,139.72823529411764,TEC LOGISTICS COMPANY,
sku_customer,"sku_customer::2016833|XINRONGDA CO., Limited",2016833,교체형,lumpy,39795.0,tsb,"{'alpha': 0.1, 'beta': 0.2}",6.186499781648712e-08,2.244730812645387e-07,2.0,11,6,,0.00010478520259986528,3.3933950351495334e-09,2.0865094455095906e-05,8.346037782038363e-05,2.619630064996632e-05,2.619630064996632e-05,2.619630064996632e-05,2.619630064996632e-05,"XINRONGDA CO., Limited",
sku_customer,sku_customer::1008744|SF Supply Chain (Hong Kong) Limited,1008744,교체형,lumpy,39696.0,tsb,"{'alpha': 0.1, 'beta': 0.2}",0.0010163655108951077,0.007206175796919882,2.0,11,6,-0.5847631037275749,3.3555118739667966,2.6664906817917964e-05,0.6995431644053506,2.7981726576214023,0.8388779684916992,0.8388779684916992,0.8388779684916992,0.8388779684916992,SF Supply Chain (Hong Kong) Limited,
sku_customer,"sku_customer::1008417|HONGKONG SHICHUANGYI CO., LIMITED",1008417,교체형,lumpy,39560.0,sba,{'alpha': 0.3},0.06988554284049836,0.554492587615683,2.0,11,6,0.01365250896680948,1173.8181547064305,0.018639328984156572,188.79309599254427,755.1723839701771,293.4545386766076,293.4545386766076,293.4545386766076,293.4545386766076,"HONGKONG SHICHUANGYI CO., LIMITED",
sku_customer,"sku_customer::1009440|AGI TECHNOLOGY CO., LTD.",1009440,교체형,intermittent,39529.0,tsb,"{'alpha': 0.1, 'beta': 0.1}",5.010524330531591,36.36942648341955,1.90548742969503,10,6,,4215.469781549154,0.08790946400074143,1019.68648759452,4078.74595037808,1053.8674453872884,1053.8674453872884,1053.8674453872884,1053.8674453872884,"AGI TECHNOLOGY CO., LTD.",
sku_customer,sku_customer::2019563|LUCKY GRADE LIMITED,2019563,교체형,intermittent,39407.0,sba,{'alpha': 0.05},0.03898896133108526,0.11832156158516621,2.0,11,6,-0.8759902578404606,249.50891116450276,0.013648589273952128,62.37722779112569,249.50891116450276,62.37722779112569,62.37722779112569,62.37722779112569,62.37722779112569,LUCKY GRADE LIMITED,
sku_customer,sku_customer::2018978|EVERBOND ELECTRONICS LIMITED,2018978,교체형,intermittent,39406.0,tsb,"{'alpha': 0.1, 'beta': 0.2}",1.4556756346447052e-06,9.175999341951464e-06,2.0,11,6,,0.004241533555497012,8.533998011124415e-08,0.0010293298769113736,0.004117319507645495,0.001060383388874253,0.001060383388874253,0.001060383388874253,0.001060383388874253,EVERBOND ELECTRONICS LIMITED,
sku_customer,sku_customer::2018905|Kerry Logistics,2018905,교체형,intermittent,39176.0,tsb,"{'alpha': 0.1, 'beta': 0.2}",6.249274142867101e-06,4.050357680061554e-05,2.0,11,6,,0.018613183036347267,1.666796486476924e-07,0.004028527098467699,0.016114108393870796,0.004653295759086817,0.004653295759086817,0.004653295759086817,0.004653295759086817,Kerry Logistics,
sku_customer,"sku_customer::2017606|XINRONGDA CO., Limited",2017606,교체형,intermittent,38339.0,tsb,"{'alpha': 0.1, 'beta': 0.2}",5.0228090989786745e-08,2.6792394320146985e-07,2.0,11,6,,0.00012049235361587185,1.9936100101766907e-09,2.9904333564771294e-05,0.00011961733425908518,3.0123088403967963e-05,3.0123088403967963e-05,3.0123088403967963e-05,3.0123088403967963e-05,"XINRONGDA CO., Limited",
sku_customer,sku_customer::2019732|EACHAIN HONGKONG LIMITED,2019732,교체형,intermittent,38182.0,tsb,"{'alpha': 0.1, 'beta': 0.2}",0.6326473579456452,3.897693120908123,0.39936066658192376,11,6,-0.05891146828251602,12645.216680409576,0.25404771089776645,2939.063232609028,11756.252930436112,3161.304170102394,3161.304170102394,3161.304170102394,3161.304170102394,EACHAIN HONGKONG LIMITED,
sku_customer,sku_customer::2017460|UNISPLENDOUR DIGITAL（HONG KONG）,2017460,교체형,intermittent,38160.0,tsb,"{'alpha': 0.1, 'beta': 0.2}",4.5591869503491075e-11,1.6900934414466156e-10,2.0,11,6,,6.983233586430266e-08,3.453770391084708e-12,1.7458083966075666e-08,6.983233586430266e-08,1.7458083966075666e-08,1.7458083966075666e-08,1.7458083966075666e-08,1.7458083966075666e-08,UNISPLENDOUR DIGITAL（HONG KONG）,
sku_customer,sku_customer::2017140|Patriot Memory Inc.,2017140,교체형,intermittent,38114.0,tsb,"{'alpha': 0.1, 'beta': 0.2}",4.747375875765562e-13,2.7273834479605228e-12,2.0,11,6,,1.2193767514107083e-09,1.4947299179816084e-14,2.9584710953036223e-10,1.183388438121449e-09,3.048441878526771e-10,3.048441878526771e-10,3.048441878526771e-10,3.048441878526771e-10,Patriot Memory Inc.,
sku_customer,sku_customer::1008497|Skyrich View (HK) Limited,1008497,교체형,lumpy,37893.0,tsb,"{'alpha': 0.1, 'beta': 0.2}",5.050607790651362e-12,3.014070113462092e-11,2.0,11,6,,1.3397369053170165e-08,8.414143217478078e-13,2.6686549052850002e-09,1.0674619621140001e-08,3.3493422632925412e-09,3.3493422632925412e-09,3.3493422632925412e-09,3.3493422632925412e-09,Skyrich View (HK) Limited,
sku_customer,sku_customer::1008397|Mei Tong Development Investment Ltd,1008397,교체형,lumpy,37848.0,tsb,"{'alpha': 0.1, 'beta': 0.2}",1.836847246288534e-13,1.4347765425685455e-12,2.0,11,6,,6.369925941164391e-10,4.8276910644723214e-15,1.2869813325784378e-10,5.147925330313751e-10,1.5924814852910978e-10,1.5924814852910978e-10,1.5924814852910978e-10,1.5924814852910978e-10,Mei Tong Development Investment Ltd,
sku_customer,"sku_customer::2017910|Hosin Global Electronics Co., Ltd",2017910,교체형,lumpy,37809.0,tsb,"{'alpha': 0.1, 'beta': 0.2}",0.0011868685438174654,0.00677095262282914,2.0,11,6,-0.5847631037275749,3.002977971006668,3.862918875081302e-05,0.4599911183491738,1.839964473396695,0.750744492751667,0.750744492751667,0.750744492751667,0.750744492751667,"Hosin Global Electronics Co., Ltd",
sku_customer,"sku_customer::2018509|Hotop Technologies, Inc.",2018509,교체형,intermittent,37484.0,sba,{'alpha': 0.05},0.04904823024734052,0.3018416638253459,2.0,11,6,-0.9258823748643671,605.4439024390242,0.0075046904315197,145.35512195121947,581.4204878048779,151.36097560975605,151.36097560975605,151.36097560975605,151.36097560975605,"Hotop Technologies, Inc.",
sku_customer,sku_customer::2017773|Evetech Pty Ltd,2017773,교체형,intermittent,37395.0,tsb,"{'alpha': 0.1, 'beta': 0.2}",0.022421658858766902,0.07138990173209141,2.0,11,6,-0.5847631037275749,31.315366734203927,0.002307304726206874,6.987829110848576,27.951316443394305,7.828841683550982,7.828841683550982,7.828841683550982,7.828841683550982,Evetech Pty Ltd,
sku_customer,sku_customer::2018272|BaDa Group (HongKong) Corporation L,2018272,교체형,intermittent,37000.0,tsb,"{'alpha': 0.2, 'beta': 0.05}",0.538350584712532,1.5299643804990453,1.5845908276283003,11,6,4.725368741181044,1774.6948892303121,0.16389757399919774,443.67372230757803,1774.6948892303121,443.67372230757803,443.67372230757803,443.67372230757803,443.67372230757803,BaDa Group (HongKong) Corporation L,
sku_customer,sku_customer::2017754|REALTECH SEMICONDUCTOR TECHNOLOGY,2017754,교체형,lumpy,36391.0,tsb,"{'alpha': 0.1, 'beta': 0.2}",1.1295425905659189e-07,8.027320104395876e-07,2.0,11,6,,0.0003426665813973911,1.1454138245156205e-08,7.952928899482818e-05,0.0003181171559793127,8.566664534934778e-05,8.566664534934778e-05,8.566664534934778e-05,8.566664534934778e-05,REALTECH SEMICONDUCTOR TECHNOLOGY,
sku_customer,sku_customer::1008396|Mei Tong Development Investment Ltd,1008396,교체형,lumpy,36334.0,tsb,"{'alpha': 0.1, 'beta': 0.2}",2.503156735474883e-13,2.014559972874032e-12,2.0,11,6,,8.586191945572673e-10,6.597333422647629e-15,1.7199432958178203e-10,6.879773183271281e-10,2.1465479863931683e-10,2.1465479863931683e-10,2.1465479863931683e-10,2.1465479863931683e-10,Mei Tong Development Investment Ltd,
sku_customer,sku_customer::2017373|EVERBOND ELECTRONICS LIMITED,2017373,교체형,intermittent,36040.0,croston,{'alpha': 0.1},0.26137380038050995,1.7222351392113993,1.7740910695375927,11,6,-0.2640856916646535,1376.9509043927649,0.012919896640826873,294.09819121447026,1176.392764857881,344.2377260981912,344.2377260981912,344.2377260981912,344.2377260981912,EVERBOND ELECTRONICS LIMITED,
sku_customer,sku_customer::1009135|TEC LOGISTICS COMPANY,1009135,교체형,intermittent,36000.0,tsb,"{'alpha': 0.1, 'beta': 0.2}",6.495202068028368e-08,3.7685103908868716e-07,2.0,11,6,,0.00015914001630771662,2.5503207741621254e-09,3.94789655840297e-05,0.0001579158623361188,3.9785004076929156e-05,3.9785004076929156e-05,3.9785004076929156e-05,3.9785004076929156e-05,TEC LOGISTICS COMPANY,
sku_customer,"sku_customer::2017603|XINRONGDA CO., Limited",2017603,교체형,lumpy,35974.0,tsb,"{'alpha': 0.1, 'beta': 0.2}",5.503710302102107e-10,2.353639772397635e-09,2.0,11,6,,9.93198156915212e-07,3.1117169882758883e-11,2.436114264142666e-07,9.744457056570664e-07,2.48299539228803e-07,2.48299539228803e-07,2.48299539228803e-07,2.48299539228803e-07,"XINRONGDA CO., Limited",
sku_customer,sku_customer::2018096|PINE INFO CO LTD,2018096,교체형,lumpy,35932.0,sba,{'alpha': 0.05},0.03976520103635828,0.1205406340165202,1.4342556069917265,11,6,-0.28380127761456414,178.82470829455386,0.03830531462737367,33.4994479230118,133.9977916920472,44.706177073638464,44.706177073638464,44.706177073638464,44.706177073638464,PINE INFO CO LTD,
sku_customer,"sku_customer::2018611|XINRONGDA CO., Limited",2018611,교체형,intermittent,35409.0,tsb,"{'alpha': 0.1, 'beta': 0.2}",0.03706810486708252,0.2127902383001529,2.0,11,6,-0.16510015582609036,88.38377422115113,0.0013313295588506155,22.022214524318635,88.08885809727454,22.095943555287782,22.095943555287782,22.095943555287782,22.095943555287782,"XINRONGDA CO., Limited",
sku_customer,sku_customer::1009494|GOLDKEY TECHNOLOGY CORPORATION,1009494,교체형,intermittent,35048.0,tsb,"{'alpha': 0.2, 'beta': 0.05}",0.33209733756033527,1.9069347581588325,1.935250395950125,10,6,,5178.619946202331,0.058743817167320786,1153.1998748116744,4612.799499246697,1294.6549865505829,1294.6549865505829,1294.6549865505829,1294.6549865505829,GOLDKEY TECHNOLOGY CORPORATION,
sku_customer,sku_customer::2019710|PATRIOT MEMORY INC.,2019710,교체형,intermittent,34760.0,tsb,"{'alpha': 0.2, 'beta': 0.05}",0.378775646943602,1.6132086956595455,0.8832815043295703,11,6,-0.42876322104264103,4025.087730161349,0.11473501009535908,992.1732944998196,3968.6931779992783,1006.2719325403373,1006.2719325403373,1006.2719325403373,1006.2719325403373,PATRIOT MEMORY INC.,
sku_customer,sku_customer::2016957|PINE INFORMATION CO LTD,2016957,교체형,lumpy,34741.0,tsb,"{'alpha': 0.1, 'beta': 0.2}",5.945292026078751e-11,1.493160657806277e-10,2.0,11,6,,5.471906221104517e-08,6.895567725325399e-12,1.1948320886566786e-08,4.779328354626714e-08,1.3679765552761292e-08,1.3679765552761292e-08,1.3679765552761292e-08,1.3679765552761292e-08,PINE INFORMATION CO LTD,
sku_customer,sku_customer::2019526|PATRIOT MEMORY INC.,2019526,교체형,lumpy,34350.0,sba,{'alpha': 0.05},0.05610561125361011,0.3044716330455764,2.0,11,6,0.35303992178690735,559.6575569292602,0.010427589158983003,127.98974472675188,511.9589789070075,139.91438923231505,139.91438923231505,139.91438923231505,139.91438923231505,PATRIOT MEMORY INC.,
sku_customer,sku_customer::2017381|EVERBOND ELECTRONICS LIMITED,2017381,교체형,lumpy,33847.0,tsb,"{'alpha': 0.1, 'beta': 0.2}",3.5171448975871774e-07,2.6127789628040294e-06,2.0,11,6,,0.0010373612768581149,9.220038439219733e-09,0.00021285306980475162,0.0008514122792190065,0.0002593403192145287,0.0002593403192145287,0.0002593403192145287,0.0002593403192145287,EVERBOND ELECTRONICS LIMITED,
sku_customer,sku_customer::1005677|MF WAREHOUSING & LOGISTICS,1005677,교체형,intermittent,33816.0,sba,{'alpha': 0.05},0.039719917244083705,0.29253797987376295,2.0,11,6,0.013652508966809713,529.3626395939086,0.02030456852791878,127.84318781725888,511.3727512690355,132.34065989847716,132.34065989847716,132.34065989847716,132.34065989847716,MF WAREHOUSING & LOGISTICS,
sku_customer,sku_customer::2018698|PATRIOT MEMORY INC.,2018698,교체형,intermittent,33799.0,tsb,"{'alpha': 0.1, 'beta': 0.2}",9.973551941158705e-08,5.873454554202045e-07,2.0,11,6,,0.00023286522842567582,4.2743564274641485e-09,5.7515398139443385e-05,0.00023006159255777354,5.8216307106418956e-05,5.8216307106418956e-05,5.8216307106418956e-05,5.8216307106418956e-05,PATRIOT MEMORY INC.,
sku_customer,"sku_customer::2018009|Hotop Technologies, Inc.",2018009,교체형,intermittent,33781.0,tsb,"{'alpha': 0.1, 'beta': 0.2}",1.0029197043803118e-09,5.265856931121253e-09,2.0,11,6,,2.0866458094594553e-06,6.397669005802893e-11,4.939014547351646e-07,1.9756058189406584e-06,5.216614523648638e-07,5.216614523648638e-07,5.216614523648638e-07,5.216614523648638e-07,"Hotop Technologies, Inc.",
sku_customer,"sku_customer::2018611|Hotop Technologies, Inc.",2018611,교체형,lumpy,33463.0,tsb,"{'alpha': 0.1, 'beta': 0.2}",0.003280936509958378,0.020487375376368477,2.0,11,6,-0.5591514449520624,8.041894633449896,0.0005223325508926858,1.669494969139729,6.677979876558916,2.010473658362474,2.010473658362474,2.010473658362474,2.010473658362474,"Hotop Technologies, Inc.",
sku_customer,sku_customer::2019671|EACHAIN HONGKONG LIMITED,2019671,교체형,intermittent,33002.0,sba,{'alpha': 0.05},0.04993311432910677,0.30932314052402293,2.0,11,6,-0.9454918998989257,546.2625971143174,0.007399186089530151,129.16661487236405,516.6664594894562,136.56564927857934,136.56564927857934,136.56564927857934,136.56564927857934,EACHAIN HONGKONG LIMITED,
sku_customer,sku_customer::2018610|Eternal International (HK) Ltd.,2018610,교체형,lumpy,32578.0,croston,{'alpha': 0.1},0.15568361334326578,1.1868110374886285,1.5739209604950517,11,6,0.002182278168509435,1004.1107927411653,0.009551098376313277,208.07526265520536,832.3010506208215,251.0276981852913,251.0276981852913,251.0276981852913,251.0276981852913,Eternal International (HK) Ltd.,
sku_customer,sku_customer::2018969|PATRIOT MEMORY INC.,2018969,교체형,intermittent,32519.0,tsb,"{'alpha': 0.1, 'beta': 0.2}",0.00011072563950836611,0.0004770156092273582,2.0,11,6,,0.18196042936763482,4.914284593760495e-06,0.045490107341908705,0.18196042936763482,0.045490107341908705,0.045490107341908705,0.045490107341908705,0.045490107341908705,PATRIOT MEMORY INC.,
sku_customer,"sku_customer::1006093|Hosin Global Electronics Co., Ltd",1006093,교체형,lumpy,32452.0,tsb,"{'alpha': 0.1, 'beta': 0.2}",4.5553314785834855e-07,3.660082225302834e-06,2.0,11,6,,0.0013932834865212366,1.0140936055383404e-07,0.0002834635009944991,0.0011338540039779964,0.00034832087163030916,0.00034832087163030916,0.00034832087163030916,0.00034832087163030916,"Hosin Global Electronics Co., Ltd",
sku_customer,"sku_customer::2018010|Hosin Global Electronics Co., Ltd",2018010,교체형,lumpy,32234.0,tsb,"{'alpha': 0.1, 'beta': 0.2}",7.3426194453866055e-09,3.274677415420062e-08,2.0,11,6,,1.2381974536519364e-05,7.695498083666237e-10,2.7141246034883983e-06,1.0856498413953593e-05,3.095493634129841e-06,3.095493634129841e-06,3.095493634129841e-06,3.095493634129841e-06,"Hosin Global Electronics Co., Ltd",
sku_customer,sku_customer::2019729|Eternal International (HK) Ltd.,2019729,교체형,intermittent,32200.0,sba,{'alpha': 0.05},0.045841968762618604,0.208755356391053,2.0,11,6,0.013652508966809574,359.7015371661221,0.009568416570583818,89.64550810684095,358.5820324273638,89.92538429153052,89.92538429153052,89.92538429153052,89.92538429153052,Eternal International (HK) Ltd.,
sku_customer,sku_customer::2018991|PATRIOT MEMORY INC.,2018991,교체형,lumpy,32079.0,sba,{'alpha': 0.3},0.06828767356473345,0.37913513120283354,2.0,11,6,0.013652508966809557,650.8241270290675,0.023593808984522464,154.1254478104945,616.501791241978,162.70603175726689,162.70603175726689,162.70603175726689,162.70603175726689,PATRIOT MEMORY INC.,
sku_customer,sku_customer::1007795|Skyrich View (HK) Limited,1007795,교체형,intermittent,31986.0,tsb,"{'alpha': 0.1, 'beta': 0.2}",1.090988954141204e-11,7.293962910880626e-11,2.0,11,6,,2.7367218771378697e-08,8.27644339008138e-13,6.52206913179905e-09,2.60882765271962e-08,6.841804692844674e-09,6.841804692844674e-09,6.841804692844674e-09,6.841804692844674e-09,Skyrich View (HK) Limited,
sku_customer,sku_customer::1009225|TEC LOGISTICS COMPANY,1009225,교체형,intermittent,31968.0,tsb,"{'alpha': 0.1, 'beta': 0.2}",3.7062886764535624e-06,2.2128811617244537e-05,2.0,11,6,,0.008298139635590111,1.0485074543594977e-07,0.00189516464166534,0.00758065856666136,0.002074534908897528,0.002074534908897528,0.002074534908897528,0.002074534908897528,TEC LOGISTICS COMPANY,
sku_customer,sku_customer::1007914|REALTECH SEMICONDUCTOR TECHNOLOGY,1007914,교체형,intermittent,31697.0,tsb,"{'alpha': 0.1, 'beta': 0.2}",7.321877674743915e-09,3.4219010855709225e-08,2.0,11,6,,1.272309563919898e-05,3.0443359074361776e-10,3.17670667702741e-06,1.270682670810964e-05,3.180773909799745e-06,3.180773909799745e-06,3.180773909799745e-06,3.180773909799745e-06,REALTECH SEMICONDUCTOR TECHNOLOGY,
sku_customer,sku_customer::1009137|SF Supply Chain (Hong Kong) Limited,1009137,교체형,lumpy,31370.0,sba,{'alpha': 0.3},0.05970199881512832,0.45513878802528535,2.0,11,6,-0.598151446852201,764.0242825607064,0.011037527593818985,160.31037527593818,641.2415011037527,191.0060706401766,191.0060706401766,191.0060706401766,191.0060706401766,SF Supply Chain (Hong Kong) Limited,
sku_customer,"sku_customer::2017386|Hotop Technologies, Inc.",2017386,교체형,intermittent,30991.0,tsb,"{'alpha': 0.1, 'beta': 0.2}",5.6566735690057305e-08,3.4939314044195685e-07,2.0,11,6,,0.00012701562358522666,1.5468657727437614e-09,2.8250904604666594e-05,0.00011300361841866638,3.1753905896306664e-05,3.1753905896306664e-05,3.1753905896306664e-05,3.1753905896306664e-05,"Hotop Technologies, Inc.",
sku_customer,sku_customer::2019456|REALTECH SEMICONDUCTOR TECHNOLOGY L,2019456,교체형,intermittent,30962.0,tsb,"{'alpha': 0.1, 'beta': 0.2}",1570.3945996320301,925.6709086703431,1.3609336821898876,10,6,,6813.106962432002,0.14434304000000003,1676.7118475264003,6706.847390105601,1703.2767406080004,1703.2767406080004,1703.2767406080004,1703.2767406080004,REALTECH SEMICONDUCTOR TECHNOLOGY L,
sku_customer,"sku_customer::1009224|HONGKONG SHICHUANGYI CO., LIMITED",1009224,교체형,intermittent,30780.0,tsb,"{'alpha': 0.1, 'beta': 0.2}",9.761282489040791e-06,6.714052633988549e-05,2.0,11,6,,0.024241558501516096,8.438303571956312e-07,0.005714081646785937,0.022856326587143747,0.006060389625379024,0.006060389625379024,0.006060389625379024,0.006060389625379024,"HONGKONG SHICHUANGYI CO., LIMITED",
sku_customer,"sku_customer::1008625|XINRONGDA CO., Limited",1008625,교체형,lumpy,30739.0,tsb,"{'alpha': 0.1, 'beta': 0.2}",2.776103031775422e-06,1.9443038703570998e-05,2.0,11,6,,0.007010694716593369,8.034701331947402e-08,0.001122090071169754,0.004488360284679016,0.0017526736791483423,0.0017526736791483423,0.0017526736791483423,0.0017526736791483423,"XINRONGDA CO., Limited",
sku_customer,"sku_customer::1008734|Hosin Global Electronics Co., Ltd",1008734,교체형,intermittent,30686.0,tsb,"{'alpha': 0.1, 'beta': 0.2}",6.834683661450222e-08,4.1000726599302276e-07,2.0,11,6,,0.0001475839107372594,1.921685521948919e-09,3.3560777159841185e-05,0.00013424310863936474,3.689597768431485e-05,3.689597768431485e-05,3.689597768431485e-05,3.689597768431485e-05,"Hosin Global Electronics Co., Ltd",
sku_customer,sku_customer::2019749|EVERBOND ELECTRONICS LIMITED,2019749,교체형,intermittent,30382.0,tsb,"{'alpha': 0.2, 'beta': 0.05}",0.642341919073331,3.418754068703535,1.7290742808869328,11,6,-0.13763616832640588,2815.9018891398323,0.06744300410467807,703.5956332858406,2814.3825331433623,703.9754722849581,703.9754722849581,703.9754722849581,703.9754722849581,EVERBOND ELECTRONICS LIMITED,
sku_customer,sku_customer::1007977|MF WAREHOUSING & LOGISTICS,1007977,교체형,intermittent,30358.0,tsb,"{'alpha': 0.1, 'beta': 0.2}",7.314225771383421e-06,4.636920211610783e-05,2.0,11,6,,0.01651239085428797,1.969004986106629e-07,0.003615392443249659,0.014461569772998636,0.004128097713571992,0.004128097713571992,0.004128097713571992,0.004128097713571992,MF WAREHOUSING & LOGISTICS,
sku_customer,sku_customer::1009494|GoldKey Technology Corporation,1009494,교체형,intermittent,30064.0,sba,{'alpha': 0.05},0.032048505477202296,0.20638879275509814,2.0,11,6,0.013652508966809357,332.0333198870512,0.008067769261799113,82.2253408632513,328.9013634530052,83.0083299717628,83.0083299717628,83.0083299717628,83.0083299717628,GoldKey Technology Corporation,
sku_customer,"sku_customer::1008623|XINRONGDA CO., Limited",1008623,교체형,lumpy,29958.0,tsb,"{'alpha': 0.1, 'beta': 0.2}",8.7750904426066e-08,4.7327765161423226e-07,2.0,11,6,,0.0001663167516608426,2.9067807623849526e-09,2.7487974604917918e-05,0.00010995189841967167,4.157918791521065e-05,4.157918791521065e-05,4.157918791521065e-05,4.157918791521065e-05,"XINRONGDA CO., Limited",
sku_customer,"sku_customer::2018009|Hosin Global Electronics Co., Ltd",2018009,교체형,intermittent,29940.0,tsb,"{'alpha': 0.1, 'beta': 0.2}",6.028585482643478e-10,2.5856661265471084e-09,2.0,11,6,,9.080952884350054e-07,3.848789667554588e-11,2.188328279382617e-07,8.753313117530468e-07,2.2702382210875135e-07,2.2702382210875135e-07,2.2702382210875135e-07,2.2702382210875135e-07,"Hosin Global Electronics Co., Ltd",
sku_customer,sku_customer::2018336|PINE INFO CO LTD,2018336,교체형,intermittent,29337.0,sba,{'alpha': 0.05},0.06398453223221197,0.1636041068200653,2.0,11,6,0.013652508966809753,218.31682203462034,0.04403884479120466,48.03157536324946,192.12630145299784,54.579205508655086,54.579205508655086,54.579205508655086,54.579205508655086,PINE INFO CO LTD,
sku_customer,sku_customer::2016908|REALTECH SEMICONDUCTOR TECHNOLOGY,2016908,교체형,intermittent,28800.0,tsb,"{'alpha': 0.1, 'beta': 0.2}",5.877396499817924e-09,3.5456117180889806e-08,2.0,11,6,,1.1978180195591243e-05,2.835743417516866e-10,2.9400987752814868e-06,1.1760395101125947e-05,2.9945450488978107e-06,2.9945450488978107e-06,2.9945450488978107e-06,2.9945450488978107e-06,REALTECH SEMICONDUCTOR TECHNOLOGY,
sku_customer,"sku_customer::2016833|Hosin Global Electronics Co., Ltd",2016833,교체형,lumpy,28763.0,tsb,"{'alpha': 0.1, 'beta': 0.2}",1.0052450448386889e-07,4.5407293613482737e-07,2.0,11,6,,0.00015320289756774876,8.848696480419496e-09,3.657416673467774e-05,0.00014629666693871096,3.830072439193719e-05,3.830072439193719e-05,3.830072439193719e-05,3.830072439193719e-05,"Hosin Global Electronics Co., Ltd",
sku_customer,sku_customer::2018332|BaDa Group (HongKong) Corporation L,2018332,교체형,lumpy,28500.0,sba,{'alpha': 0.05},0.03831449689640829,0.15734243154450914,2.0,11,6,-0.513680690582802,239.96036382707751,0.012329106735552275,56.967094657666124,227.8683786306645,59.99009095676938,59.99009095676938,59.99009095676938,59.99009095676938,BaDa Group (HongKong) Corporation L,
sku_customer,sku_customer::1006414|PATRIOT MEMORY INC.,1006414,교체형,intermittent,28025.0,tsb,"{'alpha': 0.1, 'beta': 0.2}",4.046414090543066e-11,2.354783447130115e-10,2.0,11,6,,7.741119574924606e-08,1.2036445524962848e-12,1.8233770596855717e-08,7.293508238742287e-08,1.9352798937311515e-08,1.9352798937311515e-08,1.9352798937311515e-08,1.9352798937311515e-08,PATRIOT MEMORY INC.,
sku_customer,sku_customer::1007729|Skyrich View (HK) Limited,1007729,교체형,lumpy,28002.0,tsb,"{'alpha': 0.1, 'beta': 0.2}",6.602183713920734e-12,4.8807448674409366e-11,2.0,11,6,,1.603180190432324e-08,8.27644339008138e-13,3.628955580362203e-09,1.4515822321448812e-08,4.00795047608081e-09,4.00795047608081e-09,4.00795047608081e-09,4.00795047608081e-09,Skyrich View (HK) Limited,
sku_customer,sku_customer::2018393|EVERBOND ELECTRONICS LIMITED,2018393,교체형,intermittent,27861.0,tsb,"{'alpha': 0.1, 'beta': 0.2}",4.8429246022305e-07,2.712543702420842e-06,2.0,11,6,,0.0008865038470099709,2.3102714954909402e-08,0.00021605109181215348,0.0008642043672486139,0.00022162596175249273,0.00022162596175249273,0.00022162596175249273,0.00022162596175249273,EVERBOND ELECTRONICS LIMITED,
sku_customer,sku_customer::2019841|REALTECH SEMICONDUCTOR TECHNOLOGY L,2019841,교체형,intermittent,27804.0,croston,{'alpha': 0.1},0.7275915708536466,3.84905002618971,1.940746933362232,11,6,-0.10675562660456984,521.5370078740157,0.007874015748031496,120.97039370078741,483.88157480314965,130.38425196850392,130.38425196850392,130.38425196850392,130.38425196850392,REALTECH SEMICONDUCTOR TECHNOLOGY L,
sku_customer,sku_customer::2019241|PINE INFO CO LTD,2019241,교체형,intermittent,27690.0,tsb,"{'alpha': 0.1, 'beta': 0.2}",0.004608332881362047,0.01588365897142438,2.0,11,6,-0.5847631037275748,4.667297288219956,0.00027097220406926736,1.1297028426418292,4.518811370567317,1.166824322054989,1.166824322054989,1.166824322054989,1.166824322054989,PINE INFO CO LTD,
sku_customer,sku_customer::2016929|Wilk Elektronik S.A.,2016929,교체형,intermittent,27098.0,tsb,"{'alpha': 0.1, 'beta': 0.2}",2.1808566437479812e-05,6.2805542761605e-05,2.0,11,6,,0.019227037806962638,1.8268781541162487e-06,0.004563454531131343,0.01825381812452537,0.0048067594517406595,0.0048067594517406595,0.0048067594517406595,0.0048067594517406595,Wilk Elektronik S.A.,
sku_customer,sku_customer::2018609|EVERBOND ELECTRONICS LIMITED,2018609,교체형,lumpy,26570.0,tsb,"{'alpha': 0.2, 'beta': 0.05}",10.31051985412643,39.65849402114186,1.9961302434855641,11,6,-0.2903331326681491,973.6449901698832,0.04277697382579131,173.50682799531566,694.0273119812626,243.4112475424708,243.4112475424708,243.4112475424708,243.4112475424708,EVERBOND ELECTRONICS LIMITED,
sku_customer,sku_customer::2019462|BaDa Group (HongKong) Corporation L,2019462,교체형,intermittent,26550.0,sba,{'alpha': 0.05},0.01815001841184055,0.05774465577114562,2.0,11,6,-0.964791698648105,82.03989890161424,0.013639242549045711,20.140449284380242,80.56179713752097,20.50997472540356,20.50997472540356,20.50997472540356,20.50997472540356,BaDa Group (HongKong) Corporation L,
sku_customer,sku_customer::2018097|PINE INFO CO LTD,2018097,교체형,lumpy,26500.0,tsb,"{'alpha': 0.1, 'beta': 0.2}",0.00033611552875095833,0.0007682175921133222,2.0,11,6,,0.1456239426553166,4.4637354476270175e-05,0.03153591765275608,0.12614367061102433,0.03640598566382915,0.03640598566382915,0.03640598566382915,0.03640598566382915,PINE INFO CO LTD,
sku_customer,sku_customer::2019414|EVERBOND ELECTRONICS LIMITED,2019414,교체형,intermittent,26398.0,tsb,"{'alpha': 0.1, 'beta': 0.2}",0.00044614410174998234,0.002733048926135002,2.0,11,6,-0.5847631037275748,0.846302475573578,1.2279347824946575e-05,0.18930039076502841,0.7572015630601137,0.2115756188933945,0.2115756188933945,0.2115756188933945,0.2115756188933945,EVERBOND ELECTRONICS LIMITED,
sku_customer,sku_customer::1007826|UNIFORTUNE (HK) COMPANY LIMITED,1007826,교체형,intermittent,26321.0,tsb,"{'alpha': 0.1, 'beta': 0.2}",1.1709867889165972e-10,5.854650641001776e-10,2.0,11,6,,1.8076342042075962e-07,4.6184986949273006e-12,4.4844098223174764e-08,1.7937639289269906e-07,4.5190855105189906e-08,4.5190855105189906e-08,4.5190855105189906e-08,4.5190855105189906e-08,UNIFORTUNE (HK) COMPANY LIMITED,
sku_customer,sku_customer::2016929|PINE INFORMATION CO LTD,2016929,교체형,intermittent,25993.0,tsb,"{'alpha': 0.1, 'beta': 0.2}",1.8159611644405175e-10,4.436297367024587e-10,2.0,11,6,,1.245966584928716e-07,2.00743619721841e-11,3.026191126426682e-08,1.2104764505706728e-07,3.11491646232179e-08,3.11491646232179e-08,3.11491646232179e-08,3.11491646232179e-08,PINE INFORMATION CO LTD,
sku_customer,sku_customer::1006937|MF WAREHOUSING & LOGISTICS,1006937,교체형,lumpy,25957.0,tsb,"{'alpha': 0.1, 'beta': 0.2}",8.590653294681934e-08,3.5026993706197503e-07,2.0,11,6,,0.00010665090420286008,5.8655082341676926e-09,2.46100108520849e-05,9.84400434083396e-05,2.666272605071502e-05,2.666272605071502e-05,2.666272605071502e-05,2.666272605071502e-05,MF WAREHOUSING & LOGISTICS,
sku_customer,sku_customer::2017902|Eternal International (HK) Ltd.,2017902,교체형,lumpy,25906.0,sba,{'alpha': 0.05},0.008986053853691972,0.0674417829694249,2.0,11,6,0.013652508966809642,93.49280693543392,0.011520654373168397,16.65552256968196,66.62209027872784,23.37320173385848,23.37320173385848,23.37320173385848,23.37320173385848,Eternal International (HK) Ltd.,
sku_customer,sku_customer::2018959|Eternal International (HK) Ltd.,2018959,교체형,intermittent,25903.0,tsb,"{'alpha': 0.1, 'beta': 0.2}",0.0015386481781798987,0.0056317804338712925,2.0,11,6,-0.5847631037275749,1.711208625053611,9.821598749935865e-05,0.426524821988218,1.706099287952872,0.42780215626340273,0.42780215626340273,0.42780215626340273,0.42780215626340273,Eternal International (HK) Ltd.,
sku_customer,sku_customer::1008398|KC Int'L (HK) Ltd,1008398,교체형,lumpy,25902.0,tsb,"{'alpha': 0.1, 'beta': 0.2}",1.4240303212411618e-07,8.639928817097849e-07,2.0,11,6,,0.000262512896458564,1.7094722881818743e-08,4.5415423779178536e-05,0.00018166169511671414,6.5628224114641e-05,6.5628224114641e-05,6.5628224114641e-05,6.5628224114641e-05,KC Int'L (HK) Ltd,
sku_customer,sku_customer::1007976|MF WAREHOUSING & LOGISTICS,1007976,교체형,lumpy,25790.0,tsb,"{'alpha': 0.1, 'beta': 0.2}",1.238775873393233e-07,7.225825956413417e-07,2.0,11,6,,0.00021859791701672913,1.4221043507747428e-08,4.863113364170357e-05,0.00019452453456681427,5.4649479254182284e-05,5.4649479254182284e-05,5.4649479254182284e-05,5.4649479254182284e-05,MF WAREHOUSING & LOGISTICS,
sku_customer,sku_customer::1007871|Eudar Technology Inc.,1007871,교체형,lumpy,25765.0,tsb,"{'alpha': 0.1, 'beta': 0.2}",1.3319879957186637e-07,4.695550235303347e-07,2.0,11,6,,0.00014191353503831153,1.5644365577623764e-08,3.1008463884172284e-05,0.00012403385553668914,3.547838375957788e-05,3.547838375957788e-05,3.547838375957788e-05,3.547838375957788e-05,Eudar Technology Inc.,
sku_customer,sku_customer::1009054|MF WAREHOUSING & LOGISTICS,1009054,교체형,intermittent,25765.0,tsb,"{'alpha': 0.1, 'beta': 0.2}",5.099842992033822e-07,3.408624468457467e-06,2.0,11,6,,0.001030187994369597,1.3484347847997574e-08,0.00021982129924414255,0.0008792851969765702,0.00025754699859239924,0.00025754699859239924,0.00025754699859239924,0.00025754699859239924,MF WAREHOUSING & LOGISTICS,
sku_customer,"sku_customer::2019670|Hosin Global Electronics Co., Ltd",2019670,교체형,intermittent,25600.0,tsb,"{'alpha': 0.1, 'beta': 0.2}",0.031730063267703126,0.18159269617748186,2.0,11,6,-0.3427779743064528,54.53125873052128,0.0010650636470804938,13.63281468263032,54.53125873052128,13.63281468263032,13.63281468263032,13.63281468263032,13.63281468263032,"Hosin Global Electronics Co., Ltd",
sku_customer,sku_customer::1008417|UNIFORTUNE (HK) COMPANY LIMITED,1008417,교체형,lumpy,25293.0,tsb,"{'alpha': 0.1, 'beta': 0.2}",1.758658670642877e-10,1.242326558420202e-09,2.0,11,6,,3.685897840875387e-07,4.615010142880701e-12,7.694477190940992e-08,3.0777908763763967e-07,9.214744602188467e-08,9.214744602188467e-08,9.214744602188467e-08,9.214744602188467e-08,UNIFORTUNE (HK) COMPANY LIMITED,
sku_customer,sku_customer::2016728|PATRIOT MEMORY INC.,2016728,교체형,intermittent,25000.0,tsb,"{'alpha': 0.1, 'beta': 0.2}",1.9087132314053618e-08,1.1139989782412792e-07,2.0,11,6,,3.2668709688906755e-05,7.778264211644465e-10,8.089394780110244e-06,3.2357579120440976e-05,8.167177422226689e-06,8.167177422226689e-06,8.167177422226689e-06,8.167177422226689e-06,PATRIOT MEMORY INC.,
sku_customer,sku_customer::2019221|PATRIOT MEMORY INC.,2019221,교체형,lumpy,24943.0,sba,{'alpha': 0.05},0.026426574430963256,0.17887501836835865,2.0,11,6,-0.13035435733468176,238.7520847176974,0.011951343689571022,54.27151004854039,217.08604019416157,59.68802117942435,59.68802117942435,59.68802117942435,59.68802117942435,PATRIOT MEMORY INC.,
sku_customer,sku_customer::1008097|PATRIOT MEMORY INC.,1008097,교체형,lumpy,24678.0,tsb,"{'alpha': 0.1, 'beta': 0.2}",1.394588988115532e-08,1.0371747640544976e-07,2.0,11,6,,3.0024036646143086e-05,1.809985329523938e-09,6.764639170562766e-06,2.7058556682251065e-05,7.5060091615357715e-06,7.5060091615357715e-06,7.5060091615357715e-06,7.5060091615357715e-06,PATRIOT MEMORY INC.,
sku_customer,"sku_customer::1008878|XINRONGDA CO., Limited",1008878,교체형,lumpy,24472.0,tsb,"{'alpha': 0.1, 'beta': 0.2}",3.0285332695559926e-09,2.3609233889387584e-08,2.0,11,6,,6.7773285371480994e-06,7.958496797906137e-11,1.3700934245441713e-06,5.480373698176685e-06,1.6943321342870249e-06,1.6943321342870249e-06,1.6943321342870249e-06,1.6943321342870249e-06,"XINRONGDA CO., Limited",
sku_customer,sku_customer::1006414|REALTECH SEMICONDUCTOR TECHNOLOGY,1006414,교체형,intermittent,24471.0,tsb,"{'alpha': 0.1, 'beta': 0.2}",4.917379638378606e-10,3.0358626357505297e-09,2.0,11,6,,8.714470708440209e-07,2.632738791205003e-11,2.1264841835666106e-07,8.505936734266442e-07,2.1786176771100522e-07,2.1786176771100522e-07,2.1786176771100522e-07,2.1786176771100522e-07,REALTECH SEMICONDUCTOR TECHNOLOGY,
sku_customer,sku_customer::2019709|PATRIOT MEMORY INC.,2019709,교체형,intermittent,23995.0,sba,{'alpha': 0.05},0.032025266170745414,0.12923630340965556,0.8509979916204884,11,6,-0.9518664503607991,298.92752003811466,0.009557319305737213,59.55211220937986,238.20844883751943,74.73188000952867,74.73188000952867,74.73188000952867,74.73188000952867,PATRIOT MEMORY INC.,
sku_customer,sku_customer::1008745|Mei Tong Development Investment Ltd,1008745,교체형,lumpy,23965.0,tsb,"{'alpha': 0.1, 'beta': 0.2}",3.7800344317864684e-05,0.00021294874388696157,2.0,11,6,,0.05986316801217016,7.011567890565613e-06,0.011895865347913807,0.04758346139165523,0.01496579200304254,0.01496579200304254,0.01496579200304254,0.01496579200304254,Mei Tong Development Investment Ltd,
sku_customer,"sku_customer::2017603|Hosin Global Electronics Co., Ltd",2017603,교체형,intermittent,23463.0,tsb,"{'alpha': 0.1, 'beta': 0.2}",2.480479362188328e-06,1.2171057237349283e-05,2.0,11,6,,0.0033498011381033273,1.5837494530318673e-07,0.0008374312795323953,0.003349725118129581,0.0008374502845258318,0.0008374502845258318,0.0008374502845258318,0.0008374502845258318,"Hosin Global Electronics Co., Ltd",
sku_customer,sku_customer::2017631|PINE INFO CO LTD,2017631,교체형,lumpy,23341.0,croston,{'alpha': 0.2},0.1226709619978786,0.38966945175433226,0.8976179960963298,11,6,-0.029061233435962223,738.2835032480675,0.07161811023879013,159.16879152764088,636.6751661105635,184.57087581201688,184.57087581201688,184.57087581201688,184.57087581201688,PINE INFO CO LTD,
sku_customer,sku_customer::2018272|Eternal International (HK) Ltd.,2018272,교체형,lumpy,23000.0,sba,{'alpha': 0.05},0.012349282613173482,0.06646552240635555,2.0,11,6,0.013652508966809534,81.80371988474528,0.011018615951650313,20.45092997118632,81.80371988474528,20.45092997118632,20.45092997118632,20.45092997118632,20.45092997118632,Eternal International (HK) Ltd.,
sku_customer,"sku_customer::1008551|AGI TECHNOLOGY CO., LTD.",1008551,교체형,lumpy,22809.0,tsb,"{'alpha': 0.1, 'beta': 0.2}",0.004062178119641367,0.028966538792748853,2.0,11,6,-0.5847631037275748,7.750148607707195,0.0006311278166252325,1.5154338191453105,6.061735276581242,1.9375371519267988,1.9375371519267988,1.9375371519267988,1.9375371519267988,"AGI TECHNOLOGY CO., LTD.",
sku_customer,"sku_customer::2018392|Hotop Technologies, Inc.",2018392,교체형,lumpy,22800.0,tsb,"{'alpha': 0.1, 'beta': 0.2}",1.5922617950226988e-10,1.222770607666278e-09,2.0,11,6,,3.270295661462011e-07,2.5233762819922927e-11,7.146201630602173e-08,2.858480652240869e-07,8.175739153655028e-08,8.175739153655028e-08,8.175739153655028e-08,8.175739153655028e-08,"Hotop Technologies, Inc.",
sku_customer,"sku_customer::2018127|Hosin Global Electronics Co., Ltd",2018127,교체형,lumpy,22600.0,tsb,"{'alpha': 0.1, 'beta': 0.2}",2.780614388075761e-10,1.6063064721072552e-09,2.0,11,6,,4.25837622777206e-07,3.767141036599487e-11,9.669497612743563e-08,3.867799045097425e-07,1.064594056943015e-07,1.064594056943015e-07,1.064594056943015e-07,1.064594056943015e-07,"Hosin Global Electronics Co., Ltd",
sku_customer,sku_customer::1008734|EVERBOND ELECTRONICS LIMITED,1008734,교체형,intermittent,22581.0,tsb,"{'alpha': 0.1, 'beta': 0.2}",0.00028894332765998254,0.0016600650092403104,2.0,11,6,,0.43971921781256096,9.094352478398722e-06,0.10666729644503947,0.4266691857801579,0.10992980445314024,0.10992980445314024,0.10992980445314024,0.10992980445314024,EVERBOND ELECTRONICS LIMITED,
sku_customer,sku_customer::1006362|Eudar Technology Inc.,1006362,교체형,intermittent,22526.0,tsb,"{'alpha': 0.1, 'beta': 0.2}",1.047948574884461e-08,6.043615548722978e-08,2.0,11,6,,1.596938127689284e-05,3.2240533951572396e-10,3.829853028107285e-06,1.531941211242914e-05,3.99234531922321e-06,3.99234531922321e-06,3.99234531922321e-06,3.99234531922321e-06,Eudar Technology Inc.,
sku_customer,sku_customer::2018695|LUCKY GRADE LIMITED,2018695,교체형,lumpy,22510.0,tsb,"{'alpha': 0.2, 'beta': 0.05}",4.644879054895842,24.37836173215203,1.805390693683992,11,6,1.0651933541092953,2554.7185059962726,0.19509550438793105,599.660525621482,2398.642102485928,638.6796264990681,638.6796264990681,638.6796264990681,638.6796264990681,LUCKY GRADE LIMITED,
sku_customer,"sku_customer::1008744|HONGKONG SHICHUANGYI CO., LIMITED",1008744,교체형,lumpy,22409.0,sba,{'alpha': 0.3},0.07091395745138016,0.5460560525787336,2.0,11,6,0.013652508966809291,654.7997368421052,0.013157894736842105,136.8294210526316,547.3176842105264,163.6999342105263,163.6999342105263,163.6999342105263,163.6999342105263,"HONGKONG SHICHUANGYI CO., LIMITED",
sku_customer,sku_customer::1008884|Edal Tech International Limited,1008884,교체형,lumpy,22290.0,tsb,"{'alpha': 0.2, 'beta': 0.05}",0.2075743951975417,1.5122256354025652,1.7166621890703897,11,6,3.072315651994106,1369.2373815450828,0.09970144133132908,235.30178243418192,941.2071297367277,342.3093453862707,342.3093453862707,342.3093453862707,342.3093453862707,Edal Tech International Limited,
sku_customer,sku_customer::1009100|MF WAREHOUSING & LOGISTICS,1009100,교체형,intermittent,22000.0,tsb,"{'alpha': 0.1, 'beta': 0.2}",4.8599162127158144e-08,2.7928232470457356e-07,2.0,11,6,,7.2073118211027e-05,1.5269728434539617e-09,1.7468569329113323e-05,6.987427731645329e-05,1.801827955275675e-05,1.801827955275675e-05,1.801827955275675e-05,1.801827955275675e-05,MF WAREHOUSING & LOGISTICS,
sku_customer,sku_customer::2019307|Wilk Elektronik S.A.,2019307,교체형,intermittent,22000.0,sba,{'alpha': 0.05},0.0403797114855264,0.19435322825837312,2.0,11,6,0.013652508966809742,228.8038004914627,0.011509665241386455,55.601826008390546,222.40730403356218,57.20095012286568,57.20095012286568,57.20095012286568,57.20095012286568,Wilk Elektronik S.A.,
sku_customer,"sku_customer::1008549|HONGKONG SHICHUANGYI CO., LIMITED",1008549,교체형,lumpy,21944.0,sba,{'alpha': 0.3},6.097632966479589,34.9319965207846,1.965564283429179,11,6,1.009311424617899,405.30294826627113,0.018542555164101616,79.08167995549788,316.3267198219915,101.32573706656778,101.32573706656778,101.32573706656778,101.32573706656778,"HONGKONG SHICHUANGYI CO., LIMITED",
sku_customer,"sku_customer::2019456|Hosin Global (HK) Electronics Co.,",2019456,교체형,intermittent,21760.0,tsb,"{'alpha': 0.1, 'beta': 0.2}",2220.870737387328,1815.7316666666666,1.4435411020776874,10,6,,9815.326720000001,0.22553600000000004,2453.8316800000002,9815.326720000001,2453.8316800000002,2453.8316800000002,2453.8316800000002,2453.8316800000002,"Hosin Global (HK) Electronics Co.,",
sku_customer,"sku_customer::2018610|PATRIOT?MEMORY?CO.,?LIMITED",2018610,교체형,intermittent,21760.0,tsb,"{'alpha': 0.1, 'beta': 0.2}",1923.3305365837841,1363.9278333333334,1.217791542994795,10,6,,7852.261376000001,0.18042880000000003,1963.0653440000003,7852.261376000001,1963.0653440000003,1963.0653440000003,1963.0653440000003,1963.0653440000003,"PATRIOT?MEMORY?CO.,?LIMITED",
sku_customer,sku_customer::2019334|BaDa Group (HongKong) Corporation L,2019334,교체형,intermittent,21568.0,tsb,"{'alpha': 0.2, 'beta': 0.05}",0.44208895253082026,1.5875809853620932,1.553366694985245,11,6,5.0,1204.5693978174525,0.10148528950438357,289.8861532225118,1159.5446128900471,301.1423494543631,301.1423494543631,301.1423494543631,301.1423494543631,BaDa Group (HongKong) Corporation L,
sku_customer,sku_customer::1006403|PNG HK LTD,1006403,교체형,lumpy,21017.0,tsb,"{'alpha': 0.1, 'beta': 0.2}",1.7201255513495937e-10,1.1133860880963658e-09,2.0,11,6,,2.7448820997711696e-07,4.974887248754992e-12,4.584803354647765e-08,1.833921341859106e-07,6.862205249427924e-08,6.862205249427924e-08,6.862205249427924e-08,6.862205249427924e-08,PNG HK LTD,
sku_customer,"sku_customer::2018334|XINRONGDA CO., Limited",2018334,교체형,intermittent,20939.0,tsb,"{'alpha': 0.1, 'beta': 0.2}",5.853191214241351e-06,2.762845851616713e-05,2.0,11,6,,0.006786092453000882,2.3730051966919943e-07,0.0016882175950617986,0.006752870380247194,0.0016965231132502205,0.0016965231132502205,0.0016965231132502205,0.0016965231132502205,"XINRONGDA CO., Limited",
sku_customer,sku_customer::1007899|KC Int'L (HK) Ltd,1007899,교체형,intermittent,20934.0,tsb,"{'alpha': 0.1, 'beta': 0.2}",2.3777390740723362e-07,1.4872959260118288e-06,2.0,11,6,,0.00036522188070189915,1.3480005636087459e-08,8.881598273460216e-05,0.00035526393093840864,9.130547017547479e-05,9.130547017547479e-05,9.130547017547479e-05,9.130547017547479e-05,KC Int'L (HK) Ltd,
sku_customer,sku_customer::2019838|EACHAIN HONGKONG LIMITED,2019838,교체형,intermittent,20831.0,sba,{'alpha': 0.05},0.04553843946407694,0.27858932531187103,2.0,11,6,-0.9610288952875998,310.54417314095446,0.007399186089530151,76.58197558268589,306.32790233074354,77.63604328523861,77.63604328523861,77.63604328523861,77.63604328523861,EACHAIN HONGKONG LIMITED,
sku_customer,"sku_customer::1009131|Hosin Global Electronics Co., Ltd",1009131,교체형,lumpy,20800.0,tsb,"{'alpha': 0.1, 'beta': 0.2}",0.0028425067052434004,0.021310055619627028,2.0,11,6,-0.5847631037275749,5.199422372575422,0.00038686178367376657,1.1636802452906898,4.654720981162759,1.2998555931438556,1.2998555931438556,1.2998555931438556,1.2998555931438556,"Hosin Global Electronics Co., Ltd",
sku_customer,sku_customer::1006683|MF WAREHOUSING & LOGISTICS,1006683,교체형,intermittent,20784.0,tsb,"{'alpha': 0.1, 'beta': 0.2}",1.7265345178306759e-12,1.1698792006140544e-11,2.0,11,6,,2.8521826504732006e-09,4.552827697159295e-14,6.050835488700224e-10,2.4203341954800897e-09,7.130456626183002e-10,7.130456626183002e-10,7.130456626183002e-10,7.130456626183002e-10,MF WAREHOUSING & LOGISTICS,
sku_customer,"sku_customer::2018127|XINRONGDA CO., Limited",2018127,교체형,lumpy,20755.0,tsb,"{'alpha': 0.1, 'beta': 0.2}",1.2890887799931e-06,7.122541332273712e-06,2.0,11,6,,0.0017340630978670143,1.780015990682473e-07,0.0003889724051136767,0.001555889620454707,0.00043351577446675357,0.00043351577446675357,0.00043351577446675357,0.00043351577446675357,"XINRONGDA CO., Limited",
sku_customer,sku_customer::2018708|PINE INFO CO LTD,2018708,교체형,lumpy,20717.0,tsb,"{'alpha': 0.1, 'beta': 0.2}",9.460467824516359e-06,2.9971521857569715e-05,2.0,11,6,,0.006622587632291173,8.070521420386013e-07,0.0015185034739204671,0.006074013895681869,0.0016556469080727932,0.0016556469080727932,0.0016556469080727932,0.0016556469080727932,PINE INFO CO LTD,
sku_customer,"sku_customer::2017773|EO Memory Co., Ltd.",2017773,교체형,intermittent,20532.0,sba,{'alpha': 0.05},0.115629422803844,0.26969210319019715,1.7450832691611164,11,6,1.073201925151193,143.17246540280527,0.04213158057451554,32.006766929327114,128.02706771730846,35.79311635070132,35.79311635070132,35.79311635070132,35.79311635070132,"EO Memory Co., Ltd.",
sku_customer,sku_customer::1008434|Patriot Memory Inc.,1008434,교체형,erratic,20521.0,sba,{'alpha': 0.1},3627.7392279834557,2576.375,1.3333333333333333,10,6,,62.139726027397266,0.0072098053352559486,12.797808219178084,51.191232876712334,15.534931506849317,15.534931506849317,15.534931506849317,15.534931506849317,Patriot Memory Inc.,
sku_customer,sku_customer::2018097|Leadmax Technology International,2018097,교체형,intermittent,20500.0,tsb,"{'alpha': 0.1, 'beta': 0.2}",5.993540976486499e-10,2.5731945866983994e-09,2.0,11,6,,6.187762989520594e-07,4.9438822223718394e-11,1.5335922653797446e-07,6.134369061518979e-07,1.5469407473801486e-07,1.5469407473801486e-07,1.5469407473801486e-07,1.5469407473801486e-07,Leadmax Technology International,
sku_customer,sku_customer::1008945|MF WAREHOUSING & LOGISTICS,1008945,교체형,lumpy,20419.0,croston,{'alpha': 0.2},0.5231601697955008,1.76304509479222,1.9660530519090773,11,6,-0.4937413344973163,420.9873473917869,0.027746947835738063,97.18965593784684,388.75862375138735,105.24683684794672,105.24683684794672,105.24683684794672,105.24683684794672,MF WAREHOUSING & LOGISTICS,
sku_customer,sku_customer::1008180|PATRIOT MEMORY INC.,1008180,교체형,lumpy,20099.0,tsb,"{'alpha': 0.1, 'beta': 0.2}",2.7377768202184177e-06,2.2119953439596676e-05,2.0,11,6,,0.005215138409309522,6.397686845906965e-07,0.0010475060626540394,0.004190024250616158,0.0013037846023273806,0.0013037846023273806,0.0013037846023273806,0.0013037846023273806,PATRIOT MEMORY INC.,
sku_customer,sku_customer::2018332|BANG TAI INTERNATIONAL LOGISTICS CO,2018332,교체형,intermittent,20000.0,sba,{'alpha': 0.05},0.030479618663238547,0.16361680452499697,2.0,11,6,-0.991918059829742,166.03819486680453,0.008109313546608281,40.71889064590683,162.87556258362733,41.50954871670113,41.50954871670113,41.50954871670113,41.50954871670113,BANG TAI INTERNATIONAL LOGISTICS CO,
sku_customer,sku_customer::2018008|UNISPLENDOUR DIGITAL（HONG KONG）,2018008,교체형,intermittent,20000.0,tsb,"{'alpha': 0.1, 'beta': 0.2}",1.133893643428128e-09,6.489328500589757e-09,2.0,11,6,,1.5224286054294677e-06,3.806071513573669e-11,3.806071513573669e-07,1.5224286054294677e-06,3.806071513573669e-07,3.806071513573669e-07,3.806071513573669e-07,3.806071513573669e-07,UNISPLENDOUR DIGITAL（HONG KONG）,
sku_customer,"sku_customer::2017631|XINRONGDA CO., Limited",2017631,교체형,intermittent,19776.0,tsb,"{'alpha': 0.1, 'beta': 0.2}",5.786780682241997e-07,4.036127396609764e-06,2.0,11,6,,0.0009362902473194284,1.5201096336623098e-08,0.00019637870726585958,0.0007855148290634383,0.0002340725618298571,0.0002340725618298571,0.0002340725618298571,0.0002340725618298571,"XINRONGDA CO., Limited",
sku_customer,sku_customer::1008897|EVERBOND ELECTRONICS LIMITED,1008897,교체형,intermittent,19417.0,tsb,"{'alpha': 0.1, 'beta': 0.2}",0.0035924538611314997,0.01722431708174608,2.0,11,6,-0.5847631037275748,3.9231175637010716,0.00014416230225409256,0.9753819543288746,3.9015278173154986,0.9807793909252679,0.9807793909252679,0.9807793909252679,0.9807793909252679,EVERBOND ELECTRONICS LIMITED,
sku_customer,sku_customer::2017466|Wilk Elektronik S.A.,2017466,교체형,intermittent,19303.0,tsb,"{'alpha': 0.1, 'beta': 0.2}",1.4241761229579591e-12,4.987164861108681e-12,2.0,11,6,,8.968739066510004e-10,1.431027997315683e-13,2.1052935156416408e-10,8.421174062566563e-10,2.242184766627501e-10,2.242184766627501e-10,2.242184766627501e-10,2.242184766627501e-10,Wilk Elektronik S.A.,
sku_customer,"sku_customer::2018129|XINRONGDA CO., Limited",2018129,교체형,lumpy,19243.0,tsb,"{'alpha': 0.1, 'beta': 0.2}",1.8734370990770487e-07,9.118707564893605e-07,2.0,11,6,,0.0002058321679992233,2.1179371198904548e-08,5.123982670246926e-05,0.00020495930680987704,5.145804199980582e-05,5.145804199980582e-05,5.145804199980582e-05,5.145804199980582e-05,"XINRONGDA CO., Limited",
sku_customer,sku_customer::2017143|REALTECH SEMICONDUCTOR TECHNOLOGY,2017143,교체형,intermittent,19200.0,tsb,"{'alpha': 0.1, 'beta': 0.2}",7.843378059260487e-10,4.488803431949536e-09,2.0,11,6,,1.010971695822721e-06,2.632738791205003e-11,2.5274292395568026e-07,1.010971695822721e-06,2.5274292395568026e-07,2.5274292395568026e-07,2.5274292395568026e-07,2.5274292395568026e-07,REALTECH SEMICONDUCTOR TECHNOLOGY,
sku_customer,sku_customer::2019671|SF Supply Chain (Hong Kong) Limited,2019671,교체형,intermittent,19200.0,sba,{'alpha': 0.05},0.04473299729501518,0.2734756097560975,2.0,11,6,-0.9467187076160125,280.9756097560975,0.0075046904315197,70.24390243902438,280.9756097560975,70.24390243902438,70.24390243902438,70.24390243902438,70.24390243902438,SF Supply Chain (Hong Kong) Limited,
sku_customer,sku_customer::1009650|Eternal International (HK) Ltd.,1009650,교체형,intermittent,19160.0,croston,{'alpha': 0.1},0.4207896197433892,2.770803574620077,1.8249441740666754,11,6,0.19896231737093867,438.4025661587811,0.00801924619085806,94.85132317562152,379.40529270248607,109.60064153969527,109.60064153969527,109.60064153969527,109.60064153969527,Eternal International (HK) Ltd.,
sku_customer,"sku_customer::2018010|XINRONGDA CO., Limited",2018010,교체형,intermittent,19033.0,tsb,"{'alpha': 0.1, 'beta': 0.2}",2.3279343398489543e-10,1.5440345613055993e-09,2.0,11,6,,3.447239403026602e-07,6.1663114227620756e-12,7.380630798623766e-08,2.9522523194495063e-07,8.618098507566505e-08,8.618098507566505e-08,8.618098507566505e-08,8.618098507566505e-08,"XINRONGDA CO., Limited",
sku_customer,sku_customer::2018356|LUCKY GRADE LIMITED,2018356,교체형,intermittent,18540.0,tsb,"{'alpha': 0.2, 'beta': 0.05}",1.5988219265609078,7.181983733682088,1.5210125889528536,11,6,0.06813425589318918,1641.3421607121657,0.15689524518122924,390.2529487948441,1561.0117951793763,410.3355401780414,410.3355401780414,410.3355401780414,410.3355401780414,LUCKY GRADE LIMITED,
sku_customer,sku_customer::2019071|EACHAIN HONGKONG LIMITED,2019071,교체형,intermittent,18300.0,tsb,"{'alpha': 0.1, 'beta': 0.2}",0.9366002178134804,6.2338833297485765,0.6243541159926501,11,6,0.15694201400040872,6237.684255215039,0.25404771089776645,1559.4210638037598,6237.684255215039,1559.4210638037598,1559.4210638037598,1559.4210638037598,1559.4210638037598,EACHAIN HONGKONG LIMITED,
sku_customer,sku_customer::2018195|Eternal International (HK) Ltd.,2018195,교체형,lumpy,18251.0,croston,{'alpha': 0.1},313.8056485006107,1908.860450624836,1.9996085602970048,11,6,0.003395576982617426,80.40296924708377,0.010604453870625662,16.267232237539766,65.06892895015906,20.100742311770944,20.100742311770944,20.100742311770944,20.100742311770944,Eternal International (HK) Ltd.,
sku_customer,sku_customer::2018605|EVERBOND ELECTRONICS LIMITED,2018605,교체형,intermittent,18166.0,tsb,"{'alpha': 0.1, 'beta': 0.2}",0.014218436418803361,0.08782470593357194,2.0,11,6,-0.5104095248945049,18.714713998217288,0.0007629192348358481,4.566132654031337,18.26453061612535,4.678678499554322,4.678678499554322,4.678678499554322,4.678678499554322,EVERBOND ELECTRONICS LIMITED,
sku_customer,"sku_customer::2018272|EO Memory Co., Ltd.",2018272,교체형,lumpy,18154.0,sba,{'alpha': 0.05},0.08001141768817535,0.23989691964717666,2.0,11,6,0.00570582888467912,220.21093028107924,0.027705293936156915,49.54457785007078,198.17831140028312,55.05273257026981,55.05273257026981,55.05273257026981,55.05273257026981,"EO Memory Co., Ltd.",
sku_customer,sku_customer::1008405|KC Int'L (HK) Ltd,1008405,교체형,intermittent,18034.0,tsb,"{'alpha': 0.1, 'beta': 0.2}",5.80942500527488e-09,2.4246044864620496e-08,2.0,11,6,,5.129087997813155e-06,2.429776448206788e-10,1.1942734661659893e-06,4.777093864663957e-06,1.2822719994532888e-06,1.2822719994532888e-06,1.2822719994532888e-06,1.2822719994532888e-06,KC Int'L (HK) Ltd,
sku_customer,sku_customer::2018361|BaDa Group (HongKong) Corporation L,2018361,교체형,intermittent,18000.0,tsb,"{'alpha': 0.1, 'beta': 0.1}",0.5040804005509165,2.275383420629214,0.7417655446287066,11,6,0.16386394184805023,2058.512199775797,0.17043034128718207,495.9914921241959,1983.9659684967835,514.6280499439492,514.6280499439492,514.6280499439492,514.6280499439492,BaDa Group (HongKong) Corporation L,
sku_customer,sku_customer::1008397|KC Int'L (HK) Ltd,1008397,교체형,lumpy,17966.0,tsb,"{'alpha': 0.1, 'beta': 0.2}",8.351365855016879e-08,6.35607859918978e-07,2.0,11,6,,0.0001339515781980514,1.709289880383675e-08,2.253681614387072e-05,9.014726457548288e-05,3.348789454951285e-05,3.348789454951285e-05,3.348789454951285e-05,3.348789454951285e-05,KC Int'L (HK) Ltd,
sku_customer,sku_customer::2019481|Eternal International (HK) Ltd.,2019481,교체형,intermittent,17966.0,sba,{'alpha': 0.05},0.049495190058721134,0.2178605680457597,2.0,11,6,0.013652508966809557,209.44925567947126,0.011014732204323283,52.35680462618752,209.42721850475007,52.362313919867816,52.362313919867816,52.362313919867816,52.362313919867816,Eternal International (HK) Ltd.,
sku_customer,"sku_customer::2017755|World Pacific Industrial H.K., Ltd.",2017755,교체형,intermittent,17898.0,tsb,"{'alpha': 0.1, 'beta': 0.2}",1.231148302203006e-13,7.872832137561377e-13,2.0,11,6,,1.6528851419759746e-10,7.680407521913566e-15,3.995163663118911e-11,1.5980654652475645e-10,4.1322128549399365e-11,4.1322128549399365e-11,4.1322128549399365e-11,4.1322128549399365e-11,"World Pacific Industrial H.K., Ltd.",
sku_customer,sku_customer::2019437|BaDa Group (HongKong) Corporation L,2019437,교체형,intermittent,17895.0,sba,{'alpha': 0.05},0.023975132739334777,0.07692266710854509,2.0,11,6,-0.9590262700018845,73.66052858367435,0.013639242549045711,18.415132145918587,73.66052858367435,18.415132145918587,18.415132145918587,18.415132145918587,18.415132145918587,BaDa Group (HongKong) Corporation L,
sku_customer,sku_customer::2017609|Wilk Elektronik S.A.,2017609,교체형,intermittent,17611.0,tsb,"{'alpha': 0.1, 'beta': 0.2}",1.704173553454734e-07,6.45476171084589e-07,2.0,11,6,,0.00011508067737198099,1.3173318216763514e-08,2.7137417552761123e-05,0.00010854967021104449,2.8770169342995248e-05,2.8770169342995248e-05,2.8770169342995248e-05,2.8770169342995248e-05,Wilk Elektronik S.A.,
sku_customer,"sku_customer::2017143|Hosin Global Electronics Co., Ltd",2017143,교체형,intermittent,17600.0,tsb,"{'alpha': 0.1, 'beta': 0.2}",5.772250630092623e-08,3.317109810518402e-07,2.0,11,6,,6.848251431460103e-05,1.8136259087553238e-09,1.6598304316928725e-05,6.63932172677149e-05,1.7120628578650256e-05,1.7120628578650256e-05,1.7120628578650256e-05,1.7120628578650256e-05,"Hosin Global Electronics Co., Ltd",
sku_customer,sku_customer::1008316|MF WAREHOUSING & LOGISTICS,1008316,교체형,lumpy,17361.0,tsb,"{'alpha': 0.1, 'beta': 0.2}",4.072040786561711e-10,3.0767448454762296e-09,2.0,11,6,,6.26575485293087e-07,1.0680385321874458e-11,1.278741173817385e-07,5.11496469526954e-07,1.5664387132327176e-07,1.5664387132327176e-07,1.5664387132327176e-07,1.5664387132327176e-07,MF WAREHOUSING & LOGISTICS,
sku_customer,sku_customer::1008605|MF WAREHOUSING & LOGISTICS,1008605,교체형,intermittent,17302.0,tsb,"{'alpha': 0.1, 'beta': 0.2}",1.5549657236623422e-07,1.073420821287993e-06,2.0,11,6,,0.00021785799538139735,1.3674240232324714e-08,5.1272931175124746e-05,0.00020509172470049898,5.446449884534934e-05,5.446449884534934e-05,5.446449884534934e-05,5.446449884534934e-05,MF WAREHOUSING & LOGISTICS,
sku_customer,"sku_customer::2017602|Hosin Global Electronics Co., Ltd",2017602,교체형,lumpy,17154.0,tsb,"{'alpha': 0.1, 'beta': 0.2}",4.204693901942681e-09,2.0553938829794222e-08,2.0,11,6,,4.1358772985647585e-06,7.357878692244069e-10,7.639670141769337e-07,3.055868056707735e-06,1.0339693246411896e-06,1.0339693246411896e-06,1.0339693246411896e-06,1.0339693246411896e-06,"Hosin Global Electronics Co., Ltd",
sku_customer,"sku_customer::2018782|AGI TECHNOLOGY CO., LTD.",2018782,교체형,intermittent,17000.0,croston,{'alpha': 0.1},0.48332191273347364,2.659413171582426,1.913862718707941,11,6,-0.07140472236687846,358.16164817749603,0.00792393026941363,79.55625990491284,318.22503961965134,89.54041204437401,89.54041204437401,89.54041204437401,89.54041204437401,"AGI TECHNOLOGY CO., LTD.",
sku_customer,sku_customer::2017666|PINE INFORMATION CO LTD,2017666,교체형,lumpy,16950.0,tsb,"{'alpha': 0.1, 'beta': 0.2}",1.16837210755283e-10,2.8593127655651104e-10,2.0,11,6,,4.427338976919464e-08,1.4726250350907245e-11,1.0660288710265985e-08,4.264115484106394e-08,1.106834744229866e-08,1.106834744229866e-08,1.106834744229866e-08,1.106834744229866e-08,PINE INFORMATION CO LTD,
sku_customer,sku_customer::1008771|EVERBOND ELECTRONICS LIMITED,1008771,교체형,intermittent,16945.0,tsb,"{'alpha': 0.1, 'beta': 0.2}",7.4006999285317265e-06,4.538260910084608e-05,2.0,11,6,,0.009020657920912403,3.84571286340291e-07,0.0022050086930635996,0.008820034772254398,0.002255164480228101,0.002255164480228101,0.002255164480228101,0.002255164480228101,EVERBOND ELECTRONICS LIMITED,
sku_customer,sku_customer::1008804|MF WAREHOUSING & LOGISTICS,1008804,교체형,intermittent,16921.0,sba,{'alpha': 0.05},0.8719881141684446,2.6561842988650946,1.0003328528679132,11,6,-0.41616906507498885,1014.5337523893082,0.0501363080876132,252.2528139002914,1009.0112556011655,253.63343809732706,253.63343809732706,253.63343809732706,253.63343809732706,MF WAREHOUSING & LOGISTICS,
sku_customer,"sku_customer::1009976|Hosin Global (HK) Electronics Co.,",1009976,교체형,intermittent,16674.0,croston,{'alpha': 0.1},0.21763628152487646,1.180827396200235,1.936645670274971,10,6,,373.29870129870125,0.007639419404125286,79.98899923605805,319.9559969442322,93.32467532467531,93.32467532467531,93.32467532467531,93.32467532467531,"Hosin Global (HK) Electronics Co.,",
sku_customer,sku_customer::2018332|PATRIOT MEMORY INC.,2018332,교체형,intermittent,16581.0,tsb,"{'alpha': 0.1, 'beta': 0.2}",1.9147106553989641,11.551516193693226,1.6777611057537396,11,6,-0.4592737359360525,1419.7200771829043,0.1034597401907317,346.6532400804676,1386.6129603218703,354.9300192957261,354.9300192957261,354.9300192957261,354.9300192957261,PATRIOT MEMORY INC.,
sku_customer,sku_customer::2018968|PATRIOT MEMORY INC.,2018968,교체형,intermittent,16521.0,tsb,"{'alpha': 0.1, 'beta': 0.2}",6.542233128692333e-06,4.10993654967022e-05,2.0,11,6,,0.007964868843927143,1.7696405213087207e-07,0.0017529846647221631,0.0070119386588886525,0.001991217210981786,0.001991217210981786,0.001991217210981786,0.001991217210981786,PATRIOT MEMORY INC.,
sku_customer,sku_customer::2019702|Eternal International (HK) Ltd.,2019702,교체형,intermittent,16500.0,tsb,"{'alpha': 0.1, 'beta': 0.2}",0.0164916977458964,0.0738101316713002,2.0,11,6,-0.5847631037275748,14.285883516109518,0.000676414939209731,3.5714708790273795,14.285883516109518,3.5714708790273795,3.5714708790273795,3.5714708790273795,3.5714708790273795,Eternal International (HK) Ltd.,
sku_customer,sku_customer::2018702|PATRIOT MEMORY INC.,2018702,교체형,intermittent,16427.0,sba,{'alpha': 0.3},0.06060772535228709,0.3677499711448551,2.0,11,6,0.08250538075706305,323.2657538994801,0.017331022530329292,78.58781802426344,314.35127209705377,80.81643847487003,80.81643847487003,80.81643847487003,80.81643847487003,PATRIOT MEMORY INC.,
sku_customer,sku_customer::2019307|BaDa Group (HongKong) Corporation L,2019307,교체형,intermittent,16400.0,tsb,"{'alpha': 0.1, 'beta': 0.2}",0.00016509773704101254,0.0008331486527126145,2.0,11,6,,0.16027785616131682,1.0771361301163764e-05,0.03860455890337093,0.15441823561348372,0.040069464040329204,0.040069464040329204,0.040069464040329204,0.040069464040329204,BaDa Group (HongKong) Corporation L,
sku_customer,sku_customer::2017682|PINE INFO CO LTD,2017682,교체형,lumpy,16114.0,tsb,"{'alpha': 0.1, 'beta': 0.2}",7.543220598047349e-05,0.00032594417932706204,2.0,11,6,,0.0616103632756203,3.4748749845163e-06,0.013350711889298044,0.05340284755719218,0.015402590818905075,0.015402590818905075,0.015402590818905075,0.015402590818905075,PINE INFO CO LTD,
sku_customer,"sku_customer::2018958|Hosin Global Electronics Co., Ltd",2018958,교체형,lumpy,16019.0,tsb,"{'alpha': 0.1, 'beta': 0.2}",0.00012716807177015697,0.0009404210618020012,2.0,11,6,,0.17671154698574945,3.333400241938668e-06,0.03631232886755405,0.1452493154702162,0.04417788674643736,0.04417788674643736,0.04417788674643736,0.04417788674643736,"Hosin Global Electronics Co., Ltd",
sku_customer,"sku_customer::1008771|Hosin Global Electronics Co., Ltd",1008771,교체형,intermittent,15666.0,tsb,"{'alpha': 0.1, 'beta': 0.2}",5.566156089141477e-06,3.330878477707505e-05,2.0,11,6,,0.006121024121513204,1.5699120076926165e-07,0.0013950112507395975,0.00558004500295839,0.001530256030378301,0.001530256030378301,0.001530256030378301,0.001530256030378301,"Hosin Global Electronics Co., Ltd",
sku_customer,"sku_customer::2018194|Hotop Technologies, Inc.",2018194,교체형,lumpy,15600.0,tsb,"{'alpha': 0.1, 'beta': 0.2}",4.78261527742171e-10,3.585490137319044e-09,2.0,11,6,,6.56115520158064e-07,6.509082541250635e-11,1.468449021306143e-07,5.873796085224572e-07,1.64028880039516e-07,1.64028880039516e-07,1.64028880039516e-07,1.64028880039516e-07,"Hotop Technologies, Inc.",
sku_customer,sku_customer::1009440|SILICON POWER COMPUTER & COMMUNICAT,1009440,교체형,intermittent,15571.0,tsb,"{'alpha': 0.2, 'beta': 0.05}",4.662108459989254,28.029493897210003,1.736395800435232,11,6,-0.1106987208006062,1400.0305069190424,0.08584004344141437,350.0076267297606,1400.0305069190424,350.0076267297606,350.0076267297606,350.0076267297606,350.0076267297606,SILICON POWER COMPUTER & COMMUNICAT,
sku_customer,"sku_customer::1008656|G.Skill International Ent. Co., Ltd",1008656,교체형,intermittent,15512.0,tsb,"{'alpha': 0.1, 'beta': 0.2}",2.6793860941518572e-09,1.6040554300403747e-08,2.0,11,6,,2.918732864388582e-06,1.2470659285226031e-10,7.178061601938963e-07,2.871224640775585e-06,7.296832160971455e-07,7.296832160971455e-07,7.296832160971455e-07,7.296832160971455e-07,"G.Skill International Ent. Co., Ltd",
sku_customer,sku_customer::2016910|PATRIOT MEMORY INC.,2016910,교체형,lumpy,15469.0,tsb,"{'alpha': 0.1, 'beta': 0.2}",2.6930590977058865e-07,1.1024891267549505e-06,2.0,11,6,,0.0002000523856606883,4.3387141674811216e-08,3.946852593323929e-05,0.00015787410373295716,5.0013096415172074e-05,5.0013096415172074e-05,5.0013096415172074e-05,5.0013096415172074e-05,PATRIOT MEMORY INC.,
sku_customer,sku_customer::1009651|MF WAREHOUSING & LOGISTICS,1009651,교체형,intermittent,15370.0,croston,{'alpha': 0.1},0.1595305016785521,0.9012539501060974,1.9178405504856169,11,6,-0.467824116762623,364.8012374323279,0.007733952049497292,76.90610982211912,307.6244392884765,91.20030935808198,91.20030935808198,91.20030935808198,91.20030935808198,MF WAREHOUSING & LOGISTICS,
sku_customer,sku_customer::2019283|BaDa Group (HongKong) Corporation L,2019283,교체형,intermittent,15322.0,sba,{'alpha': 0.05},0.01720350741069529,0.07214847533897827,2.0,11,6,-0.9608465438573489,59.15499339900067,0.0117111670765014,14.517561637134934,58.070246548539735,14.788748349750168,14.788748349750168,14.788748349750168,14.788748349750168,BaDa Group (HongKong) Corporation L,
sku_customer,sku_customer::1008504|Skyrich View (HK) Limited,1008504,교체형,intermittent,15169.0,tsb,"{'alpha': 0.1, 'beta': 0.2}",1.0743568162078733e-12,6.465053502045278e-12,2.0,11,6,,1.1503665765806447e-09,5.123762121989724e-14,2.8254063944530374e-10,1.130162557781215e-09,2.875916441451612e-10,2.875916441451612e-10,2.875916441451612e-10,2.875916441451612e-10,Skyrich View (HK) Limited,
sku_customer,sku_customer::2018095|PATRIOT MEMORY INC.,2018095,교체형,intermittent,15000.0,tsb,"{'alpha': 0.1, 'beta': 0.2}",1.6121325564852977e-08,9.72538790528101e-08,2.0,11,6,,1.7112181265617823e-05,7.778264211644465e-10,4.200262674288011e-06,1.6801050697152043e-05,4.278045316404456e-06,4.278045316404456e-06,4.278045316404456e-06,4.278045316404456e-06,PATRIOT MEMORY INC.,
sku_customer,sku_customer::2017631|BANG TAI INTERNATIONAL LOGISTICS CO,2017631,교체형,intermittent,15000.0,tsb,"{'alpha': 0.2, 'beta': 0.05}",3.3405763118790186,24.48486343024726,1.8597156011405593,11,6,0.9965635312610717,1454.1196112484122,0.060588317135350504,351.41223938503293,1405.6489575401317,363.52990281210305,363.52990281210305,363.52990281210305,363.52990281210305,BANG TAI INTERNATIONAL LOGISTICS CO,
sku_customer,sku_customer::2018009|PNG HK LTD,2018009,교체형,intermittent,14873.0,tsb,"{'alpha': 0.1, 'beta': 0.2}",1.428613501722261e-11,8.674662342491074e-11,2.0,11,6,,1.513416056855001e-08,7.102172098694465e-13,3.7086406351846707e-09,1.4834562540738683e-08,3.783540142137503e-09,3.783540142137503e-09,3.783540142137503e-09,3.783540142137503e-09,PNG HK LTD,
sku_customer,sku_customer::2014868|Skyrich View (HK) Limited,2014868,교체형,intermittent,14824.0,tsb,"{'alpha': 0.1, 'beta': 0.2}",2.86573465066348e-12,1.6421271212096832e-11,2.0,11,6,,2.8554815643488463e-09,1.0033033380470143e-13,7.123814889335498e-10,2.8495259557341994e-09,7.138703910872116e-10,7.138703910872116e-10,7.138703910872116e-10,7.138703910872116e-10,Skyrich View (HK) Limited,
sku_customer,sku_customer::2018395|EVERBOND ELECTRONICS LIMITED,2018395,교체형,lumpy,14801.0,tsb,"{'alpha': 0.1, 'beta': 0.2}",3.841527078191477e-07,2.8941232289444124e-06,2.0,11,6,,0.0005024759246086176,1.0074584057306931e-08,0.0001026410713259299,0.0004105642853037196,0.0001256189811521544,0.0001256189811521544,0.0001256189811521544,0.0001256189811521544,EVERBOND ELECTRONICS LIMITED,
sku_customer,"sku_customer::2018957|Hosin Global Electronics Co., Ltd",2018957,교체형,intermittent,14779.0,tsb,"{'alpha': 0.1, 'beta': 0.2}",0.0054158661172019704,0.024236945046316658,2.0,11,6,-0.5847631037275748,4.20174902206545,0.0002586558242690936,1.026062720454035,4.10425088181614,1.0504372555163626,1.0504372555163626,1.0504372555163626,1.0504372555163626,"Hosin Global Electronics Co., Ltd",
sku_customer,sku_customer::2017631|Wilk Elektronik S.A.,2017631,교체형,intermittent,14748.0,sba,{'alpha': 0.05},0.048601143317111295,0.19208252591972608,2.0,11,6,-0.6997409134178609,151.5897306897188,0.03389183350376249,34.360609345193325,137.4424373807733,37.8974326724297,37.8974326724297,37.8974326724297,37.8974326724297,Wilk Elektronik S.A.,
sku_customer,sku_customer::2017606|Wilk Elektronik S.A.,2017606,교체형,intermittent,14699.0,tsb,"{'alpha': 0.1, 'beta': 0.2}",9.055176935423435e-08,4.3480314127166773e-07,2.0,11,6,,5.4568628792978565e-05,9.913177636940367e-09,1.3245630092767027e-05,5.298252037106811e-05,1.3642157198244641e-05,1.3642157198244641e-05,1.3642157198244641e-05,1.3642157198244641e-05,Wilk Elektronik S.A.,
sku_customer,sku_customer::2018606|EVERBOND ELECTRONICS LIMITED,2018606,교체형,intermittent,14679.0,sba,{'alpha': 0.3},0.05918495592939482,0.4212465197408701,2.0,11,6,-0.7851724491111316,330.88843683083513,0.010706638115631693,71.57254817987153,286.29019271948613,82.72210920770878,82.72210920770878,82.72210920770878,82.72210920770878,EVERBOND ELECTRONICS LIMITED,
sku_customer,sku_customer::2017631|BaDa Group (HongKong) Corporation L,2017631,교체형,lumpy,14600.0,tsb,"{'alpha': 0.2, 'beta': 0.05}",9.664750653580793,43.624796257522995,1.9787042377971202,10,6,,888.7058083310955,0.06199119756773824,170.59977570641564,682.3991028256626,222.17645208277386,222.17645208277386,222.17645208277386,222.17645208277386,BaDa Group (HongKong) Corporation L,
sku_customer,"sku_customer::1008734|CY STORAGE TECHNOLOGY(HK) CO.,LIMIT",1008734,교체형,lumpy,14550.0,tsb,"{'alpha': 0.1, 'beta': 0.2}",0.0030000573343914217,0.023867745249036898,2.0,11,6,-0.4136272808484744,4.073629879532991,0.0006153519455487902,0.8454935731840377,3.381974292736151,1.0184074698832477,1.0184074698832477,1.0184074698832477,1.0184074698832477,"CY STORAGE TECHNOLOGY(HK) CO.,LIMIT",
sku_customer,sku_customer::2019731|Eternal International (HK) Ltd.,2019731,교체형,lumpy,14500.0,sba,{'alpha': 0.05},0.022934210307095974,0.1442352450642718,2.0,11,6,0.013652508966809553,111.91497275889985,0.008752160689670262,26.78407325558497,107.13629302233988,27.978743189724963,27.978743189724963,27.978743189724963,27.978743189724963,Eternal International (HK) Ltd.,
sku_customer,"sku_customer::2018976|Hosin Global Electronics Co., Ltd",2018976,교체형,intermittent,14418.0,tsb,"{'alpha': 0.1, 'beta': 0.2}",2.8933745950478383e-06,1.689010612479346e-05,2.0,11,6,,0.0028565680862676535,8.533998011124415e-08,0.0006696252743416838,0.002678501097366735,0.0007141420215669134,0.0007141420215669134,0.0007141420215669134,0.0007141420215669134,"Hosin Global Electronics Co., Ltd",
sku_customer,sku_customer::2019401|Eternal International (HK) Ltd.,2019401,교체형,intermittent,14398.0,tsb,"{'alpha': 0.1, 'beta': 0.2}",7.539224332029405e-05,0.0003783754553561511,2.0,11,6,,0.06390462728397625,5.508525725622552e-06,0.015935614071653482,0.06374245628661393,0.015976156820994063,0.015976156820994063,0.015976156820994063,0.015976156820994063,Eternal International (HK) Ltd.,
sku_customer,sku_customer::2017272|PINE INFORMATION CO LTD,2017272,교체형,lumpy,14280.0,tsb,"{'alpha': 0.1, 'beta': 0.2}",2.7381368599112802e-12,1.0043223818845137e-11,2.0,11,6,,1.4843997303611657e-09,3.239104556663625e-13,2.9665588388178117e-10,1.1866235355271247e-09,3.710999325902914e-10,3.710999325902914e-10,3.710999325902914e-10,3.710999325902914e-10,PINE INFORMATION CO LTD,
sku_customer,sku_customer::1005673|MF WAREHOUSING & LOGISTICS,1005673,교체형,lumpy,14121.0,sba,{'alpha': 0.05},2.1013496480756864,12.416234039847765,1.8584728460161084,10,6,,879.7085547103568,0.046811000585137506,216.10244587478056,864.4097834991222,219.9271386775892,219.9271386775892,219.9271386775892,219.9271386775892,MF WAREHOUSING & LOGISTICS,
sku_customer,sku_customer::2017682|Wilk Elektronik S.A.,2017682,교체형,intermittent,13931.0,tsb,"{'alpha': 0.1, 'beta': 0.2}",2.8538801987237926e-13,1.1449443949315264e-12,2.0,11,6,,1.6461740900467398e-10,1.1886018423306175e-14,3.491561890114355e-11,1.396624756045742e-10,4.1154352251168494e-11,4.1154352251168494e-11,4.1154352251168494e-11,4.1154352251168494e-11,Wilk Elektronik S.A.,
sku_customer,sku_customer::1008622|UNIFORTUNE (HK) COMPANY LIMITED,1008622,교체형,intermittent,13924.0,tsb,"{'alpha': 0.1, 'beta': 0.2}",7.354986828184534e-12,3.814968690938591e-11,2.0,11,6,,6.231063442082786e-09,2.572183647370788e-13,1.4939283778867897e-09,5.975713511547159e-09,1.5577658605206966e-09,1.5577658605206966e-09,1.5577658605206966e-09,1.5577658605206966e-09,UNIFORTUNE (HK) COMPANY LIMITED,
sku_customer,sku_customer::2019754|PATRIOT MEMORY INC.,2019754,교체형,intermittent,13920.0,sba,{'alpha': 0.3},0.27398522188541,1.2994049193260568,1.6764976898371227,11,6,-0.8490045826091523,214.39723242905168,0.019544992572902823,46.23100226721915,184.9240090688766,53.59930810726292,53.59930810726292,53.59930810726292,53.59930810726292,PATRIOT MEMORY INC.,
sku_customer,sku_customer::2018043|PINE INFO CO LTD,2018043,교체형,intermittent,13821.0,tsb,"{'alpha': 0.1, 'beta': 0.2}",0.01574594857324954,0.040162958313085265,2.0,11,6,-0.5847631037275748,4.825225856180037,0.0019103407701731988,1.1193648829765475,4.47745953190619,1.2063064640450092,1.2063064640450092,1.2063064640450092,1.2063064640450092,PINE INFO CO LTD,
sku_customer,sku_customer::1005682|MF WAREHOUSING & LOGISTICS,1005682,교체형,lumpy,13743.0,croston,{'alpha': 0.1},21.656283538346997,110.7922891566265,1.9878495095886397,10,6,,221.56179775280899,0.028089887640449437,48.50898876404494,194.03595505617977,55.390449438202246,55.390449438202246,55.390449438202246,55.390449438202246,MF WAREHOUSING & LOGISTICS,
sku_customer,sku_customer::2017272|Memory Technology Middle East Fzco,2017272,교체형,intermittent,13700.0,tsb,"{'alpha': 0.1, 'beta': 0.2}",1.9877664051174414e-10,6.209445367809056e-10,2.0,11,6,,9.177629808839647e-08,2.618426973303468e-11,2.0813766779442278e-08,8.325506711776911e-08,2.294407452209912e-08,2.294407452209912e-08,2.294407452209912e-08,2.294407452209912e-08,Memory Technology Middle East Fzco,
sku_customer,sku_customer::2019402|Eternal International (HK) Ltd.,2019402,교체형,intermittent,13681.0,tsb,"{'alpha': 0.1, 'beta': 0.2}",5.296850013980426e-05,0.00030462449423403686,2.0,11,6,,0.04888660120624971,1.940406493857653e-06,0.012169065285578883,0.04867626114231553,0.012221650301562427,0.012221650301562427,0.012221650301562427,0.012221650301562427,Eternal International (HK) Ltd.,
sku_customer,sku_customer::1009227|MF WAREHOUSING & LOGISTICS,1009227,교체형,lumpy,13411.0,tsb,"{'alpha': 0.1, 'beta': 0.2}",5.71446811980204e-05,0.0003461063124485452,2.0,11,6,,0.05444748991316055,3.5860163227682387e-06,0.012760121881306225,0.0510404875252249,0.013611872478290137,0.013611872478290137,0.013611872478290137,0.013611872478290137,MF WAREHOUSING & LOGISTICS,
sku_customer,sku_customer::1009146|MF WAREHOUSING & LOGISTICS,1009146,교체형,lumpy,13000.0,tsb,"{'alpha': 0.1, 'beta': 0.2}",5.423558288777988e-07,4.066000216532523e-06,2.0,11,6,,0.0006200374623044308,1.4221042713404377e-08,0.00012685170100356705,0.0005074068040142682,0.0001550093655761077,0.0001550093655761077,0.0001550093655761077,0.0001550093655761077,MF WAREHOUSING & LOGISTICS,
sku_customer,sku_customer::2018332|LUCKY GRADE LIMITED,2018332,교체형,intermittent,12935.0,sba,{'alpha': 0.05},0.05859671829285128,0.28172035181727584,2.0,11,6,0.013652508966809506,194.99947830134917,0.010701510785785183,44.10698504330098,176.42794017320392,48.74986957533729,48.74986957533729,48.74986957533729,48.74986957533729,LUCKY GRADE LIMITED,
sku_customer,sku_customer::1008053|Wilk Elektronik S.A.,1008053,교체형,intermittent,12845.0,tsb,"{'alpha': 0.1, 'beta': 0.2}",2.0949956682731077e-09,9.936749457392697e-09,2.0,11,6,,1.4972200307579775e-06,8.068152835660077e-11,3.7421496710384844e-07,1.4968598684153938e-06,3.7430500768949436e-07,3.7430500768949436e-07,3.7430500768949436e-07,3.7430500768949436e-07,Wilk Elektronik S.A.,
sku_customer,"sku_customer::1008053|HONGKONG SHICHUANGYI CO., LIMITED",1008053,교체형,intermittent,12828.0,tsb,"{'alpha': 0.1, 'beta': 0.2}",0.001055211631477603,0.005442612740411359,2.0,11,6,-0.5847631037275749,0.8189805080923772,4.361215823508616e-05,0.2020027945132721,0.8080111780530884,0.2047451270230943,0.2047451270230943,0.2047451270230943,0.2047451270230943,"HONGKONG SHICHUANGYI CO., LIMITED",
sku_customer,sku_customer::2014868|MF WAREHOUSING & LOGISTICS,2014868,교체형,intermittent,12644.0,tsb,"{'alpha': 0.1, 'beta': 0.2}",5.346850174496567e-08,3.644044664644389e-07,2.0,11,6,,5.404746873548375e-05,4.42779760908079e-09,1.2787833718834047e-05,5.1151334875336186e-05,1.3511867183870937e-05,1.3511867183870937e-05,1.3511867183870937e-05,1.3511867183870937e-05,MF WAREHOUSING & LOGISTICS,
sku_customer,sku_customer::1007473|DAOSTORE INTENATIONAL LIMITED,1007473,교체형,lumpy,12536.0,tsb,"{'alpha': 0.1, 'beta': 0.2}",8.322657238076917e-07,6.480010330726112e-06,2.0,11,6,,0.0009528880094237365,1.967523192708895e-07,0.00011379701616293934,0.00045518806465175734,0.00023822200235593412,0.00023822200235593412,0.00023822200235593412,0.00023822200235593412,DAOSTORE INTENATIONAL LIMITED,
sku_customer,sku_customer::2019481|EACHAIN HONGKONG LIMITED,2019481,교체형,intermittent,12500.0,tsb,"{'alpha': 0.1, 'beta': 0.1}",2.4788625501195,19.745956205507895,1.3855038110569955,11,6,0.4746899335674957,2262.9724363652017,0.16963811367055484,562.3503468178893,2249.4013872715573,565.7431090913004,565.7431090913004,565.7431090913004,565.7431090913004,EACHAIN HONGKONG LIMITED,
sku_customer,"sku_customer::2018609|MING SHUN ELECTRONIC CO.,LIMITED",2018609,교체형,intermittent,12482.0,sba,{'alpha': 0.05},0.0184826278534975,0.10516986593936817,2.0,11,6,0.013652508966809725,70.24643567385651,0.01019835806435164,17.041688465657028,68.16675386262811,17.561608918464128,17.561608918464128,17.561608918464128,17.561608918464128,"MING SHUN ELECTRONIC CO.,LIMITED",
sku_customer,"sku_customer::2017601|XINRONGDA CO., Limited",2017601,교체형,lumpy,12475.0,tsb,"{'alpha': 0.1, 'beta': 0.2}",2.2315088760394984e-07,1.2640182526145584e-06,2.0,11,6,,0.00018496990773965525,2.1090911341693145e-08,3.885095614610404e-05,0.00015540382458441616,4.624247693491381e-05,4.624247693491381e-05,4.624247693491381e-05,4.624247693491381e-05,"XINRONGDA CO., Limited",
sku_customer,"sku_customer::2017778|Hosin Global Electronics Co., Ltd",2017778,교체형,lumpy,12443.0,tsb,"{'alpha': 0.1, 'beta': 0.2}",0.005071698382409026,0.030185849817122936,2.0,11,6,-0.5847631037275748,4.40591067925695,0.00016185400279223835,0.6028689016096453,2.4114756064385814,1.1014776698142374,1.1014776698142374,1.1014776698142374,1.1014776698142374,"Hosin Global Electronics Co., Ltd",
sku_customer,sku_customer::1007932|Skyrich View (HK) Limited,1007932,교체형,intermittent,12295.0,tsb,"{'alpha': 0.1, 'beta': 0.2}",5.802973324134234e-14,3.441076727687388e-13,2.0,11,6,,4.962837668300138e-11,2.57756189274963e-15,1.2235170792503944e-11,4.894068317001578e-11,1.2407094170750344e-11,1.2407094170750344e-11,1.2407094170750344e-11,1.2407094170750344e-11,Skyrich View (HK) Limited,
sku_customer,sku_customer::2019729|Wilk Elektronik S.A.,2019729,교체형,intermittent,12000.0,sba,{'alpha': 0.15},0.05907667374564525,0.38070219494047625,2.0,11,6,0.013652508966809557,244.46428571428572,0.008928571428571428,55.5,222.0,61.11607142857143,61.11607142857143,61.11607142857143,61.11607142857143,Wilk Elektronik S.A.,
sku_customer,sku_customer::2018094|Leadmax Technology International,2018094,교체형,intermittent,12000.0,tsb,"{'alpha': 0.1, 'beta': 0.2}",1.278037249387834e-10,7.709916878543232e-10,2.0,11,6,,1.0852708104061254e-07,6.1663114227620756e-12,2.6638465346332167e-08,1.0655386138532867e-07,2.7131770260153134e-08,2.7131770260153134e-08,2.7131770260153134e-08,2.7131770260153134e-08,Leadmax Technology International,
sku_customer,"sku_customer::2017775|Hosin Global Electronics Co., Ltd",2017775,교체형,lumpy,11896.0,tsb,"{'alpha': 0.1, 'beta': 0.2}",0.0003792352856919163,0.002117445226643998,2.0,11,6,,0.295474713933102,1.3570407994216574e-05,0.03479280156972339,0.13917120627889357,0.0738686784832755,0.0738686784832755,0.0738686784832755,0.0738686784832755,"Hosin Global Electronics Co., Ltd",
sku_customer,sku_customer::2016990|PINE INFO CO LTD,2016990,교체형,lumpy,11867.0,tsb,"{'alpha': 0.2, 'beta': 0.05}",0.4064916142526421,1.8833797922371094,1.5718807189147845,11,6,0.11557621632446496,582.7160205895173,0.09715691446858493,125.78126906421309,503.12507625685237,145.6790051473793,145.6790051473793,145.6790051473793,145.6790051473793,PINE INFO CO LTD,
sku_customer,sku_customer::2019276|BaDa Group (HongKong) Corporation L,2019276,교체형,intermittent,11850.0,tsb,"{'alpha': 0.1, 'beta': 0.2}",0.002096029487438264,0.008868119194527364,2.0,11,6,-0.5847631037275749,1.232699024960928,0.00026222394350085894,0.308174756240232,1.232699024960928,0.308174756240232,0.308174756240232,0.308174756240232,0.308174756240232,BaDa Group (HongKong) Corporation L,
sku_customer,"sku_customer::2017602|XINRONGDA CO., Limited",2017602,교체형,intermittent,11757.0,tsb,"{'alpha': 0.1, 'beta': 0.2}",7.992039316485709e-10,3.644970051539117e-09,2.0,11,6,,5.026870102310339e-07,3.854805650745383e-11,1.2198524772172463e-07,4.879409908868985e-07,1.2567175255775848e-07,1.2567175255775848e-07,1.2567175255775848e-07,1.2567175255775848e-07,"XINRONGDA CO., Limited",
sku_customer,sku_customer::1007775|KC Int'L (HK) Ltd,1007775,교체형,lumpy,11743.0,tsb,"{'alpha': 0.1, 'beta': 0.2}",3.0369276320409914e-09,2.209846467655168e-08,2.0,11,6,,3.044025896105607e-06,7.960402033770247e-11,6.2888131315029e-07,2.51552525260116e-06,7.610064740264018e-07,7.610064740264018e-07,7.610064740264018e-07,7.610064740264018e-07,KC Int'L (HK) Ltd,
sku_customer,sku_customer::2019839|REALTECH SEMICONDUCTOR TECHNOLOGY L,2019839,교체형,intermittent,11723.0,croston,{'alpha': 0.2},0.4592870095302149,1.8045232930183184,1.9199852550550223,11,6,-0.4884695530877148,183.91768826619966,0.010945709281961471,45.721628721541165,182.88651488616466,45.979422066549915,45.979422066549915,45.979422066549915,45.979422066549915,REALTECH SEMICONDUCTOR TECHNOLOGY L,
sku_customer,sku_customer::2016929|Integral Memory Plc,2016929,교체형,lumpy,11700.0,tsb,"{'alpha': 0.1, 'beta': 0.2}",4.040289448428775e-05,0.00014746607548958844,2.0,11,6,,0.019373912126008988,5.1262323264302e-06,0.003945761974033137,0.015783047896132548,0.004843478031502247,0.004843478031502247,0.004843478031502247,0.004843478031502247,Integral Memory Plc,
sku_customer,"sku_customer::2017775|XINRONGDA CO., Limited",2017775,교체형,intermittent,11610.0,tsb,"{'alpha': 0.1, 'beta': 0.2}",7.337556245865729e-12,5.019437800767739e-11,2.0,11,6,,6.835880735978759e-09,1.9319566166934476e-13,1.4446089683928253e-09,5.778435873571301e-09,1.7089701839946898e-09,1.7089701839946898e-09,1.7089701839946898e-09,1.7089701839946898e-09,"XINRONGDA CO., Limited",
sku_customer,sku_customer::1007817|UNIFORTUNE (HK) COMPANY LIMITED,1007817,교체형,lumpy,11592.0,tsb,"{'alpha': 0.1, 'beta': 0.2}",2.4367504962614247e-11,1.854918060300754e-10,2.0,11,6,,2.5222624973417965e-08,4.6282423635375695e-12,4.3651267851704594e-09,1.7460507140681838e-08,6.305656243354491e-09,6.305656243354491e-09,6.305656243354491e-09,6.305656243354491e-09,UNIFORTUNE (HK) COMPANY LIMITED,
sku_customer,sku_customer::2016876|UNISPLENDOUR DIGITAL（HONG KONG）,2016876,교체형,lumpy,11579.0,tsb,"{'alpha': 0.1, 'beta': 0.2}",4.902221845930231e-11,1.4402177993141481e-10,2.0,11,6,,1.9350515230402044e-08,6.539572279276823e-12,4.39210146380481e-09,1.756840585521924e-08,4.837628807600511e-09,4.837628807600511e-09,4.837628807600511e-09,4.837628807600511e-09,UNISPLENDOUR DIGITAL（HONG KONG）,
sku_customer,sku_customer::2019701|LUCKY GRADE LIMITED,2019701,교체형,intermittent,11513.0,sba,{'alpha': 0.05},0.049385518693771085,0.19349970611921352,2.0,11,6,0.06806639031848594,119.21135071842168,0.011927836659775383,28.00307881618059,112.01231526472236,29.80283767960542,29.80283767960542,29.80283767960542,29.80283767960542,LUCKY GRADE LIMITED,
sku_customer,"sku_customer::2016811|World Pacific Industrial H.K., Ltd.",2016811,교체형,intermittent,11434.0,tsb,"{'alpha': 0.1, 'beta': 0.2}",1.2651153506952709e-13,8.039355933490116e-13,2.0,11,6,,1.0782677728164895e-10,7.680407521913566e-15,2.6109084546293853e-11,1.0443633818517541e-10,2.6956694320412237e-11,2.6956694320412237e-11,2.6956694320412237e-11,2.6956694320412237e-11,"World Pacific Industrial H.K., Ltd.",
sku_customer,sku_customer::1006925|KC Int'L (HK) Ltd,1006925,교체형,lumpy,11390.0,tsb,"{'alpha': 0.1, 'beta': 0.2}",5.89461367457897e-13,4.5798424990104156e-12,2.0,11,6,,6.119014006567967e-10,1.548615640138883e-14,1.2382358990796877e-10,4.952943596318751e-10,1.5297535016419917e-10,1.5297535016419917e-10,1.5297535016419917e-10,1.5297535016419917e-10,KC Int'L (HK) Ltd,
sku_customer,sku_customer::2018509|Eternal International (HK) Ltd.,2018509,교체형,lumpy,11280.0,tsb,"{'alpha': 0.1, 'beta': 0.2}",1.47204565959116e-05,0.00010662097974360811,2.0,11,6,,0.014107788784310992,1.6481061663914712e-06,0.0032385286169592407,0.012954114467836963,0.003526947196077748,0.003526947196077748,0.003526947196077748,0.003526947196077748,Eternal International (HK) Ltd.,
sku_customer,"sku_customer::2018611|MING SHUN ELECTRONIC CO.,LIMITED",2018611,교체형,intermittent,11270.0,tsb,"{'alpha': 0.1, 'beta': 0.2}",0.019925456791976014,0.12495932142612576,2.0,11,6,-0.2364960419525418,16.51960864728809,0.0011424348995358294,4.0145162369689045,16.058064947875618,4.129902161822023,4.129902161822023,4.129902161822023,4.129902161822023,"MING SHUN ELECTRONIC CO.,LIMITED",
sku_customer,sku_customer::2018156|PINE INFO CO LTD,2018156,교체형,lumpy,11000.0,tsb,"{'alpha': 0.1, 'beta': 0.2}",3.770121521099665e-06,1.80999637910191e-05,2.0,11,6,,0.001910853516443395,3.2334735285694373e-07,0.0004043781994828938,0.0016175127979315752,0.0004777133791108487,0.0004777133791108487,0.0004777133791108487,0.0004777133791108487,PINE INFO CO LTD,
sku_customer,sku_customer::1006661|PATRIOT MEMORY INC.,1006661,교체형,intermittent,10968.0,tsb,"{'alpha': 0.1, 'beta': 0.2}",4.429652784984179e-11,2.7617221657147383e-10,2.0,11,6,,3.553158718969033e-08,1.2036445524962848e-12,7.855947265232753e-09,3.142378906093101e-08,8.882896797422582e-09,8.882896797422582e-09,8.882896797422582e-09,8.882896797422582e-09,PATRIOT MEMORY INC.,
sku_customer,sku_customer::1008897|MF WAREHOUSING & LOGISTICS,1008897,교체형,intermittent,10805.0,tsb,"{'alpha': 0.1, 'beta': 0.2}",1.7725010740616706e-11,1.0455342139793282e-10,2.0,11,6,,1.3251657443324716e-08,7.662220692534587e-13,3.2715843424156477e-09,1.308633736966259e-08,3.312914360831179e-09,3.312914360831179e-09,3.312914360831179e-09,3.312914360831179e-09,MF WAREHOUSING & LOGISTICS,
sku_customer,sku_customer::2019879|PATRIOT MEMORY INC.,2019879,교체형,intermittent,10780.0,sba,{'alpha': 0.3},0.07845607234242112,0.34265691972188567,1.1206997749779706,11,6,-0.8998945797685937,188.41487031700294,0.02881844380403459,47.103717579250734,188.41487031700294,47.103717579250734,47.103717579250734,47.103717579250734,47.103717579250734,PATRIOT MEMORY INC.,
sku_customer,sku_customer::2017631|PATRIOT MEMORY INC.,2017631,교체형,intermittent,10766.0,sba,{'alpha': 0.05},0.055566426978471,0.3173818664754105,2.0,11,6,0.013652508966809496,182.84592237989403,0.009769679798744598,45.71148059497351,182.84592237989403,45.71148059497351,45.71148059497351,45.71148059497351,45.71148059497351,PATRIOT MEMORY INC.,
sku_customer,"sku_customer::1008981|G.Skill International Ent. Co., Ltd",1008981,교체형,lumpy,10740.0,tsb,"{'alpha': 0.1, 'beta': 0.2}",1.7770347577844369e-06,1.335434207691815e-05,2.0,11,6,,0.0016824182023660711,2.453935534372916e-07,0.0003757466090231809,0.0015029864360927236,0.0004206045505915178,0.0004206045505915178,0.0004206045505915178,0.0004206045505915178,"G.Skill International Ent. Co., Ltd",
sku_customer,sku_customer::1007941|UNIFORTUNE (HK) COMPANY LIMITED,1007941,교체형,intermittent,10722.0,tsb,"{'alpha': 0.1, 'beta': 0.2}",8.678309821591813e-12,5.206186519182666e-11,2.0,11,6,,6.547910076515144e-09,2.439972453612738e-13,1.4889687900926373e-09,5.955875160370549e-09,1.636977519128786e-09,1.636977519128786e-09,1.636977519128786e-09,1.636977519128786e-09,UNIFORTUNE (HK) COMPANY LIMITED,
sku_customer,sku_customer::2016729|Memory Technology Middle East Fzco,2016729,교체형,lumpy,10674.0,tsb,"{'alpha': 0.1, 'beta': 0.2}",3.86937825681501e-08,1.1156688873489878e-07,2.0,11,6,,1.3576528827794667e-05,2.6628288612662533e-09,2.2279047277209027e-06,8.911618910883611e-06,3.3941322069486667e-06,3.3941322069486667e-06,3.3941322069486667e-06,3.3941322069486667e-06,Memory Technology Middle East Fzco,
sku_customer,sku_customer::2019727|PATRIOT MEMORY INC.,2019727,교체형,lumpy,10600.0,sba,{'alpha': 0.3},0.06252924546981435,0.42432509669893675,2.0,11,6,-0.1919855722435055,240.68741270949724,0.021822625698324025,36.12203212290504,144.48812849162016,60.17185317737431,60.17185317737431,60.17185317737431,60.17185317737431,PATRIOT MEMORY INC.,
sku_customer,sku_customer::2019307|PINE INFO CO LTD,2019307,교체형,intermittent,10500.0,tsb,"{'alpha': 0.1, 'beta': 0.2}",0.0001164261595918549,0.0005693596056645024,2.0,11,6,,0.07012665623869625,3.836250341285353e-06,0.015045773838521154,0.060183095354084615,0.017531664059674063,0.017531664059674063,0.017531664059674063,0.017531664059674063,PINE INFO CO LTD,
sku_customer,sku_customer::1009440|PATRIOT MEMORY INC.,1009440,교체형,lumpy,10472.0,tsb,"{'alpha': 0.1, 'beta': 0.2}",2.5043676695830766e-05,0.00019886035325043645,2.0,11,6,,0.02442783739692065,5.058780110362958e-06,0.005087918683798649,0.020351674735194596,0.0061069593492301625,0.0061069593492301625,0.0061069593492301625,0.0061069593492301625,PATRIOT MEMORY INC.,
sku_customer,"sku_customer::1008733|XINRONGDA CO., Limited",1008733,교체형,lumpy,10413.0,tsb,"{'alpha': 0.1, 'beta': 0.2}",4.978941190020726e-08,3.5602545500555545e-07,2.0,11,6,,4.3487465669731114e-05,1.4474341966432183e-09,7.1890553756512785e-06,2.8756221502605114e-05,1.0871866417432778e-05,1.0871866417432778e-05,1.0871866417432778e-05,1.0871866417432778e-05,"XINRONGDA CO., Limited",
sku_customer,sku_customer::2018095|Memory Technology Middle East Fzco,2018095,교체형,intermittent,10390.0,tsb,"{'alpha': 0.1, 'beta': 0.2}",2.978229371725618e-08,1.06267527822574e-07,2.0,11,6,,1.2328324279220729e-05,2.366912798417515e-09,2.9000774995238914e-06,1.1600309998095565e-05,3.0820810698051823e-06,3.0820810698051823e-06,3.0820810698051823e-06,3.0820810698051823e-06,Memory Technology Middle East Fzco,
sku_customer,sku_customer::2017214|Wilk Elektronik S.A.,2017214,교체형,intermittent,10351.0,tsb,"{'alpha': 0.1, 'beta': 0.2}",1.379587469492146e-11,5.0318966216481766e-11,2.0,11,6,,4.338956670747401e-09,9.944638643448163e-13,1.0847391676868502e-09,4.338956670747401e-09,1.0847391676868502e-09,1.0847391676868502e-09,1.0847391676868502e-09,1.0847391676868502e-09,Wilk Elektronik S.A.,
sku_customer,sku_customer::1006741|MF WAREHOUSING & LOGISTICS,1006741,교체형,intermittent,10346.0,tsb,"{'alpha': 0.1, 'beta': 0.2}",1.6893348304716307e-12,1.0685689175132843e-11,2.0,11,6,,1.2968274412588536e-09,4.552827697159295e-14,2.8429677272141504e-10,1.1371870908856602e-09,3.242068603147134e-10,3.242068603147134e-10,3.242068603147134e-10,3.242068603147134e-10,MF WAREHOUSING & LOGISTICS,
sku_customer,sku_customer::1007826|KC Int'L (HK) Ltd,1007826,교체형,lumpy,10315.0,tsb,"{'alpha': 0.1, 'beta': 0.2}",3.0316506633718347e-09,2.3375643504648183e-08,2.0,11,6,,2.828394525814839e-06,7.960402033770247e-11,5.736552280008055e-07,2.294620912003222e-06,7.070986314537098e-07,7.070986314537098e-07,7.070986314537098e-07,7.070986314537098e-07,KC Int'L (HK) Ltd,
sku_customer,sku_customer::2019213|PATRIOT MEMORY INC.,2019213,교체형,intermittent,10198.0,tsb,"{'alpha': 0.1, 'beta': 0.2}",0.001905805097980542,0.01059681876010983,2.0,11,6,-0.5847631037275749,1.2676451365950334,6.9933331600787e-05,0.3139203754228559,1.2556815016914236,0.31691128414875835,0.31691128414875835,0.31691128414875835,0.31691128414875835,PATRIOT MEMORY INC.,
sku_customer,sku_customer::2017780|Eternal International (HK) Ltd.,2017780,교체형,intermittent,10196.0,tsb,"{'alpha': 0.1, 'beta': 0.2}",0.004963878300723846,0.024084840980092715,2.0,11,6,-0.5847631037275749,2.8805856336965756,0.00028424176494991013,0.7095248621514956,2.8380994486059823,0.7201464084241439,0.7201464084241439,0.7201464084241439,0.7201464084241439,Eternal International (HK) Ltd.,
sku_customer,"sku_customer::2019212|Hosin Global Electronics Co., Ltd",2019212,교체형,intermittent,10172.0,tsb,"{'alpha': 0.1, 'beta': 0.2}",0.0026727297433570057,0.009386730862828275,2.0,11,6,-0.5847631037275749,1.1200254671990602,0.0002634507261483579,0.2730631719139601,1.0922526876558405,0.28000636679976504,0.28000636679976504,0.28000636679976504,0.28000636679976504,"Hosin Global Electronics Co., Ltd",
sku_customer,"sku_customer::1008897|CY STORAGE TECHNOLOGY(HK) CO.,LIMIT",1008897,교체형,lumpy,10122.0,tsb,"{'alpha': 0.1, 'beta': 0.2}",0.00010040171551481496,0.0008028779945829408,2.0,11,6,,0.09532856777885974,2.1474267385758633e-05,0.019589685679984457,0.07835874271993783,0.023832141944714936,0.023832141944714936,0.023832141944714936,0.023832141944714936,"CY STORAGE TECHNOLOGY(HK) CO.,LIMIT",
sku_customer,sku_customer::1008663|DAOSTORE INTENATIONAL LIMITED,1008663,교체형,lumpy,10119.0,tsb,"{'alpha': 0.1, 'beta': 0.2}",2.5704944889030533e-09,2.053649031066267e-08,2.0,11,6,,2.437648044078924e-06,5.928882164278857e-10,3.7507887235877333e-07,1.5003154894350933e-06,6.09412011019731e-07,6.09412011019731e-07,6.09412011019731e-07,6.09412011019731e-07,DAOSTORE INTENATIONAL LIMITED,
sku_customer,"sku_customer::2017597|World Pacific Industrial H.K., Ltd.",2017597,교체형,lumpy,10085.0,tsb,"{'alpha': 0.1, 'beta': 0.2}",1.0154375319906792e-13,7.91103478793562e-13,2.0,11,6,,9.358718345591853e-11,2.668278025201532e-15,1.8922894099124224e-11,7.56915763964969e-11,2.3396795863979632e-11,2.3396795863979632e-11,2.3396795863979632e-11,2.3396795863979632e-11,"World Pacific Industrial H.K., Ltd.",
sku_customer,"sku_customer::1007976|Hosin Global Electronics Co., Ltd",1007976,교체형,intermittent,10058.0,tsb,"{'alpha': 0.1, 'beta': 0.2}",0.003104323815260779,0.018127239303034903,2.0,11,6,-0.5847631037275748,2.1387030052698814,9.148827064738893e-05,0.5011141941131821,2.0044567764527286,0.5346757513174704,0.5346757513174704,0.5346757513174704,0.5346757513174704,"Hosin Global Electronics Co., Ltd",
sku_customer,sku_customer::1009278|MF WAREHOUSING & LOGISTICS,1009278,교체형,intermittent,10000.0,tsb,"{'alpha': 0.1, 'beta': 0.2}",0.0001448291518310272,0.0009666135532673333,2.0,11,6,,0.11338616343403389,1.090251571481095e-05,0.02703823897273116,0.10815295589092463,0.028346540858508473,0.028346540858508473,0.028346540858508473,0.028346540858508473,MF WAREHOUSING & LOGISTICS,
sku_customer,sku_customer::2018272|EACHAIN HONGKONG LIMITED,2018272,교체형,intermittent,10000.0,tsb,"{'alpha': 0.1, 'beta': 0.1}",1.3499153154921113,10.789023650632075,1.3712876529541564,11,6,-0.9984727460508972,1878.3368891081323,0.09391684445540661,469.58422227703306,1878.3368891081323,469.58422227703306,469.58422227703306,469.58422227703306,469.58422227703306,EACHAIN HONGKONG LIMITED,
sku_customer,sku_customer::2019720|BaDa Group (HongKong) Corporation L,2019720,교체형,intermittent,10000.0,croston,{'alpha': 0.2},0.109707451435621,0.4874420786989549,1.4677216327998561,11,6,-0.7662952503739626,186.13491010015684,0.01885483287076143,34.17702425485701,136.70809701942804,46.53372752503921,46.53372752503921,46.53372752503921,46.53372752503921,BaDa Group (HongKong) Corporation L,
sku_customer,"sku_customer::1010067|G.Skill International Ent. Co., Ltd",1010067,교체형,lumpy,9967.0,croston,{'alpha': 0.1},1385.6406462437972,800.1809049479167,0.9042268592830389,10,6,,256.32791728212703,0.007385524372230428,51.807680945347116,207.23072378138846,64.08197932053176,64.08197932053176,64.08197932053176,64.08197932053176,"G.Skill International Ent. Co., Ltd",
sku_customer,"sku_customer::2018194|XINRONGDA CO., Limited",2018194,교체형,lumpy,9873.0,tsb,"{'alpha': 0.1, 'beta': 0.2}",1.1815455425193257e-06,7.131409606881779e-06,2.0,11,6,,0.0008259080499930588,1.7806957344636595e-07,0.0001798221341882251,0.0007192885367529004,0.0002064770124982647,0.0002064770124982647,0.0002064770124982647,0.0002064770124982647,"XINRONGDA CO., Limited",
sku_customer,sku_customer::2017514|UNISPLENDOUR DIGITAL（HONG KONG）,2017514,교체형,lumpy,9725.0,tsb,"{'alpha': 0.1, 'beta': 0.2}",3.913295372324375e-11,1.576364073361361e-10,2.0,11,6,,1.780696872261837e-08,5.5503731930177314e-12,4.10369664945572e-09,1.641478659782288e-08,4.451742180654593e-09,4.451742180654593e-09,4.451742180654593e-09,4.451742180654593e-09,UNISPLENDOUR DIGITAL（HONG KONG）,
sku_customer,sku_customer::2017663|Eternal International (HK) Ltd.,2017663,교체형,intermittent,9713.0,tsb,"{'alpha': 0.1, 'beta': 0.2}",0.0008901786805992822,0.005376001629034223,2.0,11,6,-0.5847631037275749,0.6125195584204183,2.4835767164329203e-05,0.13849814573791164,0.5539925829516466,0.15312988960510457,0.15312988960510457,0.15312988960510457,0.15312988960510457,Eternal International (HK) Ltd.,
sku_customer,sku_customer::2016877|UNISPLENDOUR DIGITAL（HONG KONG）,2016877,교체형,intermittent,9704.0,tsb,"{'alpha': 0.1, 'beta': 0.2}",3.8197505314531233e-10,9.923334751219472e-10,2.0,11,6,,1.1295764000894561e-07,4.191071354194086e-11,2.3902489364916367e-08,9.560995745966547e-08,2.8239410002236403e-08,2.8239410002236403e-08,2.8239410002236403e-08,2.8239410002236403e-08,UNISPLENDOUR DIGITAL（HONG KONG）,
sku_customer,sku_customer::2017683|Wilk Elektronik S.A.,2017683,교체형,intermittent,9586.0,tsb,"{'alpha': 0.1, 'beta': 0.2}",1.6866374756765993e-11,6.332144694019617e-11,2.0,11,6,,6.748865034467854e-09,1.8003653347154359e-12,1.654096861064527e-09,6.616387444258108e-09,1.6872162586169635e-09,1.6872162586169635e-09,1.6872162586169635e-09,1.6872162586169635e-09,Wilk Elektronik S.A.,
sku_customer,"sku_customer::1007871|World Pacific Industrial H.K., Ltd.",1007871,교체형,intermittent,9524.0,tsb,"{'alpha': 0.1, 'beta': 0.2}",2.454235233164278e-10,1.1788433527333371e-09,2.0,11,6,,1.3169905722216426e-07,8.116993100454965e-12,2.1648780349467603e-08,8.659512139787041e-08,3.2924764305541066e-08,3.2924764305541066e-08,3.2924764305541066e-08,3.2924764305541066e-08,"World Pacific Industrial H.K., Ltd.",
sku_customer,sku_customer::2018097|Evetech Pty Ltd,2018097,교체형,intermittent,9502.0,tsb,"{'alpha': 0.1, 'beta': 0.2}",7.606072073677922e-06,2.6908063689431445e-05,2.0,11,6,,0.0029991946548299175,4.392338996066671e-07,0.0007497986637074794,0.0029991946548299175,0.0007497986637074794,0.0007497986637074794,0.0007497986637074794,0.0007497986637074794,Evetech Pty Ltd,
sku_customer,"sku_customer::1008397|XINRONGDA CO., Limited",1008397,교체형,lumpy,9465.0,tsb,"{'alpha': 0.1, 'beta': 0.2}",4.488923493256483e-14,3.360434489483269e-13,2.0,11,6,,3.730982672375775e-11,1.1769809942004868e-15,7.636629324290902e-12,3.054651729716361e-11,9.327456680939438e-12,9.327456680939438e-12,9.327456680939438e-12,9.327456680939438e-12,"XINRONGDA CO., Limited",
sku_customer,sku_customer::2017606|PINE INFO CO LTD,2017606,교체형,lumpy,9283.0,tsb,"{'alpha': 0.1, 'beta': 0.2}",5.206198052294331e-06,2.2828122559490885e-05,2.0,11,6,,0.0017087011846050146,2.9759425103219776e-07,0.0003989193541059357,0.0015956774164237427,0.00042717529615125366,0.00042717529615125366,0.00042717529615125366,0.00042717529615125366,PINE INFO CO LTD,
sku_customer,sku_customer::2019524|PINE INFO CO LTD,2019524,교체형,intermittent,9223.0,sba,{'alpha': 0.3},0.25909112093616743,0.9277368183813305,1.547683044267733,11,6,0.07066162530559501,204.9437584141308,0.08479555818480204,50.55925988418684,202.23703953674735,51.2359396035327,51.2359396035327,51.2359396035327,51.2359396035327,PINE INFO CO LTD,
sku_customer,"sku_customer::2017239|Hosin Global Electronics Co., Ltd",2017239,교체형,intermittent,9170.0,tsb,"{'alpha': 0.1, 'beta': 0.2}",8.357573337662054e-10,4.345727704704748e-09,2.0,11,6,,4.6745415758096885e-07,3.6779843580321594e-11,1.1449785985615594e-07,4.579914394246238e-07,1.1686353939524221e-07,1.1686353939524221e-07,1.1686353939524221e-07,1.1686353939524221e-07,"Hosin Global Electronics Co., Ltd",
sku_customer,sku_customer::2018097|COM1 International PTY. LTD.,2018097,교체형,lumpy,9131.0,tsb,"{'alpha': 0.1, 'beta': 0.2}",0.00020997345173629422,0.0005910987225912338,2.0,11,6,,0.05698836295487938,2.2793343376655987e-05,0.01238802918357038,0.04955211673428152,0.014247090738719844,0.014247090738719844,0.014247090738719844,0.014247090738719844,COM1 International PTY. LTD.,
sku_customer,sku_customer::2018018|Wilk Elektronik S.A.,2018018,교체형,lumpy,9130.0,tsb,"{'alpha': 0.1, 'beta': 0.2}",9.619383822647088e-10,4.388980450458049e-09,2.0,11,6,,4.700473453665225e-07,1.0629276278137213e-10,1.0107302282091475e-07,4.04292091283659e-07,1.1751183634163062e-07,1.1751183634163062e-07,1.1751183634163062e-07,1.1751183634163062e-07,Wilk Elektronik S.A.,
sku_customer,sku_customer::2018342|SEORIN C&I,2018342,교체형,lumpy,9113.0,sba,{'alpha': 0.05},0.025325468097390155,0.05358516227360042,1.029748520364562,11,6,0.025369822075431373,46.97116841377697,0.03192104879002389,10.996526833595853,43.98610733438341,11.742792103444243,11.742792103444243,11.742792103444243,11.742792103444243,SEORIN C&I,
sku_customer,sku_customer::1008948|MF WAREHOUSING & LOGISTICS,1008948,교체형,intermittent,9106.0,tsb,"{'alpha': 0.1, 'beta': 0.2}",3.703272636455191e-08,2.0573318085730825e-07,2.0,11,6,,2.197552033919452e-05,5.1584275417581e-09,5.4318551520365295e-06,2.1727420608146118e-05,5.49388008479863e-06,5.49388008479863e-06,5.49388008479863e-06,5.49388008479863e-06,MF WAREHOUSING & LOGISTICS,
sku_customer,sku_customer::2018096|Leadmax Technology International,2018096,교체형,lumpy,9000.0,tsb,"{'alpha': 0.1, 'beta': 0.2}",7.085372320436703e-10,4.0799470978664535e-09,2.0,11,6,,4.3072910801785544e-07,4.76470252232141e-11,1.0082110537232103e-07,4.0328442148928413e-07,1.0768227700446386e-07,1.0768227700446386e-07,1.0768227700446386e-07,1.0768227700446386e-07,Leadmax Technology International,
sku_customer,"sku_customer::2017601|Hosin Global Electronics Co., Ltd",2017601,교체형,intermittent,8977.0,tsb,"{'alpha': 0.1, 'beta': 0.2}",2.318837481281672e-09,1.3647158270955299e-08,2.0,11,6,,1.4370789692545743e-06,6.715698867481234e-11,3.332437229226068e-07,1.3329748916904272e-06,3.5926974231364357e-07,3.5926974231364357e-07,3.5926974231364357e-07,3.5926974231364357e-07,"Hosin Global Electronics Co., Ltd",
sku_customer,"sku_customer::1008677|XINRONGDA CO., Limited",1008677,교체형,intermittent,8969.0,tsb,"{'alpha': 0.1, 'beta': 0.2}",1.5650059509693895e-13,7.845109395799692e-13,2.0,11,6,,8.253729057991245e-11,6.9918415034488046e-15,2.0206142271306907e-11,8.082456908522763e-11,2.0634322644978112e-11,2.0634322644978112e-11,2.0634322644978112e-11,2.0634322644978112e-11,"XINRONGDA CO., Limited",
sku_customer,sku_customer::1008779|MF WAREHOUSING & LOGISTICS,1008779,교체형,intermittent,8945.0,croston,{'alpha': 0.2},0.30504369778815016,1.541741396160235,1.9256671468456268,11,6,-0.48066849040376863,284.76381909547734,0.012562814070351758,63.188944723618086,252.75577889447234,71.19095477386934,71.19095477386934,71.19095477386934,71.19095477386934,MF WAREHOUSING & LOGISTICS,
sku_customer,sku_customer::1008643|UNIFORTUNE (HK) COMPANY LIMITED,1008643,교체형,lumpy,8915.0,tsb,"{'alpha': 0.1, 'beta': 0.2}",2.8928261508266596e-11,1.4649571703661418e-10,2.0,11,6,,1.5319812701408016e-08,9.911379218539017e-13,2.6975892003786462e-09,1.0790356801514585e-08,3.829953175352004e-09,3.829953175352004e-09,3.829953175352004e-09,3.829953175352004e-09,UNIFORTUNE (HK) COMPANY LIMITED,
sku_customer,sku_customer::2017460|Integral Memory Plc,2017460,교체형,lumpy,8859.0,tsb,"{'alpha': 0.1, 'beta': 0.2}",3.5907715075173987e-06,1.6635587387845326e-05,2.0,11,6,,0.001338462238941319,3.0650189698112117e-07,0.00032965022900423557,0.0013186009160169423,0.0003346155597353298,0.0003346155597353298,0.0003346155597353298,0.0003346155597353298,Integral Memory Plc,
sku_customer,sku_customer::2017249|UNISPLENDOUR DIGITAL（HONG KONG）,2017249,교체형,lumpy,8850.0,tsb,"{'alpha': 0.1, 'beta': 0.2}",6.183517708730528e-12,2.5983916148489462e-11,2.0,11,6,,2.697460272000572e-09,1.0424911635256098e-12,6.131489965113141e-10,2.4525959860452562e-09,6.74365068000143e-10,6.74365068000143e-10,6.74365068000143e-10,6.74365068000143e-10,UNISPLENDOUR DIGITAL（HONG KONG）,
sku_customer,"sku_customer::2017906|Hosin Global Electronics Co., Ltd",2017906,교체형,intermittent,8810.0,tsb,"{'alpha': 0.1, 'beta': 0.2}",0.00016383859650537575,0.0011170262598908195,2.0,11,6,,0.11543738276924548,4.315997022748687e-06,0.02442802522911484,0.09771210091645936,0.02885934569231137,0.02885934569231137,0.02885934569231137,0.02885934569231137,"Hosin Global Electronics Co., Ltd",
sku_customer,sku_customer::2016715|Wilk Elektronik S.A.,2016715,교체형,lumpy,8789.0,tsb,"{'alpha': 0.1, 'beta': 0.2}",2.8210275195655295e-12,1.0941806084243447e-11,2.0,11,6,,8.981939641077744e-10,3.048824005044078e-13,2.245484910269436e-10,8.981939641077744e-10,2.245484910269436e-10,2.245484910269436e-10,2.245484910269436e-10,2.245484910269436e-10,Wilk Elektronik S.A.,
sku_customer,sku_customer::2016911|Skyrich View (HK) Limited,2016911,교체형,intermittent,8648.0,tsb,"{'alpha': 0.1, 'beta': 0.2}",7.956245236208356e-12,4.603467561238212e-11,2.0,11,6,,4.669903954073648e-09,2.4129381376455277e-13,1.1116212965081935e-09,4.446485186032774e-09,1.167475988518412e-09,1.167475988518412e-09,1.167475988518412e-09,1.167475988518412e-09,Skyrich View (HK) Limited,
sku_customer,sku_customer::1008168|KC Int'L (HK) Ltd,1008168,교체형,lumpy,8624.0,tsb,"{'alpha': 0.1, 'beta': 0.2}",1.6486842850391642e-11,8.824970971009446e-11,2.0,11,6,,8.927486737898654e-09,1.008953478094534e-12,2.094769435731701e-09,8.379077742926804e-09,2.2318716844746634e-09,2.2318716844746634e-09,2.2318716844746634e-09,2.2318716844746634e-09,KC Int'L (HK) Ltd,
sku_customer,"sku_customer::2019270|Private Label PC, LLC.",2019270,교체형,intermittent,8526.0,tsb,"{'alpha': 0.1, 'beta': 0.2}",1.196373738890786,7.27398168702532,1.1574443091767375,11,6,-0.8475872254166059,782.2327371141944,0.16032723610737054,186.5039922084098,746.0159688336392,195.5581842785486,195.5581842785486,195.5581842785486,195.5581842785486,"Private Label PC, LLC.",
sku_customer,sku_customer::1006767|MF WAREHOUSING & LOGISTICS,1006767,교체형,lumpy,8507.0,tsb,"{'alpha': 0.1, 'beta': 0.2}",1.108277061211913e-08,8.775004398593718e-08,2.0,11,6,,8.756508145776403e-06,2.188470495295512e-09,1.833150425679333e-06,7.332601702717332e-06,2.189127036444101e-06,2.189127036444101e-06,2.189127036444101e-06,2.189127036444101e-06,MF WAREHOUSING & LOGISTICS,
sku_customer,"sku_customer::2016594|XINRONGDA CO., Limited",2016594,교체형,lumpy,8453.0,tsb,"{'alpha': 0.1, 'beta': 0.2}",1.6690708280034623e-10,1.2150316705356301e-09,2.0,11,6,,1.204774169359779e-07,4.374951591835932e-12,2.4886474634999515e-08,9.954589853999806e-08,3.011935423399447e-08,3.011935423399447e-08,3.011935423399447e-08,3.011935423399447e-08,"XINRONGDA CO., Limited",
sku_customer,"sku_customer::1007944|CY STORAGE TECHNOLOGY(HK) CO.,LIMIT",1007944,교체형,lumpy,8430.0,sba,{'alpha': 0.05},0.013034208977917626,0.0789432650645001,2.0,11,6,-0.07220739998185415,32.11802778784718,0.011352462090049293,5.965867740694725,23.8634709627789,8.029506946961796,8.029506946961796,8.029506946961796,8.029506946961796,"CY STORAGE TECHNOLOGY(HK) CO.,LIMIT",
sku_customer,sku_customer::2019747|PINE INFO CO LTD,2019747,교체형,intermittent,8280.0,sba,{'alpha': 0.05},0.03912602850865245,0.1653557328278585,2.0,11,6,0.013652508966809708,43.88839785023027,0.010264878880187171,10.851967852824426,43.407871411297705,10.972099462557567,10.972099462557567,10.972099462557567,10.972099462557567,PINE INFO CO LTD,
sku_customer,sku_customer::2017645|Ringson Limited,2017645,교체형,lumpy,8166.0,tsb,"{'alpha': 0.1, 'beta': 0.2}",0.0008111453493002412,0.0057828878647518235,2.0,11,6,-0.5847631037275748,0.553938214719667,2.1274549678913074e-05,0.11525529837650517,0.46102119350602067,0.13848455367991674,0.13848455367991674,0.13848455367991674,0.13848455367991674,Ringson Limited,
sku_customer,sku_customer::1009642|Edal Tech International Limited,1009642,교체형,lumpy,8114.0,sba,{'alpha': 0.05},0.0057055614400804856,0.047910015741856916,2.0,11,6,0.013652508966809411,20.802240413614825,0.008616975441619993,4.558681602757433,18.234726411029733,5.200560103403706,5.200560103403706,5.200560103403706,5.200560103403706,Edal Tech International Limited,
sku_customer,sku_customer::2018787|Wilk Elektronik S.A.,2018787,교체형,lumpy,8105.0,tsb,"{'alpha': 0.1, 'beta': 0.2}",7.773048611178235e-06,3.6784824405641815e-05,2.0,11,6,,0.0034109687603199575,1.0688160794526976e-06,0.00066125977069758,0.00264503908279032,0.0008527421900799894,0.0008527421900799894,0.0008527421900799894,0.0008527421900799894,Wilk Elektronik S.A.,
sku_customer,sku_customer::2017238|PINE INFORMATION CO LTD,2017238,교체형,intermittent,8067.0,tsb,"{'alpha': 0.1, 'beta': 0.2}",4.5653491497969913e-10,2.452886854905265e-09,2.0,11,6,,1.8895209542888927e-07,1.772846387814073e-11,4.670616994087809e-08,1.8682467976351236e-07,4.723802385722232e-08,4.723802385722232e-08,4.723802385722232e-08,4.723802385722232e-08,PINE INFORMATION CO LTD,
sku_customer,sku_customer::2018356|Wilk Elektronik S.A.,2018356,교체형,intermittent,8063.0,tsb,"{'alpha': 0.1, 'beta': 0.2}",1.073992782873881,4.55580927143908,1.1451211340782854,11,6,-0.20443223797777296,770.0982477083887,0.11547451922880322,192.52456192709718,770.0982477083887,192.52456192709718,192.52456192709718,192.52456192709718,192.52456192709718,Wilk Elektronik S.A.,
sku_customer,sku_customer::1009011|MF WAREHOUSING & LOGISTICS,1009011,교체형,lumpy,8011.0,tsb,"{'alpha': 0.1, 'beta': 0.2}",7.864158090014195e-06,6.184904584244339e-05,2.0,11,6,,0.005812017538691258,1.4749816106718247e-06,0.0012302526618291555,0.004921010647316622,0.0014530043846728146,0.0014530043846728146,0.0014530043846728146,0.0014530043846728146,MF WAREHOUSING & LOGISTICS,
sku_customer,sku_customer::1007827|UNIFORTUNE (HK) COMPANY LIMITED,1007827,교체형,lumpy,7996.0,tsb,"{'alpha': 0.1, 'beta': 0.2}",2.0599122067734133e-10,1.1560608441769964e-09,2.0,11,6,,1.0843279631060312e-07,1.871208089516009e-11,2.2943841941064092e-08,9.177536776425637e-08,2.710819907765078e-08,2.710819907765078e-08,2.710819907765078e-08,2.710819907765078e-08,UNIFORTUNE (HK) COMPANY LIMITED,
sku_customer,sku_customer::2020115|PATRIOT MEMORY INC.,2020115,교체형,lumpy,7980.0,sba,{'alpha': 0.1},0.05782092628164814,0.35991503456221197,2.0,11,6,-0.6556105880898725,153.6921458625526,0.00876577840112202,28.70985273492286,114.83941093969143,38.42303646563815,38.42303646563815,38.42303646563815,38.42303646563815,PATRIOT MEMORY INC.,
sku_customer,sku_customer::2017010|Wilk Elektronik S.A.,2017010,교체형,intermittent,7958.0,tsb,"{'alpha': 0.1, 'beta': 0.2}",1.49471321510941e-09,5.326139338437354e-09,2.0,11,6,,4.347145023022772e-07,7.992704099738303e-11,9.149923846393904e-08,3.6599695385575615e-07,1.086786255755693e-07,1.086786255755693e-07,1.086786255755693e-07,1.086786255755693e-07,Wilk Elektronik S.A.,
sku_customer,"sku_customer::2018197|Hosin Global Electronics Co., Ltd",2018197,교체형,intermittent,7941.0,tsb,"{'alpha': 0.1, 'beta': 0.2}",1.528543642646403e-10,8.839027792549433e-10,2.0,11,6,,8.233545234935857e-08,4.646365338782339e-12,1.9622901807972676e-08,7.84916072318907e-08,2.0583863087339642e-08,2.0583863087339642e-08,2.0583863087339642e-08,2.0583863087339642e-08,"Hosin Global Electronics Co., Ltd",
sku_customer,sku_customer::2018800|Memory Technology Middle East Fzco,2018800,교체형,intermittent,7937.0,tsb,"{'alpha': 0.1, 'beta': 0.2}",9.641529402319019e-06,4.091125907571532e-05,2.0,11,6,,0.0038089599492747888,4.7774432436218e-07,0.0009264417938031395,0.003705767175212558,0.0009522399873186972,0.0009522399873186972,0.0009522399873186972,0.0009522399873186972,Memory Technology Middle East Fzco,
sku_customer,"sku_customer::2019823|Private Label PC, LLC.",2019823,교체형,intermittent,7822.0,sba,{'alpha': 0.05},0.05248947172519007,0.33099596750506766,2.0,11,6,-0.9309671603329905,138.54450610432852,0.007399186089530151,31.924883462819086,127.69953385127634,34.63612652608213,34.63612652608213,34.63612652608213,34.63612652608213,"Private Label PC, LLC.",
sku_customer,sku_customer::2018707|PINE INFO CO LTD,2018707,교체형,lumpy,7781.0,tsb,"{'alpha': 0.1, 'beta': 0.2}",0.00039330500331987025,0.001601491586670419,2.0,11,6,,0.10101174607365646,4.068913387323526e-05,0.02232331887954117,0.08929327551816468,0.025252936518414114,0.025252936518414114,0.025252936518414114,0.025252936518414114,PINE INFO CO LTD,
sku_customer,"sku_customer::1007775|HONGKONG SHICHUANGYI CO., LIMITED",1007775,교체형,intermittent,7778.0,tsb,"{'alpha': 0.1, 'beta': 0.2}",0.0187141167547419,0.10167445944783295,2.0,11,6,-0.5847631037275749,9.276560714318554,0.0006044763941551627,2.0212517936343977,8.08500717453759,2.3191401785796386,2.3191401785796386,2.3191401785796386,2.3191401785796386,"HONGKONG SHICHUANGYI CO., LIMITED",
sku_customer,sku_customer::2019544|PATRIOT MEMORY INC.,2019544,교체형,lumpy,7764.0,sba,{'alpha': 0.3},0.05858912856336478,0.45788697154633623,2.0,11,6,0.1777786551442011,190.2359570346892,0.02201091741503786,22.14654868814933,88.58619475259732,47.5589892586723,47.5589892586723,47.5589892586723,47.5589892586723,PATRIOT MEMORY INC.,
sku_customer,sku_customer::2016990|X-Pand Intl. Freight Ltd,2016990,교체형,lumpy,7600.0,tsb,"{'alpha': 0.1, 'beta': 0.2}",0.014890759364971227,0.11141233216641244,2.0,11,6,-0.5847631037275748,9.932396265575019,0.000390424381508452,2.033330178896018,8.133320715584071,2.4830990663937547,2.4830990663937547,2.4830990663937547,2.4830990663937547,X-Pand Intl. Freight Ltd,
sku_customer,sku_customer::2018366|Wilk Elektronik S.A.,2018366,교체형,lumpy,7535.0,sba,{'alpha': 0.3},0.1589048591053993,0.5713368692200694,0.8982368835636301,11,6,5.0,268.2767288448303,0.07796834316637515,48.14158722413836,192.56634889655345,67.06918221120758,67.06918221120758,67.06918221120758,67.06918221120758,Wilk Elektronik S.A.,
sku_customer,sku_customer::2017486|PINE INFO CO LTD,2017486,교체형,intermittent,7500.0,tsb,"{'alpha': 0.1, 'beta': 0.2}",2.3575739721211462e-08,1.0143641795325137e-07,2.0,11,6,,6.211143853325784e-06,1.4412172969649572e-09,1.4582276964775751e-06,5.8329107859103005e-06,1.552785963331446e-06,1.552785963331446e-06,1.552785963331446e-06,1.552785963331446e-06,PINE INFO CO LTD,
sku_customer,sku_customer::1008452|PATRIOT MEMORY INC.,1008452,교체형,intermittent,7481.0,tsb,"{'alpha': 0.1, 'beta': 0.2}",0.0004795009681411664,0.0029441110189619185,2.0,11,6,-0.5847631037275748,0.2583574669192416,1.3172632049805314e-05,0.057696655283429266,0.23078662113371706,0.0645893667298104,0.0645893667298104,0.0645893667298104,0.0645893667298104,PATRIOT MEMORY INC.,
sku_customer,sku_customer::2019414|Patriot Memory Inc.,2019414,교체형,intermittent,7472.0,sba,{'alpha': 0.05},0.052442615104383875,0.2940288661792059,2.0,11,6,0.013652508966809671,117.5643445132322,0.009070911853414066,28.934525137764478,115.73810055105791,29.39108612830805,29.39108612830805,29.39108612830805,29.39108612830805,Patriot Memory Inc.,
sku_customer,sku_customer::2017647|PINE INFORMATION CO LTD,2017647,교체형,lumpy,7450.0,tsb,"{'alpha': 0.1, 'beta': 0.2}",1.805622213814462e-10,6.34831179332291e-10,2.0,11,6,,4.952073413444875e-08,1.8488995856241504e-11,1.1236895900286907e-08,4.494758360114763e-08,1.2380183533612188e-08,1.2380183533612188e-08,1.2380183533612188e-08,1.2380183533612188e-08,PINE INFORMATION CO LTD,
sku_customer,sku_customer::1009446|MF WAREHOUSING & LOGISTICS,1009446,교체형,lumpy,7375.0,sba,{'alpha': 0.3},0.10406619109546114,0.6914993631909335,1.8620661996999326,11,6,-0.3800134996180353,186.08934452696155,0.01614465611882467,31.833886018727796,127.33554407491118,46.52233613174039,46.52233613174039,46.52233613174039,46.52233613174039,MF WAREHOUSING & LOGISTICS,
sku_customer,sku_customer::2016859|UNISPLENDOUR DIGITAL（HONG KONG）,2016859,교체형,lumpy,7348.0,tsb,"{'alpha': 0.1, 'beta': 0.2}",1.8351308615796706e-11,1.0333291587182398e-10,2.0,11,6,,8.906662842024711e-09,3.849668143092571e-12,1.1151805006103634e-09,4.4607220024414535e-09,2.2266657105061777e-09,2.2266657105061777e-09,2.2266657105061777e-09,2.2266657105061777e-09,UNISPLENDOUR DIGITAL（HONG KONG）,
sku_customer,"sku_customer::2014224|G.Skill International Ent. Co., Ltd",2014224,교체형,intermittent,7331.0,tsb,"{'alpha': 0.1, 'beta': 0.2}",5.5528610919571415e-08,3.751505534544705e-07,2.0,11,6,,3.226086377966584e-05,4.41711810335531e-09,7.658929421769839e-06,3.0635717687079356e-05,8.06521594491646e-06,8.06521594491646e-06,8.06521594491646e-06,8.06521594491646e-06,"G.Skill International Ent. Co., Ltd",
sku_customer,sku_customer::2019748|PATRIOT MEMORY INC.,2019748,교체형,intermittent,7300.0,sba,{'alpha': 0.3},0.062080489696462356,0.42549596515849536,2.0,11,6,0.01365250896680954,166.2138084632517,0.0111358574610245,36.65033407572384,146.60133630289536,41.553452115812924,41.553452115812924,41.553452115812924,41.553452115812924,PATRIOT MEMORY INC.,
sku_customer,"sku_customer::2016098|Hosin Global Electronics Co., Ltd",2016098,교체형,lumpy,7295.0,tsb,"{'alpha': 0.1, 'beta': 0.2}",0.00011117051462262167,0.0008558198166518836,2.0,11,6,,0.07323434725969911,2.918772907189054e-06,0.014860523628746063,0.05944209451498425,0.01830858681492478,0.01830858681492478,0.01830858681492478,0.01830858681492478,"Hosin Global Electronics Co., Ltd",
sku_customer,sku_customer::2018932|Eternal International (HK) Ltd.,2018932,교체형,intermittent,7293.0,tsb,"{'alpha': 0.1, 'beta': 0.2}",0.0005942289401816836,0.0034833891932528026,2.0,11,6,-0.5847631037275748,0.2979994030513532,2.4835767164329203e-05,0.0736966620527439,0.2947866482109756,0.0744998507628383,0.0744998507628383,0.0744998507628383,0.0744998507628383,Eternal International (HK) Ltd.,
sku_customer,sku_customer::2017689|UNISPLENDOUR DIGITAL（HONG KONG）,2017689,교체형,intermittent,7244.0,tsb,"{'alpha': 0.1, 'beta': 0.2}",2.7453193046631087e-10,1.0985088503518152e-09,2.0,11,6,,9.33445964019311e-08,3.358185092217508e-11,2.327086598229007e-08,9.308346392916028e-08,2.3336149100482777e-08,2.3336149100482777e-08,2.3336149100482777e-08,2.3336149100482777e-08,UNISPLENDOUR DIGITAL（HONG KONG）,
sku_customer,"sku_customer::2017390|Hotop Technologies, Inc.",2017390,교체형,intermittent,7200.0,tsb,"{'alpha': 0.1, 'beta': 0.2}",2.918997699553224e-10,2.0077591459211726e-09,2.0,11,6,,1.6957088614988207e-07,2.5233762819922927e-11,3.9970280306757915e-08,1.5988112122703166e-07,4.239272153747052e-08,4.239272153747052e-08,4.239272153747052e-08,4.239272153747052e-08,"Hotop Technologies, Inc.",
sku_customer,sku_customer::2017633|PINE INFO CO LTD,2017633,교체형,intermittent,7150.0,tsb,"{'alpha': 0.1, 'beta': 0.2}",3.339803098044739e-07,1.2999170282192627e-06,2.0,11,6,,9.758943130173242e-05,1.7988450625153897e-08,2.3741678800146248e-05,9.496671520058499e-05,2.4397357825433106e-05,2.4397357825433106e-05,2.4397357825433106e-05,2.4397357825433106e-05,PINE INFO CO LTD,
sku_customer,sku_customer::1009405|TEC LOGISTICS COMPANY,1009405,교체형,intermittent,7141.0,tsb,"{'alpha': 0.1, 'beta': 0.2}",0.0050846894000327655,0.029469046392525632,2.0,11,6,-0.5847631037275748,2.4684952502976953,0.00019817083991343368,0.6126015540075993,2.450406216030397,0.6171238125744238,0.6171238125744238,0.6171238125744238,0.6171238125744238,TEC LOGISTICS COMPANY,
sku_customer,sku_customer::2016877|PT. JESS,2016877,교체형,intermittent,7098.0,sba,{'alpha': 0.3},0.13415120602401903,0.25879228311000896,2.0,11,6,0.41592721077947237,95.47098326477067,0.1431904561232034,23.815079171079617,95.26031668431847,23.867745816192667,23.867745816192667,23.867745816192667,23.867745816192667,PT. JESS,
sku_customer,sku_customer::1007782|Eternal International (HK) Ltd.,1007782,교체형,lumpy,7033.0,sba,{'alpha': 0.3},0.05369186011209516,0.4499600883760046,2.0,11,6,0.5400727874013548,168.8631687242798,0.010288065843621401,34.190637860082305,136.76255144032922,42.21579218106995,42.21579218106995,42.21579218106995,42.21579218106995,Eternal International (HK) Ltd.,
sku_customer,sku_customer::2018332|UNISPLENDOUR DIGITAL(HONG KONG),2018332,교체형,intermittent,7000.0,tsb,"{'alpha': 0.1, 'beta': 0.2}",8.326638715852584e-06,3.969525340793068e-05,2.0,11,6,,0.0032594460657800798,2.899863047847046e-07,0.0007209059536947757,0.0028836238147791028,0.0008148615164450199,0.0008148615164450199,0.0008148615164450199,0.0008148615164450199,UNISPLENDOUR DIGITAL(HONG KONG),
sku_customer,sku_customer::2018272|UNISPLENDOUR DIGITAL(HONG KONG),2018272,교체형,intermittent,7000.0,tsb,"{'alpha': 0.1, 'beta': 0.2}",4.975586624517881e-06,3.098044753730741e-05,2.0,11,6,,0.0025438582493444487,2.765063314504836e-07,0.0006193741824490832,0.0024774967297963328,0.0006359645623361122,0.0006359645623361122,0.0006359645623361122,0.0006359645623361122,UNISPLENDOUR DIGITAL(HONG KONG),
sku_customer,sku_customer::2018008|Evetech Pty Ltd,2018008,교체형,intermittent,7000.0,tsb,"{'alpha': 0.1, 'beta': 0.2}",2.4105365178372822e-05,0.00012148842789425102,2.0,11,6,,0.009975625404588295,8.906808396953835e-07,0.002493906351147074,0.009975625404588295,0.002493906351147074,0.002493906351147074,0.002493906351147074,0.002493906351147074,Evetech Pty Ltd,
sku_customer,sku_customer::2017250|Archisite,2017250,교체형,lumpy,6952.0,tsb,"{'alpha': 0.1, 'beta': 0.2}",4.7590932726796525e-12,2.0787141384344067e-11,2.0,11,6,,1.6076260172630291e-09,2.3709651987318125e-13,2.3984204342995147e-10,9.593681737198059e-10,4.019065043157573e-10,4.019065043157573e-10,4.019065043157573e-10,4.019065043157573e-10,Archisite,
sku_customer,sku_customer::1008606|KC Int'L (HK) Ltd,1008606,교체형,lumpy,6938.0,tsb,"{'alpha': 0.1, 'beta': 0.2}",3.4907165717921525e-07,2.4826215161285227e-06,2.0,11,6,,0.00020204680666956716,6.851929072157403e-08,2.2376584588461962e-05,8.950633835384785e-05,5.051170166739179e-05,5.051170166739179e-05,5.051170166739179e-05,5.051170166739179e-05,KC Int'L (HK) Ltd,
sku_customer,sku_customer::1008168|REALTECH SEMICONDUCTOR TECHNOLOGY L,1008168,교체형,lumpy,6920.0,sba,{'alpha': 0.3},0.05600963466775514,0.46775541752462235,2.0,11,6,0.013652508966809543,173.21030042918457,0.010729613733905581,35.079828326180255,140.31931330472102,43.30257510729614,43.30257510729614,43.30257510729614,43.30257510729614,REALTECH SEMICONDUCTOR TECHNOLOGY L,
sku_customer,sku_customer::2018802|PINE INFO CO LTD,2018802,교체형,lumpy,6818.0,tsb,"{'alpha': 0.1, 'beta': 0.2}",1.2375135250651237e-05,6.677737665412056e-05,2.0,11,6,,0.004792322175236815,4.735571091278928e-07,0.0011897951886279021,0.004759180754511609,0.0011980805438092039,0.0011980805438092039,0.0011980805438092039,0.0011980805438092039,PINE INFO CO LTD,
sku_customer,"sku_customer::1009055|Hosin Global Electronics Co., Ltd",1009055,교체형,intermittent,6806.0,tsb,"{'alpha': 0.1, 'beta': 0.2}",1.727223224913964e-05,0.00010490291470518184,2.0,11,6,,0.008375035956668794,4.790991234193397e-07,0.001885235886690165,0.00754094354676066,0.0020937589891671985,0.0020937589891671985,0.0020937589891671985,0.0020937589891671985,"Hosin Global Electronics Co., Ltd",
sku_customer,sku_customer::2018799|Kerry Logistics,2018799,교체형,lumpy,6742.0,tsb,"{'alpha': 0.1, 'beta': 0.2}",5.592825558409286e-06,4.059121056345647e-05,2.0,11,6,,0.003210169263386983,1.466044930486182e-07,0.0006637899594458116,0.0026551598377832462,0.0008025423158467457,0.0008025423158467457,0.0008025423158467457,0.0008025423158467457,Kerry Logistics,
sku_customer,"sku_customer::1008732|XINRONGDA CO., Limited",1008732,교체형,lumpy,6696.0,tsb,"{'alpha': 0.1, 'beta': 0.2}",1.947319905612714e-13,1.5756146937653348e-12,2.0,11,6,,1.2375781914263485e-10,5.1353496855760706e-15,2.4753617968401203e-11,9.901447187360481e-11,3.093945478565871e-11,3.093945478565871e-11,3.093945478565871e-11,3.093945478565871e-11,"XINRONGDA CO., Limited",
sku_customer,sku_customer::1008146|MF WAREHOUSING & LOGISTICS,1008146,교체형,lumpy,6683.0,tsb,"{'alpha': 0.1, 'beta': 0.2}",3.596319245535651e-05,0.00025494177161486685,2.0,11,6,,0.019985712742196748,3.601029322918333e-06,0.004644607620700065,0.01857843048280026,0.004996428185549187,0.004996428185549187,0.004996428185549187,0.004996428185549187,MF WAREHOUSING & LOGISTICS,
sku_customer,sku_customer::2019992|PINE INFO CO LTD,2019992,교체형,intermittent,6680.0,sba,{'alpha': 0.3},0.057868771667174,0.3950669459835516,2.0,11,6,0.013652508966809581,141.21991701244812,0.010373443983402491,31.20663900414938,124.82655601659752,35.30497925311203,35.30497925311203,35.30497925311203,35.30497925311203,PINE INFO CO LTD,
sku_customer,sku_customer::2019307|PATRIOT MEMORY INC.,2019307,교체형,intermittent,6653.0,sba,{'alpha': 0.05},0.025119635011081137,0.17190764788182156,2.0,11,6,0.013652508966809564,61.201422413793104,0.008620689655172415,15.019034482758622,60.07613793103449,15.300355603448276,15.300355603448276,15.300355603448276,15.300355603448276,PATRIOT MEMORY INC.,
sku_customer,sku_customer::2018957|Eternal International (HK) Ltd.,2018957,교체형,intermittent,6601.0,tsb,"{'alpha': 0.1, 'beta': 0.2}",0.0018537423487836589,0.008916687452638444,2.0,11,6,-0.5847631037275748,0.6904312772844448,6.823711097362404e-05,0.1685619045372631,0.6742476181490524,0.1726078193211112,0.1726078193211112,0.1726078193211112,0.1726078193211112,Eternal International (HK) Ltd.,
sku_customer,sku_customer::1005681|MF WAREHOUSING & LOGISTICS,1005681,교체형,intermittent,6552.0,sba,{'alpha': 0.3},0.3275178513333934,2.8071263537906135,1.5971081451060918,10,6,,237.04225352112675,0.017605633802816902,52.09542253521127,208.38169014084508,59.26056338028169,59.26056338028169,59.26056338028169,59.26056338028169,MF WAREHOUSING & LOGISTICS,
sku_customer,sku_customer::2018514|SEORIN C&I,2018514,교체형,intermittent,6551.0,sba,{'alpha': 0.05},0.060557700812860576,0.131245083695653,2.0,11,6,-0.7863180788173474,41.44359806758787,0.04357183744235138,10.272085444419098,41.08834177767639,10.360899516896968,10.360899516896968,10.360899516896968,10.360899516896968,SEORIN C&I,
sku_customer,sku_customer::2018094|PINE INFORMATION CO LTD,2018094,교체형,intermittent,6540.0,tsb,"{'alpha': 0.1, 'beta': 0.2}",5.591795824047904e-10,2.261545020754201e-09,2.0,11,6,,1.3052013696185475e-07,2.8549974512821124e-11,3.040998822234671e-08,1.2163995288938685e-07,3.2630034240463686e-08,3.2630034240463686e-08,3.2630034240463686e-08,3.2630034240463686e-08,PINE INFORMATION CO LTD,
sku_customer,sku_customer::2018065|REALTECH SEMICONDUCTOR TECHNOLOGY,2018065,교체형,intermittent,6525.0,tsb,"{'alpha': 0.1, 'beta': 0.2}",4.2505364885739466e-07,2.6891981339804566e-06,2.0,11,6,,0.00020583086426545703,1.1454138245156205e-08,4.5117850547670294e-05,0.00018047140219068118,5.1457716066364256e-05,5.1457716066364256e-05,5.1457716066364256e-05,5.1457716066364256e-05,REALTECH SEMICONDUCTOR TECHNOLOGY,
sku_customer,sku_customer::2018098|Leadmax Technology International,2018098,교체형,intermittent,6500.0,tsb,"{'alpha': 0.1, 'beta': 0.2}",8.661859779253249e-10,4.211871867879154e-09,2.0,11,6,,3.2114095000446305e-07,4.76470252232141e-11,7.856994459308005e-08,3.142797783723202e-07,8.028523750111576e-08,8.028523750111576e-08,8.028523750111576e-08,8.028523750111576e-08,Leadmax Technology International,
sku_customer,sku_customer::2019339|BaDa Group (HongKong) Corporation L,2019339,교체형,intermittent,6490.0,sba,{'alpha': 0.05},0.016376669813285023,0.07174998944144585,2.0,11,6,-0.9749080129571729,24.918123423410492,0.0119608497466094,6.229530855852623,24.918123423410492,6.229530855852623,6.229530855852623,6.229530855852623,6.229530855852623,BaDa Group (HongKong) Corporation L,
sku_customer,sku_customer::2018356|Integral Memory Plc,2018356,교체형,lumpy,6450.0,sba,{'alpha': 0.05},0.019673251969626385,0.1088735063062705,2.0,11,6,0.013652508966809498,28.256134078149135,0.01673542911500892,4.891419192540432,19.565676770161726,7.064033519537284,7.064033519537284,7.064033519537284,7.064033519537284,Integral Memory Plc,
sku_customer,sku_customer::2014107|Skyrich View (HK) Limited,2014107,교체형,intermittent,6425.0,tsb,"{'alpha': 0.1, 'beta': 0.2}",3.1355659553622377e-12,1.7981674677915773e-11,2.0,11,6,,1.355222016900385e-09,1.0033033380470143e-13,3.3138306613022444e-10,1.3255322645208977e-09,3.3880550422509625e-10,3.3880550422509625e-10,3.3880550422509625e-10,3.3880550422509625e-10,Skyrich View (HK) Limited,
sku_customer,"sku_customer::1008405|XINRONGDA CO., Limited",1008405,교체형,intermittent,6409.0,tsb,"{'alpha': 0.1, 'beta': 0.2}",2.462482715603579e-13,1.5776561602774996e-12,2.0,11,6,,1.1860686027235908e-10,6.597333422647629e-15,2.582196301624282e-11,1.0328785206497128e-10,2.965171506808977e-11,2.965171506808977e-11,2.965171506808977e-11,2.965171506808977e-11,"XINRONGDA CO., Limited",
sku_customer,sku_customer::2019613|LUCKY GRADE LIMITED,2019613,교체형,intermittent,6383.0,sba,{'alpha': 0.05},0.06783523232735532,0.33021833383921434,2.0,11,6,-0.7802437552748146,112.79109698438558,0.010595044168090378,19.753674579840286,79.01469831936114,28.197774246096394,28.197774246096394,28.197774246096394,28.197774246096394,LUCKY GRADE LIMITED,
sku_customer,"sku_customer::1008683|XINRONGDA CO., Limited",1008683,교체형,intermittent,6377.0,tsb,"{'alpha': 0.1, 'beta': 0.2}",3.1960905796356104e-14,1.8376798302359992e-13,2.0,11,6,,1.3746541453428314e-11,1.1682480753839885e-15,3.4222191821068404e-12,1.3688876728427362e-11,3.4366353633570786e-12,3.4366353633570786e-12,3.4366353633570786e-12,3.4366353633570786e-12,"XINRONGDA CO., Limited",
sku_customer,sku_customer::2017689|DORACOOL company limited,2017689,교체형,intermittent,6332.0,tsb,"{'alpha': 0.1, 'beta': 0.2}",0.016336142238623647,0.032286281085549935,2.0,11,6,-0.5847631037275748,2.3602208820800517,0.001933761106967822,0.530664255274053,2.122657021096212,0.5900552205200129,0.5900552205200129,0.5900552205200129,0.5900552205200129,DORACOOL company limited,
sku_customer,sku_customer::2019270|SEORIN C&I,2019270,교체형,intermittent,6330.0,tsb,"{'alpha': 0.2, 'beta': 0.05}",0.604084402375629,1.3136532733033195,0.5378483690182491,10,6,,441.15760375209504,0.3923941181265494,106.03942018906169,424.15768075624675,110.28940093802376,110.28940093802376,110.28940093802376,110.28940093802376,SEORIN C&I,
sku_customer,sku_customer::1009651|EVERBOND ELECTRONICS LIMITED,1009651,교체형,intermittent,6315.0,sba,{'alpha': 0.05},0.03473670116549008,0.19016254853069894,2.0,11,6,0.01365250896680958,64.26094951017332,0.008612337173000324,15.8156776832813,63.2627107331252,16.06523737754333,16.06523737754333,16.06523737754333,16.06523737754333,EVERBOND ELECTRONICS LIMITED,
sku_customer,sku_customer::2019310|PINE INFO CO LTD,2019310,교체형,lumpy,6300.0,tsb,"{'alpha': 0.2, 'beta': 0.05}",0.3868635578654707,2.1694507578716,1.2257421663112231,11,6,0.07314564356382272,449.9018547860261,0.0959033626334469,92.83445502917661,371.33782011670644,112.47546369650652,112.47546369650652,112.47546369650652,112.47546369650652,PINE INFO CO LTD,
sku_customer,sku_customer::2017477|UNISPLENDOUR DIGITAL（HONG KONG）,2017477,교체형,lumpy,6265.0,tsb,"{'alpha': 0.1, 'beta': 0.2}",5.878075220768577e-11,1.9383800793078162e-10,2.0,11,6,,1.3437967895082035e-08,6.9791781605458794e-12,3.0814142744469976e-09,1.232565709778799e-08,3.3594919737705087e-09,3.3594919737705087e-09,3.3594919737705087e-09,3.3594919737705087e-09,UNISPLENDOUR DIGITAL（HONG KONG）,
sku_customer,"sku_customer::1008736|XINRONGDA CO., Limited",1008736,교체형,intermittent,6241.0,tsb,"{'alpha': 0.1, 'beta': 0.2}",2.4038930489138856e-06,1.547574383528667e-05,2.0,11,6,,0.0011329556128789765,6.427752257341294e-08,0.0002460415009065101,0.0009841660036260403,0.0002832389032197441,0.0002832389032197441,0.0002832389032197441,0.0002832389032197441,"XINRONGDA CO., Limited",
sku_customer,sku_customer::1009772|Eternal International (HK) Ltd.,1009772,교체형,lumpy,6192.0,sba,{'alpha': 0.3},0.05564946231726133,0.42949645898035643,2.0,11,6,-0.7206209715613643,140.77119341563784,0.010288065843621401,29.509691358024693,118.03876543209877,35.19279835390946,35.19279835390946,35.19279835390946,35.19279835390946,Eternal International (HK) Ltd.,
sku_customer,sku_customer::1009640|Eternal International (HK) Ltd.,1009640,교체형,intermittent,6180.0,sba,{'alpha': 0.05},0.05004754651450207,0.3061107252196524,2.0,11,6,0.0136525089668096,101.23153347732182,0.008639308855291577,25.291879049676027,101.1675161987041,25.307883369330455,25.307883369330455,25.307883369330455,25.307883369330455,Eternal International (HK) Ltd.,
sku_customer,sku_customer::2017737|Ringson Limited,2017737,교체형,lumpy,6175.0,tsb,"{'alpha': 0.1, 'beta': 0.2}",0.0008079525352659131,0.006443607862919985,2.0,11,6,-0.5847631037275748,0.4667380904957381,2.1274549678913074e-05,0.09373481490330386,0.37493925961321545,0.11668452262393453,0.11668452262393453,0.11668452262393453,0.11668452262393453,Ringson Limited,
sku_customer,sku_customer::2019215|PATRIOT MEMORY INC.,2019215,교체형,lumpy,6135.0,tsb,"{'alpha': 0.1, 'beta': 0.2}",0.00019118749987142195,0.001510037990381634,2.0,11,6,,0.10866998849781055,5.029620869101664e-06,0.021884886325635157,0.08753954530254063,0.027167497124452638,0.027167497124452638,0.027167497124452638,0.027167497124452638,PATRIOT MEMORY INC.,
sku_customer,sku_customer::2018801|PINE INFO CO LTD,2018801,교체형,intermittent,6120.0,tsb,"{'alpha': 0.1, 'beta': 0.2}",5.16185565932293e-06,2.7012798822838797e-05,2.0,11,6,,0.0016350327881091004,3.4476905957091356e-07,0.0003715231385936165,0.001486092554374466,0.0004087581970272751,0.0004087581970272751,0.0004087581970272751,0.0004087581970272751,PINE INFO CO LTD,
sku_customer,sku_customer::1008622|Mei Tong Development Investment Ltd,1008622,교체형,lumpy,6096.0,tsb,"{'alpha': 0.1, 'beta': 0.2}",0.06341199756427808,0.47177171256976486,2.0,11,6,-0.3118396338135125,33.73525798807312,0.0018446744073723597,5.398225670943956,21.592902683775822,8.43381449701828,8.43381449701828,8.43381449701828,8.43381449701828,Mei Tong Development Investment Ltd,
sku_customer,"sku_customer::2016098|XINRONGDA CO., Limited",2016098,교체형,lumpy,6093.0,tsb,"{'alpha': 0.1, 'beta': 0.2}",1.1930634709258493e-12,9.191555604968484e-12,2.0,11,6,,6.569425279404399e-10,1.9319566166934476e-13,1.4301888442058253e-10,5.720755376823301e-10,1.6423563198510998e-10,1.6423563198510998e-10,1.6423563198510998e-10,1.6423563198510998e-10,"XINRONGDA CO., Limited",
sku_customer,sku_customer::2017486|PINE INFORMATION CO LTD,2017486,교체형,intermittent,6080.0,tsb,"{'alpha': 0.1, 'beta': 0.2}",1.743871420141641e-12,1.0259976571155207e-11,2.0,11,6,,3.7068436287632267e-10,5.244900090503071e-14,9.246716900356191e-11,3.6986867601424764e-10,9.267109071908067e-11,9.267109071908067e-11,9.267109071908067e-11,9.267109071908067e-11,PINE INFORMATION CO LTD,
sku_customer,sku_customer::2017828|Evetech Pty Ltd,2017828,교체형,intermittent,6080.0,tsb,"{'alpha': 0.1, 'beta': 0.2}",3.486765721588957e-12,1.8797363258807102e-11,2.0,11,6,,6.173936323451403e-10,2.512917327444321e-13,1.5434840808628507e-10,6.173936323451403e-10,1.5434840808628507e-10,1.5434840808628507e-10,1.5434840808628507e-10,1.5434840808628507e-10,Evetech Pty Ltd,
sku_customer,"sku_customer::1009118|Hosin Global (HK) Electronics Co.,",1009118,교체형,lumpy,6064.0,tsb,"{'alpha': 0.1, 'beta': 0.1}",15.196470159964237,108.64161091054211,1.9399520877681302,11,6,1.0088321644510412,400.81739015505553,0.09102865873797591,91.41462025102493,365.6584810040997,100.20434753876388,100.20434753876388,100.20434753876388,100.20434753876388,"Hosin Global (HK) Electronics Co.,",
sku_customer,sku_customer::2016876|DORACOOL company limited,2016876,교체형,intermittent,6056.0,tsb,"{'alpha': 0.1, 'beta': 0.2}",0.015862233928041588,0.0300877926356779,2.0,11,6,-0.5847631037275748,2.1373880362023736,0.0021677804340368887,0.49330689418070595,1.9732275767228238,0.5343470090505934,0.5343470090505934,0.5343470090505934,0.5343470090505934,DORACOOL company limited,
sku_customer,sku_customer::2017628|Archisite,2017628,교체형,lumpy,6034.0,sba,{'alpha': 0.3},0.049250110210502254,0.2289084804333313,2.0,11,6,0.013652508966809437,70.77635852542012,0.03920654254003374,12.926909870482714,51.707639481930855,17.69408963135503,17.69408963135503,17.69408963135503,17.69408963135503,Archisite,
sku_customer,sku_customer::2018060|PINE INFO CO LTD,2018060,교체형,intermittent,6000.0,tsb,"{'alpha': 0.1, 'beta': 0.2}",3.933983896640183e-06,1.724674431858222e-05,2.0,11,6,,0.0009710811920987434,4.0281924680291277e-07,0.00021457295074848195,0.0008582918029939278,0.00024277029802468586,0.00024277029802468586,0.00024277029802468586,0.00024277029802468586,PINE INFO CO LTD,
sku_customer,sku_customer::2019071|Wilk Elektronik S.A.,2019071,교체형,intermittent,6000.0,sba,{'alpha': 0.05},0.04363186369045359,0.21741484649638562,2.0,11,6,-0.9555443605432137,61.73989186989508,0.008304923573940812,15.43497296747377,61.73989186989508,15.43497296747377,15.43497296747377,15.43497296747377,15.43497296747377,Wilk Elektronik S.A.,
sku_customer,"sku_customer::2020340|Private Label PC, LLC.",2020340,교체형,intermittent,6000.0,tsb,"{'alpha': 0.1, 'beta': 0.1}",306.18871564037585,135.26078167507086,1.5477582437438737,10,6,,1488.5606572731358,0.12404672143942799,372.14016431828395,1488.5606572731358,372.14016431828395,372.14016431828395,372.14016431828395,372.14016431828395,"Private Label PC, LLC.",
sku_customer,sku_customer::1007781|MF WAREHOUSING & LOGISTICS,1007781,교체형,intermittent,5902.0,croston,{'alpha': 0.1},0.7864016124605583,3.032690737171175,1.9787520470758044,11,6,-0.4664907528886274,101.58061821219717,0.00835421888053467,25.061319966583124,100.2452798663325,25.39515455304929,25.39515455304929,25.39515455304929,25.39515455304929,MF WAREHOUSING & LOGISTICS,
sku_customer,sku_customer::2016729|PINE INFORMATION CO LTD,2016729,교체형,intermittent,5900.0,tsb,"{'alpha': 0.1, 'beta': 0.2}",1.4996450307482917e-12,5.003047555387865e-12,2.0,11,6,,1.9014583702097772e-10,9.983297212290763e-14,4.532682640250617e-11,1.8130730561002467e-10,4.753645925524443e-11,4.753645925524443e-11,4.753645925524443e-11,4.753645925524443e-11,PINE INFORMATION CO LTD,
sku_customer,sku_customer::2019312|Wilk Elektronik S.A.,2019312,교체형,intermittent,5900.0,tsb,"{'alpha': 0.1, 'beta': 0.2}",0.016162552348497627,0.06699397675624752,2.0,11,6,-0.530734527992573,4.636550029143392,0.0008887046747572246,1.1324763670431313,4.529905468172525,1.159137507285848,1.159137507285848,1.159137507285848,1.159137507285848,Wilk Elektronik S.A.,
sku_customer,sku_customer::2019979|LUCKY GRADE LIMITED,2019979,교체형,intermittent,5868.0,sba,{'alpha': 0.05},0.008540341801570166,0.04186611605619045,2.0,11,6,-0.9874569099029001,13.146240482553875,0.00897607651207619,3.2865601206384687,13.146240482553875,3.2865601206384687,3.2865601206384687,3.2865601206384687,3.2865601206384687,LUCKY GRADE LIMITED,
sku_customer,"sku_customer::1008898|XINRONGDA CO., Limited",1008898,교체형,lumpy,5861.0,tsb,"{'alpha': 0.1, 'beta': 0.2}",7.389793610959123e-09,4.28192259534215e-08,2.0,11,6,,2.943863805624988e-06,2.429644190558438e-10,6.477203025474883e-07,2.5908812101899534e-06,7.35965951406247e-07,7.35965951406247e-07,7.35965951406247e-07,7.35965951406247e-07,"XINRONGDA CO., Limited",
sku_customer,"sku_customer::2018606|Hosin Global Electronics Co., Ltd",2018606,교체형,intermittent,5783.0,tsb,"{'alpha': 0.1, 'beta': 0.2}",1.4608491371713336e-05,8.362856424620882e-05,2.0,11,6,,0.0056730291282701805,4.999673148614746e-07,0.0014168873716248246,0.005667549486499298,0.0014182572820675451,0.0014182572820675451,0.0014182572820675451,0.0014182572820675451,"Hosin Global Electronics Co., Ltd",
sku_customer,sku_customer::1009646|Edal Tech International Limited,1009646,교체형,intermittent,5777.0,tsb,"{'alpha': 0.1, 'beta': 0.1}",2.092415415930031,13.97424175922481,1.854540456814977,10,6,,1103.681903572448,0.1248678444554066,271.6824612522955,1086.729845009182,275.920475893112,275.920475893112,275.920475893112,275.920475893112,Edal Tech International Limited,
sku_customer,sku_customer::1008736|MF WAREHOUSING & LOGISTICS,1008736,교체형,lumpy,5772.0,tsb,"{'alpha': 0.1, 'beta': 0.2}",5.210457329936575e-06,3.318286232025734e-05,2.0,11,6,,0.0022467117049473446,5.118167394769879e-07,0.0004859085761246628,0.0019436343044986512,0.0005616779262368362,0.0005616779262368362,0.0005616779262368362,0.0005616779262368362,MF WAREHOUSING & LOGISTICS,
sku_customer,sku_customer::1005592|MF WAREHOUSING & LOGISTICS,1005592,교체형,intermittent,5730.0,tsb,"{'alpha': 0.2, 'beta': 0.05}",0.3968581299875912,3.15098050887473,1.7161857758420698,10,6,,984.9010181725329,0.06736300463535053,217.83578986961112,871.3431594784445,246.22525454313322,246.22525454313322,246.22525454313322,246.22525454313322,MF WAREHOUSING & LOGISTICS,
sku_customer,sku_customer::1008873|MF WAREHOUSING & LOGISTICS,1008873,교체형,lumpy,5720.0,tsb,"{'alpha': 0.1, 'beta': 0.2}",0.03819632592956063,0.2675377949211833,2.0,11,6,-0.36350587738853907,17.950987826794627,0.0036028797019096474,4.196922507160511,16.787690028642043,4.487746956698657,4.487746956698657,4.487746956698657,4.487746956698657,MF WAREHOUSING & LOGISTICS,
sku_channel,sku_channel::1008094|TAIUN,1008094,교체형,lumpy,141563917.0,sba,{'alpha': 0.3},0.06275867045085973,0.114545959908255,0.9663925253216875,11,6,-0.44483477531567306,761736.5309549428,0.41956802956712125,175069.86192017244,700279.4476806897,190434.1327387357,190434.1327387357,190434.1327387357,190434.1327387357,,TAIUN
sku_channel,sku_channel::1007754|TAIUN,1007754,교체형,lumpy,83982076.0,tsb,"{'alpha': 0.1, 'beta': 0.2}",0.03927049292870594,0.06094766463838764,2.0,11,6,-0.5847631037275749,35724.94756713843,0.00994916452498639,8250.30335599051,33001.21342396204,8931.236891784607,8931.236891784607,8931.236891784607,8931.236891784607,,TAIUN
sku_channel,sku_channel::1009218|TAIUN,1009218,교체형,lumpy,34877645.0,tsb,"{'alpha': 0.1, 'beta': 0.2}",0.0005581806195984877,0.0023617715896764543,2.0,11,6,-0.5847631037275748,780.454492243444,7.761376110158503e-05,129.64102810185818,518.5641124074327,195.113623060861,195.113623060861,195.113623060861,195.113623060861,,TAIUN
sku_channel,sku_channel::1008095|TAIUN_AIR,1008095,교체형,lumpy,34423355.0,tsb,"{'alpha': 0.1, 'beta': 0.2}",0.1743695352830828,0.352733321718432,2.0,11,6,-0.2543081557083003,111261.47005015757,0.024737383262710615,18944.343081721378,75777.37232688551,27815.367512539393,27815.367512539393,27815.367512539393,27815.367512539393,,TAIUN_AIR
sku_channel,sku_channel::1009185|TAIUN,1009185,교체형,lumpy,27750062.0,croston,{'alpha': 0.1},0.17586373797954305,0.5001139606803248,1.4458151037078257,11,6,4.637116937557005,312253.354900271,0.054216436909171974,60435.39849191438,241741.5939676575,78063.33872506775,78063.33872506775,78063.33872506775,78063.33872506775,,TAIUN
sku_channel,sku_channel::1005732|TAIUN,1005732,교체형,lumpy,25778970.0,tsb,"{'alpha': 0.1, 'beta': 0.2}",0.0003600155082303339,0.0013486108713370336,2.0,11,6,,386.1138436938432,2.1306778612719874e-05,59.134170049621936,236.53668019848774,96.5284609234608,96.5284609234608,96.5284609234608,96.5284609234608,,TAIUN
sku_channel,sku_channel::1008053|TAIUN,1008053,교체형,lumpy,24248431.0,sba,{'alpha': 0.3},0.22983881645896678,0.44754604289343997,0.559779751033257,11,6,-0.5986888071612971,359722.8783206569,0.8005052608694083,75431.26912393556,301725.07649574225,89930.71958016422,89930.71958016422,89930.71958016422,89930.71958016422,,TAIUN
sku_channel,sku_channel::1007570|TAIUN,1007570,교체형,lumpy,19917903.0,tsb,"{'alpha': 0.1, 'beta': 0.2}",3.6850605020998864e-05,0.00013389063261850758,2.0,11,6,,25.871098724426886,2.1414222104028527e-05,4.22399034431856,16.89596137727424,6.467774681106722,6.467774681106722,6.467774681106722,6.467774681106722,,TAIUN
sku_channel,sku_channel::1009437|TAIUN,1009437,교체형,lumpy,17999780.0,sba,{'alpha': 0.05},0.02308038945577581,0.08044505067599601,2.0,11,6,0.01365250896680969,75866.23246744301,0.016238916281290795,17388.29118106085,69553.1647242434,18966.558116860753,18966.558116860753,18966.558116860753,18966.558116860753,,TAIUN
sku_channel,sku_channel::1008279|TAIUN,1008279,교체형,lumpy,17495641.0,tsb,"{'alpha': 0.1, 'beta': 0.2}",0.006121838599843762,0.010205203834661001,2.0,11,6,-0.5847631037275748,1810.4810437249077,0.0017811455736691053,433.8358215916194,1735.3432863664775,452.62026093122694,452.62026093122694,452.62026093122694,452.62026093122694,,TAIUN
sku_channel,sku_channel::1009110|TAIUN,1009110,교체형,lumpy,15104945.0,sba,{'alpha': 0.3},0.061293496263768184,0.26570067627049737,2.0,11,6,0.013652508966809479,214763.5639614003,0.04746760336070632,45642.33836081442,182569.35344325769,53690.890990350075,53690.890990350075,53690.890990350075,53690.890990350075,,TAIUN
sku_channel,sku_channel::1007583|TAIUN_AIR,1007583,교체형,lumpy,14487603.0,sba,{'alpha': 0.3},0.036875942919447735,0.10676718317385929,1.8183742982169788,11,6,-0.14697198234311096,76739.42771186496,0.24744195722147266,17802.004916040052,71208.01966416021,19184.85692796624,19184.85692796624,19184.85692796624,19184.85692796624,,TAIUN_AIR
sku_channel,sku_channel::1007506|TAIUN,1007506,교체형,lumpy,13973000.0,sba,{'alpha': 0.2},0.02143557618872354,0.0504295105129323,0.4810194397149854,11,6,-0.22182023248628793,78862.08818274595,0.13242193610103203,16679.93830378739,66719.75321514955,19715.522045686488,19715.522045686488,19715.522045686488,19715.522045686488,,TAIUN
sku_channel,sku_channel::2012591|TAIUN_AIR,2012591,교체형,lumpy,13876644.0,tsb,"{'alpha': 0.1, 'beta': 0.2}",1.6159504586712788e-06,4.837226082038029e-06,2.0,11,6,,0.74743765204315,3.094890196505872e-07,0.1118942224834484,0.4475768899337936,0.1868594130107875,0.1868594130107875,0.1868594130107875,0.1868594130107875,,TAIUN_AIR
sku_channel,sku_channel::2019229|TAIUN,2019229,교체형,lumpy,13324330.0,tsb,"{'alpha': 0.2, 'beta': 0.05}",1.0906939222028424,5.81501989449155,1.8381339728030417,11,6,-0.8376018177774279,751553.3045260289,0.08379585638821756,170468.494914762,681873.979659048,187888.32613150723,187888.32613150723,187888.32613150723,187888.32613150723,,TAIUN
sku_channel,sku_channel::1008551|TAIUN,1008551,교체형,lumpy,12991420.0,sba,{'alpha': 0.3},0.6767380187148724,2.2563599427475087,1.2901619904836064,11,6,-0.09037876610138096,477903.8773207881,0.4274402207984069,37350.685026757485,149402.74010702994,119475.96933019703,119475.96933019703,119475.96933019703,119475.96933019703,,TAIUN
sku_channel,sku_channel::1009592|TAIUN,1009592,교체형,lumpy,12741822.0,tsb,"{'alpha': 0.1, 'beta': 0.2}",1.069220233004937,4.478217259224618,0.4787969675209016,11,6,-0.385492434820008,1867876.5094809537,0.6220795002442691,403487.27151836234,1613949.0860734493,466969.1273702384,466969.1273702384,466969.1273702384,466969.1273702384,,TAIUN
sku_channel,sku_channel::2012591|TAIUN,2012591,교체형,lumpy,12709734.0,tsb,"{'alpha': 0.1, 'beta': 0.2}",5.96484575243832e-08,1.9509604418297764e-07,2.0,11,6,,0.02587302822049374,1.0856169026161674e-08,0.002897312669568305,0.01158925067827322,0.006468257055123435,0.006468257055123435,0.006468257055123435,0.006468257055123435,,TAIUN
sku_channel,sku_channel::1008053|TAIUN_AIR,1008053,교체형,lumpy,11900787.0,tsb,"{'alpha': 0.2, 'beta': 0.05}",0.06350823061501247,0.0810035860386615,0.21551215517943115,11,6,-0.27429152247613225,206044.32416909083,0.27505583734624267,33626.844404067786,134507.37761627114,51511.08104227271,51511.08104227271,51511.08104227271,51511.08104227271,,TAIUN_AIR
sku_channel,sku_channel::2019863|TAIUN,2019863,교체형,lumpy,11607851.0,tsb,"{'alpha': 0.2, 'beta': 0.05}",1.0952702425468988,7.294985074374966,1.885877684737169,11,6,-0.9988755890944453,615253.2186673314,0.074583031414639,146230.06957777115,584920.2783110846,153813.30466683285,153813.30466683285,153813.30466683285,153813.30466683285,,TAIUN
sku_channel,sku_channel::1007368|TAIUN,1007368,교체형,lumpy,11245345.0,tsb,"{'alpha': 0.1, 'beta': 0.2}",9.939019828521477e-08,2.8600032520192784e-07,2.0,11,6,,0.031606117408121595,2.1457858564025496e-08,0.006433035688566042,0.025732142754264168,0.007901529352030399,0.007901529352030399,0.007901529352030399,0.007901529352030399,,TAIUN
sku_channel,sku_channel::1006352|TAIUN,1006352,교체형,lumpy,9878619.0,tsb,"{'alpha': 0.1, 'beta': 0.2}",0.0006007676391190114,0.0032480118451975234,2.0,11,6,-0.5847631037275749,312.9083044591915,2.1268559317898332e-05,47.14745239021822,188.58980956087288,78.22707611479788,78.22707611479788,78.22707611479788,78.22707611479788,,TAIUN
sku_channel,sku_channel::1007125|TAIUN,1007125,교체형,lumpy,9426289.0,tsb,"{'alpha': 0.1, 'beta': 0.2}",1.9385951292678694e-07,6.909641571624441e-07,2.0,11,6,,0.07059445394870936,2.7842484852114458e-08,0.009391481428631755,0.03756592571452702,0.01764861348717734,0.01764861348717734,0.01764861348717734,0.01764861348717734,,TAIUN
sku_channel,sku_channel::1004987|TAIUN,1004987,교체형,lumpy,9352968.0,tsb,"{'alpha': 0.1, 'beta': 0.2}",2.9037461939758953e-05,0.00013324662775799503,2.0,11,6,,14.61883806666505,1.4793987313476125e-06,3.5830251884123077,14.33210075364923,3.6547095166662626,3.6547095166662626,3.6547095166662626,3.6547095166662626,,TAIUN
sku_channel,sku_channel::1007490|TAIUN,1007490,교체형,lumpy,9231326.0,tsb,"{'alpha': 0.1, 'beta': 0.2}",4.991517588442659e-11,3.5689377083785423e-10,2.0,11,6,,3.8646506056371845e-05,1.0688745666850379e-11,3.6040167700094887e-06,1.4416067080037955e-05,9.661626514092961e-06,9.661626514092961e-06,9.661626514092961e-06,9.661626514092961e-06,,TAIUN
sku_channel,sku_channel::1009229|TAIUN,1009229,교체형,lumpy,9228005.0,tsb,"{'alpha': 0.1, 'beta': 0.2}",4.8075543794643534e-05,0.00022766830407797647,2.0,11,6,,20.635008229514163,4.2822432972123114e-06,4.454743839816456,17.818975359265824,5.158752057378541,5.158752057378541,5.158752057378541,5.158752057378541,,TAIUN
sku_channel,sku_channel::1009493|TAIUN,1009493,교체형,intermittent,9095400.0,sba,{'alpha': 0.05},0.05447429542367557,0.2516699262443477,2.0,11,6,0.013652508966809473,122490.36238998474,0.011308986969219765,29986.545806825543,119946.18322730217,30622.590597496186,30622.590597496186,30622.590597496186,30622.590597496186,,TAIUN
sku_channel,sku_channel::1007583|TAIUN,1007583,교체형,lumpy,8733439.0,tsb,"{'alpha': 0.1, 'beta': 0.2}",0.028376430690531654,0.05530231520948258,2.0,11,6,-0.5847631037275748,3954.0409407652137,0.005241806009120824,849.5060536623455,3398.024214649382,988.5102351913034,988.5102351913034,988.5102351913034,988.5102351913034,,TAIUN
sku_channel,sku_channel::1007641|TAIUN_AIR,1007641,교체형,lumpy,6850499.0,tsb,"{'alpha': 0.1, 'beta': 0.2}",2.3159634647051235e-06,5.7481459954310705e-06,2.0,11,6,,0.37909115884674627,2.8475750330172786e-07,0.06778865320884946,0.2711546128353978,0.09477278971168657,0.09477278971168657,0.09477278971168657,0.09477278971168657,,TAIUN_AIR
sku_channel,sku_channel::1008759|TAIUN,1008759,교체형,lumpy,6558480.0,sba,{'alpha': 0.05},0.12822982175253608,0.5496562240202864,1.5706009643897267,11,6,,97751.32518326156,0.08865624892691568,17315.944795872318,69263.77918348927,24437.83129581539,24437.83129581539,24437.83129581539,24437.83129581539,,TAIUN
sku_channel,sku_channel::1002663|TAIUN,1002663,교체형,intermittent,6523697.0,tsb,"{'alpha': 0.1, 'beta': 0.2}",1.9001351968440085e-07,5.413900380367516e-07,2.0,11,6,,0.041429645970069075,1.6851184874156632e-08,0.009090447675743329,0.036361790702973316,0.010357411492517269,0.010357411492517269,0.010357411492517269,0.010357411492517269,,TAIUN
sku_channel,sku_channel::1009226|TAIUN,1009226,교체형,intermittent,5920358.0,tsb,"{'alpha': 0.1, 'beta': 0.2}",7.192579317329141e-06,3.632212148683705e-05,2.0,11,6,,1.6685471424239775,3.2261442570886076e-07,0.4171356532293601,1.6685426129174403,0.4171367856059944,0.4171367856059944,0.4171367856059944,0.4171367856059944,,TAIUN
sku_channel,sku_channel::2017143|TAIUN_AIR,2017143,교체형,lumpy,5433442.0,tsb,"{'alpha': 0.1, 'beta': 0.2}",5.731766688518348e-10,2.4312514197584074e-09,2.0,11,6,,0.00014427973553298636,4.660888459212233e-11,1.6450962179520483e-05,6.580384871808193e-05,3.606993388324659e-05,3.606993388324659e-05,3.606993388324659e-05,3.606993388324659e-05,,TAIUN_AIR
sku_channel,sku_channel::1002653|TAIUN,1002653,교체형,intermittent,5216541.0,tsb,"{'alpha': 0.1, 'beta': 0.2}",1.6424114169855836e-11,4.463689362794227e-11,2.0,11,6,,2.7313903394760884e-06,1.2182071874686775e-12,6.755510610165927e-07,2.702204244066371e-06,6.828475848690221e-07,6.828475848690221e-07,6.828475848690221e-07,6.828475848690221e-07,,TAIUN
sku_channel,sku_channel::2018626|TAIUN,2018626,교체형,intermittent,5131138.0,tsb,"{'alpha': 0.2, 'beta': 0.05}",0.38722002347393825,1.2419281084608886,0.6670565727526165,11,6,-0.08547159717930013,417895.86708927184,0.26872966282194033,103023.53840873708,412094.1536349483,104473.96677231796,104473.96677231796,104473.96677231796,104473.96677231796,,TAIUN
sku_channel,sku_channel::1006925|TAIUN,1006925,교체형,lumpy,4445789.0,tsb,"{'alpha': 0.1, 'beta': 0.2}",4.609215380133561e-07,2.1265880036228584e-06,2.0,11,6,,0.11090200222282358,6.805953312441296e-08,0.026886217617028883,0.10754487046811553,0.027725500555705895,0.027725500555705895,0.027725500555705895,0.027725500555705895,,TAIUN
sku_channel,sku_channel::1007126|TAIUN,1007126,교체형,lumpy,4161685.0,sba,{'alpha': 0.05},0.05262538121133176,0.20959275229169586,1.987769137048696,11,6,-0.012587780189263934,36245.64552408428,0.045718101998500245,8395.331364056063,33581.32545622425,9061.41138102107,9061.41138102107,9061.41138102107,9061.41138102107,,TAIUN
sku_channel,sku_channel::1009303|TAIUN,1009303,교체형,lumpy,3081654.0,tsb,"{'alpha': 0.2, 'beta': 0.05}",3.1279325197072767,11.483593762233197,1.4957383858325042,11,6,0.0823125020696797,339398.11215422075,0.22641720911504415,30658.006164453273,122632.02465781309,84849.52803855519,84849.52803855519,84849.52803855519,84849.52803855519,,TAIUN
sku_channel,sku_channel::1009131|TAIUN_AIR,1009131,교체형,intermittent,2978301.0,tsb,"{'alpha': 0.2, 'beta': 0.05}",1.8878384147138594,4.054597403239544,1.347256793076502,11,6,2.652619154067716,216570.74053143064,0.23737619942024177,37037.420548836504,148149.68219534602,54142.68513285766,54142.68513285766,54142.68513285766,54142.68513285766,,TAIUN_AIR
sku_channel,sku_channel::1008095|TAIUN,1008095,교체형,lumpy,2907022.0,tsb,"{'alpha': 0.1, 'beta': 0.2}",0.07685017144880715,0.1604730791862106,2.0,11,6,-0.4484160410268361,4581.10223859828,0.012302284854398708,881.1111425685617,3524.444570274247,1145.27555964957,1145.27555964957,1145.27555964957,1145.27555964957,,TAIUN
sku_channel,sku_channel::2017143|TAIUN,2017143,교체형,lumpy,2746025.0,tsb,"{'alpha': 0.1, 'beta': 0.2}",1.0729695140754785e-08,3.989344255022907e-08,2.0,11,6,,0.0011734737101424318,1.870027428821799e-09,0.00025002976222180344,0.0010001190488872138,0.00029336842753560795,0.00029336842753560795,0.00029336842753560795,0.00029336842753560795,,TAIUN
sku_channel,sku_channel::1008537|TAIUN_AIR,1008537,교체형,intermittent,2586005.0,tsb,"{'alpha': 0.1, 'beta': 0.2}",1.2079976325026461e-05,2.5845460071306428e-05,2.0,11,6,,0.6730903655427415,1.3669469078181235e-06,0.12518462457296148,0.5007384982918459,0.16827259138568537,0.16827259138568537,0.16827259138568537,0.16827259138568537,,TAIUN_AIR
sku_channel,sku_channel::1007754|CUSTOMER_PICK_UP,1007754,교체형,intermittent,2502394.0,sba,{'alpha': 0.3},0.06208019333433279,0.40341685500078334,2.0,11,6,0.013652508966809593,54020.49056603773,0.011098779134295229,12314.158490566037,49256.633962264146,13505.122641509433,13505.122641509433,13505.122641509433,13505.122641509433,,CUSTOMER_PICK_UP
sku_channel,sku_channel::1009222|TAIUN,1009222,교체형,lumpy,2386627.0,tsb,"{'alpha': 0.1, 'beta': 0.2}",2.747597677844568e-05,0.00022097316419756905,2.0,11,6,,6.186304094824224,7.241041430654838e-07,1.2394542752350186,4.957817100940074,1.546576023706056,1.546576023706056,1.546576023706056,1.546576023706056,,TAIUN
sku_channel,sku_channel::1008924|TAIUN_AIR,1008924,교체형,lumpy,2308136.0,tsb,"{'alpha': 0.1, 'beta': 0.2}",0.0007026926611852152,0.0013981092345963942,2.0,11,6,-0.5847631037275749,31.718038818008353,8.518053944440642e-05,6.140144480398885,24.56057792159554,7.929509704502088,7.929509704502088,7.929509704502088,7.929509704502088,,TAIUN_AIR
sku_channel,sku_channel::1007754|TAIUN_AIR,1007754,교체형,lumpy,2254759.0,tsb,"{'alpha': 0.1, 'beta': 0.2}",0.02297022588785237,0.130924089046024,2.0,11,6,-0.5847631037275749,3462.7957059970913,0.0036029600539100514,505.7815922099336,2023.1263688397344,865.6989264992728,865.6989264992728,865.6989264992728,865.6989264992728,,TAIUN_AIR
sku_channel,sku_channel::2015843|TAIUN,2015843,교체형,lumpy,2225973.0,tsb,"{'alpha': 0.2, 'beta': 0.05}",0.04612739048708046,0.13711143460089278,0.07919510489406603,11,6,-0.7174781316417439,150125.66628871084,0.21057585866181483,23396.898487489376,93587.5939499575,37531.41657217771,37531.41657217771,37531.41657217771,37531.41657217771,,TAIUN
sku_channel,sku_channel::1009130|TAIUN,1009130,교체형,lumpy,2156980.0,tsb,"{'alpha': 0.1, 'beta': 0.2}",0.0022893725839634596,0.009588872504391147,2.0,11,6,-0.5847631037275748,242.6167846519209,0.00020690118095137615,48.8911080150622,195.5644320602488,60.65419616298023,60.65419616298023,60.65419616298023,60.65419616298023,,TAIUN
sku_channel,sku_channel::1008551|TAIUN_AIR,1008551,교체형,lumpy,2136634.0,tsb,"{'alpha': 0.1, 'beta': 0.2}",0.057714963997849436,0.12889080383430665,2.0,11,6,-0.5659395131524675,2970.521173154374,0.010227704457495875,569.6738835199474,2278.6955340797895,742.6302932885935,742.6302932885935,742.6302932885935,742.6302932885935,,TAIUN_AIR
sku_channel,sku_channel::1009129|TAIUN,1009129,교체형,lumpy,1873411.0,tsb,"{'alpha': 0.1, 'beta': 0.2}",0.0012911633132002272,0.005806772048804497,2.0,11,6,-0.5847631037275748,127.6071543460291,0.00019902580560618777,28.40032471351006,113.60129885404024,31.901788586507276,31.901788586507276,31.901788586507276,31.901788586507276,,TAIUN
sku_channel,sku_channel::2018035|TAIUN,2018035,교체형,lumpy,1767685.0,tsb,"{'alpha': 0.2, 'beta': 0.05}",0.19905395997284553,0.5730944451365246,0.5331972250519453,11,6,1.5756486088189274,124973.67842142309,0.1833209525332162,23832.983089322075,95331.9323572883,31243.41960535577,31243.41960535577,31243.41960535577,31243.41960535577,,TAIUN
sku_channel,sku_channel::2014722|TAIUN_AIR,2014722,교체형,lumpy,1697978.0,tsb,"{'alpha': 0.1, 'beta': 0.2}",2.957582882752188e-06,9.1387384190679e-06,2.0,11,6,,0.18202267225356883,3.826865098959369e-07,0.043115072744314406,0.17246029097725762,0.04550566806339221,0.04550566806339221,0.04550566806339221,0.04550566806339221,,TAIUN_AIR
sku_channel,sku_channel::1009490|TAIUN,1009490,교체형,intermittent,1672945.0,tsb,"{'alpha': 0.1, 'beta': 0.2}",0.0007506444331935689,0.003666872660262116,2.0,11,6,-0.5847631037275748,71.95892588226889,4.659715497864158e-05,17.94359525464563,71.77438101858252,17.98973147056722,17.98973147056722,17.98973147056722,17.98973147056722,,TAIUN
sku_channel,sku_channel::1007641|TAIUN,1007641,교체형,intermittent,1672100.0,tsb,"{'alpha': 0.1, 'beta': 0.2}",6.949230278968787e-08,2.1056259371691578e-07,2.0,11,6,,0.004005408982667727,7.546554488825028e-09,0.0008674170425517171,0.0034696681702068685,0.0010013522456669317,0.0010013522456669317,0.0010013522456669317,0.0010013522456669317,,TAIUN
sku_channel,sku_channel::1006395|TAIUN,1006395,교체형,intermittent,1636045.0,tsb,"{'alpha': 0.1, 'beta': 0.2}",5.372513596231847e-08,3.0769930937792065e-07,2.0,11,6,,0.00590512298180083,1.7507763981046915e-09,0.001456432928750982,0.005825731715003928,0.0014762807454502076,0.0014762807454502076,0.0014762807454502076,0.0014762807454502076,,TAIUN
sku_channel,sku_channel::1007983|TAIUN,1007983,교체형,lumpy,1560275.0,tsb,"{'alpha': 0.1, 'beta': 0.2}",4.759582954621659e-06,1.2877270835325816e-05,2.0,11,6,,0.22057190548561162,3.819406771134261e-07,0.03189589743571233,0.1275835897428493,0.055142976371402905,0.055142976371402905,0.055142976371402905,0.055142976371402905,,TAIUN
sku_channel,sku_channel::1007727|TAIUN,1007727,교체형,lumpy,1516520.0,tsb,"{'alpha': 0.1, 'beta': 0.2}",5.846258560852923e-09,2.6141543862890618e-08,2.0,11,6,,0.00046503597931113873,2.692028543387172e-10,6.620356276748804e-05,0.00026481425106995214,0.00011625899482778468,0.00011625899482778468,0.00011625899482778468,0.00011625899482778468,,TAIUN
sku_channel,sku_channel::2017754|TAIUN,2017754,교체형,lumpy,1515712.0,tsb,"{'alpha': 0.1, 'beta': 0.2}",0.0004294620098124902,0.0013913741201025695,2.0,11,6,-0.5847631037275748,24.23524594002957,6.491546386224771e-05,2.9963183977116974,11.98527359084679,6.058811485007393,6.058811485007393,6.058811485007393,6.058811485007393,,TAIUN
sku_channel,sku_channel::1007914|TAIUN_AIR,1007914,교체형,lumpy,1514992.0,tsb,"{'alpha': 0.1, 'beta': 0.2}",7.336081084044935e-06,1.8491511352120403e-05,2.0,11,6,,0.3075985628880183,1.3530404885227971e-06,0.06783333730785757,0.27133334923143027,0.07689964072200457,0.07689964072200457,0.07689964072200457,0.07689964072200457,,TAIUN_AIR
sku_channel,sku_channel::2016351|TAIUN,2016351,교체형,lumpy,1502008.0,tsb,"{'alpha': 0.1, 'beta': 0.2}",2.947283206265038e-05,7.94076756302546e-05,2.0,11,6,,1.3990779436009366,3.5725906871386416e-06,0.3419404482222386,1.3677617928889545,0.34976948590023416,0.34976948590023416,0.34976948590023416,0.34976948590023416,,TAIUN
sku_channel,sku_channel::1008354|TAIUN,1008354,교체형,lumpy,1450814.0,tsb,"{'alpha': 0.1, 'beta': 0.2}",3.2305709074439917e-09,1.0097537125614414e-08,2.0,11,6,,0.0001694369293877741,2.4751489518206927e-10,2.7123799558076497e-05,0.00010849519823230599,4.235923234694352e-05,4.235923234694352e-05,4.235923234694352e-05,4.235923234694352e-05,,TAIUN
sku_channel,sku_channel::2016864|TAIUN_AIR,2016864,교체형,lumpy,1418609.0,tsb,"{'alpha': 0.1, 'beta': 0.2}",1.0222478641643931e-06,2.4510852766512824e-06,2.0,11,6,,0.03167650289799392,2.400018191181946e-07,0.006165126072767793,0.02466050429107117,0.00791912572449848,0.00791912572449848,0.00791912572449848,0.00791912572449848,,TAIUN_AIR
sku_channel,sku_channel::1008432|TAIUN,1008432,교체형,lumpy,1380723.0,tsb,"{'alpha': 0.1, 'beta': 0.2}",5.451486703433034e-10,1.369328282865403e-09,2.0,11,6,,2.0083564702838988e-05,6.001000001919153e-11,3.907691662831692e-06,1.5630766651326767e-05,5.020891175709747e-06,5.020891175709747e-06,5.020891175709747e-06,5.020891175709747e-06,,TAIUN
sku_channel,sku_channel::1008409|TAIUN_AIR,1008409,교체형,lumpy,1329390.0,tsb,"{'alpha': 0.1, 'beta': 0.2}",2.6239410362527184e-11,1.611488251292681e-10,2.0,11,6,,1.66204110944549e-06,9.061270876715324e-13,8.078773571342627e-08,3.231509428537051e-07,4.155102773613725e-07,4.155102773613725e-07,4.155102773613725e-07,4.155102773613725e-07,,TAIUN_AIR
sku_channel,sku_channel::1009111|TAIUN,1009111,교체형,lumpy,1294780.0,tsb,"{'alpha': 0.1, 'beta': 0.2}",3.162215872246087e-05,0.00012972022547147658,2.0,11,6,,1.9702024628867547,2.2310917060443433e-06,0.41226777584533375,1.649071103381335,0.4925506157216887,0.4925506157216887,0.4925506157216887,0.4925506157216887,,TAIUN
sku_channel,sku_channel::1009440|TAIUN_AIR,1009440,교체형,lumpy,1293099.0,tsb,"{'alpha': 0.1, 'beta': 0.2}",3.1416068236966934,9.773706073639637,1.4087164374293397,11,6,0.48950538310400565,208899.61914687516,0.6534781118544005,32858.902586093696,131435.61034437479,52224.90478671879,52224.90478671879,52224.90478671879,52224.90478671879,,TAIUN_AIR
sku_channel,sku_channel::1008409|TAIUN,1008409,교체형,lumpy,1264627.0,tsb,"{'alpha': 0.1, 'beta': 0.2}",2.483933475593695e-11,9.56943756973027e-11,2.0,11,6,,1.2737882245378844e-06,2.344500452528127e-12,1.5831404042902437e-07,6.332561617160975e-07,3.184470561344711e-07,3.184470561344711e-07,3.184470561344711e-07,3.184470561344711e-07,,TAIUN
sku_channel,sku_channel::2016048|TAIUN_AIR,2016048,교체형,lumpy,1259051.0,tsb,"{'alpha': 0.1, 'beta': 0.2}",5.720145353456583e-06,2.1025194727697775e-05,2.0,11,6,,0.18774888447198962,5.940155184626912e-07,0.03977148523236528,0.15908594092946113,0.046937221117997405,0.046937221117997405,0.046937221117997405,0.046937221117997405,,TAIUN_AIR
sku_channel,sku_channel::1007506|TAIUN_AIR,1007506,교체형,lumpy,1243914.0,tsb,"{'alpha': 0.1, 'beta': 0.2}",2.027932626066931e-05,8.567414959776216e-05,2.0,11,6,,1.1133770292454965,1.7122249619052107e-06,0.21034364830273036,0.8413745932109215,0.27834425731137413,0.27834425731137413,0.27834425731137413,0.27834425731137413,,TAIUN_AIR
sku_channel,sku_channel::1008968|TAIUN,1008968,교체형,lumpy,1241930.0,tsb,"{'alpha': 0.1, 'beta': 0.2}",7.265671830498154e-08,5.865312535380333e-07,2.0,11,6,,0.008544673193467498,1.685055381866e-08,0.001719796505685008,0.006879186022740032,0.0021361682983668745,0.0021361682983668745,0.0021361682983668745,0.0021361682983668745,,TAIUN
sku_channel,sku_channel::1007727|TAIUN_AIR,1007727,교체형,lumpy,1221286.0,tsb,"{'alpha': 0.1, 'beta': 0.2}",9.112497744631732e-06,4.365252626513664e-05,2.0,11,6,,0.3622199857218829,3.8054878952110865e-07,0.04304203939373536,0.17216815757494144,0.09055499643047073,0.09055499643047073,0.09055499643047073,0.09055499643047073,,TAIUN_AIR
sku_channel,sku_channel::1008433|TAIUN,1008433,교체형,lumpy,1203387.0,tsb,"{'alpha': 0.1, 'beta': 0.2}",2.2848915889913817e-11,7.398970365523919e-11,2.0,11,6,,9.125415266566808e-07,2.4408619187146137e-12,2.0731025422120897e-07,8.292410168848359e-07,2.281353816641702e-07,2.281353816641702e-07,2.281353816641702e-07,2.281353816641702e-07,,TAIUN
sku_channel,sku_channel::2016864|TAIUN,2016864,교체형,lumpy,1181217.0,tsb,"{'alpha': 0.1, 'beta': 0.2}",6.969379945342927e-07,1.7683330445156617e-06,2.0,11,6,,0.020829441265848656,1.4510283426570543e-07,0.004256180109409815,0.01702472043763926,0.005207360316462164,0.005207360316462164,0.005207360316462164,0.005207360316462164,,TAIUN
sku_channel,sku_channel::2016351|TAIUN_AIR,2016351,교체형,intermittent,1180092.0,tsb,"{'alpha': 0.1, 'beta': 0.2}",3.596244659853851e-09,9.511478018615061e-09,2.0,11,6,,0.00013166521576873127,4.4678295062014474e-10,3.0197896406498288e-05,0.00012079158562599315,3.291630394218282e-05,3.291630394218282e-05,3.291630394218282e-05,3.291630394218282e-05,,TAIUN_AIR
sku_channel,sku_channel::2017822|TAIUN_AIR,2017822,교체형,lumpy,1150322.0,tsb,"{'alpha': 0.1, 'beta': 0.2}",1.7072147847288384e-06,6.067438940836797e-06,2.0,11,6,,0.07845508007610665,2.480354723226884e-07,0.016983597639517862,0.06793439055807145,0.01961377001902666,0.01961377001902666,0.01961377001902666,0.01961377001902666,,TAIUN_AIR
sku_channel,sku_channel::1008354|TAIUN_AIR,1008354,교체형,lumpy,1087008.0,tsb,"{'alpha': 0.1, 'beta': 0.2}",7.449389299040297e-07,2.807873218083639e-06,2.0,11,6,,0.03310693745928935,8.034963173479863e-08,0.007344701170432233,0.02937880468172893,0.008276734364822338,0.008276734364822338,0.008276734364822338,0.008276734364822338,,TAIUN_AIR
sku_channel,sku_channel::1008056|TAIUN,1008056,교체형,lumpy,1077276.0,sba,{'alpha': 0.3},0.04145232730814599,0.23698861895911802,0.9148738617918554,11,6,0.028585938101929824,17868.44863675025,0.03677744412871826,1939.694189643773,7758.776758575092,4467.112159187563,4467.112159187563,4467.112159187563,4467.112159187563,,TAIUN
sku_channel,sku_channel::1008094|TAIUN_AIR,1008094,교체형,lumpy,1010879.0,sba,{'alpha': 0.3},0.0963238857400718,0.4601614636632008,1.3005191993386125,11,6,-0.02118891446566081,25229.123497128177,0.04462649077581593,3123.6155160640865,12494.462064256346,6307.280874282044,6307.280874282044,6307.280874282044,6307.280874282044,,TAIUN_AIR
sku_channel,sku_channel::1007570|TAIUN_AIR,1007570,교체형,intermittent,1002523.0,tsb,"{'alpha': 0.1, 'beta': 0.2}",1.467978283954213e-13,6.283747140228547e-13,2.0,11,6,,7.389588010904335e-09,8.36686009476752e-15,1.7473024147031593e-09,6.989209658812637e-09,1.8473970027260839e-09,1.8473970027260839e-09,1.8473970027260839e-09,1.8473970027260839e-09,,TAIUN_AIR
sku_channel,sku_channel::1009437|TAIUN_AIR,1009437,교체형,intermittent,1002221.0,tsb,"{'alpha': 0.1, 'beta': 0.2}",0.0040480183016677,0.02797119668117123,2.0,11,6,-0.5847631037275748,328.8377938386181,0.00010644208559996919,69.21785768402951,276.87143073611804,82.20944845965452,82.20944845965452,82.20944845965452,82.20944845965452,,TAIUN_AIR
sku_channel,sku_channel::1008969|TAIUN,1008969,교체형,lumpy,999608.0,tsb,"{'alpha': 0.1, 'beta': 0.2}",7.28243220506783e-08,5.877308625291696e-07,2.0,11,6,,0.006891526020312512,1.685055381866e-08,0.0013879268702929573,0.005551707481171829,0.001722881505078128,0.001722881505078128,0.001722881505078128,0.001722881505078128,,TAIUN
sku_channel,sku_channel::1005732|TAIUN_AIR,1005732,교체형,intermittent,999504.0,tsb,"{'alpha': 0.1, 'beta': 0.2}",4.514836973541957e-07,1.8467934957861885e-06,2.0,11,6,,0.021652600009942593,1.922370529938743e-08,0.005080293152328518,0.020321172609314073,0.005413150002485648,0.005413150002485648,0.005413150002485648,0.005413150002485648,,TAIUN_AIR
sku_channel,sku_channel::1008434|TAIUN_AIR,1008434,교체형,intermittent,982956.0,tsb,"{'alpha': 0.1, 'beta': 0.2}",0.17127528521581775,0.23459022428611934,1.9752247643865954,11,6,1.171426515628262,44161.077390511215,0.2036566999286283,10883.217020578184,43532.868082312736,11040.269347627804,11040.269347627804,11040.269347627804,11040.269347627804,,TAIUN_AIR
sku_channel,sku_channel::1008815|TAIUN,1008815,교체형,lumpy,979491.0,sba,{'alpha': 0.3},0.6098451169044072,1.6481549826721673,1.7482277301002325,11,6,-0.38775736759648377,30739.885343741353,0.06439808319105383,7291.945422307656,29167.781689230625,7684.971335935338,7684.971335935338,7684.971335935338,7684.971335935338,,TAIUN
sku_channel,sku_channel::2014723|TAIUN_AIR,2014723,교체형,intermittent,948579.0,tsb,"{'alpha': 0.1, 'beta': 0.2}",2.313236052448141e-06,5.0458668757638565e-06,2.0,11,6,,0.045757092251080766,3.8853490927666644e-07,0.010637397033047813,0.04254958813219125,0.011439273062770192,0.011439273062770192,0.011439273062770192,0.011439273062770192,,TAIUN_AIR
sku_channel,sku_channel::2016908|TAIUN_AIR,2016908,교체형,lumpy,914659.0,tsb,"{'alpha': 0.1, 'beta': 0.2}",6.375985238660719e-06,1.568251966047835e-05,2.0,11,6,,0.1458786807252138,1.0022328559738467e-06,0.02391268359204478,0.09565073436817911,0.03646967018130345,0.03646967018130345,0.03646967018130345,0.03646967018130345,,TAIUN_AIR
sku_channel,sku_channel::1009440|TAIUN,1009440,교체형,lumpy,887419.0,tsb,"{'alpha': 0.1, 'beta': 0.2}",1.6602499907433927,5.575876272455177,0.7671944039823106,11,6,0.20041779691197448,137216.14563378628,0.6234563258442136,27087.78936330598,108351.15745322392,34304.03640844657,34304.03640844657,34304.03640844657,34304.03640844657,,TAIUN
sku_channel,sku_channel::2016637|TAIUN,2016637,교체형,lumpy,883177.0,tsb,"{'alpha': 0.1, 'beta': 0.2}",0.11640709233621953,0.485942206427251,0.33374069115908117,11,6,-0.42236996541415767,55073.83846675527,0.15809886338781776,12489.070686512745,49956.28274605098,13768.459616688817,13768.459616688817,13768.459616688817,13768.459616688817,,TAIUN
sku_channel,sku_channel::1009131|TAIUN,1009131,교체형,lumpy,882266.0,sba,{'alpha': 0.3},2.4038027745734856,7.08728208703597,0.9692228769666348,11,6,-0.18258896434971575,151701.42569425388,0.5902780706973656,22304.335970516622,89217.34388206649,37925.35642356347,37925.35642356347,37925.35642356347,37925.35642356347,,TAIUN
sku_channel,sku_channel::1008168|TAIUN_AIR,1008168,교체형,intermittent,849984.0,tsb,"{'alpha': 0.1, 'beta': 0.2}",1.6988656620426447e-11,5.302981596576695e-11,2.0,11,6,,5.287349892976256e-07,1.2297565239229357e-12,1.2278233617367653e-07,4.911293446947061e-07,1.321837473244064e-07,1.321837473244064e-07,1.321837473244064e-07,1.321837473244064e-07,,TAIUN_AIR
sku_channel,sku_channel::1008815|TAIUN_AIR,1008815,교체형,lumpy,847480.0,tsb,"{'alpha': 0.1, 'beta': 0.2}",0.331168559024639,1.061882503241845,1.3030075274832222,11,6,1.4018553316814817,91040.10346888658,0.3053273567417864,21291.438885410913,85165.75554164365,22760.025867221644,22760.025867221644,22760.025867221644,22760.025867221644,,TAIUN_AIR
sku_channel,sku_channel::1008432|TAIUN_AIR,1008432,교체형,lumpy,841794.0,tsb,"{'alpha': 0.1, 'beta': 0.2}",0.006478484473107724,0.01864692134923476,2.0,11,6,-0.5847631037275749,135.1544675807043,0.0006044629272559325,26.986190854455074,107.9447634178203,33.78861689517608,33.78861689517608,33.78861689517608,33.78861689517608,,TAIUN_AIR
sku_channel,sku_channel::1006758|TAIUN,1006758,교체형,lumpy,827217.0,tsb,"{'alpha': 0.1, 'beta': 0.2}",9.102373973723866e-12,5.9407959993732e-11,2.0,11,6,,5.764627786093563e-07,7.405168905394707e-13,1.3134515504755407e-07,5.253806201902163e-07,1.4411569465233908e-07,1.4411569465233908e-07,1.4411569465233908e-07,1.4411569465233908e-07,,TAIUN
sku_channel,sku_channel::2016156|TAIUN,2016156,교체형,lumpy,807628.0,tsb,"{'alpha': 0.1, 'beta': 0.2}",5.621312236131905e-14,2.9916402533683887e-13,2.0,11,6,,2.8341831766773825e-09,9.618629568351186e-15,4.619984840433844e-10,1.8479939361735377e-09,7.085457941693456e-10,7.085457941693456e-10,7.085457941693456e-10,7.085457941693456e-10,,TAIUN
sku_channel,sku_channel::2017835|TAIUN,2017835,교체형,lumpy,753633.0,tsb,"{'alpha': 0.1, 'beta': 0.2}",3.014961306129819e-07,9.142162058187611e-07,2.0,11,6,,0.0062488002487271046,3.3024318158368526e-08,0.0010577291608759466,0.004230916643503786,0.0015622000621817761,0.0015622000621817761,0.0015622000621817761,0.0015622000621817761,,TAIUN
sku_channel,sku_channel::1009239|TAIUN,1009239,교체형,lumpy,744804.0,tsb,"{'alpha': 0.1, 'beta': 0.2}",2.4065815760436515e-06,1.5217577344111775e-05,2.0,11,6,,0.13295194602461208,4.849386087745144e-07,0.01780509072703389,0.07122036290813556,0.03323798650615302,0.03323798650615302,0.03323798650615302,0.03323798650615302,,TAIUN
sku_channel,sku_channel::2016871|TAIUN,2016871,교체형,lumpy,720375.0,tsb,"{'alpha': 0.1, 'beta': 0.2}",0.0009848155887160067,0.006451620198781316,2.0,11,6,-0.5847631037275748,32.57538858223632,2.6584559918655598e-05,7.073388757766956,28.293555031067825,8.14384714555908,8.14384714555908,8.14384714555908,8.14384714555908,,TAIUN
sku_channel,sku_channel::1009431|TAIUN,1009431,교체형,intermittent,704133.0,tsb,"{'alpha': 0.1, 'beta': 0.2}",1.4653318630402906e-05,7.38847654830371e-05,2.0,11,6,,0.6102626323955476,1.1012896080611676e-06,0.15240685213740446,0.6096274085496178,0.1525656580988869,0.1525656580988869,0.1525656580988869,0.1525656580988869,,TAIUN
sku_channel,sku_channel::1007730|TAIUN,1007730,교체형,lumpy,703628.0,tsb,"{'alpha': 0.1, 'beta': 0.2}",4.085143442723713e-06,1.8227789560896322e-05,2.0,11,6,,0.1504472659305564,4.355741444958842e-07,0.031172202957879626,0.1246888118315185,0.0376118164826391,0.0376118164826391,0.0376118164826391,0.0376118164826391,,TAIUN
sku_channel,sku_channel::1006360|TAIUN,1006360,교체형,intermittent,698190.0,tsb,"{'alpha': 0.1, 'beta': 0.2}",8.040992563949998e-09,1.8692130690929584e-08,2.0,11,6,,0.0001364185127395533,1.1225430008109644e-09,3.116384773401599e-05,0.00012465539093606395,3.410462818488833e-05,3.410462818488833e-05,3.410462818488833e-05,3.410462818488833e-05,,TAIUN
sku_channel,sku_channel::1007368|TAIUN_AIR,1007368,교체형,lumpy,696219.0,tsb,"{'alpha': 0.1, 'beta': 0.2}",2.2201206151671575e-11,7.930429999250824e-11,2.0,11,6,,6.476640444156175e-07,2.4066671862823763e-12,1.4728891281371098e-07,5.891556512548439e-07,1.6191601110390439e-07,1.6191601110390439e-07,1.6191601110390439e-07,1.6191601110390439e-07,,TAIUN_AIR
sku_channel,sku_channel::1008433|TAIUN_AIR,1008433,교체형,lumpy,683194.0,tsb,"{'alpha': 0.1, 'beta': 0.2}",4.907389903456742e-11,2.0028222628985377e-10,2.0,11,6,,1.4718271220185294e-06,2.7162000681409575e-12,2.1062862219070338e-07,8.425144887628135e-07,3.6795678050463236e-07,3.6795678050463236e-07,3.6795678050463236e-07,3.6795678050463236e-07,,TAIUN_AIR
sku_channel,sku_channel::1007870|TAIUN,1007870,교체형,lumpy,680408.0,tsb,"{'alpha': 0.1, 'beta': 0.2}",1.3388890917445368e-06,5.943330294237199e-06,2.0,11,6,,0.04637933756067686,2.8150087064414617e-07,0.009679646102519791,0.038718584410079165,0.011594834390169215,0.011594834390169215,0.011594834390169215,0.011594834390169215,,TAIUN
sku_channel,sku_channel::2014723|TAIUN,2014723,교체형,lumpy,662704.0,tsb,"{'alpha': 0.1, 'beta': 0.2}",3.0104434601544035e-09,9.572762793276808e-09,2.0,11,6,,6.293398407372025e-05,2.8800591083814934e-10,1.1375556786718392e-05,4.550222714687357e-05,1.573349601843006e-05,1.573349601843006e-05,1.573349601843006e-05,1.573349601843006e-05,,TAIUN
sku_channel,sku_channel::2017140|TAIUN_AIR,2017140,교체형,lumpy,635373.0,tsb,"{'alpha': 0.1, 'beta': 0.2}",2.8347162349103588e-06,9.812590616935684e-06,2.0,11,6,,0.0727378602902845,3.7609431936213774e-07,0.01686384255919616,0.06745537023678463,0.018184465072571127,0.018184465072571127,0.018184465072571127,0.018184465072571127,,TAIUN_AIR
sku_channel,sku_channel::2016048|TAIUN,2016048,교체형,lumpy,632836.0,tsb,"{'alpha': 0.1, 'beta': 0.2}",8.32043083926338e-09,4.091619158881159e-08,2.0,11,6,,0.00030373410567934966,1.1691728930431584e-09,7.446598060448963e-05,0.0002978639224179585,7.593352641983741e-05,7.593352641983741e-05,7.593352641983741e-05,7.593352641983741e-05,,TAIUN
sku_channel,sku_channel::1008760|TAIUN,1008760,교체형,lumpy,621791.0,tsb,"{'alpha': 0.1, 'beta': 0.2}",0.0002093113665596459,0.0012068369688652207,2.0,11,6,,4.964796572822919,2.188978718057219e-05,1.22866942902357,4.91467771609428,1.2411991432057297,1.2411991432057297,1.2411991432057297,1.2411991432057297,,TAIUN
sku_channel,sku_channel::1009228|TAIUN,1009228,교체형,intermittent,613554.0,tsb,"{'alpha': 0.1, 'beta': 0.2}",3.338205382166418e-07,2.0615634322004095e-06,2.0,11,6,,0.014837361372389056,1.7897091003338154e-08,0.003620286565915574,0.014481146263662295,0.003709340343097264,0.003709340343097264,0.003709340343097264,0.003709340343097264,,TAIUN
sku_channel,sku_channel::1007729|TAIUN_AIR,1007729,교체형,lumpy,606227.0,tsb,"{'alpha': 0.1, 'beta': 0.2}",2.1676376714516936e-06,9.722539748075105e-06,2.0,11,6,,0.06913885495230808,3.46431518990723e-07,0.007476352202016987,0.029905408808067947,0.01728471373807702,0.01728471373807702,0.01728471373807702,0.01728471373807702,,TAIUN_AIR
sku_channel,sku_channel::2014724|TAIUN_AIR,2014724,교체형,intermittent,597822.0,tsb,"{'alpha': 0.1, 'beta': 0.2}",5.093967588442993e-06,1.3738698466252214e-05,2.0,11,6,,0.09324975819430878,5.387661521329549e-07,0.019420540733277175,0.0776821629331087,0.023312439548577195,0.023312439548577195,0.023312439548577195,0.023312439548577195,,TAIUN_AIR
sku_channel,sku_channel::1008923|TAIUN,1008923,교체형,lumpy,594102.0,tsb,"{'alpha': 0.1, 'beta': 0.2}",0.0001386303166217958,0.0008291278713585486,2.0,11,6,,5.778161937111702,2.483802876893757e-05,1.190200987179826,4.760803948719304,1.4445404842779255,1.4445404842779255,1.4445404842779255,1.4445404842779255,,TAIUN
sku_channel,sku_channel::1006218|TAIUN_AIR,1006218,교체형,lumpy,588818.0,tsb,"{'alpha': 0.1, 'beta': 0.2}",1.3712784149286231e-09,7.1259757505136545e-09,2.0,11,6,,4.75104101906511e-05,1.2595527179547422e-10,8.512644484010785e-06,3.405057793604314e-05,1.1877602547662776e-05,1.1877602547662776e-05,1.1877602547662776e-05,1.1877602547662776e-05,,TAIUN_AIR
sku_channel,sku_channel::2014724|TAIUN,2014724,교체형,lumpy,578427.0,tsb,"{'alpha': 0.1, 'beta': 0.2}",7.32801933793767e-10,2.4610857879585194e-09,2.0,11,6,,1.3837963101325653e-05,7.255768449162114e-11,2.9343179299226333e-06,1.1737271719690533e-05,3.4594907753314133e-06,3.4594907753314133e-06,3.4594907753314133e-06,3.4594907753314133e-06,,TAIUN
sku_channel,sku_channel::1008417|TAIUN,1008417,교체형,lumpy,575559.0,sba,{'alpha': 0.05},0.0433928604678334,0.2276419295411981,2.0,11,6,0.013652508966809487,5697.717614124537,0.04088771730528808,1125.764415961025,4503.0576638441,1424.4294035311343,1424.4294035311343,1424.4294035311343,1424.4294035311343,,TAIUN
sku_channel,sku_channel::1008924|TAIUN,1008924,교체형,lumpy,571001.0,tsb,"{'alpha': 0.1, 'beta': 0.2}",4.026830603276632e-06,1.2518984938771958e-05,2.0,11,6,,0.06851852429950753,4.888339215362701e-07,0.01615639380311471,0.06462557521245885,0.017129631074876882,0.017129631074876882,0.017129631074876882,0.017129631074876882,,TAIUN
sku_channel,sku_channel::2018983|TAIUN,2018983,교체형,intermittent,547918.0,sba,{'alpha': 0.3},0.3070125246806095,1.0034935929965272,0.9790613100744894,11,6,0.4503487555877221,28393.284649700585,0.19058850246452744,5344.495363880422,21377.981455521687,7098.321162425146,7098.321162425146,7098.321162425146,7098.321162425146,,TAIUN
sku_channel,sku_channel::1008353|TAIUN,1008353,교체형,lumpy,544792.0,tsb,"{'alpha': 0.1, 'beta': 0.2}",0.006849398017823889,0.028712245703540973,2.0,11,6,-0.5847631037275749,183.48690015595477,0.0007555786390585659,37.83259686093878,151.33038744375511,45.87172503898869,45.87172503898869,45.87172503898869,45.87172503898869,,TAIUN
sku_channel,sku_channel::1008981|TAIUN,1008981,교체형,lumpy,509566.0,tsb,"{'alpha': 0.2, 'beta': 0.05}",0.27605097426951153,1.1283327667353278,1.2238816598043671,11,6,-0.6436288288867815,24135.694860474214,0.10981251137695866,6033.923715118553,24135.694860474214,6033.923715118553,6033.923715118553,6033.923715118553,6033.923715118553,,TAIUN
sku_channel,sku_channel::2017780|TAIUN,2017780,교체형,lumpy,507735.0,tsb,"{'alpha': 0.1, 'beta': 0.2}",0.0031594536975259337,0.012039540468781357,2.0,11,6,-0.5847631037275749,71.70578476060399,0.0002960619175222402,14.48418530062629,57.93674120250516,17.926446190150997,17.926446190150997,17.926446190150997,17.926446190150997,,TAIUN
sku_channel,sku_channel::2018609|TAIUN,2018609,교체형,lumpy,487635.0,sba,{'alpha': 0.3},0.1299262080461284,0.4079112504823222,1.4330647688012335,11,6,-0.1449850715745697,10514.358171328657,0.15105621277693768,2551.1748872876055,10204.699549150422,2628.589542832164,2628.589542832164,2628.589542832164,2628.589542832164,,TAIUN
sku_channel,sku_channel::2019670|TAIUN,2019670,교체형,intermittent,487631.0,tsb,"{'alpha': 0.1, 'beta': 0.2}",1.4856243813712322,4.269899487658562,0.6082236003920968,11,6,-0.20095665845196534,70201.20959530672,0.6010506852680324,14622.620729641412,58490.48291856565,17550.30239882668,17550.30239882668,17550.30239882668,17550.30239882668,,TAIUN
sku_channel,sku_channel::1008414|TAIUN,1008414,교체형,lumpy,461230.0,tsb,"{'alpha': 0.1, 'beta': 0.2}",0.00016362040448582042,0.0008820000567302633,2.0,11,6,,4.77192205226514,2.1270549225183695e-05,1.1448116527019183,4.579246610807673,1.192980513066285,1.192980513066285,1.192980513066285,1.192980513066285,,TAIUN
sku_channel,sku_channel::1007584|TAIUN,1007584,교체형,intermittent,456009.0,tsb,"{'alpha': 0.1, 'beta': 0.2}",0.00014484546417836152,0.0008101593867931759,2.0,11,6,,4.3336223541833885,2.1270485567809425e-05,1.0795462716444237,4.318185086577695,1.0834055885458471,1.0834055885458471,1.0834055885458471,1.0834055885458471,,TAIUN
sku_channel,sku_channel::1009432|TAIUN,1009432,교체형,lumpy,451111.0,tsb,"{'alpha': 0.1, 'beta': 0.2}",1.0450591435923902e-05,6.022433952611537e-05,2.0,11,6,,0.31868574919559595,1.000757900580434e-06,0.07162090041315372,0.2864836016526149,0.07967143729889899,0.07967143729889899,0.07967143729889899,0.07967143729889899,,TAIUN
sku_channel,sku_channel::1007730|TAIUN_AIR,1007730,교체형,intermittent,445859.0,tsb,"{'alpha': 0.1, 'beta': 0.2}",4.267090071716754e-11,1.9012997556120866e-10,2.0,11,6,,9.209438609213837e-07,1.6729062746252303e-12,1.805044288825937e-07,7.220177155303748e-07,2.3023596523034593e-07,2.3023596523034593e-07,2.3023596523034593e-07,2.3023596523034593e-07,,TAIUN_AIR
sku_channel,sku_channel::1007320|TAIUN,1007320,교체형,lumpy,445275.0,tsb,"{'alpha': 0.1, 'beta': 0.2}",5.898257420694531e-06,2.661162243119691e-05,2.0,11,6,,0.10780102813052324,4.2598114585458343e-07,0.024741972476445228,0.09896788990578091,0.02695025703263081,0.02695025703263081,0.02695025703263081,0.02695025703263081,,TAIUN
sku_channel,sku_channel::2018611|TAIUN,2018611,교체형,lumpy,428388.0,sba,{'alpha': 0.05},0.022657059743817914,0.08328182244271042,2.0,11,6,0.0136525089668097,1265.0280430738674,0.016968279149065776,273.20030836965196,1092.8012334786079,316.25701076846684,316.25701076846684,316.25701076846684,316.25701076846684,,TAIUN
sku_channel,sku_channel::1009439|TAIUN_AIR,1009439,교체형,lumpy,426625.0,sba,{'alpha': 0.3},28.004427190161444,85.51660772362516,1.962937698923237,11,6,-0.49614249082804496,12063.762261183518,0.03933806622720802,3015.8282157787344,12063.312863114937,3015.9405652958794,3015.9405652958794,3015.9405652958794,3015.9405652958794,,TAIUN_AIR
sku_channel,sku_channel::1006362|TAIUN,1006362,교체형,intermittent,410364.0,tsb,"{'alpha': 0.1, 'beta': 0.2}",1.9942796641100147e-07,4.395512223793432e-07,2.0,11,6,,0.001844399680561798,2.1443962467018436e-08,0.00041302771506857933,0.0016521108602743173,0.0004610999201404495,0.0004610999201404495,0.0004610999201404495,0.0004610999201404495,,TAIUN
sku_channel,sku_channel::1009217|TAIUN,1009217,교체형,lumpy,406521.0,tsb,"{'alpha': 0.1, 'beta': 0.2}",58727.61155926037,35503.845869731354,1.9593670710862299,10,6,,36449.43400960001,0.16793600000000003,7861.238661120001,31444.954644480003,9112.358502400002,9112.358502400002,9112.358502400002,9112.358502400002,,TAIUN
sku_channel,sku_channel::1006937|TAIUN_AIR,1006937,교체형,intermittent,400000.0,tsb,"{'alpha': 0.1, 'beta': 0.2}",9.000637639499193e-14,5.151108721352068e-13,2.0,11,6,,2.416951235047167e-09,3.0211890438089587e-15,6.042378087617917e-10,2.416951235047167e-09,6.042378087617917e-10,6.042378087617917e-10,6.042378087617917e-10,6.042378087617917e-10,,TAIUN_AIR
sku_channel,sku_channel::1006004|TAIUN,1006004,교체형,lumpy,398206.0,tsb,"{'alpha': 0.1, 'beta': 0.2}",0.00044073074505902133,0.00201328149504696,2.0,11,6,-0.5847631037275749,9.404148570069417,6.64883841528233e-05,2.0037762906932564,8.015105162773025,2.351037142517354,2.351037142517354,2.351037142517354,2.351037142517354,,TAIUN
sku_channel,sku_channel::2016119|TAIUN_AIR,2016119,교체형,intermittent,398174.0,tsb,"{'alpha': 0.1, 'beta': 0.2}",1.5775979229359295e-06,8.715367372079152e-06,2.0,11,6,,0.03066174433433447,7.082251615436322e-08,0.0075772790483753134,0.030309116193501254,0.007665436083583618,0.007665436083583618,0.007665436083583618,0.007665436083583618,,TAIUN_AIR
sku_channel,sku_channel::2018627|TAIUN,2018627,교체형,intermittent,387553.0,tsb,"{'alpha': 0.1, 'beta': 0.2}",0.0029160306455191217,0.011552101283834729,2.0,11,6,-0.5847631037275749,52.51692285604777,0.000290093480490005,12.326572455292853,49.30628982117141,13.129230714011943,13.129230714011943,13.129230714011943,13.129230714011943,,TAIUN
sku_channel,sku_channel::1008986|TAIUN_AIR,1008986,교체형,intermittent,382518.0,tsb,"{'alpha': 0.1, 'beta': 0.2}",2.8102923854123892e-06,8.24722578999217e-06,2.0,11,6,,0.03700555665673692,3.4625188640153113e-07,0.007748141536923883,0.030992566147695532,0.00925138916418423,0.00925138916418423,0.00925138916418423,0.00925138916418423,,TAIUN_AIR
sku_channel,sku_channel::2016908|TAIUN,2016908,교체형,lumpy,377094.0,tsb,"{'alpha': 0.1, 'beta': 0.2}",4.468061264756297e-06,1.189923163592327e-05,2.0,11,6,,0.04441604891560464,4.348708289006965e-07,0.011042648679760675,0.0441705947190427,0.01110401222890116,0.01110401222890116,0.01110401222890116,0.01110401222890116,,TAIUN
sku_channel,sku_channel::2018356|TAIUN,2018356,교체형,lumpy,373214.0,sba,{'alpha': 0.3},0.49362467581327074,1.404219102782437,0.4762010571582569,11,6,-0.5036202195873634,36342.880968704456,0.4765256665770294,7945.044382629307,31780.177530517227,9085.720242176114,9085.720242176114,9085.720242176114,9085.720242176114,,TAIUN
sku_channel,sku_channel::1008004|TAIUN,1008004,교체형,lumpy,352852.0,tsb,"{'alpha': 0.1, 'beta': 0.2}",1.3149165278231343e-08,1.0488634356656114e-07,2.0,11,6,,0.0004341289117223039,2.8912621614884746e-09,6.868681887921164e-05,0.0002747472755168466,0.00010853222793057598,0.00010853222793057598,0.00010853222793057598,0.00010853222793057598,,TAIUN
sku_channel,sku_channel::2018964|TAIUN,2018964,교체형,lumpy,348437.0,tsb,"{'alpha': 0.1, 'beta': 0.2}",0.00018802602837519091,0.0009820477023340503,2.0,11,6,,4.013876724022818,3.5265858565987973e-05,0.6117260332369785,2.446904132947914,1.0034691810057046,1.0034691810057046,1.0034691810057046,1.0034691810057046,,TAIUN
sku_channel,sku_channel::1009494|TAIUN_AIR,1009494,교체형,lumpy,342525.0,tsb,"{'alpha': 0.2, 'beta': 0.05}",0.5055252979460274,2.1315356375176853,0.8871534865882785,11,6,-0.1103096156457625,25259.791942504344,0.20852540776641681,5877.8717562031825,23511.48702481273,6314.947985626086,6314.947985626086,6314.947985626086,6314.947985626086,,TAIUN_AIR
sku_channel,sku_channel::1008923|TAIUN_AIR,1008923,교체형,lumpy,339215.0,tsb,"{'alpha': 0.1, 'beta': 0.2}",9.159759132601414e-10,4.838620491690951e-09,2.0,11,6,,1.6352098949282262e-05,1.2616194392679197e-10,3.792563557599533e-06,1.5170254230398132e-05,4.0880247373205655e-06,4.0880247373205655e-06,4.0880247373205655e-06,4.0880247373205655e-06,,TAIUN_AIR
sku_channel,sku_channel::1007795|TAIUN_AIR,1007795,교체형,lumpy,335447.0,tsb,"{'alpha': 0.1, 'beta': 0.2}",5.990895467321903e-07,2.6566031203052203e-06,2.0,11,6,,0.01045340486144476,8.047559357739281e-08,0.002019291972058353,0.008077167888233412,0.00261335121536119,0.00261335121536119,0.00261335121536119,0.00261335121536119,,TAIUN_AIR
sku_channel,sku_channel::1009160|TAIUN,1009160,교체형,lumpy,332000.0,tsb,"{'alpha': 0.1, 'beta': 0.2}",2.2473548068326923e-06,1.273656852334754e-05,2.0,11,6,,0.048107799085288006,2.3737689777122947e-07,0.008062755578542469,0.032251022314169875,0.012026949771322001,0.012026949771322001,0.012026949771322001,0.012026949771322001,,TAIUN
sku_channel,sku_channel::1007877|TAIUN,1007877,교체형,intermittent,320094.0,tsb,"{'alpha': 0.1, 'beta': 0.2}",5.618220692681571e-06,1.5837638159060078e-05,2.0,11,6,,0.059466876864456,3.672128408672664e-07,0.010463746355001599,0.041854985420006395,0.014866719216114,0.014866719216114,0.014866719216114,0.014866719216114,,TAIUN
sku_channel,sku_channel::1009592|TAIUN_AIR,1009592,교체형,intermittent,307701.0,tsb,"{'alpha': 0.1, 'beta': 0.1}",16185.411765318866,6614.228253964885,0.8080018138844943,11,6,-0.41566366578130126,104189.46459307041,0.269090821439428,24919.326230615352,99677.30492246141,26047.366148267603,26047.366148267603,26047.366148267603,26047.366148267603,,TAIUN_AIR
sku_channel,sku_channel::2016157|CUSTOMER_PICK_UP,2016157,교체형,intermittent,302696.0,tsb,"{'alpha': 0.1, 'beta': 0.2}",7.799309214322061e-07,4.914134515926033e-06,2.0,11,6,,0.017448612693109263,2.1062458829106098e-08,0.0038336767037929213,0.015334706815171685,0.004362153173277316,0.004362153173277316,0.004362153173277316,0.004362153173277316,,CUSTOMER_PICK_UP
sku_channel,sku_channel::2018989|TAIUN_AIR,2018989,교체형,intermittent,299855.0,tsb,"{'alpha': 0.1, 'beta': 0.2}",7.432608184676141e-06,4.520517960295172e-05,2.0,11,6,,0.1590034964324058,2.058889369273834e-07,0.03575376687548692,0.14301506750194767,0.03975087410810145,0.03975087410810145,0.03975087410810145,0.03975087410810145,,TAIUN_AIR
sku_channel,sku_channel::1006661|TAIUN,1006661,교체형,lumpy,294632.0,tsb,"{'alpha': 0.1, 'beta': 0.2}",1.1870078222185794e-07,5.674441386589654e-07,2.0,11,6,,0.0019611472738924707,4.443445830263392e-09,0.0002923209122709218,0.001169283649083687,0.0004902868184731177,0.0004902868184731177,0.0004902868184731177,0.0004902868184731177,,TAIUN
sku_channel,sku_channel::1008098|TAIUN,1008098,교체형,lumpy,294104.0,tsb,"{'alpha': 0.1, 'beta': 0.2}",2.9504097837013528e-06,1.0451743389979342e-05,2.0,11,6,,0.036057602773471066,3.65799844247195e-07,0.007636631224538446,0.030546524898153782,0.009014400693367767,0.009014400693367767,0.009014400693367767,0.009014400693367767,,TAIUN
sku_channel,sku_channel::2017144|TAIUN,2017144,교체형,intermittent,281425.0,tsb,"{'alpha': 0.1, 'beta': 0.2}",3.619401537740256e-10,2.044377269166438e-09,2.0,11,6,,6.74886745179673e-06,2.086042537865933e-11,1.6105220070939141e-06,6.4420880283756565e-06,1.6872168629491825e-06,1.6872168629491825e-06,1.6872168629491825e-06,1.6872168629491825e-06,,TAIUN
sku_channel,sku_channel::2018392|TAIUN,2018392,교체형,intermittent,279363.0,tsb,"{'alpha': 0.1, 'beta': 0.2}",1.051112876346016e-06,3.5315687663824796e-06,2.0,11,6,,0.010081598507834423,1.0904405217457489e-07,0.0022821146703184783,0.009128458681273913,0.0025203996269586057,0.0025203996269586057,0.0025203996269586057,0.0025203996269586057,,TAIUN
sku_channel,sku_channel::1006119|TAIUN_AIR,1006119,교체형,lumpy,270452.0,tsb,"{'alpha': 0.1, 'beta': 0.2}",7.589557286871095e-07,3.139688227841413e-06,2.0,11,6,,0.008814213933339511,8.085549080392216e-08,0.0016483942416580504,0.006593576966632202,0.002203553483334878,0.002203553483334878,0.002203553483334878,0.002203553483334878,,TAIUN_AIR
sku_channel,sku_channel::1009221|TAIUN,1009221,교체형,lumpy,270000.0,tsb,"{'alpha': 0.1, 'beta': 0.2}",9.314812983336531e-07,6.7535286303963205e-06,2.0,11,6,,0.021389552068933754,1.0485074543594977e-07,0.004907014886402449,0.019628059545609797,0.005347388017233438,0.005347388017233438,0.005347388017233438,0.005347388017233438,,TAIUN
sku_channel,sku_channel::1009137|TAIUN,1009137,교체형,lumpy,268474.0,sba,{'alpha': 0.05},0.0510347350444492,0.1927983750051513,2.0,11,6,0.15057555908692252,2538.5420287300335,0.02084349192227731,585.8217422093743,2343.286968837497,634.6355071825084,634.6355071825084,634.6355071825084,634.6355071825084,,TAIUN
sku_channel,sku_channel::2017389|TAIUN,2017389,교체형,intermittent,265666.0,tsb,"{'alpha': 0.1, 'beta': 0.2}",0.0008632697603168975,0.0027800795694926015,2.0,11,6,-0.5847631037275749,5.640989326206441,6.495592931261507e-05,1.3608617637960336,5.4434470551841345,1.4102473315516102,1.4102473315516102,1.4102473315516102,1.4102473315516102,,TAIUN
sku_channel,sku_channel::1008168|TAIUN,1008168,교체형,lumpy,265659.0,croston,{'alpha': 0.2},0.3817502899810576,2.045029179773992,1.6561799913996058,11,6,0.892067747087344,6710.628062399085,0.06735937609165298,1034.7801579234515,4139.120631693806,1677.6570155997713,1677.6570155997713,1677.6570155997713,1677.6570155997713,,TAIUN
sku_channel,sku_channel::1009491|TAIUN_AIR,1009491,교체형,lumpy,264208.0,tsb,"{'alpha': 0.2, 'beta': 0.05}",2.394775475095547,9.827166945239936,1.7802008905585318,11,6,0.6590103881191114,22518.02689313159,0.13873339231266704,3711.7561959950544,14847.024783980218,5629.506723282898,5629.506723282898,5629.506723282898,5629.506723282898,,TAIUN_AIR
sku_channel,sku_channel::2017822|TAIUN,2017822,교체형,intermittent,263675.0,tsb,"{'alpha': 0.1, 'beta': 0.2}",5.626512088888304e-13,2.637884748895632e-12,2.0,11,6,,7.564800028381182e-09,2.2149880707752583e-14,1.8858474884222674e-09,7.54338995368907e-09,1.8912000070952954e-09,1.8912000070952954e-09,1.8912000070952954e-09,1.8912000070952954e-09,,TAIUN
sku_channel,sku_channel::2018610|TAIUN,2018610,교체형,intermittent,261782.0,tsb,"{'alpha': 0.1, 'beta': 0.1}",0.20332928248860513,0.5613865103950363,0.22245149328908717,11,6,-0.2842872938930153,32285.318676523435,0.4351448822964359,7861.710777446579,31446.843109786318,8071.329669130859,8071.329669130859,8071.329669130859,8071.329669130859,,TAIUN
sku_channel,sku_channel::2018695|TAIUN,2018695,교체형,lumpy,257810.0,tsb,"{'alpha': 0.1, 'beta': 0.2}",1.4543982704503784,5.32101439269525,0.8323891618591431,11,6,-0.39771200587450234,32628.231633083284,0.4714245191858645,7445.202264339879,29780.809057359515,8157.057908270821,8157.057908270821,8157.057908270821,8157.057908270821,,TAIUN
sku_channel,sku_channel::2018558|TAIUN,2018558,교체형,lumpy,251542.0,sba,{'alpha': 0.05},0.01001170064518354,0.05539698375147634,2.0,11,6,0.013652508966809525,672.7439350650191,0.016361470127465274,108.59037148482402,434.3614859392961,168.18598376625476,168.18598376625476,168.18598376625476,168.18598376625476,,TAIUN
sku_channel,sku_channel::1008434|TAIUN,1008434,교체형,lumpy,251001.0,sba,{'alpha': 0.05},4.387109338074322,23.998981220769718,1.6494153190015488,11,6,1.1428431876823328,9364.898982412768,0.04542952243478049,2155.202428520656,8620.809714082625,2341.224745603192,2341.224745603192,2341.224745603192,2341.224745603192,,TAIUN
sku_channel,sku_channel::2017390|TAIUN,2017390,교체형,lumpy,250771.0,tsb,"{'alpha': 0.1, 'beta': 0.2}",0.018994355651677803,0.0726729863264011,2.0,11,6,-0.5232615922180379,201.4996888238906,0.002305874190884189,46.11942044112617,184.47768176450467,50.37492220597265,50.37492220597265,50.37492220597265,50.37492220597265,,TAIUN
sku_channel,sku_channel::1008279|TAIUN_AIR,1008279,교체형,intermittent,248113.0,tsb,"{'alpha': 0.1, 'beta': 0.2}",1.6625040171971402e-09,4.08334155114093e-09,2.0,11,6,,1.188426721685036e-05,1.4100689756360605e-10,2.645066259800031e-06,1.0580265039200124e-05,2.97106680421259e-06,2.97106680421259e-06,2.97106680421259e-06,2.97106680421259e-06,,TAIUN_AIR
sku_channel,sku_channel::1009201|TAIUN,1009201,교체형,intermittent,242509.0,sba,{'alpha': 0.3},0.07416074886535688,0.38498124840660397,2.0,11,6,0.12788454702934093,4995.928699389277,0.022619316896629726,1001.824800497625,4007.2992019905,1248.9821748473194,1248.9821748473194,1248.9821748473194,1248.9821748473194,,TAIUN
sku_channel,sku_channel::1007187|TAIUN,1007187,교체형,lumpy,241779.0,tsb,"{'alpha': 0.1, 'beta': 0.2}",0.014883190323970657,0.06196928759792519,2.0,11,6,-0.5847631037275748,175.7528033145793,0.0007555837954639507,24.620618429794057,98.48247371917623,43.938200828644824,43.938200828644824,43.938200828644824,43.938200828644824,,TAIUN
sku_channel,sku_channel::2019619|TAIUN,2019619,교체형,lumpy,234177.0,sba,{'alpha': 0.05},0.011409711019616455,0.07419532719878996,2.0,11,6,0.01025020422750865,929.7572782571792,0.009430848304805018,211.70515631631068,846.8206252652427,232.4393195642948,232.4393195642948,232.4393195642948,232.4393195642948,,TAIUN
sku_channel,sku_channel::2014722|TAIUN,2014722,교체형,intermittent,233736.0,tsb,"{'alpha': 0.1, 'beta': 0.2}",4.127038415603192e-10,1.5719575165904121e-09,2.0,11,6,,4.309963503783989e-06,2.0866148310475303e-11,1.062616538941803e-06,4.250466155767212e-06,1.0774908759459972e-06,1.0774908759459972e-06,1.0774908759459972e-06,1.0774908759459972e-06,,TAIUN
sku_channel,sku_channel::2017773|FEDEX,2017773,교체형,lumpy,232911.0,sba,{'alpha': 0.3},0.027221201239217514,0.04209048614005124,1.3820471262839102,11,6,-0.16992656157499333,339.64085312780855,0.1424796312845549,83.85484906526638,335.4193962610655,84.91021328195214,84.91021328195214,84.91021328195214,84.91021328195214,,FEDEX
sku_channel,sku_channel::1007945|TAIUN,1007945,교체형,lumpy,231721.0,tsb,"{'alpha': 0.1, 'beta': 0.2}",1.6271745443150557e-05,0.00012798350540250093,2.0,11,6,,0.3478776883467892,3.6323967540306546e-06,0.05505126121728962,0.22020504486915848,0.0869694220866973,0.0869694220866973,0.0869694220866973,0.0869694220866973,,TAIUN
sku_channel,sku_channel::1009974|TAIUN,1009974,교체형,lumpy,230064.0,sba,{'alpha': 0.3},0.053082766956301035,0.40869765211050924,2.0,11,6,-0.7721410186221598,4975.813333333332,0.00980392156862745,1044.206,4176.824,1243.953333333333,1243.953333333333,1243.953333333333,1243.953333333333,,TAIUN
sku_channel,sku_channel::1009404|TAIUN,1009404,교체형,lumpy,229402.0,sba,{'alpha': 0.3},0.06479943805932635,0.44701827314602127,2.0,11,6,0.09857902219562988,5487.458777056512,0.03110390882822245,544.014788540076,2176.059154160304,1371.864694264128,1371.864694264128,1371.864694264128,1371.864694264128,,TAIUN
sku_channel,sku_channel::1009136|TAIUN,1009136,교체형,intermittent,222247.0,sba,{'alpha': 0.3},0.0676165203028878,0.2903740525945892,2.0,11,6,0.14931370778546393,3453.3651942201823,0.03363644252911067,792.2519069171998,3169.007627668799,863.3412985550456,863.3412985550456,863.3412985550456,863.3412985550456,,TAIUN
sku_channel,sku_channel::2019419|TAIUN,2019419,교체형,lumpy,218710.0,croston,{'alpha': 0.1},0.13560903529571364,0.9169949642891155,0.8700480089809758,11,6,0.313620817596516,5968.107947905178,0.017017421823836056,230.28052486425716,921.1220994570286,1492.0269869762944,1492.0269869762944,1492.0269869762944,1492.0269869762944,,TAIUN
sku_channel,sku_channel::1007544|TAIUN,1007544,교체형,lumpy,213015.0,tsb,"{'alpha': 0.1, 'beta': 0.2}",0.000497043933834295,0.0018956802844226062,2.0,11,6,-0.5847631037275749,4.736771774275503,8.321794741360697e-05,1.1610676304425607,4.644270521770243,1.1841929435688758,1.1841929435688758,1.1841929435688758,1.1841929435688758,,TAIUN
sku_channel,sku_channel::2015843|FEDEX,2015843,교체형,intermittent,200862.0,croston,{'alpha': 0.1},1.4711227834985403,9.144539631983378,1.9312132734185965,11,6,0.0031682696546453133,3832.7793696275075,0.009551098376313277,958.1432664756447,3832.573065902579,958.1948424068769,958.1948424068769,958.1948424068769,958.1948424068769,,FEDEX
sku_channel,sku_channel::2018126|TAIUN_AIR,2018126,교체형,intermittent,197875.0,tsb,"{'alpha': 0.1, 'beta': 0.2}",9.710407713874239e-06,5.042937985062643e-05,2.0,11,6,,0.08700859291277037,7.575873316391031e-07,0.01942474903491747,0.07769899613966988,0.021752148228192592,0.021752148228192592,0.021752148228192592,0.021752148228192592,,TAIUN_AIR
sku_channel,sku_channel::1008656|TAIUN_AIR,1008656,교체형,lumpy,196976.0,tsb,"{'alpha': 0.1, 'beta': 0.2}",7.232699506059448e-10,4.069739849193498e-09,2.0,11,6,,8.428473593726977e-06,1.258144214420725e-10,1.2537493732513132e-06,5.014997493005253e-06,2.1071183984317443e-06,2.1071183984317443e-06,2.1071183984317443e-06,2.1071183984317443e-06,,TAIUN_AIR
sku_channel,sku_channel::1007757|TAIUN,1007757,교체형,lumpy,191589.0,tsb,"{'alpha': 0.1, 'beta': 0.2}",0.0006574100623448551,0.004895170421555905,2.0,11,6,-0.5847631037275748,11.001339496657021,2.1267647981564383e-05,1.2587211434698655,5.034884573879462,2.7503348741642553,2.7503348741642553,2.7503348741642553,2.7503348741642553,,TAIUN
sku_channel,sku_channel::1009140|TAIUN,1009140,교체형,lumpy,186000.0,tsb,"{'alpha': 0.1, 'beta': 0.2}",5.495518202478921e-07,4.083213737570402e-06,2.0,11,6,,0.008908862138668372,1.4406310056061405e-08,0.001827872619913071,0.007311490479652284,0.002227215534667093,0.002227215534667093,0.002227215534667093,0.002227215534667093,,TAIUN
sku_channel,sku_channel::1009161|TAIUN,1009161,교체형,intermittent,183000.0,tsb,"{'alpha': 0.1, 'beta': 0.2}",0.00023082709863546104,0.0012872504262503616,2.0,11,6,,2.763257226157529,8.788986088287306e-06,0.6880018309911303,2.7520073239645213,0.6908143065393823,0.6908143065393823,0.6908143065393823,0.6908143065393823,,TAIUN
sku_channel,sku_channel::1007941|TAIUN,1007941,교체형,lumpy,182882.0,tsb,"{'alpha': 0.1, 'beta': 0.2}",0.0256338276495021,0.17728680221377588,1.5084396036134244,11,6,-0.39229057592764016,6053.372733550825,0.10936191328072775,241.0049340393377,964.0197361573508,1513.3431833877062,1513.3431833877062,1513.3431833877062,1513.3431833877062,,TAIUN
sku_channel,sku_channel::2017373|TAIUN,2017373,교체형,lumpy,181608.0,sba,{'alpha': 0.3},0.060811848465743557,0.32238216619349735,1.6045341905718171,11,6,-0.1673885145349811,2518.499766751662,0.027867184996307606,489.7394393679723,1958.9577574718892,629.6249416879155,629.6249416879155,629.6249416879155,629.6249416879155,,TAIUN
sku_channel,sku_channel::2017776|TAIUN,2017776,교체형,lumpy,178710.0,tsb,"{'alpha': 0.1, 'beta': 0.2}",0.0007482936158646734,0.005688026926994585,2.0,11,6,-0.5847631037275748,11.923882255424175,2.418642084054398e-05,1.3074774902933,5.2299099611732,2.9809705638560438,2.9809705638560438,2.9809705638560438,2.9809705638560438,,TAIUN
sku_channel,sku_channel::1009406|TAIUN,1009406,교체형,intermittent,169614.0,tsb,"{'alpha': 0.1, 'beta': 0.2}",0.0001568648879325078,0.0008361630270445771,2.0,11,6,,1.6636418502687937,5.871779356636305e-06,0.4152911072806604,1.6611644291226415,0.41591046256719844,0.41591046256719844,0.41591046256719844,0.41591046256719844,,TAIUN
sku_channel,sku_channel::2019414|TAIUN,2019414,교체형,lumpy,164430.0,sba,{'alpha': 0.05},0.037565487181015454,0.18839447099882412,2.0,11,6,0.013652508966809604,1473.8067962145872,0.012898641174285089,328.74838431091615,1314.9935372436646,368.4516990536468,368.4516990536468,368.4516990536468,368.4516990536468,,TAIUN
sku_channel,sku_channel::2019418|TAIUN,2019418,교체형,intermittent,158511.0,tsb,"{'alpha': 0.1, 'beta': 0.2}",0.00047905626641325924,0.0021754411933953156,2.0,11,6,-0.5847631037275748,3.0867133939999634,1.7764546157554394e-05,0.6642629310477101,2.6570517241908402,0.7716783484999908,0.7716783484999908,0.7716783484999908,0.7716783484999908,,TAIUN
sku_channel,sku_channel::2015843|CUSTOMER_PICK_UP,2015843,교체형,intermittent,157749.0,sba,{'alpha': 0.05},0.0551805457958433,0.3506083547530445,2.0,11,6,-0.9632509954149766,2959.6316978695936,0.01291155584247902,734.2851517107812,2937.1406068431247,739.9079244673984,739.9079244673984,739.9079244673984,739.9079244673984,,CUSTOMER_PICK_UP
sku_channel,sku_channel::1006760|TAIUN,1006760,교체형,lumpy,154726.0,tsb,"{'alpha': 0.1, 'beta': 0.2}",3.139295608863457e-12,2.5378866507613272e-11,2.0,11,6,,4.6061990346782855e-08,7.374260420020565e-13,9.238797921660246e-09,3.6955191686640986e-08,1.1515497586695714e-08,1.1515497586695714e-08,1.1515497586695714e-08,1.1515497586695714e-08,,TAIUN
sku_channel,sku_channel::2016834|TAIUN,2016834,교체형,intermittent,151142.0,tsb,"{'alpha': 0.1, 'beta': 0.2}",5.652397042120597e-08,1.32953143144215e-07,2.0,11,6,,0.00023073263031959127,5.579863758882301e-09,4.9088074992689245e-05,0.00019635229997075698,5.7683157579897817e-05,5.7683157579897817e-05,5.7683157579897817e-05,5.7683157579897817e-05,,TAIUN
sku_channel,sku_channel::1009439|TAIUN,1009439,교체형,lumpy,150154.0,tsb,"{'alpha': 0.2, 'beta': 0.05}",1260.3913546554486,8900.575228248932,1.931394587129457,11,6,1.0101307241608708,11246.45723412374,0.10775573301314917,2466.9200974932887,9867.680389973155,2811.614308530935,2811.614308530935,2811.614308530935,2811.614308530935,,TAIUN
sku_channel,sku_channel::2018195|TAIUN,2018195,교체형,intermittent,146146.0,tsb,"{'alpha': 0.1, 'beta': 0.2}",0.6721088434455196,2.478687884934322,1.2136775651331975,11,6,-0.2080304497274162,8572.509060290311,0.23390427283432205,2094.212685628976,8376.850742515904,2143.1272650725778,2143.1272650725778,2143.1272650725778,2143.1272650725778,,TAIUN
sku_channel,sku_channel::2019416|TAIUN,2019416,교체형,intermittent,145988.0,sba,{'alpha': 0.3},0.0737606719435475,0.4408538685002279,2.0,11,6,0.21842263568702933,2795.4440591663683,0.02104067161823806,578.7247722347298,2314.8990889389192,698.8610147915921,698.8610147915921,698.8610147915921,698.8610147915921,,TAIUN
sku_channel,sku_channel::1008278|TAIUN,1008278,교체형,lumpy,143366.0,tsb,"{'alpha': 0.1, 'beta': 0.2}",3.5414502860209514e-08,1.769902829885145e-07,2.0,11,6,,0.0002976478654130653,4.443485408260564e-09,7.249142086404959e-05,0.00028996568345619837,7.441196635326633e-05,7.441196635326633e-05,7.441196635326633e-05,7.441196635326633e-05,,TAIUN
sku_channel,sku_channel::1008278|TAIUN_AIR,1008278,교체형,intermittent,141256.0,tsb,"{'alpha': 0.1, 'beta': 0.2}",4.596632660260671e-06,2.253598698023794e-05,2.0,11,6,,0.03734140610563058,2.4520049018309483e-07,0.009049624299207089,0.036198497196828355,0.009335351526407645,0.009335351526407645,0.009335351526407645,0.009335351526407645,,TAIUN_AIR
sku_channel,sku_channel::2017777|TAIUN,2017777,교체형,lumpy,139717.0,tsb,"{'alpha': 0.1, 'beta': 0.2}",2.4398430820634514e-06,1.9557271962036e-05,2.0,11,6,,0.032052706539485186,6.427752257341294e-08,0.006427896238991859,0.025711584955967436,0.008013176634871296,0.008013176634871296,0.008013176634871296,0.008013176634871296,,TAIUN
sku_channel,sku_channel::1006241|TAIUN,1006241,교체형,lumpy,138177.0,tsb,"{'alpha': 0.1, 'beta': 0.2}",1.8001398305149355e-07,1.4391916946397065e-06,2.0,11,6,,0.002332714472680112,3.843148823157455e-08,0.00047957885534417253,0.0019183154213766901,0.000583178618170028,0.000583178618170028,0.000583178618170028,0.000583178618170028,,TAIUN
sku_channel,sku_channel::1006416|TAIUN,1006416,교체형,lumpy,137925.0,tsb,"{'alpha': 0.1, 'beta': 0.2}",2.519565143233348e-08,1.527221031964146e-07,2.0,11,6,,0.00024708823620792596,4.417123527458726e-09,5.343339558835081e-05,0.00021373358235340323,6.177205905198149e-05,6.177205905198149e-05,6.177205905198149e-05,6.177205905198149e-05,,TAIUN
sku_channel,sku_channel::1007976|TAIUN,1007976,교체형,lumpy,136334.0,tsb,"{'alpha': 0.1, 'beta': 0.2}",0.0017499979034847713,0.006166677894907911,2.0,11,6,-0.5847631037275748,9.861946036544804,0.00023627515818461334,1.9372436553452639,7.7489746213810555,2.465486509136201,2.465486509136201,2.465486509136201,2.465486509136201,,TAIUN
sku_channel,sku_channel::1008004|TAIUN_AIR,1008004,교체형,lumpy,135548.0,tsb,"{'alpha': 0.1, 'beta': 0.2}",2.0653285885420557e-07,1.1090825207340722e-06,2.0,11,6,,0.001638559878797658,2.1665681318104022e-08,0.0003892932950599567,0.0015571731802398268,0.0004096399696994145,0.0004096399696994145,0.0004096399696994145,0.0004096399696994145,,TAIUN_AIR
sku_channel,sku_channel::2019671|TAIUN,2019671,교체형,intermittent,132835.0,sba,{'alpha': 0.05},0.03030513016973368,0.12785011867420562,2.0,11,6,-0.9271496783633761,808.6353245119147,0.010164544618683623,183.4483991721729,733.7935966886917,202.1588311279787,202.1588311279787,202.1588311279787,202.1588311279787,,TAIUN
sku_channel,sku_channel::1008622|TAIUN,1008622,교체형,lumpy,131550.0,tsb,"{'alpha': 0.1, 'beta': 0.2}",0.003051458746457305,0.02117731208478384,2.0,11,6,-0.5847631037275748,32.67900836714761,0.0006101528803626364,2.1796657131058765,8.718662852423506,8.169752091786902,8.169752091786902,8.169752091786902,8.169752091786902,,TAIUN
sku_channel,sku_channel::1009494|TAIUN,1009494,교체형,lumpy,125177.0,sba,{'alpha': 0.05},0.02618346138856769,0.13822687637245915,2.0,11,6,0.013652508966809602,925.9037165846325,0.009068711358787696,226.65950138524562,906.6380055409825,231.47592914615814,231.47592914615814,231.47592914615814,231.47592914615814,,TAIUN
sku_channel,sku_channel::2018332|TAIUN,2018332,교체형,intermittent,124323.0,sba,{'alpha': 0.05},0.05074590288502753,0.11784543254388403,2.0,11,6,-0.9158437225170553,734.4936134957463,0.045733399588120484,170.32177171993797,681.2870868797519,183.62340337393658,183.62340337393658,183.62340337393658,183.62340337393658,,TAIUN
sku_channel,sku_channel::1006614|TAIUN,1006614,교체형,intermittent,123616.0,tsb,"{'alpha': 0.1, 'beta': 0.2}",1.5634910763001295e-07,9.344360192247315e-07,2.0,11,6,,0.0013549754840088083,4.417123113182134e-09,0.00030916522447201376,0.001236660897888055,0.0003387438710022021,0.0003387438710022021,0.0003387438710022021,0.0003387438710022021,,TAIUN
sku_channel,sku_channel::1007870|TAIUN_AIR,1007870,교체형,intermittent,122162.0,tsb,"{'alpha': 0.1, 'beta': 0.2}",6.136811663188814e-11,2.9271809218032755e-10,2.0,11,6,,4.1946224852476367e-07,2.3921815929312095e-12,1.0463209477644721e-07,4.1852837910578883e-07,1.0486556213119092e-07,1.0486556213119092e-07,1.0486556213119092e-07,1.0486556213119092e-07,,TAIUN_AIR
sku_channel,sku_channel::1009193|TAIUN,1009193,교체형,lumpy,121763.0,tsb,"{'alpha': 0.1, 'beta': 0.2}",4.987232655157169e-07,3.5512358574055843e-06,2.0,11,6,,0.005072266192851869,8.626631682655714e-08,0.0009689022078290804,0.0038756088313163218,0.0012680665482129672,0.0012680665482129672,0.0012680665482129672,0.0012680665482129672,,TAIUN
sku_channel,sku_channel::1006841|TAIUN,1006841,교체형,lumpy,121066.0,tsb,"{'alpha': 0.1, 'beta': 0.2}",1.8880593968166265e-12,1.2698842739447521e-11,2.0,11,6,,1.5932748082863056e-08,1.2419112814737126e-13,3.6942638125485938e-09,1.4777055250194375e-08,3.983187020715764e-09,3.983187020715764e-09,3.983187020715764e-09,3.983187020715764e-09,,TAIUN
sku_channel,sku_channel::1006389|TAIUN_AIR,1006389,교체형,intermittent,117818.0,tsb,"{'alpha': 0.1, 'beta': 0.2}",5.295222985859137e-09,1.8328223503747324e-08,2.0,11,6,,2.5330233822517066e-05,3.62991762771707e-10,6.1105381738475815e-06,2.4442152695390326e-05,6.332558455629267e-06,6.332558455629267e-06,6.332558455629267e-06,6.332558455629267e-06,,TAIUN_AIR
sku_channel,sku_channel::2019417|TAIUN,2019417,교체형,intermittent,117120.0,tsb,"{'alpha': 0.1, 'beta': 0.2}",0.0001450116191020164,0.0008139664476336197,2.0,11,6,,1.0632683974284587,5.485198332613466e-06,0.2641320464293358,1.0565281857173432,0.2658170993571147,0.2658170993571147,0.2658170993571147,0.2658170993571147,,TAIUN
sku_channel,sku_channel::2016096|TAIUN,2016096,교체형,lumpy,116050.0,tsb,"{'alpha': 0.1, 'beta': 0.2}",0.0003008960755492338,0.0023335367548312697,2.0,11,6,,3.1766324710910863,8.775506115749433e-06,0.4874154263923217,1.9496617055692869,0.7941581177727716,0.7941581177727716,0.7941581177727716,0.7941581177727716,,TAIUN
sku_channel,sku_channel::1008147|TAIUN,1008147,교체형,lumpy,112995.0,sba,{'alpha': 0.3},0.058371631974389375,0.4486679121125699,1.948630592675876,11,6,0.0803753311086608,2221.0022538168087,0.08093327199022962,80.52326561139286,322.09306244557143,555.2505634542022,555.2505634542022,555.2505634542022,555.2505634542022,,TAIUN
sku_channel,sku_channel::1006799|TAIUN,1006799,교체형,lumpy,112783.0,tsb,"{'alpha': 0.1, 'beta': 0.2}",4.7254043835412345e-12,3.5660514218247096e-11,2.0,11,6,,4.717788030911389e-08,1.2393432265224506e-13,9.631937602632997e-09,3.852775041053199e-08,1.1794470077278472e-08,1.1794470077278472e-08,1.1794470077278472e-08,1.1794470077278472e-08,,TAIUN
sku_channel,sku_channel::2018009|TAIUN,2018009,교체형,intermittent,111919.0,tsb,"{'alpha': 0.1, 'beta': 0.2}",0.0007475502739995279,0.002251841376708306,2.0,11,6,-0.5847631037275748,2.6998156747317936,6.514965354250323e-05,0.557233393062807,2.228933572251228,0.6749539186829484,0.6749539186829484,0.6749539186829484,0.6749539186829484,,TAIUN
sku_channel,sku_channel::2018575|TAIUN_AIR,2018575,교체형,intermittent,108614.0,tsb,"{'alpha': 0.1, 'beta': 0.2}",6.905518598070581e-06,3.9641398270382015e-05,2.0,11,6,,0.05050588125944854,2.480262418502103e-07,0.012584315774797272,0.05033726309918909,0.012626470314862135,0.012626470314862135,0.012626470314862135,0.012626470314862135,,TAIUN_AIR
sku_channel,sku_channel::1009139|TAIUN,1009139,교체형,lumpy,106970.0,tsb,"{'alpha': 0.1, 'beta': 0.2}",1.692776446686655e-05,0.0001283176917315953,2.0,11,6,,0.16101106209353352,4.933111665766518e-07,0.02536258036840241,0.10145032147360963,0.04025276552338338,0.04025276552338338,0.04025276552338338,0.04025276552338338,,TAIUN
sku_channel,sku_channel::1006193|TAIUN,1006193,교체형,lumpy,106258.0,tsb,"{'alpha': 0.1, 'beta': 0.2}",0.0003063200065824582,0.0024489302582724397,2.0,11,6,,3.052426638305037,6.538261558821214e-05,0.6275763433757661,2.5103053735030643,0.7631066595762592,0.7631066595762592,0.7631066595762592,0.7631066595762592,,TAIUN
sku_channel,sku_channel::1007728|TAIUN_AIR,1007728,교체형,lumpy,104547.0,tsb,"{'alpha': 0.1, 'beta': 0.2}",5.127670528426874e-09,2.1843251792791578e-08,2.0,11,6,,2.2318631285041513e-05,2.112566560811694e-10,3.686024115442747e-06,1.4744096461770988e-05,5.579657821260378e-06,5.579657821260378e-06,5.579657821260378e-06,5.579657821260378e-06,,TAIUN_AIR
sku_channel,sku_channel::1009975|TAIUN,1009975,교체형,intermittent,100089.0,tsb,"{'alpha': 0.1, 'beta': 0.1}",9.580231659345,73.24198034949009,1.8416127920944696,11,6,1.0232621034124536,11195.937530803234,0.19102865873797592,2691.893716612299,10767.574866449197,2798.9843827008085,2798.9843827008085,2798.9843827008085,2798.9843827008085,,TAIUN
sku_channel,sku_channel::2019749|TAIUN,2019749,교체형,intermittent,99901.0,tsb,"{'alpha': 0.2, 'beta': 0.05}",0.7121880142425346,2.9248523354576186,1.3407263871263349,11,6,-0.15748811568859045,9367.699331344253,0.16914970109442456,2224.0013473954486,8896.005389581795,2341.924832836063,2341.924832836063,2341.924832836063,2341.924832836063,,TAIUN
sku_channel,sku_channel::1005729|TAIUN,1005729,교체형,lumpy,99555.0,tsb,"{'alpha': 0.1, 'beta': 0.2}",4.613613800149265e-05,0.00037132457918795744,2.0,11,6,,0.43363462701578,1.0889115345490367e-05,0.06552775608801775,0.262111024352071,0.108408656753945,0.108408656753945,0.108408656753945,0.108408656753945,,TAIUN
sku_channel,sku_channel::1009888|TAIUN,1009888,교체형,intermittent,98896.0,tsb,"{'alpha': 0.2, 'beta': 0.05}",0.3784182129073026,2.2339907796308927,0.9538220863029455,11,6,0.5036112004776485,14900.14482364986,0.08431903490870239,2967.2279861262723,11868.91194450509,3725.036205912465,3725.036205912465,3725.036205912465,3725.036205912465,,TAIUN
sku_channel,sku_channel::1008497|TAIUN_AIR,1008497,교체형,intermittent,98304.0,tsb,"{'alpha': 0.1, 'beta': 0.2}",9.347609789132409e-11,3.21085443270163e-10,2.0,11,6,,3.702533416845858e-07,1.2629699354130367e-11,8.301094652948526e-08,3.3204378611794105e-07,9.256333542114645e-08,9.256333542114645e-08,9.256333542114645e-08,9.256333542114645e-08,,TAIUN_AIR
sku_channel,sku_channel::2019071|TAIUN,2019071,교체형,intermittent,96360.0,tsb,"{'alpha': 0.1, 'beta': 0.1}",0.19387652240144373,0.48846970905668585,0.43383994283448685,11,6,-0.1613113806858591,6321.28796880409,0.23163179140827433,1537.174511128855,6148.69804451542,1580.3219922010226,1580.3219922010226,1580.3219922010226,1580.3219922010226,,TAIUN
sku_channel,sku_channel::1007629|TAIUN,1007629,교체형,intermittent,96033.0,tsb,"{'alpha': 0.1, 'beta': 0.2}",2.4741684307522306e-12,1.1589822942291452e-11,2.0,11,6,,1.3055829738186407e-08,1.0108257738373576e-13,3.2550419512213563e-09,1.3020167804885425e-08,3.263957434546602e-09,3.263957434546602e-09,3.263957434546602e-09,3.263957434546602e-09,,TAIUN
sku_channel,sku_channel::1006414|TAIUN_AIR,1006414,교체형,lumpy,95680.0,tsb,"{'alpha': 0.1, 'beta': 0.2}",3.1077901084068975e-06,1.855789711422009e-05,2.0,11,6,,0.02082845755840692,2.4520049018309483e-07,0.004706316908451777,0.018825267633807107,0.00520711438960173,0.00520711438960173,0.00520711438960173,0.00520711438960173,,TAIUN_AIR
sku_channel,sku_channel::1008734|TAIUN,1008734,교체형,lumpy,93304.0,tsb,"{'alpha': 0.1, 'beta': 0.2}",0.005880549997501126,0.017924937256309833,2.0,11,6,-0.5847631037275748,19.565901862776094,0.0007070528397430966,4.516782280226068,18.067129120904273,4.891475465694024,4.891475465694024,4.891475465694024,4.891475465694024,,TAIUN
sku_channel,sku_channel::2016049|TAIUN_AIR,2016049,교체형,intermittent,92894.0,tsb,"{'alpha': 0.1, 'beta': 0.2}",1.0179624882726945e-05,5.578724457069488e-05,2.0,11,6,,0.060789665784294705,3.065003118177303e-07,0.011914753970460882,0.04765901588184353,0.015197416446073676,0.015197416446073676,0.015197416446073676,0.015197416446073676,,TAIUN_AIR
sku_channel,sku_channel::1006414|TAIUN,1006414,교체형,intermittent,91169.0,tsb,"{'alpha': 0.1, 'beta': 0.2}",7.417137599964702e-08,2.559028756212176e-07,2.0,11,6,,0.00027367147804281433,4.44348617791774e-09,6.799481674476809e-05,0.00027197926697907236,6.841786951070358e-05,6.841786951070358e-05,6.841786951070358e-05,6.841786951070358e-05,,TAIUN
sku_channel,sku_channel::2017382|TAIUN,2017382,교체형,intermittent,90428.0,tsb,"{'alpha': 0.1, 'beta': 0.2}",0.0016898122577175656,0.007309249130793249,2.0,11,6,-0.5847631037275748,7.753233628529808,6.493829177502098e-05,1.4061763442501904,5.624705377000762,1.938308407132452,1.938308407132452,1.938308407132452,1.938308407132452,,TAIUN
sku_channel,sku_channel::1008504|TAIUN_AIR,1008504,교체형,intermittent,87476.0,tsb,"{'alpha': 0.1, 'beta': 0.2}",1.2434726198388428e-11,6.877234935317228e-11,2.0,11,6,,7.056834900694426e-08,1.4846742562136927e-12,1.669904591897723e-08,6.679618367590892e-08,1.7642087251736066e-08,1.7642087251736066e-08,1.7642087251736066e-08,1.7642087251736066e-08,,TAIUN_AIR
sku_channel,sku_channel::2017773|CUSTOMER_PICK_UP,2017773,교체형,intermittent,85395.0,tsb,"{'alpha': 0.1, 'beta': 0.2}",0.019357384812140613,0.04392659880106414,2.0,11,6,-0.5847631037275748,42.97814554840794,0.002307304768803493,8.994430034807584,35.977720139230335,10.744536387101984,10.744536387101984,10.744536387101984,10.744536387101984,,CUSTOMER_PICK_UP
sku_channel,sku_channel::1008802|TAIUN,1008802,교체형,lumpy,84581.0,croston,{'alpha': 0.1},656.5670489475065,4644.615320352826,1.991529910245389,11,6,1.010114976080086,1273.3219151420785,0.038925652004671074,294.5951732191514,1178.3806928766055,318.33047878551963,318.33047878551963,318.33047878551963,318.33047878551963,,TAIUN
sku_channel,sku_channel::2017384|CUSTOMER_PICK_UP,2017384,교체형,intermittent,84484.0,tsb,"{'alpha': 0.1, 'beta': 0.2}",4.8939546372241785e-08,2.180094390200227e-07,2.0,11,6,,0.00021605133074977607,1.7659366587210994e-09,4.419227597725815e-05,0.0001767691039090326,5.401283268744402e-05,5.401283268744402e-05,5.401283268744402e-05,5.401283268744402e-05,,CUSTOMER_PICK_UP
sku_channel,sku_channel::1007899|TAIUN,1007899,교체형,lumpy,83610.0,tsb,"{'alpha': 0.1, 'beta': 0.2}",4.414162926260809e-07,2.7571744478910107e-06,2.0,11,6,,0.0027041429667918715,1.4221078489302502e-08,0.000381317940432721,0.001525271761730884,0.0006760357416979679,0.0006760357416979679,0.0006760357416979679,0.0006760357416979679,,TAIUN
sku_channel,sku_channel::2017601|TAIUN,2017601,교체형,lumpy,83290.0,tsb,"{'alpha': 0.1, 'beta': 0.2}",2.0340753653034967e-09,9.474886527144834e-09,2.0,11,6,,9.257080916838183e-06,9.580822547776965e-11,7.62038611081219e-07,3.048154444324876e-06,2.3142702292095457e-06,2.3142702292095457e-06,2.3142702292095457e-06,2.3142702292095457e-06,,TAIUN
sku_channel,sku_channel::2019729|TAIUN,2019729,교체형,intermittent,82800.0,tsb,"{'alpha': 0.1, 'beta': 0.1}",0.35694507219445315,1.2514125528424278,0.4172355208662455,11,6,-0.3402732405812461,9616.309753427626,0.2302528229946687,2360.435318286497,9441.741273145988,2404.0774383569064,2404.0774383569064,2404.0774383569064,2404.0774383569064,,TAIUN
sku_channel,sku_channel::2016911|TAIUN_AIR,2016911,교체형,intermittent,81024.0,tsb,"{'alpha': 0.1, 'beta': 0.2}",4.6965440833878277e-07,1.3825227101605376e-06,2.0,11,6,,0.0013139932494199214,4.338691324044018e-08,0.00029954743998320536,0.0011981897599328214,0.00032849831235498035,0.00032849831235498035,0.00032849831235498035,0.00032849831235498035,,TAIUN_AIR
sku_channel,sku_channel::2019246|TAIUN,2019246,교체형,intermittent,79862.0,tsb,"{'alpha': 0.1, 'beta': 0.2}",0.0006759181612519344,0.002493572126491034,2.0,11,6,-0.5847631037275749,2.3359809522227906,4.08043142344969e-05,0.5837438834800132,2.3349755339200526,0.5839952380556976,0.5839952380556976,0.5839952380556976,0.5839952380556976,,TAIUN
sku_channel,sku_channel::1009223|TAIUN,1009223,교체형,intermittent,79458.0,tsb,"{'alpha': 0.1, 'beta': 0.2}",2.142037240274362e-05,0.00011530352617863817,2.0,11,6,,0.10747003709332725,8.482474748590432e-07,0.02662962675148234,0.10651850700592937,0.026867509273331813,0.026867509273331813,0.026867509273331813,0.026867509273331813,,TAIUN
sku_channel,sku_channel::1009282|TAIUN,1009282,교체형,lumpy,78895.0,sba,{'alpha': 0.05},0.007987840775106827,0.06638965298392725,2.0,11,6,0.013652508966809553,280.2842366376958,0.013671821427555199,30.564594823181917,122.25837929272767,70.07105915942395,70.07105915942395,70.07105915942395,70.07105915942395,,TAIUN
sku_channel,sku_channel::2017755|TAIUN,2017755,교체형,lumpy,78144.0,tsb,"{'alpha': 0.1, 'beta': 0.2}",0.00044769493401960607,0.0015987959931520696,2.0,11,6,-0.5847631037275749,1.465533902379408,6.491244017218062e-05,0.30293223814611697,1.2117289525844679,0.366383475594852,0.366383475594852,0.366383475594852,0.366383475594852,,TAIUN
sku_channel,sku_channel::2016156|CUSTOMER_PICK_UP,2016156,교체형,intermittent,76801.0,tsb,"{'alpha': 0.1, 'beta': 0.2}",2.72064707332134e-12,1.5962186107159705e-11,2.0,11,6,,1.4380249635584693e-08,7.929940706019753e-14,3.347595921259697e-09,1.3390383685038789e-08,3.5950624088961734e-09,3.5950624088961734e-09,3.5950624088961734e-09,3.5950624088961734e-09,,CUSTOMER_PICK_UP
sku_channel,sku_channel::1009889|TAIUN,1009889,교체형,intermittent,75606.0,sba,{'alpha': 0.05},0.02359489228929014,0.15972726177086838,2.0,11,6,-0.046758001377127434,646.2255172413793,0.007662835249042145,158.8701609195402,635.4806436781608,161.55637931034482,161.55637931034482,161.55637931034482,161.55637931034482,,TAIUN
sku_channel,sku_channel::1008897|TAIUN,1008897,교체형,lumpy,74918.0,tsb,"{'alpha': 0.1, 'beta': 0.2}",0.002410641090241831,0.010073464739403503,2.0,11,6,-0.5847631037275749,8.60590130033178,0.000307078777407838,1.5469178512538593,6.187671405015437,2.151475325082945,2.151475325082945,2.151475325082945,2.151475325082945,,TAIUN
sku_channel,sku_channel::2017603|TAIUN,2017603,교체형,intermittent,74893.0,tsb,"{'alpha': 0.1, 'beta': 0.2}",1.982208041728732e-06,6.068442897430499e-06,2.0,11,6,,0.005331208619996117,1.584060678122255e-07,0.0012791096202484653,0.005116438480993861,0.0013328021549990294,0.0013328021549990294,0.0013328021549990294,0.0013328021549990294,,TAIUN
sku_channel,sku_channel::1006406|TAIUN_AIR,1006406,교체형,lumpy,74080.0,tsb,"{'alpha': 0.1, 'beta': 0.2}",2.4490587266995492e-06,1.7260747888570702e-05,2.0,11,6,,0.014999188508050742,6.427753502051311e-08,0.00313376637357889,0.01253506549431556,0.0037497971270126856,0.0037497971270126856,0.0037497971270126856,0.0037497971270126856,,TAIUN_AIR
sku_channel,sku_channel::2018195|CUSTOMER_PICK_UP,2018195,교체형,intermittent,72587.0,tsb,"{'alpha': 0.1, 'beta': 0.2}",6.468943891281477e-07,3.329588067967723e-06,2.0,11,6,,0.002835022659295846,2.1225580365588022e-08,0.0006328532441435833,0.0025314129765743334,0.0007087556648239615,0.0007087556648239615,0.0007087556648239615,0.0007087556648239615,,CUSTOMER_PICK_UP
sku_channel,sku_channel::1005728|TAIUN,1005728,교체형,lumpy,72307.0,tsb,"{'alpha': 0.1, 'beta': 0.2}",2.1392029268852386e-07,1.4054965428948684e-06,2.0,11,6,,0.0011921126739877512,4.629580323113197e-08,0.00020449891461351245,0.0008179956584540498,0.0002980281684969378,0.0002980281684969378,0.0002980281684969378,0.0002980281684969378,,TAIUN
sku_channel,sku_channel::1008744|TAIUN,1008744,교체형,lumpy,72296.0,tsb,"{'alpha': 0.1, 'beta': 0.2}",0.012948148148221738,0.058639776882161036,2.0,11,6,-0.5847631037275747,49.72946177267761,0.0018749493917246598,7.4372501153668615,29.749000461467446,12.432365443169402,12.432365443169402,12.432365443169402,12.432365443169402,,TAIUN
sku_channel,sku_channel::1009134|TAIUN,1009134,교체형,intermittent,71000.0,tsb,"{'alpha': 0.1, 'beta': 0.2}",1.5679823628048364e-07,7.45803894248536e-07,2.0,11,6,,0.0006211409698279627,7.152705778765116e-09,0.00015296776578467076,0.000611871063138683,0.00015528524245699067,0.00015528524245699067,0.00015528524245699067,0.00015528524245699067,,TAIUN
sku_channel,sku_channel::2018272|TAIUN,2018272,교체형,lumpy,71000.0,tsb,"{'alpha': 0.1, 'beta': 0.1}",0.2436946479169487,0.3999238855699787,0.19504607487173684,11,6,-0.19225161199898974,4744.358668350259,0.2605403904744464,1050.9667673027857,4203.867069211143,1186.0896670875647,1186.0896670875647,1186.0896670875647,1186.0896670875647,,TAIUN
sku_channel,sku_channel::2016833|TAIUN,2016833,교체형,lumpy,70447.0,tsb,"{'alpha': 0.1, 'beta': 0.2}",0.00010079343734417259,0.00028395975401521677,2.0,11,6,,0.2293537057732802,8.723470684666191e-06,0.052704392977994945,0.21081757191197978,0.05733842644332005,0.05733842644332005,0.05733842644332005,0.05733842644332005,,TAIUN
sku_channel,sku_channel::1009403|TAIUN,1009403,교체형,lumpy,69507.0,tsb,"{'alpha': 0.1, 'beta': 0.2}",0.00020713780807665662,0.0011913138321514385,2.0,11,6,,0.9713190557394407,6.274250998056207e-06,0.19162412081648794,0.7664964832659518,0.24282976393486017,0.24282976393486017,0.24282976393486017,0.24282976393486017,,TAIUN
sku_channel,sku_channel::2016905|TAIUN,2016905,교체형,smooth,69020.0,tsb,"{'alpha': 0.1, 'beta': 0.2}",1.564460136643094e-14,1.1075511911522134e-13,2.0,11,6,,6.51125525085655e-11,7.391224925598619e-16,1.5816689172586403e-11,6.326675669034561e-11,1.6278138127141375e-11,1.6278138127141375e-11,1.6278138127141375e-11,1.6278138127141375e-11,,TAIUN
sku_channel,sku_channel::2017386|TAIUN,2017386,교체형,intermittent,68921.0,tsb,"{'alpha': 0.1, 'beta': 0.2}",5.769541456811705e-07,2.833454120483424e-06,2.0,11,6,,0.002290735443079288,3.410675893696248e-08,0.0005597730882418243,0.002239092352967297,0.000572683860769822,0.000572683860769822,0.000572683860769822,0.000572683860769822,,TAIUN
sku_channel,sku_channel::2018958|TAIUN,2018958,교체형,lumpy,67769.0,sba,{'alpha': 0.3},0.07455974695344247,0.4634526494355151,2.0,11,6,0.013652508966809666,1680.6808080051062,0.04163601215271923,169.8384705302388,679.3538821209552,420.17020200127655,420.17020200127655,420.17020200127655,420.17020200127655,,TAIUN
sku_channel,sku_channel::1002840|TAIUN,1002840,교체형,intermittent,67541.0,tsb,"{'alpha': 0.1, 'beta': 0.2}",2.0674970726318708e-07,1.4042029562797131e-06,2.0,11,6,,0.0011125116046846219,1.6850007038074135e-08,0.00026358263809574914,0.0010543305523829966,0.00027812790117115547,0.00027812790117115547,0.00027812790117115547,0.00027812790117115547,,TAIUN
sku_channel,sku_channel::2018954|TAIUN,2018954,교체형,lumpy,67161.0,tsb,"{'alpha': 0.1, 'beta': 0.2}",5.389219398124347e-06,2.586035560965515e-05,2.0,11,6,,0.019993994753164664,8.183692488965058e-07,0.0046805622350948725,0.01872224894037949,0.004998498688291166,0.004998498688291166,0.004998498688291166,0.004998498688291166,,TAIUN
sku_channel,sku_channel::2018332|DHL,2018332,교체형,intermittent,65903.0,sba,{'alpha': 0.05},0.20529850168412134,0.40420411501725545,1.884702235675703,11,6,-0.19868459837177632,759.7140662576685,0.05569794424212952,154.90909995150162,619.6363998060065,189.92851656441712,189.92851656441712,189.92851656441712,189.92851656441712,,DHL
sku_channel,sku_channel::2017773|DHL,2017773,교체형,lumpy,65783.0,sba,{'alpha': 0.05},0.051511150876029074,0.10979214458894908,0.7189310310109059,11,6,-0.1885038845237578,956.7019586808392,0.10129075122687634,189.89485310241184,759.5794124096474,239.1754896702098,239.1754896702098,239.1754896702098,239.1754896702098,,DHL
sku_channel,sku_channel::1009158|TAIUN,1009158,교체형,lumpy,65740.0,tsb,"{'alpha': 0.1, 'beta': 0.2}",0.0001646057634456128,0.000834092827309812,2.0,11,6,,0.5918411412518281,1.336949366392915e-05,0.1295889966794787,0.5183559867179148,0.14796028531295702,0.14796028531295702,0.14796028531295702,0.14796028531295702,,TAIUN
sku_channel,sku_channel::1008397|TAIUN,1008397,교체형,lumpy,65279.0,tsb,"{'alpha': 0.1, 'beta': 0.2}",3.819547468007768e-07,1.950419222327598e-06,2.0,11,6,,0.001493511743282425,1.709290463575578e-08,0.00017746394248936164,0.0007098557699574466,0.00037337793582060627,0.00037337793582060627,0.00037337793582060627,0.00037337793582060627,,TAIUN
sku_channel,sku_channel::1007777|TAIUN,1007777,교체형,lumpy,65136.0,tsb,"{'alpha': 0.1, 'beta': 0.2}",6.143937343117665e-05,0.00047958081316095097,2.0,11,6,,0.36642919216851016,1.090251571481095e-05,0.07843400635423577,0.31373602541694307,0.09160729804212754,0.09160729804212754,0.09160729804212754,0.09160729804212754,,TAIUN
sku_channel,sku_channel::1008745|TAIUN,1008745,교체형,lumpy,63847.0,sba,{'alpha': 0.05},0.022547017761770257,0.13590296757351095,2.0,11,6,0.013652508966809467,464.32089742694063,0.03176970805792679,63.312280103359576,253.2491204134383,116.08022435673516,116.08022435673516,116.08022435673516,116.08022435673516,,TAIUN
sku_channel,sku_channel::1006006|TAIUN,1006006,교체형,lumpy,63581.0,tsb,"{'alpha': 0.1, 'beta': 0.2}",9.992277240888865e-06,7.590187691219851e-05,2.0,11,6,,0.05660920422494037,1.4749816106718247e-06,0.012515395964343715,0.05006158385737486,0.014152301056235092,0.014152301056235092,0.014152301056235092,0.014152301056235092,,TAIUN
sku_channel,sku_channel::1007306|TAIUN,1007306,교체형,lumpy,63459.0,tsb,"{'alpha': 0.1, 'beta': 0.2}",2.8150926124597357e-05,0.00020864593230614,2.0,11,6,,0.1553139005698909,3.5815992051058212e-06,0.0350877813006761,0.1403511252027044,0.03882847514247272,0.03882847514247272,0.03882847514247272,0.03882847514247272,,TAIUN
sku_channel,sku_channel::2017901|TAIUN,2017901,교체형,lumpy,63333.0,tsb,"{'alpha': 0.1, 'beta': 0.2}",5.6591354788610506e-05,0.00043223294418587955,2.0,11,6,,0.3211109430094331,1.6481061796354662e-06,0.04985653041891656,0.19942612167566623,0.08027773575235828,0.08027773575235828,0.08027773575235828,0.08027773575235828,,TAIUN
sku_channel,sku_channel::2019206|TAIUN_AIR,2019206,교체형,intermittent,60964.0,sba,{'alpha': 0.05},0.05387624519365803,0.17939711728886532,2.0,11,6,-0.7363636548430674,513.2077533250965,0.015311992272406535,127.35175788190891,509.40703152763564,128.30193833127413,128.30193833127413,128.30193833127413,128.30193833127413,,TAIUN_AIR
sku_channel,sku_channel::2019297|FEDEX,2019297,교체형,intermittent,60781.0,tsb,"{'alpha': 0.1, 'beta': 0.2}",0.004082591952008848,0.012947182857113862,2.0,11,6,-0.5847631037275748,9.231032991616306,0.00030975860325270125,2.22627375493878,8.90509501975512,2.3077582479040766,2.3077582479040766,2.3077582479040766,2.3077582479040766,,FEDEX
sku_channel,sku_channel::2016929|DHL,2016929,교체형,lumpy,60719.0,sba,{'alpha': 0.3},0.11490121988633543,0.25984383586539017,1.1918814477804907,11,6,-0.15493043349625105,553.8972649333834,0.15917954098418888,135.30219899801594,541.2087959920638,138.47431623334586,138.47431623334586,138.47431623334586,138.47431623334586,,DHL
sku_channel,sku_channel::2019456|TAIUN,2019456,교체형,intermittent,60369.0,sba,{'alpha': 0.1},4244.540382073468,2504.0207398985176,1.9748526921717104,11,6,-0.11155917922407925,440.58578053924805,0.010106226547238018,103.78541636137442,415.14166544549767,110.14644513481201,110.14644513481201,110.14644513481201,110.14644513481201,,TAIUN
sku_channel,sku_channel::2017902|TAIUN,2017902,교체형,lumpy,59991.0,tsb,"{'alpha': 0.1, 'beta': 0.2}",0.07410321402067792,0.4082509072389659,2.0,11,6,-0.35409902280711514,287.2899542939231,0.0028868063630821646,54.02160267203733,216.08641068814933,71.82248857348077,71.82248857348077,71.82248857348077,71.82248857348077,,TAIUN
sku_channel,sku_channel::2018010|TAIUN,2018010,교체형,lumpy,59843.0,tsb,"{'alpha': 0.1, 'beta': 0.2}",9.239859929678212e-09,3.142386446099999e-08,2.0,11,6,,2.2058710974489732e-05,7.759085006493994e-10,5.135574968228146e-06,2.0542299872912584e-05,5.514677743622433e-06,5.514677743622433e-06,5.514677743622433e-06,5.514677743622433e-06,,TAIUN
sku_channel,sku_channel::2018827|TAIUN,2018827,교체형,intermittent,59778.0,tsb,"{'alpha': 0.1, 'beta': 0.2}",7.801432826277611e-07,3.983037846526124e-06,2.0,11,6,,0.0027929489273291444,3.322333540467481e-08,0.0006885098379058221,0.0027540393516232884,0.0006982372318322861,0.0006982372318322861,0.0006982372318322861,0.0006982372318322861,,TAIUN
sku_channel,sku_channel::2017239|TAIUN,2017239,교체형,intermittent,59400.0,sba,{'alpha': 0.3},0.07017084054494185,0.20964348826693238,2.0,11,6,0.013652508966809472,630.5515208037174,0.043013453160878935,153.0178438757864,612.0713755031456,157.63788020092935,157.63788020092935,157.63788020092935,157.63788020092935,,TAIUN
sku_channel,sku_channel::2018332|FEDEX,2018332,교체형,lumpy,59299.0,sba,{'alpha': 0.05},0.052713168894776376,0.17071267197360104,2.0,11,6,0.013652508966809657,517.9890642899852,0.0475245772106493,96.48797001574161,385.95188006296644,129.4972660724963,129.4972660724963,129.4972660724963,129.4972660724963,,FEDEX
sku_channel,sku_channel::2018782|DHL,2018782,교체형,intermittent,58743.0,sba,{'alpha': 0.3},0.22444453089255514,0.461530350334256,0.4784280186106044,11,6,-0.7510771939257412,3147.403404258045,0.28503496448667204,701.7423202189954,2806.9692808759814,786.8508510645113,786.8508510645113,786.8508510645113,786.8508510645113,,DHL
sku_channel,sku_channel::2018272|DHL,2018272,교체형,lumpy,58396.0,sba,{'alpha': 0.3},0.08126166945296583,0.15672339306929584,0.7231882867177388,11,6,0.16440620695367472,1006.2717832625832,0.2661116867443249,237.66830856447507,950.6732342579003,251.5679458156458,251.5679458156458,251.5679458156458,251.5679458156458,,DHL
sku_channel,sku_channel::2018610|CUSTOMER_PICK_UP,2018610,교체형,intermittent,57744.0,sba,{'alpha': 0.05},0.05353924273132421,0.30987725016801154,2.0,11,6,-0.4818814050049292,957.5144847465771,0.008007046200656578,204.02611578188808,816.1044631275523,239.37862118664427,239.37862118664427,239.37862118664427,239.37862118664427,,CUSTOMER_PICK_UP
sku_channel,sku_channel::2016957|FEDEX,2016957,교체형,lumpy,57708.0,sba,{'alpha': 0.3},0.013386642211642662,0.026521749704413993,2.0,11,6,0.013652508966809477,68.27319284444357,0.10220468009080755,16.95237702024467,67.80950808097867,17.068298211110893,17.068298211110893,17.068298211110893,17.068298211110893,,FEDEX
sku_channel,sku_channel::2016049|TAIUN,2016049,교체형,intermittent,56734.0,tsb,"{'alpha': 0.1, 'beta': 0.2}",1.2733002971569338e-07,7.292857498005534e-07,2.0,11,6,,0.00048534248817382904,4.417119487264274e-09,0.00012113738172086882,0.0004845495268834753,0.00012133562204345726,0.00012133562204345726,0.00012133562204345726,0.00012133562204345726,,TAIUN
sku_channel,sku_channel::1009219|TAIUN,1009219,교체형,lumpy,56663.0,tsb,"{'alpha': 0.1, 'beta': 0.2}",3.994258191467563e-06,3.066419359801164e-05,2.0,11,6,,0.02038160088290888,1.0485074543594977e-07,0.004139230623843346,0.016556922495373383,0.00509540022072722,0.00509540022072722,0.00509540022072722,0.00509540022072722,,TAIUN
sku_channel,sku_channel::1002787|TAIUN,1002787,교체형,lumpy,56331.0,tsb,"{'alpha': 0.1, 'beta': 0.2}",1.3224127465715028e-07,9.803848848043537e-07,2.0,11,6,,0.0006478153705857982,1.6850007038074135e-08,0.00014632209111722816,0.0005852883644689126,0.00016195384264644955,0.00016195384264644955,0.00016195384264644955,0.00016195384264644955,,TAIUN
sku_channel,sku_channel::2018127|TAIUN,2018127,교체형,lumpy,56268.0,tsb,"{'alpha': 0.2, 'beta': 0.05}",0.3247387926201425,1.544825225078747,1.7338920517907122,11,6,0.05572777579416343,1782.5297288004783,0.06251060922537255,374.780087225394,1499.120348901576,445.6324322001196,445.6324322001196,445.6324322001196,445.6324322001196,,TAIUN
sku_channel,sku_channel::2016929|FEDEX,2016929,교체형,lumpy,55816.0,sba,{'alpha': 0.3},0.06547082848610883,0.13866030159800227,2.0,11,6,0.013652508966809357,374.4551588197877,0.08823301379806049,80.09325116727379,320.37300466909517,93.61378970494692,93.61378970494692,93.61378970494692,93.61378970494692,,FEDEX
sku_channel,sku_channel::1008504|TAIUN,1008504,교체형,intermittent,54610.0,tsb,"{'alpha': 0.1, 'beta': 0.2}",1.3498512127598318e-13,7.98201587499674e-13,2.0,11,6,,5.113190155604072e-10,5.9107651637382585e-15,1.2615156944481327e-10,5.046062777792531e-10,1.278297538901018e-10,1.278297538901018e-10,1.278297538901018e-10,1.278297538901018e-10,,TAIUN
sku_channel,sku_channel::1006661|TAIUN_AIR,1006661,교체형,lumpy,53702.0,tsb,"{'alpha': 0.1, 'beta': 0.2}",2.588639966320189e-06,1.6995084960963512e-05,2.0,11,6,,0.010705845722178213,2.4520049018309483e-07,0.0023343577066410994,0.009337430826564398,0.0026764614305445533,0.0026764614305445533,0.0026764614305445533,0.0026764614305445533,,TAIUN_AIR
sku_channel,sku_channel::1007826|TAIUN,1007826,교체형,lumpy,53177.0,tsb,"{'alpha': 0.1, 'beta': 0.2}",0.007894208509987701,0.025640180465822712,2.0,11,6,-0.5847631037275748,15.993815829932512,0.0006081136486342738,3.869422239353272,15.477688957413088,3.998453957483128,3.998453957483128,3.998453957483128,3.998453957483128,,TAIUN
sku_channel,sku_channel::1009220|TAIUN,1009220,교체형,intermittent,53000.0,tsb,"{'alpha': 0.1, 'beta': 0.2}",8.829147784705193e-06,5.0610525857059406e-05,2.0,11,6,,0.03146472205530559,3.1091622584294056e-07,0.00784752554027582,0.03139010216110328,0.007866180513826397,0.007866180513826397,0.007866180513826397,0.007866180513826397,,TAIUN
sku_channel,sku_channel::1009303|TAIUN_AIR,1009303,교체형,lumpy,52422.0,tsb,"{'alpha': 0.1, 'beta': 0.2}",21.432215997368825,75.9096053157509,1.9999310229076148,11,6,5.0,2536.5027328397146,0.10244399951507528,280.9069684019104,1123.6278736076415,634.1256832099286,634.1256832099286,634.1256832099286,634.1256832099286,,TAIUN_AIR
sku_channel,sku_channel::2016910|TAIUN,2016910,교체형,lumpy,52399.0,tsb,"{'alpha': 0.1, 'beta': 0.2}",1.1183077866362328e-12,6.435102637629348e-12,2.0,11,6,,3.955356722129664e-09,5.2704471203030805e-14,9.656268665072921e-10,3.8625074660291685e-09,9.88839180532416e-10,9.88839180532416e-10,9.88839180532416e-10,9.88839180532416e-10,,TAIUN
sku_channel,sku_channel::2018703|TAIUN_AIR,2018703,교체형,intermittent,50000.0,tsb,"{'alpha': 0.1, 'beta': 0.2}",6.085873058496251e-06,3.751278628281098e-05,2.0,11,6,,0.022001713621495396,1.666796486476924e-07,0.004900381670242157,0.019601526680968626,0.005500428405373849,0.005500428405373849,0.005500428405373849,0.005500428405373849,,TAIUN_AIR
sku_channel,sku_channel::2017631|TAIUN,2017631,교체형,lumpy,48219.0,tsb,"{'alpha': 0.2, 'beta': 0.05}",1.6622064173173208,8.211527418804627,1.6870422132077827,11,6,2.6821905895223677,3815.5875499053855,0.17635155245946607,867.3697148581103,3469.4788594324414,953.8968874763464,953.8968874763464,953.8968874763464,953.8968874763464,,TAIUN
sku_channel,sku_channel::1008736|TAIUN,1008736,교체형,lumpy,48126.0,tsb,"{'alpha': 0.1, 'beta': 0.2}",0.0012050387027003552,0.005464607846573134,2.0,11,6,-0.5847631037275748,3.0849345074726067,0.0001253044109383881,0.5502966388927638,2.2011865555710552,0.7712336268681517,0.7712336268681517,0.7712336268681517,0.7712336268681517,,TAIUN
sku_channel,sku_channel::1007753|TAIUN,1007753,교체형,lumpy,47226.0,tsb,"{'alpha': 0.1, 'beta': 0.2}",8.755722580782875e-05,0.0006651765390955928,2.0,11,6,,0.3684896264614734,2.2970762816704573e-06,0.07507571164604063,0.3003028465841625,0.09212240661536834,0.09212240661536834,0.09212240661536834,0.09212240661536834,,TAIUN
sku_channel,sku_channel::1009296|TAIUN_AIR,1009296,교체형,intermittent,47089.0,tsb,"{'alpha': 0.1, 'beta': 0.2}",1.5312534509591703e-05,8.97571164876982e-05,2.0,11,6,,0.04957874625861911,6.397686845906965e-07,0.012261269203170234,0.049045076812680936,0.012394686564654778,0.012394686564654778,0.012394686564654778,0.012394686564654778,,TAIUN_AIR
sku_channel,sku_channel::2019490|TAIUN_AIR,2019490,교체형,lumpy,46769.0,sba,{'alpha': 0.05},0.02597268646103054,0.12434045337422134,2.0,11,6,0.013652508966809458,311.1854803402787,0.011184912894694607,75.36539008537166,301.46156034148663,77.79637008506967,77.79637008506967,77.79637008506967,77.79637008506967,,TAIUN_AIR
sku_channel,sku_channel::1006749|TAIUN,1006749,교체형,lumpy,46321.0,tsb,"{'alpha': 0.1, 'beta': 0.2}",0.01538648868376208,0.08825659883053699,2.0,11,6,-0.5847631037275748,47.95482316535434,0.0007555786372741897,11.655005997343716,46.620023989374864,11.988705791338585,11.988705791338585,11.988705791338585,11.988705791338585,,TAIUN
sku_channel,sku_channel::2018696|TAIUN_AIR,2018696,교체형,lumpy,45847.0,tsb,"{'alpha': 0.1, 'beta': 0.2}",2.105558350930261e-08,1.6729702781559867e-07,2.0,11,6,,8.997178331297836e-05,4.2743564274641485e-09,1.8718432641408097e-05,7.487373056563239e-05,2.249294582824459e-05,2.249294582824459e-05,2.249294582824459e-05,2.249294582824459e-05,,TAIUN_AIR
sku_channel,sku_channel::2019394|TAIUN,2019394,교체형,intermittent,45397.0,sba,{'alpha': 0.05},0.031757127713193535,0.11590976857721785,2.0,11,6,-0.5354342785305232,281.576228179262,0.013330215190492793,70.38427501460816,281.53710005843266,70.3940570448155,70.3940570448155,70.3940570448155,70.3940570448155,,TAIUN
sku_channel,sku_channel::2016911|TAIUN,2016911,교체형,intermittent,45077.0,tsb,"{'alpha': 0.1, 'beta': 0.2}",1.3030691332727298e-12,7.585270593914689e-12,2.0,11,6,,4.0108208455844415e-09,5.225988624510006e-14,9.939474996591564e-10,3.975789998636626e-09,1.0027052113961104e-09,1.0027052113961104e-09,1.0027052113961104e-09,1.0027052113961104e-09,,TAIUN
sku_channel,sku_channel::1007755|TAIUN,1007755,교체형,lumpy,44208.0,tsb,"{'alpha': 0.1, 'beta': 0.2}",0.0008080765092071174,0.006412840054490984,2.0,11,6,-0.5847631037275748,3.3255115157303616,2.1267647934383967e-05,0.6688028738866552,2.6752114955466206,0.8313778789325904,0.8313778789325904,0.8313778789325904,0.8313778789325904,,TAIUN
sku_channel,sku_channel::1008763|TAIUN,1008763,교체형,lumpy,44000.0,tsb,"{'alpha': 0.1, 'beta': 0.2}",1.6013640745450516e-12,9.389159035216113e-12,2.0,11,6,,4.846035063358104e-09,4.732456116560648e-14,9.048456094863958e-10,3.6193824379455833e-09,1.211508765839526e-09,1.211508765839526e-09,1.211508765839526e-09,1.211508765839526e-09,,TAIUN
sku_channel,sku_channel::2018399|TAIUN,2018399,교체형,smooth,43845.0,tsb,"{'alpha': 0.1, 'beta': 0.2}",4.166677237105414e-08,3.151514979072199e-07,2.0,11,6,,8.755882907212599e-05,1.0671399033775257e-09,2.1814473904843382e-05,8.725789561937353e-05,2.1889707268031498e-05,2.1889707268031498e-05,2.1889707268031498e-05,2.1889707268031498e-05,,TAIUN
sku_channel,sku_channel::1008771|TAIUN,1008771,교체형,lumpy,43497.0,sba,{'alpha': 0.05},0.09154288970285948,0.3353935400733214,2.0,11,6,-0.41999076504944083,776.8636234095263,0.07350372921539589,168.2420364646636,672.9681458586545,194.21590585238158,194.21590585238158,194.21590585238158,194.21590585238158,,TAIUN
sku_channel,sku_channel::2017389|CUSTOMER_PICK_UP,2017389,교체형,intermittent,43200.0,tsb,"{'alpha': 0.1, 'beta': 0.2}",4.859683649881682e-09,2.7812206017562147e-08,2.0,11,6,,1.409374355413722e-05,1.631220318765882e-10,3.523435888534305e-06,1.409374355413722e-05,3.523435888534305e-06,3.523435888534305e-06,3.523435888534305e-06,3.523435888534305e-06,,CUSTOMER_PICK_UP
sku_channel,sku_channel::2018392|CUSTOMER_PICK_UP,2018392,교체형,intermittent,43200.0,tsb,"{'alpha': 0.1, 'beta': 0.2}",6.281080036535188e-07,3.594692670852487e-06,2.0,11,6,,0.0018215986400697722,2.108331759340014e-08,0.00045539966001744304,0.0018215986400697722,0.00045539966001744304,0.00045539966001744304,0.00045539966001744304,0.00045539966001744304,,CUSTOMER_PICK_UP
sku_channel,sku_channel::2018395|TAIUN,2018395,교체형,lumpy,43126.0,tsb,"{'alpha': 0.1, 'beta': 0.2}",0.001535910199409116,0.007168726994052736,2.0,11,6,-0.5847631037275748,3.6265060009174293,6.539316445666139e-05,0.7643210032219457,3.057284012887783,0.9066265002293573,0.9066265002293573,0.9066265002293573,0.9066265002293573,,TAIUN
sku_channel,sku_channel::2017602|TAIUN,2017602,교체형,lumpy,43042.0,tsb,"{'alpha': 0.1, 'beta': 0.2}",1.153118638816994e-08,4.061878034774026e-08,2.0,11,6,,2.0508150804728986e-05,7.74336252758296e-10,2.576422123874421e-06,1.0305688495497683e-05,5.127037701182246e-06,5.127037701182246e-06,5.127037701182246e-06,5.127037701182246e-06,,TAIUN
sku_channel,sku_channel::2017384|TAIUN,2017384,교체형,intermittent,42988.0,tsb,"{'alpha': 0.1, 'beta': 0.2}",6.328094224284122e-07,3.4831758623631597e-06,2.0,11,6,,0.0017564258603672942,2.2589431177165385e-08,0.00042462953115445114,0.0016985181246178046,0.00043910646509182354,0.00043910646509182354,0.00043910646509182354,0.00043910646509182354,,TAIUN
sku_channel,sku_channel::2017905|TAIUN,2017905,교체형,lumpy,42752.0,tsb,"{'alpha': 0.1, 'beta': 0.2}",1.817394789771241e-05,0.0001460097173056653,2.0,11,6,,0.07322263896846766,4.789048697707439e-07,0.014674794581463044,0.058699178325852176,0.018305659742116915,0.018305659742116915,0.018305659742116915,0.018305659742116915,,TAIUN
sku_channel,sku_channel::1009224|TAIUN,1009224,교체형,intermittent,42750.0,tsb,"{'alpha': 0.1, 'beta': 0.2}",1.5805661169706836e-05,8.608120014406781e-05,2.0,11,6,,0.043166974696586764,8.482474748590432e-07,0.010327582655903823,0.04131033062361529,0.010791743674146691,0.010791743674146691,0.010791743674146691,0.010791743674146691,,TAIUN
sku_channel,sku_channel::2017910|TAIUN,2017910,교체형,lumpy,41845.0,tsb,"{'alpha': 0.1, 'beta': 0.2}",0.0003423809905806463,0.0017849764040151143,2.0,11,6,,0.8761596164988619,3.8629188764057024e-05,0.18027278752442502,0.7210911500977001,0.21903990412471547,0.21903990412471547,0.21903990412471547,0.21903990412471547,,TAIUN
sku_channel,sku_channel::1008625|TAIUN,1008625,교체형,lumpy,41267.0,sba,{'alpha': 0.3},0.06865882073933305,0.3906727751311827,2.0,11,6,-0.5574718970776241,862.7100153224624,0.08395086324173877,133.9887024969471,535.9548099877884,215.6775038306156,215.6775038306156,215.6775038306156,215.6775038306156,,TAIUN
sku_channel,sku_channel::2016048|DHL,2016048,교체형,intermittent,41251.0,tsb,"{'alpha': 0.1, 'beta': 0.2}",1.9045893308650752e-08,9.538902856464998e-08,2.0,11,6,,4.363630225393088e-05,2.065567846112327e-09,9.530680828415043e-06,3.812272331366017e-05,1.090907556348272e-05,1.090907556348272e-05,1.090907556348272e-05,1.090907556348272e-05,,DHL
sku_channel,sku_channel::2018959|TAIUN,2018959,교체형,intermittent,41040.0,sba,{'alpha': 0.05},0.03142252883854932,0.10548084672706774,2.0,11,6,0.013652508966809617,231.6486394476982,0.013418435536713253,56.409678345877694,225.63871338351078,57.91215986192455,57.91215986192455,57.91215986192455,57.91215986192455,,TAIUN
sku_channel,sku_channel::2017460|CUSTOMER_PICK_UP,2017460,교체형,lumpy,40860.0,tsb,"{'alpha': 0.1, 'beta': 0.2}",5.829571964027634e-06,2.022937838876965e-05,2.0,11,6,,0.008999199014130542,7.690362206761965e-07,0.0019644908087041502,0.007857963234816601,0.0022497997535326354,0.0022497997535326354,0.0022497997535326354,0.0022497997535326354,,CUSTOMER_PICK_UP
sku_channel,sku_channel::1008882|TAIUN,1008882,교체형,lumpy,40798.0,sba,{'alpha': 0.3},0.09401275785940257,0.5100785198694466,1.706646575363422,11,6,-0.07159459655622702,1084.0462809274338,0.043224925220879375,264.9668220602728,1059.8672882410913,271.01157023185846,271.01157023185846,271.01157023185846,271.01157023185846,,TAIUN
sku_channel,sku_channel::2019732|TAIUN,2019732,교체형,lumpy,40682.0,tsb,"{'alpha': 0.2, 'beta': 0.05}",1.3442998877961125,8.322104170992622,1.2870083589722043,11,6,0.5223214259705508,4809.069479215163,0.23424336381504643,1104.8820967578679,4419.5283870314715,1202.2673698037906,1202.2673698037906,1202.2673698037906,1202.2673698037906,,TAIUN
sku_channel,sku_channel::1007826|CUSTOMER_PICK_UP,1007826,교체형,intermittent,40443.0,tsb,"{'alpha': 0.1, 'beta': 0.2}",1.5556382588335465e-06,1.0391339163542352e-05,2.0,11,6,,0.004929717855135961,4.1137614909324846e-08,0.0010521751310312052,0.004208700524124821,0.0012324294637839903,0.0012324294637839903,0.0012324294637839903,0.0012324294637839903,,CUSTOMER_PICK_UP
sku_channel,sku_channel::2019526|TAIUN_AIR,2019526,교체형,lumpy,40350.0,sba,{'alpha': 0.05},0.05512690841865121,0.2643531082520438,2.0,11,6,0.347728906491834,570.7905240385267,0.010970257236316784,127.80018025435362,511.2007210174145,142.69763100963166,142.69763100963166,142.69763100963166,142.69763100963166,,TAIUN_AIR
sku_channel,sku_channel::1009965|TAIUN,1009965,교체형,intermittent,40108.0,sba,{'alpha': 0.05},0.05250066693093951,0.3334023024881014,2.0,11,6,-0.932089677570801,715.5638554216866,0.007301935012778387,163.64081051478644,654.5632420591458,178.89096385542166,178.89096385542166,178.89096385542166,178.89096385542166,,TAIUN
sku_channel,sku_channel::2019842|TAIUN,2019842,교체형,intermittent,40097.0,tsb,"{'alpha': 0.1, 'beta': 0.2}",1.586559808851974,11.783944998069282,0.8147095804788935,11,6,-0.9991843877530202,13017.21128382431,0.24271586918399998,3223.082764134678,12892.331056538713,3254.3028209560775,3254.3028209560775,3254.3028209560775,3254.3028209560775,,TAIUN
sku_channel,sku_channel::2019563|TAIUN,2019563,교체형,intermittent,39407.0,sba,{'alpha': 0.05},0.03898896133108526,0.11832156158516621,2.0,11,6,-0.8759902578404606,249.50891116450276,0.013648589273952128,62.37722779112569,249.50891116450276,62.37722779112569,62.37722779112569,62.37722779112569,62.37722779112569,,TAIUN
sku_channel,sku_channel::2018978|TAIUN,2018978,교체형,intermittent,39406.0,tsb,"{'alpha': 0.1, 'beta': 0.2}",1.4556756346447052e-06,9.175999341951464e-06,2.0,11,6,,0.004241533555497012,8.533998011124415e-08,0.0010293298769113736,0.004117319507645495,0.001060383388874253,0.001060383388874253,0.001060383388874253,0.001060383388874253,,TAIUN
sku_channel,sku_channel::1007363|TAIUN,1007363,교체형,intermittent,39343.0,tsb,"{'alpha': 0.1, 'beta': 0.2}",4.498407660921132e-05,0.0002575635995720818,2.0,11,6,,0.11886640803346527,1.4749816106718247e-06,0.02940092644405034,0.11760370577620136,0.029716602008366316,0.029716602008366316,0.029716602008366316,0.029716602008366316,,TAIUN
sku_channel,sku_channel::2018905|CUSTOMER_PICK_UP,2018905,교체형,intermittent,39176.0,tsb,"{'alpha': 0.1, 'beta': 0.2}",6.249274142867101e-06,4.050357680061554e-05,2.0,11,6,,0.018613183036347267,1.666796486476924e-07,0.004028527098467699,0.016114108393870796,0.004653295759086817,0.004653295759086817,0.004653295759086817,0.004653295759086817,,CUSTOMER_PICK_UP
sku_channel,sku_channel::2017606|TAIUN,2017606,교체형,intermittent,38339.0,tsb,"{'alpha': 0.1, 'beta': 0.2}",5.0228090989786745e-08,2.6792394320146985e-07,2.0,11,6,,0.00012049235361587185,1.9936100101766907e-09,2.9904333564771294e-05,0.00011961733425908518,3.0123088403967963e-05,3.0123088403967963e-05,3.0123088403967963e-05,3.0123088403967963e-05,,TAIUN
sku_channel,sku_channel::1008803|TAIUN,1008803,교체형,lumpy,38152.0,tsb,"{'alpha': 0.1, 'beta': 0.2}",1.3972625811982476e-12,1.0559514529702797e-11,2.0,11,6,,4.725724960794544e-09,3.664852715525846e-14,9.643854689154195e-10,3.857541875661678e-09,1.181431240198636e-09,1.181431240198636e-09,1.181431240198636e-09,1.181431240198636e-09,,TAIUN
sku_channel,sku_channel::2017140|TAIUN,2017140,교체형,intermittent,38114.0,tsb,"{'alpha': 0.1, 'beta': 0.2}",4.747375875765562e-13,2.7273834479605228e-12,2.0,11,6,,1.2193767514107083e-09,1.4947299179816084e-14,2.9584710953036223e-10,1.183388438121449e-09,3.048441878526771e-10,3.048441878526771e-10,3.048441878526771e-10,3.048441878526771e-10,,TAIUN
sku_channel,sku_channel::2018509|CUSTOMER_PICK_UP,2018509,교체형,intermittent,37484.0,sba,{'alpha': 0.05},0.04904823024734052,0.3018416638253459,2.0,11,6,-0.9258823748643671,605.4439024390242,0.0075046904315197,145.35512195121947,581.4204878048779,151.36097560975605,151.36097560975605,151.36097560975605,151.36097560975605,,CUSTOMER_PICK_UP
sku_channel,sku_channel::1009135|TAIUN,1009135,교체형,intermittent,37000.0,tsb,"{'alpha': 0.1, 'beta': 0.2}",7.128937583374484e-06,4.027434089911721e-05,2.0,11,6,,0.01747983570126154,3.0904942894733983e-07,0.004303204248662759,0.017212816994651037,0.004369958925315385,0.004369958925315385,0.004369958925315385,0.004369958925315385,,TAIUN
sku_channel,sku_channel::2019838|TAIUN,2019838,교체형,intermittent,36551.0,tsb,"{'alpha': 0.1, 'beta': 0.2}",1.240216089129994,6.925609855662148,1.3637909505691497,11,6,0.18468845042940835,3633.513425193376,0.08094051089776641,892.4492637536634,3569.797055014654,908.378356298344,908.378356298344,908.378356298344,908.378356298344,,TAIUN
sku_channel,sku_channel::1009011|TAIUN,1009011,교체형,lumpy,36215.0,tsb,"{'alpha': 0.1, 'beta': 0.2}",5.733744492799497e-05,0.0002626965620219153,2.0,11,6,,0.11159636765754216,2.4567427328431117e-06,0.017256888642687485,0.06902755457074994,0.02789909191438554,0.02789909191438554,0.02789909191438554,0.02789909191438554,,TAIUN
sku_channel,sku_channel::2019841|TAIUN,2019841,교체형,intermittent,35926.0,tsb,"{'alpha': 0.1, 'beta': 0.1}",0.7032287182550969,4.295128343786761,0.7773676195034374,11,6,-0.13666523781403517,9146.631827737854,0.14550687216734354,1973.5260039753632,7894.104015901453,2286.6579569344635,2286.6579569344635,2286.6579569344635,2286.6579569344635,,TAIUN
sku_channel,sku_channel::2018977|TAIUN,2018977,교체형,intermittent,35680.0,sba,{'alpha': 0.05},0.052712887927186564,0.332995969418231,2.0,11,6,-0.973981334748003,635.7884248210023,0.011933174224343675,157.86669451073985,631.4667780429594,158.94710620525058,158.94710620525058,158.94710620525058,158.94710620525058,,TAIUN
sku_channel,sku_channel::1007794|TAIUN,1007794,교체형,lumpy,35119.0,sba,{'alpha': 0.3},0.10980333059928474,0.9171893754188386,2.0,11,6,-0.46881816303738694,1718.2642857142857,0.021008403361344536,348.3635714285714,1393.4542857142856,429.56607142857143,429.56607142857143,429.56607142857143,429.56607142857143,,TAIUN
sku_channel,sku_channel::1008884|TAIUN,1008884,교체형,lumpy,34947.0,croston,{'alpha': 0.2},0.1927399427478304,0.9474812313180135,1.663304933942004,11,6,0.6494724946529103,1239.013601548776,0.1174884294116318,186.24132161959912,744.9652864783965,309.753400387194,309.753400387194,309.753400387194,309.753400387194,,TAIUN
sku_channel,sku_channel::2019710|TAIUN_AIR,2019710,교체형,intermittent,34760.0,tsb,"{'alpha': 0.2, 'beta': 0.05}",0.378775646943602,1.6132086956595455,0.8832815043295703,11,6,-0.42876322104264103,4025.087730161349,0.11473501009535908,992.1732944998196,3968.6931779992783,1006.2719325403373,1006.2719325403373,1006.2719325403373,1006.2719325403373,,TAIUN_AIR
sku_channel,sku_channel::1005681|TAIUN,1005681,교체형,lumpy,34468.0,sba,{'alpha': 0.05},0.061107963360207906,0.4518281262050135,1.5412016862141649,11,6,-0.01745379673941865,807.2318744703534,0.03644879400052851,178.78047346983402,715.1218938793361,201.80796861758836,201.80796861758836,201.80796861758836,201.80796861758836,,TAIUN
sku_channel,sku_channel::1005677|TAIUN,1005677,교체형,lumpy,34111.0,tsb,"{'alpha': 0.1, 'beta': 0.2}",0.03883497248399033,0.26545097082288527,2.0,11,6,-0.02056227436031988,106.21502356072983,0.003613768742012381,23.26985195894097,93.07940783576387,26.553755890182458,26.553755890182458,26.553755890182458,26.553755890182458,,TAIUN
sku_channel,sku_channel::2017381|TAIUN,2017381,교체형,lumpy,33847.0,tsb,"{'alpha': 0.1, 'beta': 0.2}",3.5171448975871774e-07,2.6127789628040294e-06,2.0,11,6,,0.0010373612768581149,9.220038439219733e-09,0.00021285306980475162,0.0008514122792190065,0.0002593403192145287,0.0002593403192145287,0.0002593403192145287,0.0002593403192145287,,TAIUN
sku_channel,sku_channel::2018698|TAIUN_AIR,2018698,교체형,intermittent,33799.0,tsb,"{'alpha': 0.1, 'beta': 0.2}",9.973551941158705e-08,5.873454554202045e-07,2.0,11,6,,0.00023286522842567582,4.2743564274641485e-09,5.7515398139443385e-05,0.00023006159255777354,5.8216307106418956e-05,5.8216307106418956e-05,5.8216307106418956e-05,5.8216307106418956e-05,,TAIUN_AIR
sku_channel,sku_channel::2018009|CUSTOMER_PICK_UP,2018009,교체형,intermittent,33781.0,tsb,"{'alpha': 0.1, 'beta': 0.2}",1.0029197043803118e-09,5.265856931121253e-09,2.0,11,6,,2.0866458094594553e-06,6.397669005802893e-11,4.939014547351646e-07,1.9756058189406584e-06,5.216614523648638e-07,5.216614523648638e-07,5.216614523648638e-07,5.216614523648638e-07,,CUSTOMER_PICK_UP
sku_channel,sku_channel::2018611|FEDEX,2018611,교체형,lumpy,33763.0,sba,{'alpha': 0.05},0.01180805925284355,0.07192027823142269,1.6920240297126725,11,6,-0.014746100281710611,89.73884356956722,0.010219201880333149,17.80038459327577,71.20153837310308,22.434710892391806,22.434710892391806,22.434710892391806,22.434710892391806,,FEDEX
sku_channel,sku_channel::2017906|TAIUN,2017906,교체형,lumpy,33536.0,tsb,"{'alpha': 0.1, 'beta': 0.2}",0.08036581819471707,0.44747679296377507,2.0,11,6,-0.15315039965272978,176.0309197755553,0.0028870986634096313,22.06047638624701,88.24190554498804,44.007729943888826,44.007729943888826,44.007729943888826,44.007729943888826,,TAIUN
sku_channel,sku_channel::2017631|DHL,2017631,교체형,lumpy,33104.0,sba,{'alpha': 0.15},0.19173218358413283,0.45434672844818863,0.8587443248007451,11,6,0.21370691055574212,1392.0553073248193,0.1917945906187238,246.92745425207787,987.7098170083115,348.0138268312048,348.0138268312048,348.0138268312048,348.0138268312048,,DHL
sku_channel,sku_channel::1008389|TAIUN,1008389,교체형,lumpy,32908.0,tsb,"{'alpha': 0.1, 'beta': 0.2}",9.766153868382477e-07,7.798316647966511e-06,2.0,11,6,,0.003010298308694916,2.4540424661309797e-07,0.0003259451841387772,0.0013037807365551088,0.000752574577173729,0.000752574577173729,0.000752574577173729,0.000752574577173729,,TAIUN
sku_channel,sku_channel::1008623|TAIUN,1008623,교체형,lumpy,32810.0,sba,{'alpha': 0.3},0.04416127610675718,0.23570489499639943,2.0,11,6,-0.6197881795748139,411.05902801167457,0.03222151180949019,84.93899272654147,339.7559709061659,102.76475700291864,102.76475700291864,102.76475700291864,102.76475700291864,,TAIUN
sku_channel,sku_channel::2018562|TAIUN,2018562,교체형,intermittent,32532.0,sba,{'alpha': 0.05},0.028136305934301758,0.18985209342711143,2.0,11,6,0.013652508966809486,330.50265168539335,0.008988764044943821,81.2938786516854,325.1755146067416,82.62566292134834,82.62566292134834,82.62566292134834,82.62566292134834,,TAIUN
sku_channel,sku_channel::2018969|TAIUN_AIR,2018969,교체형,intermittent,32519.0,tsb,"{'alpha': 0.1, 'beta': 0.2}",0.00011072563950836611,0.0004770156092273582,2.0,11,6,,0.18196042936763482,4.914284593760495e-06,0.045490107341908705,0.18196042936763482,0.045490107341908705,0.045490107341908705,0.045490107341908705,0.045490107341908705,,TAIUN_AIR
sku_channel,sku_channel::1006093|TAIUN,1006093,교체형,lumpy,32452.0,tsb,"{'alpha': 0.1, 'beta': 0.2}",4.5553314785834855e-07,3.660082225302834e-06,2.0,11,6,,0.0013932834865212366,1.0140936055383404e-07,0.0002834635009944991,0.0011338540039779964,0.00034832087163030916,0.00034832087163030916,0.00034832087163030916,0.00034832087163030916,,TAIUN
sku_channel,sku_channel::1007710|TAIUN,1007710,교체형,lumpy,32374.0,tsb,"{'alpha': 0.1, 'beta': 0.2}",0.018237426415620643,0.1121324462183362,2.0,11,6,-0.5847631037275749,42.5828612411538,0.0006045271876018784,6.744459799629367,26.97783919851747,10.64571531028845,10.64571531028845,10.64571531028845,10.64571531028845,,TAIUN
sku_channel,sku_channel::2017904|TAIUN,2017904,교체형,lumpy,32265.0,tsb,"{'alpha': 0.1, 'beta': 0.2}",0.08080780814222246,0.5511143454699164,2.0,11,6,-0.015442263621941295,208.58379540577536,0.0028868063630821646,17.868485380005843,71.47394152002337,52.14594885144384,52.14594885144384,52.14594885144384,52.14594885144384,,TAIUN
sku_channel,sku_channel::2018991|TAIUN_AIR,2018991,교체형,lumpy,32079.0,sba,{'alpha': 0.3},0.06828767356473345,0.37913513120283354,2.0,11,6,0.013652508966809557,650.8241270290675,0.023593808984522464,154.1254478104945,616.501791241978,162.70603175726689,162.70603175726689,162.70603175726689,162.70603175726689,,TAIUN_AIR
sku_channel,sku_channel::1009225|TAIUN,1009225,교체형,intermittent,31968.0,tsb,"{'alpha': 0.1, 'beta': 0.2}",3.7062886764535624e-06,2.2128811617244537e-05,2.0,11,6,,0.008298139635590111,1.0485074543594977e-07,0.00189516464166534,0.00758065856666136,0.002074534908897528,0.002074534908897528,0.002074534908897528,0.002074534908897528,,TAIUN
sku_channel,sku_channel::1007635|TAIUN,1007635,교체형,intermittent,31822.0,tsb,"{'alpha': 0.1, 'beta': 0.2}",0.001645171825374008,0.009552086229527508,2.0,11,6,-0.5847631037275749,3.565602175749183,6.490371073213552e-05,0.8843364240612102,3.5373456962448406,0.8914005439372957,0.8914005439372957,0.8914005439372957,0.8914005439372957,,TAIUN
sku_channel,sku_channel::1007914|TAIUN,1007914,교체형,intermittent,31697.0,tsb,"{'alpha': 0.1, 'beta': 0.2}",7.321877674743915e-09,3.4219010855709225e-08,2.0,11,6,,1.272309563919898e-05,3.0443359074361776e-10,3.17670667702741e-06,1.270682670810964e-05,3.180773909799745e-06,3.180773909799745e-06,3.180773909799745e-06,3.180773909799745e-06,,TAIUN
sku_channel,sku_channel::1007977|TAIUN,1007977,교체형,lumpy,31034.0,tsb,"{'alpha': 0.1, 'beta': 0.2}",7.956281125491265e-05,0.0004935971295740505,2.0,11,6,,0.17968737392005507,1.721101884514426e-05,0.03282167798738033,0.13128671194952132,0.04492184348001377,0.04492184348001377,0.04492184348001377,0.04492184348001377,,TAIUN
sku_channel,sku_channel::2017386|CUSTOMER_PICK_UP,2017386,교체형,intermittent,30991.0,tsb,"{'alpha': 0.1, 'beta': 0.2}",5.6566735690057305e-08,3.4939314044195685e-07,2.0,11,6,,0.00012701562358522666,1.5468657727437614e-09,2.8250904604666594e-05,0.00011300361841866638,3.1753905896306664e-05,3.1753905896306664e-05,3.1753905896306664e-05,3.1753905896306664e-05,,CUSTOMER_PICK_UP
sku_channel,sku_channel::1008804|TAIUN,1008804,교체형,intermittent,30951.0,sba,{'alpha': 0.05},0.3753885620281594,1.101167822479249,0.9333597934705669,11,6,-0.3988230245388947,1146.6948718936621,0.05268816673170364,272.5480543247929,1090.1922172991715,286.67371797341553,286.67371797341553,286.67371797341553,286.67371797341553,,TAIUN
sku_channel,sku_channel::2019241|DHL,2019241,교체형,intermittent,30780.0,tsb,"{'alpha': 0.1, 'beta': 0.2}",0.004780291821131458,0.016851342958292864,2.0,11,6,-0.5847631037275748,4.923970307110693,0.00031457088233101263,1.1462304013685547,4.584921605474219,1.2309925767776733,1.2309925767776733,1.2309925767776733,1.2309925767776733,,DHL
sku_channel,sku_channel::2019481|TAIUN,2019481,교체형,intermittent,30466.0,tsb,"{'alpha': 0.1, 'beta': 0.1}",0.6266226610992673,2.4023714511226597,0.8901585040341793,11,6,0.2616478974136054,3402.05790340548,0.1836169275572116,850.3692120931731,3401.4768483726925,850.51447585137,850.51447585137,850.51447585137,850.51447585137,,TAIUN
sku_channel,sku_channel::1009591|TAIUN,1009591,교체형,intermittent,30134.0,tsb,"{'alpha': 0.1, 'beta': 0.2}",0.006753403135907604,0.039197545802385415,2.0,11,6,-0.5847631037275749,13.85552035091939,0.0002025305553253726,3.278321592940741,13.113286371762964,3.4638800877298475,3.4638800877298475,3.4638800877298475,3.4638800877298475,,TAIUN
sku_channel,sku_channel::1008316|TAIUN,1008316,교체형,lumpy,29733.0,sba,{'alpha': 0.3},0.09959576027881088,0.5458171890785984,1.7045118245937365,11,6,-0.7856266625274971,860.5047260810253,0.047481599693078955,166.45673880229566,665.8269552091826,215.12618152025632,215.12618152025632,215.12618152025632,215.12618152025632,,TAIUN
sku_channel,sku_channel::2018272|FEDEX,2018272,교체형,lumpy,29570.0,sba,{'alpha': 0.05},0.07750162383791542,0.18865022120972894,2.0,11,6,0.009302642214704232,283.2049929534574,0.03862584146101754,62.913124454822785,251.65249781929114,70.80124823836435,70.80124823836435,70.80124823836435,70.80124823836435,,FEDEX
sku_channel,sku_channel::1007775|TAIUN,1007775,교체형,lumpy,29479.0,tsb,"{'alpha': 0.1, 'beta': 0.2}",0.0429533179969336,0.15110465234932527,2.0,11,6,-0.2964014525369749,52.25137981813623,0.00511167787176592,11.387858853257146,45.551435413028585,13.062844954534057,13.062844954534057,13.062844954534057,13.062844954534057,,TAIUN
sku_channel,sku_channel::2018782|FEDEX,2018782,교체형,lumpy,29210.0,sba,{'alpha': 0.3},0.7574457980603058,3.0752705432827345,1.6443750571997808,11,6,-0.034886717532382976,772.5875662489568,0.07441055767887615,181.3900420657542,725.5601682630167,193.1468915622392,193.1468915622392,193.1468915622392,193.1468915622392,,FEDEX
sku_channel,sku_channel::2018606|TAIUN,2018606,교체형,lumpy,28821.0,sba,{'alpha': 0.05},0.01063978186044404,0.04862324242286265,1.316857616145784,11,6,-0.9473368863183441,77.20805652754125,0.0154039221904249,15.63980135744697,62.55920542978788,19.30201413188531,19.30201413188531,19.30201413188531,19.30201413188531,,TAIUN
sku_channel,sku_channel::2016957|DHL,2016957,교체형,lumpy,28498.0,tsb,"{'alpha': 0.1, 'beta': 0.2}",0.004745035563961754,0.013285070356752,2.0,11,6,-0.5847631037275748,3.3582909075017637,0.0005828794938472196,0.6738110766885533,2.6952443067542133,0.8395727268754409,0.8395727268754409,0.8395727268754409,0.8395727268754409,,DHL
sku_channel,sku_channel::2017775|TAIUN,2017775,교체형,lumpy,28456.0,tsb,"{'alpha': 0.1, 'beta': 0.2}",0.004635684755026432,0.017451668479069073,2.0,11,6,-0.5847631037275749,5.825295850522559,0.0002978121731373103,0.7202066127224926,2.8808264508899706,1.4563239626306397,1.4563239626306397,1.4563239626306397,1.4563239626306397,,TAIUN
sku_channel,sku_channel::1008549|TAIUN,1008549,교체형,lumpy,28307.0,sba,{'alpha': 0.05},4.558562781614217,16.340653145861666,1.905520904307009,11,6,1.003476293891118,754.7461357080555,0.05750766786801174,154.09955325633214,616.3982130253286,188.68653392701387,188.68653392701387,188.68653392701387,188.68653392701387,,TAIUN
sku_channel,sku_channel::1009646|TAIUN,1009646,교체형,intermittent,28191.0,sba,{'alpha': 0.3},0.3626995641628449,1.0753741205397136,1.8576723723496869,11,6,0.6007842286098571,546.5120364209904,0.038347572426101366,132.71649217882089,530.8659687152835,136.6280091052476,136.6280091052476,136.6280091052476,136.6280091052476,,TAIUN
sku_channel,sku_channel::2018008|CUSTOMER_PICK_UP,2018008,교체형,lumpy,28100.0,tsb,"{'alpha': 0.1, 'beta': 0.2}",0.027847426027221216,0.1197850365737169,2.0,11,6,-0.3710693482212609,39.272772555206785,0.0018468125078245003,6.214228373517067,24.85691349406827,9.818193138801696,9.818193138801696,9.818193138801696,9.818193138801696,,CUSTOMER_PICK_UP
sku_channel,sku_channel::1008405|TAIUN,1008405,교체형,intermittent,27903.0,tsb,"{'alpha': 0.1, 'beta': 0.2}",4.046927686674189e-09,1.3081549696147962e-08,2.0,11,6,,4.281710253080588e-06,2.4371813267709856e-10,1.0566628481356287e-06,4.226651392542515e-06,1.070427563270147e-06,1.070427563270147e-06,1.070427563270147e-06,1.070427563270147e-06,,TAIUN
sku_channel,sku_channel::2018393|TAIUN,2018393,교체형,intermittent,27861.0,tsb,"{'alpha': 0.1, 'beta': 0.2}",4.8429246022305e-07,2.712543702420842e-06,2.0,11,6,,0.0008865038470099709,2.3102714954909402e-08,0.00021605109181215348,0.0008642043672486139,0.00022162596175249273,0.00022162596175249273,0.00022162596175249273,0.00022162596175249273,,TAIUN
sku_channel,sku_channel::2018096|FEDEX,2018096,교체형,lumpy,27699.0,sba,{'alpha': 0.05},0.03517747881311476,0.1286911025566235,2.0,11,6,0.01363284255911547,179.4685658182296,0.05438185231209665,22.856119547760773,91.4244781910431,44.8671414545574,44.8671414545574,44.8671414545574,44.8671414545574,,FEDEX
sku_channel,sku_channel::1005682|TAIUN,1005682,교체형,lumpy,27340.0,tsb,"{'alpha': 0.2, 'beta': 0.05}",1.5517826762611928,6.606850720467932,1.880819123300074,11,6,-0.7188167189646089,2715.8680463528713,0.14558878338185308,495.8070044117104,1983.2280176468416,678.9670115882178,678.9670115882178,678.9670115882178,678.9670115882178,,TAIUN
sku_channel,sku_channel::2018979|TAIUN,2018979,교체형,intermittent,27306.0,croston,{'alpha': 0.1},0.3529670673233283,2.4403176110686204,1.7197826598051253,11,6,0.0016080045654802701,913.6073478760048,0.011481056257175661,196.15889781859934,784.6355912743974,228.4018369690012,228.4018369690012,228.4018369690012,228.4018369690012,,TAIUN
sku_channel,sku_channel::1005673|TAIUN,1005673,교체형,intermittent,27134.0,sba,{'alpha': 0.05},0.8757918038139747,3.4566322180286093,1.8736045275047648,11,6,5.0,1005.4665242273938,0.05151510761023025,248.8128777787973,995.2515111151891,251.36663105684846,251.36663105684846,251.36663105684846,251.36663105684846,,TAIUN
sku_channel,sku_channel::1005910|TAIUN,1005910,교체형,lumpy,27075.0,tsb,"{'alpha': 0.1, 'beta': 0.2}",0.0010087207634430209,0.008134097414985837,2.0,11,6,-0.5847631037275748,2.5833605004684226,2.6591461662052726e-05,0.5172039293269255,2.068815717307702,0.6458401251171056,0.6458401251171056,0.6458401251171056,0.6458401251171056,,TAIUN
sku_channel,sku_channel::1008398|TAIUN,1008398,교체형,lumpy,26973.0,tsb,"{'alpha': 0.1, 'beta': 0.2}",4.0483616964461446e-07,2.3598732216751596e-06,2.0,11,6,,0.0007466638150165507,8.137225902589005e-08,6.422327658482697e-05,0.00025689310633930786,0.00018666595375413768,0.00018666595375413768,0.00018666595375413768,0.00018666595375413768,,TAIUN
sku_channel,sku_channel::2019462|TAIUN,2019462,교체형,lumpy,26790.0,sba,{'alpha': 0.05},0.01941989598020961,0.0613961211602649,1.6850718261120958,11,6,-0.9628401307470452,95.0181320629361,0.021323138554563262,22.332610249729786,89.33044099891914,23.754533015734026,23.754533015734026,23.754533015734026,23.754533015734026,,TAIUN
sku_channel,sku_channel::2018097|DHL,2018097,교체형,lumpy,26462.0,tsb,"{'alpha': 0.1, 'beta': 0.2}",0.00045946992281427064,0.0011028667870943666,2.0,11,6,-0.5847631037275749,0.21542526740463253,5.70779344548231e-05,0.03494089946754565,0.1397635978701826,0.05385631685115813,0.05385631685115813,0.05385631685115813,0.05385631685115813,,DHL
sku_channel,sku_channel::1009651|TAIUN,1009651,교체형,lumpy,26356.0,sba,{'alpha': 0.2},0.14513316806477564,0.5191487182696933,1.9165320178832805,11,6,-0.40267804716174477,397.3557451330567,0.023061709444600228,72.2803558514014,289.1214234056056,99.33893628326418,99.33893628326418,99.33893628326418,99.33893628326418,,TAIUN
sku_channel,sku_channel::1008768|TAIUN,1008768,교체형,lumpy,26226.0,sba,{'alpha': 0.3},0.09460337314497676,0.6471792845831028,1.5012791527289098,11,6,-0.14286625250958343,987.3698246695031,0.06938835552372945,74.58797773882777,298.3519109553111,246.8424561673758,246.8424561673758,246.8424561673758,246.8424561673758,,TAIUN
sku_channel,sku_channel::1006937|TAIUN,1006937,교체형,lumpy,25957.0,tsb,"{'alpha': 0.1, 'beta': 0.2}",8.590653294681934e-08,3.5026993706197503e-07,2.0,11,6,,0.00010665090420286008,5.8655082341676926e-09,2.46100108520849e-05,9.84400434083396e-05,2.666272605071502e-05,2.666272605071502e-05,2.666272605071502e-05,2.666272605071502e-05,,TAIUN
sku_channel,sku_channel::1007871|TAIUN_AIR,1007871,교체형,lumpy,25765.0,tsb,"{'alpha': 0.1, 'beta': 0.2}",1.3319879957186637e-07,4.695550235303347e-07,2.0,11,6,,0.00014191353503831153,1.5644365577623764e-08,3.1008463884172284e-05,0.00012403385553668914,3.547838375957788e-05,3.547838375957788e-05,3.547838375957788e-05,3.547838375957788e-05,,TAIUN_AIR
sku_channel,sku_channel::1009054|TAIUN,1009054,교체형,intermittent,25765.0,tsb,"{'alpha': 0.1, 'beta': 0.2}",5.099842992033822e-07,3.408624468457467e-06,2.0,11,6,,0.001030187994369597,1.3484347847997574e-08,0.00021982129924414255,0.0008792851969765702,0.00025754699859239924,0.00025754699859239924,0.00025754699859239924,0.00025754699859239924,,TAIUN
sku_channel,sku_channel::1009085|TAIUN,1009085,교체형,intermittent,25225.0,sba,{'alpha': 0.3},0.07933596236015844,0.4435408186628627,2.0,11,6,-0.9572926509195304,598.7059344894027,0.01926782273603083,143.07301541425818,572.2920616570327,149.67648362235067,149.67648362235067,149.67648362235067,149.67648362235067,,TAIUN
sku_channel,sku_channel::2016728|TAIUN_AIR,2016728,교체형,intermittent,25000.0,tsb,"{'alpha': 0.1, 'beta': 0.2}",1.9087132314053618e-08,1.1139989782412792e-07,2.0,11,6,,3.2668709688906755e-05,7.778264211644465e-10,8.089394780110244e-06,3.2357579120440976e-05,8.167177422226689e-06,8.167177422226689e-06,8.167177422226689e-06,8.167177422226689e-06,,TAIUN_AIR
sku_channel,sku_channel::2019221|TAIUN_AIR,2019221,교체형,lumpy,24943.0,sba,{'alpha': 0.05},0.026426574430963256,0.17887501836835865,2.0,11,6,-0.13035435733468176,238.7520847176974,0.011951343689571022,54.27151004854039,217.08604019416157,59.68802117942435,59.68802117942435,59.68802117942435,59.68802117942435,,TAIUN_AIR
sku_channel,sku_channel::1008888|TAIUN,1008888,교체형,lumpy,24789.0,sba,{'alpha': 0.05},0.027104144740201116,0.21980124579843494,2.0,11,6,0.01360790538232048,291.56672011223566,0.04008417677121956,56.24127116945585,224.9650846778234,72.89168002805891,72.89168002805891,72.89168002805891,72.89168002805891,,TAIUN
sku_channel,sku_channel::1008097|TAIUN_AIR,1008097,교체형,lumpy,24678.0,tsb,"{'alpha': 0.1, 'beta': 0.2}",1.394588988115532e-08,1.0371747640544976e-07,2.0,11,6,,3.0024036646143086e-05,1.809985329523938e-09,6.764639170562766e-06,2.7058556682251065e-05,7.5060091615357715e-06,7.5060091615357715e-06,7.5060091615357715e-06,7.5060091615357715e-06,,TAIUN_AIR
sku_channel,sku_channel::1008878|TAIUN,1008878,교체형,lumpy,24472.0,tsb,"{'alpha': 0.1, 'beta': 0.2}",3.0285332695559926e-09,2.3609233889387584e-08,2.0,11,6,,6.7773285371480994e-06,7.958496797906137e-11,1.3700934245441713e-06,5.480373698176685e-06,1.6943321342870249e-06,1.6943321342870249e-06,1.6943321342870249e-06,1.6943321342870249e-06,,TAIUN
sku_channel,sku_channel::2019709|TAIUN_AIR,2019709,교체형,intermittent,23995.0,sba,{'alpha': 0.05},0.032025266170745414,0.12923630340965556,0.8509979916204884,11,6,-0.9518664503607991,298.92752003811466,0.009557319305737213,59.55211220937986,238.20844883751943,74.73188000952867,74.73188000952867,74.73188000952867,74.73188000952867,,TAIUN_AIR
sku_channel,sku_channel::1008745|CUSTOMER_PICK_UP,1008745,교체형,lumpy,23965.0,tsb,"{'alpha': 0.1, 'beta': 0.2}",3.7800344317864684e-05,0.00021294874388696157,2.0,11,6,,0.05986316801217016,7.011567890565613e-06,0.011895865347913807,0.04758346139165523,0.01496579200304254,0.01496579200304254,0.01496579200304254,0.01496579200304254,,CUSTOMER_PICK_UP
sku_channel,sku_channel::2018097|FEDEX,2018097,교체형,lumpy,23789.0,tsb,"{'alpha': 0.1, 'beta': 0.2}",4.014287965778257e-05,0.00010975976078194661,2.0,11,6,,0.017095546811077965,8.239446424278395e-06,0.002612437705203014,0.010449750820812056,0.004273886702769491,0.004273886702769491,0.004273886702769491,0.004273886702769491,,FEDEX
sku_channel,sku_channel::2018608|TAIUN,2018608,교체형,lumpy,23528.0,sba,{'alpha': 0.05},0.01106256944759521,0.08761962020768782,2.0,11,6,-0.9991382063594086,110.31515313693532,0.009730702800009733,23.892350451261347,95.56940180504539,27.57878828423383,27.57878828423383,27.57878828423383,27.57878828423383,,TAIUN
sku_channel,sku_channel::1008985|TAIUN_AIR,1008985,교체형,intermittent,23262.0,tsb,"{'alpha': 0.1, 'beta': 0.2}",3.942487059657395e-06,2.650167875816119e-05,2.0,11,6,,0.007231487121553163,3.065124581038776e-07,0.0017200130493973955,0.006880052197589582,0.0018078717803882908,0.0018078717803882908,0.0018078717803882908,0.0018078717803882908,,TAIUN_AIR
sku_channel,sku_channel::1009097|TAIUN,1009097,교체형,lumpy,23108.0,sba,{'alpha': 0.05},0.015789595883583696,0.12760232490275839,2.0,11,6,-0.9992104846851279,139.54088869957064,0.017935410104361667,24.873026096021707,99.49210438408683,34.88522217489266,34.88522217489266,34.88522217489266,34.88522217489266,,TAIUN
sku_channel,sku_channel::2018610|FEDEX,2018610,교체형,lumpy,22662.0,tsb,"{'alpha': 0.1, 'beta': 0.2}",0.0057000023375119715,0.04540266156135961,2.0,11,6,-0.288524013384489,12.069429105622586,0.0011805920950018179,2.4993606888026485,9.997442755210594,3.0173572764056464,3.0173572764056464,3.0173572764056464,3.0173572764056464,,FEDEX
sku_channel,sku_channel::2017909|TAIUN,2017909,교체형,lumpy,22635.0,tsb,"{'alpha': 0.1, 'beta': 0.2}",6.658769865230069e-05,0.00043940388109918026,2.0,11,6,,0.11666795025087022,1.940406507101647e-06,0.020415598983168557,0.08166239593267423,0.029166987562717555,0.029166987562717555,0.029166987562717555,0.029166987562717555,,TAIUN
sku_channel,sku_channel::2017682|DHL,2017682,교체형,intermittent,22631.0,tsb,"{'alpha': 0.1, 'beta': 0.2}",0.0014134852475942614,0.004707425107861863,2.0,11,6,-0.5847631037275748,1.1572300783461698,8.458243604468694e-05,0.2587050644011954,1.0348202576047816,0.28930751958654244,0.28930751958654244,0.28930751958654244,0.28930751958654244,,DHL
sku_channel,sku_channel::2019334|TAIUN,2019334,교체형,lumpy,22589.0,sba,{'alpha': 0.3},0.39519149376014756,1.4478987311897018,1.373515208219709,11,6,5.0,981.7028728593997,0.12482302177253958,206.8193699060365,827.277479624146,245.42571821484992,245.42571821484992,245.42571821484992,245.42571821484992,,TAIUN
sku_channel,sku_channel::1006362|TAIUN_AIR,1006362,교체형,intermittent,22526.0,tsb,"{'alpha': 0.1, 'beta': 0.2}",1.047948574884461e-08,6.043615548722978e-08,2.0,11,6,,1.596938127689284e-05,3.2240533951572396e-10,3.829853028107285e-06,1.531941211242914e-05,3.99234531922321e-06,3.99234531922321e-06,3.99234531922321e-06,3.99234531922321e-06,,TAIUN_AIR
sku_channel,sku_channel::2018129|TAIUN,2018129,교체형,intermittent,22130.0,tsb,"{'alpha': 0.1, 'beta': 0.2}",1.1574701883477391e-09,5.068540009806882e-09,2.0,11,6,,1.3157442275774245e-06,1.1805961450111178e-10,3.275845104275474e-07,1.3103380417101897e-06,3.289360568943561e-07,3.289360568943561e-07,3.289360568943561e-07,3.289360568943561e-07,,TAIUN
sku_channel,sku_channel::1009100|TAIUN,1009100,교체형,intermittent,22000.0,tsb,"{'alpha': 0.1, 'beta': 0.2}",4.8599162127158144e-08,2.7928232470457356e-07,2.0,11,6,,7.2073118211027e-05,1.5269728434539617e-09,1.7468569329113323e-05,6.987427731645329e-05,1.801827955275675e-05,1.801827955275675e-05,1.801827955275675e-05,1.801827955275675e-05,,TAIUN
sku_channel,sku_channel::1009778|TAIUN,1009778,교체형,intermittent,21990.0,sba,{'alpha': 0.05},0.023535080231891173,0.12432911535903853,2.0,11,6,-0.017513273899678293,146.30085601312413,0.008412905396878813,36.21955001472258,144.87820005889031,36.57521400328103,36.57521400328103,36.57521400328103,36.57521400328103,,TAIUN
sku_channel,sku_channel::2019731|TAIUN,2019731,교체형,intermittent,21892.0,sba,{'alpha': 0.05},0.02384600058422744,0.11124603623195527,2.0,11,6,-0.9505349114351835,130.3223130536436,0.010021548835383283,30.498336923970772,121.99334769588309,32.5805782634109,32.5805782634109,32.5805782634109,32.5805782634109,,TAIUN
sku_channel,sku_channel::2016877|CUSTOMER_PICK_UP,2016877,교체형,lumpy,21739.0,sba,{'alpha': 0.3},0.06770044819484104,0.12449526741358719,2.0,11,6,0.3827854340098717,129.12865649645806,0.152960122059386,29.50626820741207,118.02507282964828,32.282164124114516,32.282164124114516,32.282164124114516,32.282164124114516,,CUSTOMER_PICK_UP
sku_channel,sku_channel::1009081|TAIUN,1009081,교체형,lumpy,21555.0,sba,{'alpha': 0.05},0.04220328457936212,0.2765884051931337,2.0,11,6,-0.6181456970833742,319.0294621505283,0.017392060524370628,76.08893386668986,304.3557354667594,79.75736553763207,79.75736553763207,79.75736553763207,79.75736553763207,,TAIUN
sku_channel,sku_channel::1008887|TAIUN,1008887,교체형,intermittent,21532.0,tsb,"{'alpha': 0.1, 'beta': 0.2}",0.07661640842906844,0.38732924936852703,2.0,11,6,-0.21510578819412532,97.82995318832587,0.0036028832356037764,23.811275159943577,95.24510063977431,24.45748829708147,24.45748829708147,24.45748829708147,24.45748829708147,,TAIUN
sku_channel,sku_channel::1006403|TAIUN,1006403,교체형,lumpy,21445.0,tsb,"{'alpha': 0.1, 'beta': 0.2}",2.5921263723466744e-11,1.6448535848746634e-10,2.0,11,6,,4.137714074581628e-08,4.981661300895349e-12,6.923530809965041e-09,2.7694123239860165e-08,1.034428518645407e-08,1.034428518645407e-08,1.034428518645407e-08,1.034428518645407e-08,,TAIUN
sku_channel,sku_channel::2018957|TAIUN,2018957,교체형,intermittent,21380.0,tsb,"{'alpha': 0.1, 'beta': 0.2}",0.003637125620795392,0.012913170557080864,2.0,11,6,-0.5847631037275748,3.238528836649109,0.0002619892245110271,0.7684844435498,3.0739377741992,0.8096322091622773,0.8096322091622773,0.8096322091622773,0.8096322091622773,,TAIUN
sku_channel,sku_channel::2019307|TAIUN,2019307,교체형,lumpy,21358.0,sba,{'alpha': 0.05},0.025873448156583184,0.13303197073165238,2.0,11,6,0.013652508966809557,152.04263977988663,0.011973094063021578,37.770448847350224,151.0817953894009,38.01065994497166,38.01065994497166,38.01065994497166,38.01065994497166,,TAIUN
sku_channel,sku_channel::2017466|DHL,2017466,교체형,intermittent,21340.0,tsb,"{'alpha': 0.1, 'beta': 0.2}",1.5772000435378748e-12,5.215804465896243e-12,2.0,11,6,,9.708467341923643e-10,1.6309503606897526e-13,2.30074411822628e-10,9.20297647290512e-10,2.4271168354809107e-10,2.4271168354809107e-10,2.4271168354809107e-10,2.4271168354809107e-10,,DHL
sku_channel,sku_channel::2018097|TAIUN,2018097,교체형,erratic,21277.0,tsb,"{'alpha': 0.1, 'beta': 0.2}",2.3897262867682037e-05,0.00010360675006986906,2.0,11,6,,0.024422113310745685,6.660990674506808e-05,0.002420634593330201,0.009682538373320804,0.006105528327686421,0.006105528327686421,0.006105528327686421,0.006105528327686421,,TAIUN
sku_channel,sku_channel::2018356|DHL,2018356,교체형,lumpy,21269.0,tsb,"{'alpha': 0.1, 'beta': 0.2}",0.4435018210632569,1.1250230765290514,0.3780890832789617,11,6,-0.044123589252361275,2266.3732617005726,0.5645268425242416,399.1562290611543,1596.6249162446172,566.5933154251431,566.5933154251431,566.5933154251431,566.5933154251431,,DHL
sku_channel,sku_channel::2018194|CUSTOMER_PICK_UP,2018194,교체형,intermittent,21246.0,tsb,"{'alpha': 0.1, 'beta': 0.2}",7.616919914415115e-07,4.626537606988707e-06,2.0,11,6,,0.0011530295941199965,2.1126115718306078e-08,0.000259531796465504,0.001038127185862016,0.00028825739852999914,0.00028825739852999914,0.00028825739852999914,0.00028825739852999914,,CUSTOMER_PICK_UP
sku_channel,sku_channel::2019839|TAIUN,2019839,교체형,lumpy,21081.0,sba,{'alpha': 0.3},0.22538766247515765,0.9430906426538018,1.8823408246084228,11,6,-0.39046523168804975,294.8440402284579,0.02069365118781558,62.33612304444997,249.34449217779988,73.71101005711448,73.71101005711448,73.71101005711448,73.71101005711448,,TAIUN
sku_channel,sku_channel::2019702|TAIUN,2019702,교체형,intermittent,21000.0,sba,{'alpha': 0.05},0.047759658319721454,0.20004038871071517,2.0,11,6,-0.9217944862672532,224.7945505244157,0.010337324337362975,56.19863763110393,224.7945505244157,56.19863763110393,56.19863763110393,56.19863763110393,56.19863763110393,,TAIUN
sku_channel,sku_channel::2018334|TAIUN,2018334,교체형,intermittent,20939.0,tsb,"{'alpha': 0.1, 'beta': 0.2}",5.853191214241351e-06,2.762845851616713e-05,2.0,11,6,,0.006786092453000882,2.3730051966919943e-07,0.0016882175950617986,0.006752870380247194,0.0016965231132502205,0.0016965231132502205,0.0016965231132502205,0.0016965231132502205,,TAIUN
sku_channel,sku_channel::1006683|TAIUN,1006683,교체형,intermittent,20784.0,tsb,"{'alpha': 0.1, 'beta': 0.2}",1.7265345178306759e-12,1.1698792006140544e-11,2.0,11,6,,2.8521826504732006e-09,4.552827697159295e-14,6.050835488700224e-10,2.4203341954800897e-09,7.130456626183002e-10,7.130456626183002e-10,7.130456626183002e-10,7.130456626183002e-10,,TAIUN
sku_channel,sku_channel::2016910|TAIUN_AIR,2016910,교체형,lumpy,20619.0,tsb,"{'alpha': 0.1, 'beta': 0.2}",5.908014483179296e-07,2.1723134330762464e-06,2.0,11,6,,0.0005254087084639458,4.338714245819627e-08,8.354432871779963e-05,0.0003341773148711985,0.00013135217711598645,0.00013135217711598645,0.00013135217711598645,0.00013135217711598645,,TAIUN_AIR
sku_channel,sku_channel::1008945|TAIUN,1008945,교체형,lumpy,20419.0,croston,{'alpha': 0.2},0.5231601697955008,1.76304509479222,1.9660530519090773,11,6,-0.4937413344973163,420.9873473917869,0.027746947835738063,97.18965593784684,388.75862375138735,105.24683684794672,105.24683684794672,105.24683684794672,105.24683684794672,,TAIUN
sku_channel,sku_channel::2019307|DHL,2019307,교체형,lumpy,20400.0,sba,{'alpha': 0.05},0.06844861584940345,0.2966769065370205,1.688163236893254,11,6,-0.07483228127484519,225.72214598712517,0.01406422888126838,53.20492431004483,212.81969724017932,56.43053649678129,56.43053649678129,56.43053649678129,56.43053649678129,,DHL
sku_channel,sku_channel::2018708|FEDEX,2018708,교체형,lumpy,20107.0,tsb,"{'alpha': 0.1, 'beta': 0.2}",6.107048780199428e-06,2.081945710748281e-05,2.0,11,6,,0.004258418584370009,5.549916886072954e-07,0.0009302010618917531,0.0037208042475670123,0.0010646046460925022,0.0010646046460925022,0.0010646046460925022,0.0010646046460925022,,FEDEX
sku_channel,sku_channel::1008180|TAIUN_AIR,1008180,교체형,lumpy,20099.0,tsb,"{'alpha': 0.1, 'beta': 0.2}",2.7377768202184177e-06,2.2119953439596676e-05,2.0,11,6,,0.005215138409309522,6.397686845906965e-07,0.0010475060626540394,0.004190024250616158,0.0013037846023273806,0.0013037846023273806,0.0013037846023273806,0.0013037846023273806,,TAIUN_AIR
sku_channel,sku_channel::2017272|FEDEX,2017272,교체형,lumpy,20002.0,tsb,"{'alpha': 0.1, 'beta': 0.2}",5.561520589536531e-09,1.6700467036066816e-08,2.0,11,6,,3.177899758492566e-06,1.1517742644466727e-09,6.213979947162499e-07,2.4855919788649997e-06,7.944749396231415e-07,7.944749396231415e-07,7.944749396231415e-07,7.944749396231415e-07,,FEDEX
sku_channel,sku_channel::1009641|TAIUN,1009641,교체형,intermittent,20000.0,tsb,"{'alpha': 0.1, 'beta': 0.2}",0.030530297228398874,0.2037642195176359,2.0,11,6,-0.5093605318778157,47.80409506599421,0.0008075016058444968,10.20682029787444,40.82728119149776,11.951023766498553,11.951023766498553,11.951023766498553,11.951023766498553,,TAIUN
sku_channel,sku_channel::2019297|DHL,2019297,교체형,lumpy,19707.0,croston,{'alpha': 0.2},0.08925395330854502,0.353190909792054,1.3059972277193106,11,6,1.9865062831916633,359.3530194510654,0.03794103877586302,87.28958834762103,349.15835339048414,89.83825486276635,89.83825486276635,89.83825486276635,89.83825486276635,,DHL
sku_channel,sku_channel::2019524|DHL,2019524,교체형,lumpy,19573.0,sba,{'alpha': 0.2},0.10122989239297457,0.379601650489025,1.1134418328230544,11,6,0.3068715316116063,270.29766805361623,0.14370278639352072,59.812499385892,239.249997543568,67.57441701340406,67.57441701340406,67.57441701340406,67.57441701340406,,DHL
sku_channel,sku_channel::2016990|DHL,2016990,교체형,lumpy,19480.0,tsb,"{'alpha': 0.2, 'beta': 0.05}",0.24880021580143802,1.0769437957127586,1.4131650014114125,11,6,0.3747111379690777,783.6570753904521,0.11276387800213386,161.18082935649815,644.7233174259926,195.91426884761302,195.91426884761302,195.91426884761302,195.91426884761302,,DHL
sku_channel,sku_channel::1008056|TAIUN_AIR,1008056,교체형,lumpy,19399.0,tsb,"{'alpha': 0.1, 'beta': 0.2}",0.0010091575584828105,0.00808437825643464,2.0,11,6,-0.5847631037275749,1.8396412907354256,2.6584565383837846e-05,0.36898632384936186,1.4759452953974475,0.4599103226838564,0.4599103226838564,0.4599103226838564,0.4599103226838564,,TAIUN_AIR
sku_channel,sku_channel::2019402|TAIUN,2019402,교체형,intermittent,19381.0,sba,{'alpha': 0.05},0.05059086497955363,0.25432627489949206,2.0,11,6,-0.9391471945344312,263.7644165258625,0.010900964735379081,65.66747492778111,262.66989971112446,65.94110413146562,65.94110413146562,65.94110413146562,65.94110413146562,,TAIUN
sku_channel,sku_channel::1009650|TAIUN,1009650,교체형,lumpy,19371.0,croston,{'alpha': 0.1},0.420910659096118,2.734048460081898,1.825464141420549,11,6,0.04930710219136232,440.35900632178806,0.008903926631644556,80.61212714807233,322.44850859228933,110.08975158044701,110.08975158044701,110.08975158044701,110.08975158044701,,TAIUN
sku_channel,sku_channel::2018097|CUSTOMER_PICK_UP,2018097,교체형,lumpy,18832.0,tsb,"{'alpha': 0.1, 'beta': 0.2}",0.000828914240954119,0.0019253907691863525,2.0,11,6,-0.5847631037275748,0.39185513733445027,0.00014930410482975906,0.0741122721064384,0.2964490884257536,0.09796378433361257,0.09796378433361257,0.09796378433361257,0.09796378433361257,,CUSTOMER_PICK_UP
sku_channel,sku_channel::2018605|TAIUN,2018605,교체형,intermittent,18166.0,tsb,"{'alpha': 0.1, 'beta': 0.2}",0.014218436418803361,0.08782470593357194,2.0,11,6,-0.5104095248945049,18.714713998217288,0.0007629192348358481,4.566132654031337,18.26453061612535,4.678678499554322,4.678678499554322,4.678678499554322,4.678678499554322,,TAIUN
sku_channel,sku_channel::2019437|TAIUN,2019437,교체형,lumpy,18095.0,sba,{'alpha': 0.05},0.022717955425801562,0.07213111107346028,1.4566558471570479,11,6,-0.961872033147832,82.35945160745884,0.022516162832562827,18.58339088313711,74.33356353254844,20.58986290186471,20.58986290186471,20.58986290186471,20.58986290186471,,TAIUN
sku_channel,sku_channel::2017666|FEDEX,2017666,교체형,lumpy,18055.0,tsb,"{'alpha': 0.1, 'beta': 0.2}",1.903373006544547e-05,4.432404114545817e-05,2.0,11,6,,0.007437626954549543,2.8680109442442434e-06,0.0017613479734129112,0.007045391893651645,0.0018594067386373857,0.0018594067386373857,0.0018594067386373857,0.0018594067386373857,,FEDEX
sku_channel,sku_channel::1007709|TAIUN,1007709,교체형,lumpy,18035.0,tsb,"{'alpha': 0.1, 'beta': 0.2}",7.958437815001215e-09,6.215723627619303e-08,2.0,11,6,,1.3149675116597225e-05,1.4882403603325164e-09,2.286011605488762e-06,9.144046421955048e-06,3.287418779149306e-06,3.287418779149306e-06,3.287418779149306e-06,3.287418779149306e-06,,TAIUN
sku_channel,sku_channel::2018361|TAIUN,2018361,교체형,intermittent,18000.0,tsb,"{'alpha': 0.1, 'beta': 0.1}",0.5040804005509165,2.275383420629214,0.7417655446287066,11,6,0.16386394184805023,2058.512199775797,0.17043034128718207,495.9914921241959,1983.9659684967835,514.6280499439492,514.6280499439492,514.6280499439492,514.6280499439492,,TAIUN
sku_channel,sku_channel::1008606|TAIUN,1008606,교체형,lumpy,17845.0,tsb,"{'alpha': 0.1, 'beta': 0.2}",1.1478267489076014e-06,6.504996503797455e-06,2.0,11,6,,0.0013616666478482296,1.9406132542930755e-07,0.0002466656356471589,0.0009866625425886356,0.0003404166619620574,0.0003404166619620574,0.0003404166619620574,0.0003404166619620574,,TAIUN
sku_channel,sku_channel::2018336|DHL,2018336,교체형,lumpy,17798.0,sba,{'alpha': 0.05},0.01274779018742537,0.03593393420308825,0.7348425506535191,11,6,-0.7293332434288561,67.4022158908984,0.030494632686904145,12.03887979956786,48.15551919827144,16.8505539727246,16.8505539727246,16.8505539727246,16.8505539727246,,DHL
sku_channel,sku_channel::1008899|TAIUN,1008899,교체형,lumpy,17797.0,tsb,"{'alpha': 0.1, 'beta': 0.2}",0.000542062056926732,0.002728974956861758,2.0,11,6,-0.5847631037275749,0.5697095913543836,6.538261571901346e-05,0.1402736944768116,0.5610947779072464,0.1424273978385959,0.1424273978385959,0.1424273978385959,0.1424273978385959,,TAIUN
sku_channel,sku_channel::1007932|TAIUN_AIR,1007932,교체형,intermittent,17762.0,tsb,"{'alpha': 0.1, 'beta': 0.2}",1.0341359012169995e-12,4.965393416130907e-12,2.0,11,6,,1.0345529183699154e-09,5.3012129824134544e-14,2.541572202827044e-10,1.0166288811308175e-09,2.5863822959247884e-10,2.5863822959247884e-10,2.5863822959247884e-10,2.5863822959247884e-10,,TAIUN_AIR
sku_channel,sku_channel::1008605|TAIUN,1008605,교체형,lumpy,17677.0,tsb,"{'alpha': 0.1, 'beta': 0.2}",7.068233174408044e-08,4.776686330109149e-07,2.0,11,6,,9.904725996857082e-05,1.3674343098217056e-08,1.5187039954771129e-05,6.0748159819084516e-05,2.4761814992142704e-05,2.4761814992142704e-05,2.4761814992142704e-05,2.4761814992142704e-05,,TAIUN
sku_channel,sku_channel::2020251|TAIUN,2020251,교체형,intermittent,17468.0,sba,{'alpha': 0.05},0.047152843871387635,0.28883829461129307,2.0,11,6,-0.9519943543361921,269.9894223555889,0.007501875468867216,65.97144036009001,263.88576144036006,67.49735558889722,67.49735558889722,67.49735558889722,67.49735558889722,,TAIUN
sku_channel,sku_channel::2017778|TAIUN,2017778,교체형,lumpy,17292.0,tsb,"{'alpha': 0.1, 'beta': 0.2}",0.0031290846583488722,0.014617713412843273,2.0,11,6,-0.5847631037275749,2.965048832517652,0.0002267577135247199,0.6666065438831104,2.6664261755324414,0.741262208129413,0.741262208129413,0.741262208129413,0.741262208129413,,TAIUN
sku_channel,sku_channel::1008981|TAIUN_AIR,1008981,교체형,lumpy,17212.0,tsb,"{'alpha': 0.1, 'beta': 0.2}",1.4856942678855127e-06,1.1479352644903977e-05,2.0,11,6,,0.002317693033504531,2.453935534372916e-07,0.000502801575250873,0.002011206301003492,0.0005794232583761328,0.0005794232583761328,0.0005794232583761328,0.0005794232583761328,,TAIUN_AIR
sku_channel,sku_channel::1008909|TAIUN_AIR,1008909,교체형,intermittent,17078.0,tsb,"{'alpha': 0.1, 'beta': 0.2}",8.844729679549912e-05,0.0006134175852554932,2.0,11,6,,0.12288543513116557,2.324733922269496e-06,0.025829653663551916,0.10331861465420766,0.03072135878279139,0.03072135878279139,0.03072135878279139,0.03072135878279139,,TAIUN_AIR
sku_channel,sku_channel::2018060|TAIUN,2018060,교체형,lumpy,16688.0,tsb,"{'alpha': 0.1, 'beta': 0.2}",8.69042870737263e-06,6.247859893905358e-05,2.0,11,6,,0.012230458927981695,9.353936404782867e-07,0.002820249241787653,0.011280996967150613,0.0030576147319954236,0.0030576147319954236,0.0030576147319954236,0.0030576147319954236,,TAIUN
sku_channel,sku_channel::1009976|TAIUN,1009976,교체형,intermittent,16674.0,croston,{'alpha': 0.1},0.21763628152487646,1.180827396200235,1.936645670274971,10,6,,373.29870129870125,0.007639419404125286,79.98899923605805,319.9559969442322,93.32467532467531,93.32467532467531,93.32467532467531,93.32467532467531,,TAIUN
sku_channel,sku_channel::2018332|TAIUN_AIR,2018332,교체형,intermittent,16581.0,tsb,"{'alpha': 0.1, 'beta': 0.2}",1.9147106553989641,11.551516193693226,1.6777611057537396,11,6,-0.4592737359360525,1419.7200771829043,0.1034597401907317,346.6532400804676,1386.6129603218703,354.9300192957261,354.9300192957261,354.9300192957261,354.9300192957261,,TAIUN_AIR
sku_channel,sku_channel::2018968|TAIUN_AIR,2018968,교체형,intermittent,16521.0,tsb,"{'alpha': 0.1, 'beta': 0.2}",6.542233128692333e-06,4.10993654967022e-05,2.0,11,6,,0.007964868843927143,1.7696405213087207e-07,0.0017529846647221631,0.0070119386588886525,0.001991217210981786,0.001991217210981786,0.001991217210981786,0.001991217210981786,,TAIUN_AIR
sku_channel,sku_channel::2018980|TAIUN,2018980,교체형,intermittent,16467.0,sba,{'alpha': 0.05},0.04232910595647341,0.2786334704285986,2.0,11,6,-0.984827493485533,245.52547732696897,0.011933174224343675,60.61661097852029,242.46644391408117,61.38136933174224,61.38136933174224,61.38136933174224,61.38136933174224,,TAIUN
sku_channel,sku_channel::2018702|TAIUN_AIR,2018702,교체형,intermittent,16427.0,sba,{'alpha': 0.3},0.06060772535228709,0.3677499711448551,2.0,11,6,0.08250538075706305,323.2657538994801,0.017331022530329292,78.58781802426344,314.35127209705377,80.81643847487003,80.81643847487003,80.81643847487003,80.81643847487003,,TAIUN_AIR
sku_channel,sku_channel::2018096|DHL,2018096,교체형,lumpy,16413.0,sba,{'alpha': 0.05},0.08332508681254935,0.2999166052911044,1.2979664911088618,11,6,-0.32863118003247155,244.96973649543784,0.10707177400617518,29.16382808570151,116.65531234280604,61.24243412385946,61.24243412385946,61.24243412385946,61.24243412385946,,DHL
sku_channel,sku_channel::2017898|TAIUN,2017898,교체형,intermittent,16280.0,tsb,"{'alpha': 0.1, 'beta': 0.2}",4.174949599406351e-05,0.00025128636908438743,2.0,11,6,,0.04798776374486848,1.169201323114876e-06,0.010881101961489208,0.04352440784595683,0.01199694093621712,0.01199694093621712,0.01199694093621712,0.01199694093621712,,TAIUN
sku_channel,sku_channel::2020151|FEDEX,2020151,교체형,lumpy,16231.0,sba,{'alpha': 0.05},0.02507157772400802,0.1478525459374862,1.9846204421026858,11,6,-0.8878352510220188,128.77497901887676,0.008350695821729346,30.83802207506441,123.35208830025763,32.19374475471919,32.19374475471919,32.19374475471919,32.19374475471919,,FEDEX
sku_channel,sku_channel::2019283|TAIUN,2019283,교체형,lumpy,16138.0,sba,{'alpha': 0.05},0.018096693301932074,0.07532317841774827,2.0,11,6,-0.9549863418828106,64.44641068743155,0.014333598830207236,15.755880880822723,63.02352352329089,16.111602671857888,16.111602671857888,16.111602671857888,16.111602671857888,,TAIUN
sku_channel,sku_channel::2017911|TAIUN,2017911,교체형,lumpy,15678.0,tsb,"{'alpha': 0.1, 'beta': 0.2}",0.00011413981555568722,0.0008968569474781882,2.0,11,6,,0.16493811132255043,3.3334002551826626e-06,0.025107644064872054,0.10043057625948822,0.04123452783063761,0.04123452783063761,0.04123452783063761,0.04123452783063761,,TAIUN
sku_channel,sku_channel::2014868|TAIUN,2014868,교체형,lumpy,15523.0,tsb,"{'alpha': 0.1, 'beta': 0.2}",4.1409594950294864e-05,0.00023813287224607677,2.0,11,6,,0.04336128941244258,3.5725470293739806e-06,0.00987174769269489,0.03948699077077956,0.010840322353110644,0.010840322353110644,0.010840322353110644,0.010840322353110644,,TAIUN
sku_channel,sku_channel::1005519|TAIUN,1005519,교체형,lumpy,15302.0,sba,{'alpha': 0.05},0.03763033924395761,0.25118355540118115,2.0,11,6,0.013379909880853113,205.67816801331765,0.01624101668764465,48.875428965853274,195.5017158634131,51.41954200332941,51.41954200332941,51.41954200332941,51.41954200332941,,TAIUN
sku_channel,sku_channel::1007634|TAIUN,1007634,교체형,lumpy,15274.0,tsb,"{'alpha': 0.1, 'beta': 0.2}",0.010638500473346206,0.05618895176895184,2.0,11,6,-0.5847631037275748,10.067251002962777,0.0007668507968866328,2.2961433053181186,9.184573221272474,2.5168127507406943,2.5168127507406943,2.5168127507406943,2.5168127507406943,,TAIUN
sku_channel,sku_channel::2017631|FEDEX,2017631,교체형,lumpy,15269.0,sba,{'alpha': 0.05},0.11699538619872027,0.4128901545014094,2.0,11,6,0.013384606389607104,337.36025520171347,0.13080670696849236,53.994822276590504,215.97928910636202,84.34006380042837,84.34006380042837,84.34006380042837,84.34006380042837,,FEDEX
sku_channel,sku_channel::1007817|TAIUN,1007817,교체형,lumpy,15230.0,tsb,"{'alpha': 0.1, 'beta': 0.2}",1.991432047420767e-05,0.00011683939189881507,2.0,11,6,,0.02087355265061304,3.601854594038915e-06,0.0028774625694447577,0.011509850277779031,0.00521838816265326,0.00521838816265326,0.00521838816265326,0.00521838816265326,,TAIUN
sku_channel,sku_channel::1008776|TAIUN,1008776,교체형,intermittent,15223.0,tsb,"{'alpha': 0.1, 'beta': 0.2}",0.018660650826125405,0.08743798328381629,2.0,11,6,-0.5847631037275748,15.613762175018488,0.000755578716833126,3.89680354030596,15.58721416122384,3.903440543754622,3.903440543754622,3.903440543754622,3.903440543754622,,TAIUN
sku_channel,sku_channel::1006439|TAIUN,1006439,교체형,intermittent,15200.0,tsb,"{'alpha': 0.1, 'beta': 0.2}",4.2599843655670014e-14,2.5982071369215185e-13,2.0,11,6,,4.632597193173116e-11,1.1769809942004868e-15,1.03950961407787e-11,4.15803845631148e-11,1.158149298293279e-11,1.158149298293279e-11,1.158149298293279e-11,1.158149298293279e-11,,TAIUN
sku_channel,sku_channel::2018043|FEDEX,2018043,교체형,lumpy,15176.0,tsb,"{'alpha': 0.1, 'beta': 0.2}",0.04339729163802943,0.09897563410380783,2.0,11,6,-0.17267518634119278,13.853155778365037,0.007038516597490022,2.8139481240385535,11.255792496154214,3.4632889445912594,3.4632889445912594,3.4632889445912594,3.4632889445912594,,FEDEX
sku_channel,sku_channel::2017609|DHL,2017609,교체형,lumpy,15020.0,tsb,"{'alpha': 0.1, 'beta': 0.2}",1.1452721931795384e-05,4.315734566227148e-05,2.0,11,6,,0.007601288971067216,2.979230684482214e-06,0.0014678166485857117,0.005871266594342847,0.001900322242766804,0.001900322242766804,0.001900322242766804,0.001900322242766804,,DHL
sku_channel,sku_channel::1008071|TAIUN,1008071,교체형,intermittent,15008.0,sba,{'alpha': 0.3},0.05611425178083886,0.3948194734737965,2.0,11,6,0.010659389162673954,317.08097165991904,0.010121457489878543,68.97216599190283,275.8886639676113,79.27024291497976,79.27024291497976,79.27024291497976,79.27024291497976,,TAIUN
sku_channel,sku_channel::2018095|TAIUN_AIR,2018095,교체형,intermittent,15000.0,tsb,"{'alpha': 0.1, 'beta': 0.2}",1.6121325564852977e-08,9.72538790528101e-08,2.0,11,6,,1.7112181265617823e-05,7.778264211644465e-10,4.200262674288011e-06,1.6801050697152043e-05,4.278045316404456e-06,4.278045316404456e-06,4.278045316404456e-06,4.278045316404456e-06,,TAIUN_AIR
sku_channel,sku_channel::1007944|TAIUN,1007944,교체형,lumpy,14963.0,sba,{'alpha': 0.05},0.1064948054162491,0.5203941094204676,2.0,11,6,0.4573115370412182,393.14009231000824,0.14884947114271146,59.2246328331843,236.8985313327372,98.28502307750206,98.28502307750206,98.28502307750206,98.28502307750206,,TAIUN
sku_channel,sku_channel::2014868|TAIUN_AIR,2014868,교체형,intermittent,14824.0,tsb,"{'alpha': 0.1, 'beta': 0.2}",2.86573465066348e-12,1.6421271212096832e-11,2.0,11,6,,2.8554815643488463e-09,1.0033033380470143e-13,7.123814889335498e-10,2.8495259557341994e-09,7.138703910872116e-10,7.138703910872116e-10,7.138703910872116e-10,7.138703910872116e-10,,TAIUN_AIR
sku_channel,sku_channel::2017486|FEDEX,2017486,교체형,lumpy,14799.0,tsb,"{'alpha': 0.1, 'beta': 0.2}",4.286636808354746e-08,1.4518314375288145e-07,2.0,11,6,,1.4884519153444577e-05,3.834554858637103e-09,3.5449713106122852e-06,1.4179885242449141e-05,3.7211297883611442e-06,3.7211297883611442e-06,3.7211297883611442e-06,3.7211297883611442e-06,,FEDEX
sku_channel,sku_channel::2019701|TAIUN,2019701,교체형,intermittent,14596.0,tsb,"{'alpha': 0.2, 'beta': 0.05}",0.6338551295421243,2.25034977158251,1.727364656011299,11,6,5.0,1105.9656216371084,0.14473358843317963,274.08882784128633,1096.3553113651453,276.4914054092771,276.4914054092771,276.4914054092771,276.4914054092771,,TAIUN
sku_channel,sku_channel::2018976|TAIUN,2018976,교체형,intermittent,14418.0,tsb,"{'alpha': 0.1, 'beta': 0.2}",2.8933745950478383e-06,1.689010612479346e-05,2.0,11,6,,0.0028565680862676535,8.533998011124415e-08,0.0006696252743416838,0.002678501097366735,0.0007141420215669134,0.0007141420215669134,0.0007141420215669134,0.0007141420215669134,,TAIUN
sku_channel,sku_channel::2019401|TAIUN,2019401,교체형,intermittent,14398.0,tsb,"{'alpha': 0.1, 'beta': 0.2}",7.539224332029405e-05,0.0003783754553561511,2.0,11,6,,0.06390462728397625,5.508525725622552e-06,0.015935614071653482,0.06374245628661393,0.015976156820994063,0.015976156820994063,0.015976156820994063,0.015976156820994063,,TAIUN
sku_channel,sku_channel::1007640|TAIUN,1007640,교체형,intermittent,14343.0,tsb,"{'alpha': 0.1, 'beta': 0.2}",7.279370892043707e-12,3.5202705823929576e-11,2.0,11,6,,5.92274759700611e-09,3.522459294625335e-13,1.4436728969836044e-09,5.774691587934417e-09,1.4806868992515275e-09,1.4806868992515275e-09,1.4806868992515275e-09,1.4806868992515275e-09,,TAIUN
sku_channel,sku_channel::2019621|TAIUN,2019621,교체형,intermittent,14234.0,sba,{'alpha': 0.05},0.04970819127655728,0.3047266592295292,2.0,11,6,-0.018182126345326056,232.1059139784946,0.00896057347670251,57.93422043010752,231.7368817204301,58.02647849462365,58.02647849462365,58.02647849462365,58.02647849462365,,TAIUN
sku_channel,sku_channel::2018336|FEDEX,2018336,교체형,intermittent,14200.0,sba,{'alpha': 0.05},0.07384840427252662,0.22222922248466684,2.0,11,6,0.013652508966809342,127.24295280727412,0.03277652447642006,28.803123276515677,115.21249310606271,31.81073820181853,31.81073820181853,31.81073820181853,31.81073820181853,,FEDEX
sku_channel,sku_channel::2018397|TAIUN,2018397,교체형,intermittent,14164.0,tsb,"{'alpha': 0.1, 'beta': 0.2}",1.9325992214759905e-06,1.1060359391578733e-05,2.0,11,6,,0.0018376480474771092,6.487037727609112e-08,0.0004594120118692773,0.0018376480474771092,0.0004594120118692773,0.0004594120118692773,0.0004594120118692773,0.0004594120118692773,,TAIUN
sku_channel,sku_channel::2016876|CUSTOMER_PICK_UP,2016876,교체형,lumpy,13943.0,sba,{'alpha': 0.3},0.06600434205315518,0.1830255148326215,2.0,11,6,0.39141925513764153,133.68820213861048,0.08717072178202746,32.077579947140954,128.31031978856382,33.42205053465262,33.42205053465262,33.42205053465262,33.42205053465262,,CUSTOMER_PICK_UP
sku_channel,sku_channel::2019754|TAIUN_AIR,2019754,교체형,intermittent,13920.0,sba,{'alpha': 0.3},0.27398522188541,1.2994049193260568,1.6764976898371227,11,6,-0.8490045826091523,214.39723242905168,0.019544992572902823,46.23100226721915,184.9240090688766,53.59930810726292,53.59930810726292,53.59930810726292,53.59930810726292,,TAIUN_AIR
sku_channel,sku_channel::2017460|DHL,2017460,교체형,lumpy,13765.0,tsb,"{'alpha': 0.1, 'beta': 0.2}",7.616840042351605e-05,0.00030249264194250183,2.0,11,6,,0.03920531692851568,7.620013992172079e-06,0.006582070881137422,0.02632828352454969,0.00980132923212892,0.00980132923212892,0.00980132923212892,0.00980132923212892,,DHL
sku_channel,sku_channel::2016957|CUSTOMER_PICK_UP,2016957,교체형,lumpy,13659.0,tsb,"{'alpha': 0.1, 'beta': 0.2}",0.0006025973721195867,0.0013430423211527199,2.0,11,6,-0.5847631037275748,0.18445039612422517,0.00014634585119576875,0.03125297004389985,0.1250118801755994,0.046112599031056294,0.046112599031056294,0.046112599031056294,0.046112599031056294,,CUSTOMER_PICK_UP
sku_channel,sku_channel::1008556|TAIUN,1008556,교체형,lumpy,13630.0,tsb,"{'alpha': 0.1, 'beta': 0.2}",3.011038301921108e-09,1.4035379008078123e-08,2.0,11,6,,2.2440223646517997e-06,1.9451442580986886e-10,4.995390326070313e-07,1.9981561304281253e-06,5.610055911629499e-07,5.610055911629499e-07,5.610055911629499e-07,5.610055911629499e-07,,TAIUN
sku_channel,sku_channel::1009227|TAIUN,1009227,교체형,lumpy,13606.0,sba,{'alpha': 0.05},0.041387840387129095,0.2639868512673385,2.0,11,6,0.013652508966809439,192.2036173026573,0.014277886944121708,45.69502192548015,182.7800877019206,48.05090432566433,48.05090432566433,48.05090432566433,48.05090432566433,,TAIUN
sku_channel,sku_channel::2017238|FEDEX,2017238,교체형,lumpy,13498.0,tsb,"{'alpha': 0.1, 'beta': 0.2}",1.9656733438405708e-08,7.321505428649478e-08,2.0,11,6,,9.597433263648606e-06,1.6066945369967038e-09,1.8175008198462082e-06,7.270003279384833e-06,2.3993583159121515e-06,2.3993583159121515e-06,2.3993583159121515e-06,2.3993583159121515e-06,,FEDEX
sku_channel,sku_channel::2017647|FEDEX,2017647,교체형,lumpy,13441.0,tsb,"{'alpha': 0.1, 'beta': 0.2}",3.4134323772551406e-09,9.893745451469528e-09,2.0,11,6,,1.349384090351681e-06,5.673291683365517e-10,2.4762342821054066e-07,9.904937128421627e-07,3.3734602258792023e-07,3.3734602258792023e-07,3.3734602258792023e-07,3.3734602258792023e-07,,FEDEX
sku_channel,sku_channel::1008772|TAIUN,1008772,교체형,lumpy,13426.0,sba,{'alpha': 0.3},0.0669616984362935,0.35560011757176097,0.9565719750609611,11,6,-0.010429702773350187,331.6484104402941,0.06020375358362844,54.78261938705354,219.13047754821417,82.91210261007353,82.91210261007353,82.91210261007353,82.91210261007353,,TAIUN
sku_channel,sku_channel::1008886|TAIUN,1008886,교체형,lumpy,13402.0,sba,{'alpha': 0.3},0.10212302533745239,0.627182796862107,2.0,11,6,0.01362567803404881,449.7928478151683,0.033484011384563875,77.81951079859368,311.27804319437473,112.44821195379207,112.44821195379207,112.44821195379207,112.44821195379207,,TAIUN
sku_channel,sku_channel::2016098|TAIUN,2016098,교체형,lumpy,13388.0,tsb,"{'alpha': 0.1, 'beta': 0.2}",1.834105091741556e-05,0.00010027255976326535,2.0,11,6,,0.015747259555327457,2.9187731003779416e-06,0.0037576080580148594,0.015030432232059437,0.003936814888831864,0.003936814888831864,0.003936814888831864,0.003936814888831864,,TAIUN
sku_channel,sku_channel::2018410|DHL,2018410,교체형,lumpy,13280.0,sba,{'alpha': 0.3},1.054974261125832,2.580333169640102,0.9257687668140263,11,6,-0.17522641015025958,1858.1280513798206,0.5197878411068851,223.70356015875095,894.8142406350038,464.53201284495515,464.53201284495515,464.53201284495515,464.53201284495515,,DHL
sku_channel,sku_channel::1008519|TAIUN,1008519,교체형,lumpy,13164.0,tsb,"{'alpha': 0.1, 'beta': 0.2}",1.277178775978178e-07,1.0167248154412951e-06,2.0,11,6,,0.0001569995753042232,2.6328074742457607e-08,3.2547819119615796e-05,0.00013019127647846318,3.92498938260558e-05,3.92498938260558e-05,3.92498938260558e-05,3.92498938260558e-05,,TAIUN
sku_channel,sku_channel::2016791|TAIUN,2016791,교체형,lumpy,13043.0,tsb,"{'alpha': 0.1, 'beta': 0.2}",1.8691401021878967e-05,0.00014734506853073318,2.0,11,6,,0.022543444782196637,3.568129911712035e-06,0.004754176294365115,0.01901670517746046,0.005635861195549159,0.005635861195549159,0.005635861195549159,0.005635861195549159,,TAIUN
sku_channel,sku_channel::2019307|FEDEX,2019307,교체형,intermittent,13000.0,tsb,"{'alpha': 0.1, 'beta': 0.2}",0.0001381534262074939,0.0008979951542835802,2.0,11,6,,0.1369381719065664,9.252579182876108e-06,0.03293918189103895,0.1317567275641558,0.0342345429766416,0.0342345429766416,0.0342345429766416,0.0342345429766416,,FEDEX
sku_channel,sku_channel::1009146|TAIUN,1009146,교체형,lumpy,13000.0,tsb,"{'alpha': 0.1, 'beta': 0.2}",5.423558288777988e-07,4.066000216532523e-06,2.0,11,6,,0.0006200374623044308,1.4221042713404377e-08,0.00012685170100356705,0.0005074068040142682,0.0001550093655761077,0.0001550093655761077,0.0001550093655761077,0.0001550093655761077,,TAIUN
sku_channel,sku_channel::1008643|TAIUN,1008643,교체형,lumpy,12977.0,sba,{'alpha': 0.3},0.05123203912219974,0.20448096896542065,2.0,11,6,0.013652508966809411,141.99596169975993,0.04166801394981272,29.27710325853748,117.10841303414992,35.49899042493998,35.49899042493998,35.49899042493998,35.49899042493998,,TAIUN
sku_channel,sku_channel::1007473|TAIUN,1007473,교체형,lumpy,12536.0,tsb,"{'alpha': 0.1, 'beta': 0.2}",8.322657238076917e-07,6.480010330726112e-06,2.0,11,6,,0.0009528880094237365,1.967523192708895e-07,0.00011379701616293934,0.00045518806465175734,0.00023822200235593412,0.00023822200235593412,0.00023822200235593412,0.00023822200235593412,,TAIUN
sku_channel,sku_channel::1008624|TAIUN,1008624,교체형,lumpy,12531.0,tsb,"{'alpha': 0.1, 'beta': 0.2}",0.07661570436287546,0.3010705544798521,1.9439138719760223,11,6,-0.20225506397767673,2267.596804167617,0.2036046898551961,239.7927303989462,959.1709215957848,566.8992010419042,566.8992010419042,566.8992010419042,566.8992010419042,,TAIUN
sku_channel,sku_channel::1008781|TAIUN,1008781,교체형,intermittent,12482.0,tsb,"{'alpha': 0.1, 'beta': 0.2}",5.4987557685974883e-08,3.76890142897741e-07,2.0,11,6,,5.518310555918368e-05,1.4474029407847662e-09,1.1652635803434735e-05,4.661054321373894e-05,1.379577638979592e-05,1.379577638979592e-05,1.379577638979592e-05,1.379577638979592e-05,,TAIUN
sku_channel,sku_channel::1008780|TAIUN,1008780,교체형,intermittent,12421.0,sba,{'alpha': 0.3},0.11199997112324872,0.5242875553548173,2.0,11,6,0.010830264014923156,348.4776307725585,0.03605032625545262,81.34915822488193,325.39663289952773,87.11940769313962,87.11940769313962,87.11940769313962,87.11940769313962,,TAIUN
sku_channel,sku_channel::1007788|TAIUN,1007788,교체형,lumpy,12419.0,tsb,"{'alpha': 0.1, 'beta': 0.2}",0.002363408210340688,0.014286280242237782,2.0,11,6,-0.5847631037275748,2.0811959521068064,7.588657334870926e-05,0.28834779119381637,1.1533911647752655,0.5202989880267016,0.5202989880267016,0.5202989880267016,0.5202989880267016,,TAIUN
sku_channel,sku_channel::1007175|TAIUN,1007175,교체형,lumpy,12412.0,tsb,"{'alpha': 0.1, 'beta': 0.2}",0.010623495223380974,0.06837591098507804,2.0,11,6,-0.5811122146244043,9.955247757841372,0.0018862127885040571,1.4379348913243468,5.751739565297387,2.488811939460343,2.488811939460343,2.488811939460343,2.488811939460343,,TAIUN
sku_channel,sku_channel::2018045|DHL,2018045,교체형,intermittent,12244.0,tsb,"{'alpha': 0.1, 'beta': 0.2}",1.9821513833723777e-08,8.658306226490312e-08,2.0,11,6,,1.2435505478005687e-05,2.264002816753924e-09,2.8634584641652962e-06,1.1453833856661185e-05,3.1088763695014216e-06,3.1088763695014216e-06,3.1088763695014216e-06,3.1088763695014216e-06,,DHL
sku_channel,sku_channel::2017272|CUSTOMER_PICK_UP,2017272,교체형,lumpy,12242.0,tsb,"{'alpha': 0.1, 'beta': 0.2}",5.781096186799412e-10,2.115282082433151e-09,2.0,11,6,,2.5467840098175403e-07,1.434081349916414e-10,5.3756544401411306e-08,2.1502617760564522e-07,6.366960024543851e-08,6.366960024543851e-08,6.366960024543851e-08,6.366960024543851e-08,,CUSTOMER_PICK_UP
sku_channel,sku_channel::2019729|DHL,2019729,교체형,lumpy,12020.0,sba,{'alpha': 0.15},0.05692086426797568,0.3662488814831318,1.8991672293495387,11,6,0.03256000518558052,240.7869700103413,0.010341261633919338,49.13883143743537,196.55532574974148,60.19674250258532,60.19674250258532,60.19674250258532,60.19674250258532,,DHL
sku_channel,sku_channel::2019276|TAIUN,2019276,교체형,lumpy,12005.0,sba,{'alpha': 0.05},0.011260989159575619,0.050418702188210096,1.5421841307592585,11,6,-0.10192248212322376,36.76746575730751,0.01574412434455552,7.031029447412906,28.124117789651624,9.191866439326878,9.191866439326878,9.191866439326878,9.191866439326878,,TAIUN
sku_channel,sku_channel::2017249|CUSTOMER_PICK_UP,2017249,교체형,lumpy,11954.0,tsb,"{'alpha': 0.1, 'beta': 0.2}",8.068202191119955e-07,2.9370071326273923e-06,2.0,11,6,,0.0003633289038444403,2.6875819702621986e-07,4.894675551721779e-05,0.00019578702206887117,9.083222596111008e-05,9.083222596111008e-05,9.083222596111008e-05,9.083222596111008e-05,,CUSTOMER_PICK_UP
sku_channel,sku_channel::2018008|DHL,2018008,교체형,lumpy,11898.0,tsb,"{'alpha': 0.1, 'beta': 0.2}",0.03393867891055201,0.11348565554033657,2.0,11,6,-0.4230609500494447,15.171855555024784,0.0028012961772683853,1.883574734480132,7.534298937920528,3.792963888756196,3.792963888756196,3.792963888756196,3.792963888756196,,DHL
sku_channel,sku_channel::1007827|TAIUN,1007827,교체형,lumpy,11811.0,tsb,"{'alpha': 0.1, 'beta': 0.2}",3.913994211304487e-07,1.6601506124029884e-06,2.0,11,6,,0.0002300071516589051,3.734592088926523e-08,5.004767283089041e-05,0.00020019069132356165,5.750178791472627e-05,5.750178791472627e-05,5.750178791472627e-05,5.750178791472627e-05,,TAIUN
sku_channel,sku_channel::1008732|TAIUN,1008732,교체형,lumpy,11763.0,tsb,"{'alpha': 0.1, 'beta': 0.2}",4.239592210983666e-05,0.00021185068871725082,2.0,11,6,,0.02923177300731451,1.8595529153528864e-06,0.0026249101726243673,0.01049964069049747,0.007307943251828627,0.007307943251828627,0.007307943251828627,0.007307943251828627,,TAIUN
sku_channel,sku_channel::1009891|TAIUN,1009891,교체형,intermittent,11728.0,croston,{'alpha': 0.1},0.199549267074774,1.1332271630707103,1.92874014111387,10,6,,278.21867517956906,0.007980845969672785,59.3149241819633,237.2596967278532,69.55466879489227,69.55466879489227,69.55466879489227,69.55466879489227,,TAIUN
sku_channel,sku_channel::2017731|TAIUN,2017731,교체형,lumpy,11579.0,tsb,"{'alpha': 0.1, 'beta': 0.2}",3.1014054704227755e-07,1.5007511844973373e-06,2.0,11,6,,0.00020383883526755534,2.1162870153790836e-08,4.658070126890334e-05,0.00018632280507561335,5.0959708816888835e-05,5.0959708816888835e-05,5.0959708816888835e-05,5.0959708816888835e-05,,TAIUN
sku_channel,sku_channel::2019270|DHL,2019270,교체형,lumpy,11562.0,tsb,"{'alpha': 0.2, 'beta': 0.05}",0.38899982195842026,0.9435607406647996,0.3335077550991567,11,6,-0.01700016495294141,723.4276831112835,0.5561154275188638,169.53565540968688,678.1426216387475,180.85692077782087,180.85692077782087,180.85692077782087,180.85692077782087,,DHL
sku_channel,sku_channel::2018800|DHL,2018800,교체형,intermittent,11543.0,tsb,"{'alpha': 0.1, 'beta': 0.2}",1.4236493384998115e-05,5.5772547307963734e-05,2.0,11,6,,0.0055890509319975155,7.037199868361009e-07,0.001296307063687872,0.005185228254751488,0.0013972627329993789,0.0013972627329993789,0.0013972627329993789,0.0013972627329993789,,DHL
sku_channel,sku_channel::2017683|DHL,2017683,교체형,lumpy,11539.0,tsb,"{'alpha': 0.1, 'beta': 0.2}",1.897223467058059e-08,6.303689689796233e-08,2.0,11,6,,7.792941408356715e-06,2.290872105383124e-09,1.8515000781320173e-06,7.406000312528069e-06,1.9482353520891788e-06,1.9482353520891788e-06,1.9482353520891788e-06,1.9482353520891788e-06,,DHL
sku_channel,sku_channel::1008733|TAIUN,1008733,교체형,lumpy,11442.0,sba,{'alpha': 0.3},0.0778024829099558,0.5481398813373801,2.0,11,6,0.13572695367999588,333.04583454511805,0.026438939269756503,46.941619120640894,187.76647648256358,83.26145863627951,83.26145863627951,83.26145863627951,83.26145863627951,,TAIUN
sku_channel,sku_channel::1006741|TAIUN,1006741,교체형,lumpy,11435.0,tsb,"{'alpha': 0.1, 'beta': 0.2}",1.4999761082977983e-12,8.654327142996132e-12,2.0,11,6,,1.1608514743503874e-09,2.882550403535157e-13,2.2198808912664603e-10,8.879523565065841e-10,2.9021286858759685e-10,2.9021286858759685e-10,2.9021286858759685e-10,2.9021286858759685e-10,,TAIUN
sku_channel,sku_channel::2016811|TAIUN,2016811,교체형,intermittent,11434.0,tsb,"{'alpha': 0.1, 'beta': 0.2}",1.2651153506952709e-13,8.039355933490116e-13,2.0,11,6,,1.0782677728164895e-10,7.680407521913566e-15,2.6109084546293853e-11,1.0443633818517541e-10,2.6956694320412237e-11,2.6956694320412237e-11,2.6956694320412237e-11,2.6956694320412237e-11,,TAIUN
sku_channel,sku_channel::1008889|TAIUN,1008889,교체형,intermittent,11368.0,sba,{'alpha': 0.3},0.10899550813112702,0.7060419504563269,2.0,11,6,0.013652508966809546,429.5001949317739,0.019493177387914232,98.1380506822612,392.5522027290448,107.37504873294347,107.37504873294347,107.37504873294347,107.37504873294347,,TAIUN
sku_channel,sku_channel::2018509|TAIUN,2018509,교체형,lumpy,11280.0,tsb,"{'alpha': 0.1, 'beta': 0.2}",1.47204565959116e-05,0.00010662097974360811,2.0,11,6,,0.014107788784310992,1.6481061663914712e-06,0.0032385286169592407,0.012954114467836963,0.003526947196077748,0.003526947196077748,0.003526947196077748,0.003526947196077748,,TAIUN
sku_channel,sku_channel::1007871|TAIUN,1007871,교체형,intermittent,11276.0,tsb,"{'alpha': 0.1, 'beta': 0.2}",2.335230255720288e-10,9.918708623773557e-10,2.0,11,6,,1.3119502904146862e-07,8.586701617009737e-12,1.8484563547885398e-08,7.393825419154159e-08,3.2798757260367155e-08,3.2798757260367155e-08,3.2798757260367155e-08,3.2798757260367155e-08,,TAIUN
sku_channel,sku_channel::1008874|TAIUN,1008874,교체형,intermittent,11011.0,sba,{'alpha': 0.3},0.08617308536793336,0.4971139749920344,2.0,11,6,0.18982766689536062,291.204705882353,0.023068050749711654,71.58894117647058,286.35576470588234,72.80117647058825,72.80117647058825,72.80117647058825,72.80117647058825,,TAIUN
sku_channel,sku_channel::2018156|FEDEX,2018156,교체형,lumpy,11006.0,tsb,"{'alpha': 0.1, 'beta': 0.2}",3.737926804311194e-06,1.7941633242501458e-05,2.0,11,6,,0.001894138207568276,3.546543977621847e-07,0.00038304448230304757,0.0015321779292121903,0.000473534551892069,0.000473534551892069,0.000473534551892069,0.000473534551892069,,FEDEX
sku_channel,sku_channel::2018332|CUSTOMER_PICK_UP,2018332,교체형,intermittent,11000.0,tsb,"{'alpha': 0.1, 'beta': 0.2}",7.533121629723097e-06,3.184063358229504e-05,2.0,11,6,,0.0041084836831658715,2.902291383982673e-07,0.000900174695656066,0.003600698782624264,0.0010271209207914679,0.0010271209207914679,0.0010271209207914679,0.0010271209207914679,,CUSTOMER_PICK_UP
sku_channel,sku_channel::2019879|TAIUN_AIR,2019879,교체형,intermittent,10780.0,sba,{'alpha': 0.3},0.07845607234242112,0.34265691972188567,1.1206997749779706,11,6,-0.8998945797685937,188.41487031700294,0.02881844380403459,47.103717579250734,188.41487031700294,47.103717579250734,47.103717579250734,47.103717579250734,47.103717579250734,,TAIUN_AIR
sku_channel,sku_channel::2017631|TAIUN_AIR,2017631,교체형,intermittent,10766.0,sba,{'alpha': 0.05},0.055566426978471,0.3173818664754105,2.0,11,6,0.013652508966809496,182.84592237989403,0.009769679798744598,45.71148059497351,182.84592237989403,45.71148059497351,45.71148059497351,45.71148059497351,45.71148059497351,,TAIUN_AIR
sku_channel,sku_channel::2017606|DHL,2017606,교체형,lumpy,10762.0,tsb,"{'alpha': 0.1, 'beta': 0.2}",1.4565267620386427e-06,6.9517016793231e-06,2.0,11,6,,0.0008775892503628116,3.1309261279434306e-07,0.0001475057683200274,0.0005900230732801096,0.0002193973125907029,0.0002193973125907029,0.0002193973125907029,0.0002193973125907029,,DHL
sku_channel,sku_channel::2017606|FEDEX,2017606,교체형,lumpy,10632.0,tsb,"{'alpha': 0.1, 'beta': 0.2}",6.811049771825553e-07,2.552962257450137e-06,2.0,11,6,,0.00023154927208324458,9.484795447201125e-08,4.796212207777095e-05,0.0001918484883110838,5.7887318020811145e-05,5.7887318020811145e-05,5.7887318020811145e-05,5.7887318020811145e-05,,FEDEX
sku_channel,sku_channel::2019727|TAIUN_AIR,2019727,교체형,lumpy,10600.0,sba,{'alpha': 0.3},0.06252924546981435,0.42432509669893675,2.0,11,6,-0.1919855722435055,240.68741270949724,0.021822625698324025,36.12203212290504,144.48812849162016,60.17185317737431,60.17185317737431,60.17185317737431,60.17185317737431,,TAIUN_AIR
sku_channel,sku_channel::2017214|DHL,2017214,교체형,intermittent,10551.0,tsb,"{'alpha': 0.1, 'beta': 0.2}",1.1369203881203642e-11,4.207711916033983e-11,2.0,11,6,,3.3814825124028914e-09,7.624346202692911e-13,8.453706281007229e-10,3.3814825124028914e-09,8.453706281007229e-10,8.453706281007229e-10,8.453706281007229e-10,8.453706281007229e-10,,DHL
sku_channel,sku_channel::2017682|FEDEX,2017682,교체형,lumpy,10550.0,tsb,"{'alpha': 0.1, 'beta': 0.2}",1.4252957720877003e-07,7.239478165782968e-07,2.0,11,6,,8.959151954282829e-05,2.2109959963055455e-08,1.5866908578657575e-05,6.34676343146303e-05,2.2397879885707073e-05,2.2397879885707073e-05,2.2397879885707073e-05,2.2397879885707073e-05,,FEDEX
sku_channel,sku_channel::2018782|TAIUN,2018782,교체형,intermittent,10500.0,tsb,"{'alpha': 0.2, 'beta': 0.05}",0.9373886431260879,2.783679208761971,1.9018087266810946,11,6,1.0213728286495334,529.3457063223882,0.09736759487497192,124.06295404532646,496.25181618130586,132.33642658059705,132.33642658059705,132.33642658059705,132.33642658059705,,TAIUN
sku_channel,sku_channel::1008809|TAIUN,1008809,교체형,intermittent,10495.0,tsb,"{'alpha': 0.1, 'beta': 0.2}",1.4062646562174332e-06,7.737872364199367e-06,2.0,11,6,,0.0009526013333891484,4.25850194189003e-08,0.0001881342280397887,0.0007525369121591548,0.0002381503333472871,0.0002381503333472871,0.0002381503333472871,0.0002381503333472871,,TAIUN
sku_channel,sku_channel::2018095|DHL,2018095,교체형,lumpy,10465.0,tsb,"{'alpha': 0.1, 'beta': 0.2}",2.6773701726456556e-08,9.519401492605778e-08,2.0,11,6,,1.112741095293013e-05,2.3765476378601845e-09,2.571129063612174e-06,1.0284516254448696e-05,2.7818527382325324e-06,2.7818527382325324e-06,2.7818527382325324e-06,2.7818527382325324e-06,,DHL
sku_channel,sku_channel::2018342|DHL,2018342,교체형,lumpy,10464.0,sba,{'alpha': 0.05},0.027142019689130978,0.05779055295488581,1.0510412957104682,11,6,0.37681271234077446,52.353894274908974,0.06856347624665701,8.53046538167766,34.12186152671064,13.088473568727244,13.088473568727244,13.088473568727244,13.088473568727244,,DHL
sku_channel,sku_channel::1008677|TAIUN,1008677,교체형,intermittent,10439.0,tsb,"{'alpha': 0.1, 'beta': 0.2}",9.661220942774052e-07,4.257115923907411e-06,2.0,11,6,,0.0005212925933453153,5.1422264898889674e-08,0.00012522160714242787,0.0005008864285697115,0.00013032314833632882,0.00013032314833632882,0.00013032314833632882,0.00013032314833632882,,TAIUN
sku_channel,sku_channel::1008978|TAIUN,1008978,교체형,intermittent,10432.0,tsb,"{'alpha': 0.1, 'beta': 0.2}",0.00014749137955663233,0.0009801116199979574,2.0,11,6,,0.11993620335470336,1.088903647540523e-05,0.02864339266782395,0.1145735706712958,0.02998405083867584,0.02998405083867584,0.02998405083867584,0.02998405083867584,,TAIUN
sku_channel,sku_channel::1008777|TAIUN,1008777,교체형,intermittent,10336.0,tsb,"{'alpha': 0.1, 'beta': 0.2}",0.028112502266017515,0.17882043108955148,2.0,11,6,-0.5847631037275749,21.680875649033762,0.0007555786372614085,4.738294080557274,18.953176322229098,5.4202189122584405,5.4202189122584405,5.4202189122584405,5.4202189122584405,,TAIUN
sku_channel,sku_channel::1005674|TAIUN,1005674,교체형,lumpy,10275.0,sba,{'alpha': 0.3},0.10424572519703786,0.8905647589474924,2.0,11,6,0.01364641609394043,489.6616935483871,0.020161290322580648,98.35391129032259,393.41564516129034,122.41542338709678,122.41542338709678,122.41542338709678,122.41542338709678,,TAIUN
sku_channel,sku_channel::1008876|TAIUN,1008876,교체형,lumpy,10218.0,sba,{'alpha': 0.3},0.10899040414162911,0.6862613593822955,2.0,11,6,0.013561119164944438,375.235776330076,0.02714440825190011,77.43384636264929,309.73538545059716,93.808944082519,93.808944082519,93.808944082519,93.808944082519,,TAIUN
sku_channel,sku_channel::2019213|TAIUN_AIR,2019213,교체형,intermittent,10198.0,tsb,"{'alpha': 0.1, 'beta': 0.2}",0.001905805097980542,0.01059681876010983,2.0,11,6,-0.5847631037275749,1.2676451365950334,6.9933331600787e-05,0.3139203754228559,1.2556815016914236,0.31691128414875835,0.31691128414875835,0.31691128414875835,0.31691128414875835,,TAIUN_AIR
sku_channel,sku_channel::2019212|TAIUN,2019212,교체형,intermittent,10172.0,tsb,"{'alpha': 0.1, 'beta': 0.2}",0.0026727297433570057,0.009386730862828275,2.0,11,6,-0.5847631037275749,1.1200254671990602,0.0002634507261483579,0.2730631719139601,1.0922526876558405,0.28000636679976504,0.28000636679976504,0.28000636679976504,0.28000636679976504,,TAIUN
sku_channel,sku_channel::1008779|TAIUN,1008779,교체형,lumpy,10160.0,croston,{'alpha': 0.2},0.316338574252967,1.3035874265300587,1.9564229266842619,11,6,-0.45259675506400754,242.283287837428,0.03791325447376403,48.97919320594481,195.91677282377924,60.570821959357,60.570821959357,60.570821959357,60.570821959357,,TAIUN
sku_channel,sku_channel::1008663|TAIUN,1008663,교체형,lumpy,10137.0,tsb,"{'alpha': 0.1, 'beta': 0.2}",2.5692845419720838e-09,2.049040800139241e-08,2.0,11,6,,2.436504584894929e-06,5.928904345636414e-10,2.5762512318833195e-07,1.0305004927533278e-06,6.091261462237322e-07,6.091261462237322e-07,6.091261462237322e-07,6.091261462237322e-07,,TAIUN
sku_channel,sku_channel::2017597|TAIUN,2017597,교체형,lumpy,10085.0,tsb,"{'alpha': 0.1, 'beta': 0.2}",1.0154375319906792e-13,7.91103478793562e-13,2.0,11,6,,9.358718345591853e-11,2.668278025201532e-15,1.8922894099124224e-11,7.56915763964969e-11,2.3396795863979632e-11,2.3396795863979632e-11,2.3396795863979632e-11,2.3396795863979632e-11,,TAIUN
sku_channel,sku_channel::1008778|TAIUN,1008778,교체형,lumpy,10085.0,tsb,"{'alpha': 0.1, 'beta': 0.2}",0.0004153289417251272,0.00310177625090016,2.0,11,6,-0.5847631037275748,0.3669387264923842,1.0889035743735065e-05,0.07516265812470566,0.3006506324988226,0.09173468162309605,0.09173468162309605,0.09173468162309605,0.09173468162309605,,TAIUN
sku_channel,sku_channel::2018197|TAIUN,2018197,교체형,intermittent,10045.0,tsb,"{'alpha': 0.1, 'beta': 0.2}",4.479175051605428e-10,2.1838855613163215e-09,2.0,11,6,,2.573279726516951e-07,1.5326300518386885e-11,5.862637931114077e-08,2.3450551724456307e-07,6.433199316292378e-08,6.433199316292378e-08,6.433199316292378e-08,6.433199316292378e-08,,TAIUN
sku_channel,sku_channel::2017514|CUSTOMER_PICK_UP,2017514,교체형,lumpy,10025.0,tsb,"{'alpha': 0.1, 'beta': 0.2}",2.1712023478035894e-07,8.498461751764284e-07,2.0,11,6,,9.899123740580644e-05,3.2915641519617116e-08,2.2005099401019303e-05,8.802039760407721e-05,2.474780935145161e-05,2.474780935145161e-05,2.474780935145161e-05,2.474780935145161e-05,,CUSTOMER_PICK_UP
sku_channel,sku_channel::2019720|TAIUN,2019720,교체형,intermittent,10010.0,croston,{'alpha': 0.2},0.11229438609638127,0.49717440476664115,1.4754209923758823,11,6,-0.7602440561743172,186.28574876312294,0.01885483287076143,34.21473392059853,136.85893568239413,46.571437190780735,46.571437190780735,46.571437190780735,46.571437190780735,,TAIUN
sku_channel,sku_channel::2018096|TAIUN,2018096,교체형,lumpy,10010.0,tsb,"{'alpha': 0.1, 'beta': 0.2}",0.013071164722326058,0.06933986137309976,2.0,11,6,-0.19029376363076503,7.975129565926669,0.023892623440666262,0.5815644203504927,2.326257681401971,1.9937823914816672,1.9937823914816672,1.9937823914816672,1.9937823914816672,,TAIUN
sku_channel,sku_channel::1008891|TAIUN,1008891,교체형,lumpy,10009.0,tsb,"{'alpha': 0.1, 'beta': 0.2}",3.9938268038498823e-07,2.3332170350048946e-06,2.0,11,6,,0.0002739384588994651,6.490202305237516e-08,6.211538979059838e-05,0.00024846155916239353,6.848461472486627e-05,6.848461472486627e-05,6.848461472486627e-05,6.848461472486627e-05,,TAIUN
sku_channel,sku_channel::1009278|TAIUN,1009278,교체형,intermittent,10000.0,tsb,"{'alpha': 0.1, 'beta': 0.2}",0.0001448291518310272,0.0009666135532673333,2.0,11,6,,0.11338616343403389,1.090251571481095e-05,0.02703823897273116,0.10815295589092463,0.028346540858508473,0.028346540858508473,0.028346540858508473,0.028346540858508473,,TAIUN
sku_channel,sku_channel::1010067|TAIUN_AIR,1010067,교체형,lumpy,9967.0,croston,{'alpha': 0.1},1385.6406462437972,800.1809049479167,0.9042268592830389,10,6,,256.32791728212703,0.007385524372230428,51.807680945347116,207.23072378138846,64.08197932053176,64.08197932053176,64.08197932053176,64.08197932053176,,TAIUN_AIR
sku_channel,sku_channel::2016594|TAIUN,2016594,교체형,lumpy,9915.0,tsb,"{'alpha': 0.1, 'beta': 0.2}",1.50886723316562e-10,9.5360074376705e-10,2.0,11,6,,1.1090892096231228e-07,4.3756784305602266e-12,1.909756974796836e-08,7.639027899187344e-08,2.772723024057807e-08,2.772723024057807e-08,2.772723024057807e-08,2.772723024057807e-08,,TAIUN
sku_channel,sku_channel::2017663|TAIUN,2017663,교체형,intermittent,9713.0,tsb,"{'alpha': 0.1, 'beta': 0.2}",0.0008901786805992822,0.005376001629034223,2.0,11,6,-0.5847631037275749,0.6125195584204183,2.4835767164329203e-05,0.13849814573791164,0.5539925829516466,0.15312988960510457,0.15312988960510457,0.15312988960510457,0.15312988960510457,,TAIUN
sku_channel,sku_channel::2019270|FEDEX,2019270,교체형,lumpy,9636.0,tsb,"{'alpha': 0.2, 'beta': 0.05}",1.1687796776773682,6.098054060416046,1.2166492065341135,11,6,-0.8191553759678644,1066.7182565267924,0.19251268439155195,152.06890859588407,608.2756343835363,266.6795641316981,266.6795641316981,266.6795641316981,266.6795641316981,,FEDEX
sku_channel,sku_channel::2014224|TAIUN_AIR,2014224,교체형,intermittent,9587.0,tsb,"{'alpha': 0.1, 'beta': 0.2}",5.4386795633265787e-08,2.9945747953614885e-07,2.0,11,6,,3.367635450839426e-05,4.417150381478785e-09,7.763760196502373e-06,3.105504078600949e-05,8.419088627098565e-06,8.419088627098565e-06,8.419088627098565e-06,8.419088627098565e-06,,TAIUN_AIR
sku_channel,sku_channel::2018410|FEDEX,2018410,교체형,lumpy,9504.0,tsb,"{'alpha': 0.1, 'beta': 0.2}",2.895705388228892,9.985240004572157,1.2496920743681796,11,6,-0.7309292245083724,863.8480326781332,0.29708256157629365,179.54562777151122,718.1825110860449,215.9620081695333,215.9620081695333,215.9620081695333,215.9620081695333,,FEDEX
sku_channel,sku_channel::2017378|TAIUN,2017378,교체형,intermittent,9415.0,tsb,"{'alpha': 0.1, 'beta': 0.2}",5.590797414185109e-07,3.2348713584499848e-06,2.0,11,6,,0.00035726010327143267,2.153674274019391e-08,8.871156628627792e-05,0.0003548462651451117,8.931502581785817e-05,8.931502581785817e-05,8.931502581785817e-05,8.931502581785817e-05,,TAIUN
sku_channel,sku_channel::1009087|TAIUN,1009087,교체형,intermittent,9314.0,tsb,"{'alpha': 0.1, 'beta': 0.2}",5.834906395684052e-06,2.8556017239797818e-05,2.0,11,6,,0.0031199026964514975,1.968159421123234e-07,0.000702815952167159,0.002811263808668636,0.0007799756741128744,0.0007799756741128744,0.0007799756741128744,0.0007799756741128744,,TAIUN
sku_channel,sku_channel::1009967|TAIUN,1009967,교체형,intermittent,9274.0,sba,{'alpha': 0.3},0.054527178982963595,0.3897867848338539,2.0,11,6,-0.8647001015488331,189.67333333333332,0.00980392156862745,41.27466666666667,165.09866666666667,47.41833333333333,47.41833333333333,47.41833333333333,47.41833333333333,,TAIUN
sku_channel,sku_channel::1009642|TAIUN,1009642,교체형,lumpy,9257.0,sba,{'alpha': 0.05},0.009263503218718824,0.06967903602289575,2.0,11,6,0.01355788809550793,33.14018847740454,0.00954074434502194,6.344416786224123,25.377667144896492,8.285047119351136,8.285047119351136,8.285047119351136,8.285047119351136,,TAIUN
sku_channel,sku_channel::2017067|TAIUN,2017067,교체형,lumpy,9179.0,tsb,"{'alpha': 0.1, 'beta': 0.2}",4.07143990317887e-10,2.8909589079039694e-09,2.0,11,6,,3.112751627641421e-07,1.0680738232893057e-11,6.485899653400775e-08,2.59435986136031e-07,7.781879069103552e-08,7.781879069103552e-08,7.781879069103552e-08,7.781879069103552e-08,,TAIUN
sku_channel,sku_channel::2016859|CUSTOMER_PICK_UP,2016859,교체형,lumpy,9169.0,tsb,"{'alpha': 0.1, 'beta': 0.2}",0.00021249582645792745,0.0010427945380195546,2.0,11,6,,0.09876309089841435,8.112968104827886e-05,0.011920454866171827,0.04768181946468731,0.02469077272460359,0.02469077272460359,0.02469077272460359,0.02469077272460359,,CUSTOMER_PICK_UP
sku_channel,sku_channel::2016303|TAIUN,2016303,교체형,lumpy,9145.0,tsb,"{'alpha': 0.1, 'beta': 0.2}",0.0007626442448171705,0.004954779717219007,2.0,11,6,-0.5847631037275748,0.5315146523556568,2.484268226060105e-05,0.07555951494926334,0.30223805979705337,0.1328786630889142,0.1328786630889142,0.1328786630889142,0.1328786630889142,,TAIUN
sku_channel,sku_channel::2017272|DHL,2017272,교체형,lumpy,9141.0,tsb,"{'alpha': 0.1, 'beta': 0.2}",2.1524644056169805e-10,6.54093407800212e-10,2.0,11,6,,6.597735508970566e-08,2.6274790293370405e-11,1.554602925135642e-08,6.218411700542568e-08,1.6494338772426415e-08,1.6494338772426415e-08,1.6494338772426415e-08,1.6494338772426415e-08,,DHL
sku_channel,sku_channel::2018018|DHL,2018018,교체형,lumpy,9130.0,tsb,"{'alpha': 0.1, 'beta': 0.2}",9.619383822647088e-10,4.388980450458049e-09,2.0,11,6,,4.700473453665225e-07,1.0629276278137213e-10,1.0107302282091475e-07,4.04292091283659e-07,1.1751183634163062e-07,1.1751183634163062e-07,1.1751183634163062e-07,1.1751183634163062e-07,,DHL
sku_channel,sku_channel::1008948|TAIUN,1008948,교체형,intermittent,9106.0,tsb,"{'alpha': 0.1, 'beta': 0.2}",3.703272636455191e-08,2.0573318085730825e-07,2.0,11,6,,2.197552033919452e-05,5.1584275417581e-09,5.4318551520365295e-06,2.1727420608146118e-05,5.49388008479863e-06,5.49388008479863e-06,5.49388008479863e-06,5.49388008479863e-06,,TAIUN
sku_channel,sku_channel::1008146|TAIUN,1008146,교체형,lumpy,9013.0,tsb,"{'alpha': 0.1, 'beta': 0.2}",3.476257826952756e-05,0.0001895839422295318,2.0,11,6,,0.02004370956875328,3.614602217893427e-06,0.003719502311779356,0.014878009247117425,0.00501092739218832,0.00501092739218832,0.00501092739218832,0.00501092739218832,,TAIUN
sku_channel,sku_channel::2019747|DHL,2019747,교체형,intermittent,8940.0,sba,{'alpha': 0.05},0.038600992189218246,0.15090956632930455,2.0,11,6,0.013652508966809513,45.383907037896535,0.010803997461436716,11.192396095335184,44.769584381340735,11.345976759474134,11.345976759474134,11.345976759474134,11.345976759474134,,DHL
sku_channel,sku_channel::1005678|TAIUN,1005678,교체형,lumpy,8890.0,tsb,"{'alpha': 0.2, 'beta': 0.05}",0.8244885531776232,4.282034449508854,1.8611328633459827,10,6,,702.0673126542171,0.10898049005569473,159.3772535082661,637.5090140330644,175.51682816355427,175.51682816355427,175.51682816355427,175.51682816355427,,TAIUN
sku_channel,sku_channel::1008775|TAIUN,1008775,교체형,intermittent,8862.0,tsb,"{'alpha': 0.1, 'beta': 0.2}",0.028598311249076313,0.19183427767863814,2.0,11,6,-0.5847631037275748,19.941835857512903,0.0007555786372614085,4.24858845417541,16.99435381670164,4.985458964378226,4.985458964378226,4.985458964378226,4.985458964378226,,TAIUN
sku_channel,sku_channel::1008881|TAIUN,1008881,교체형,lumpy,8848.0,sba,{'alpha': 0.3},0.10592658937371927,0.8364726738532968,2.0,11,6,0.013652508966809552,396.0460317460318,0.019841269841269844,81.93123015873017,327.7249206349207,99.01150793650795,99.01150793650795,99.01150793650795,99.01150793650795,,TAIUN
sku_channel,sku_channel::2014247|TAIUN,2014247,교체형,lumpy,8832.0,tsb,"{'alpha': 0.1, 'beta': 0.2}",0.00013536361549705667,0.001090753629435536,2.0,11,6,,0.11300376349032994,3.5681192372161365e-06,0.022628584028116277,0.09051433611246511,0.028250940872582484,0.028250940872582484,0.028250940872582484,0.028250940872582484,,TAIUN
sku_channel,sku_channel::2017539|DHL,2017539,교체형,intermittent,8829.0,tsb,"{'alpha': 0.1, 'beta': 0.2}",4.402742265437934e-08,2.692872950883693e-07,2.0,11,6,,2.7889103959605722e-05,2.26159654542847e-09,6.821698891906803e-06,2.728679556762721e-05,6.9722759899014304e-06,6.9722759899014304e-06,6.9722759899014304e-06,6.9722759899014304e-06,,DHL
sku_channel,sku_channel::2016729|FEDEX,2016729,교체형,lumpy,8790.0,tsb,"{'alpha': 0.1, 'beta': 0.2}",1.956300418177343e-08,6.672064580103934e-08,2.0,11,6,,4.789816147801038e-06,1.899122374587584e-09,9.203521844280584e-07,3.6814087377122334e-06,1.1974540369502595e-06,1.1974540369502595e-06,1.1974540369502595e-06,1.1974540369502595e-06,,FEDEX
sku_channel,sku_channel::2016715|DHL,2016715,교체형,lumpy,8789.0,tsb,"{'alpha': 0.1, 'beta': 0.2}",2.8210275195655295e-12,1.0941806084243447e-11,2.0,11,6,,8.981939641077744e-10,3.048824005044078e-13,2.245484910269436e-10,8.981939641077744e-10,2.245484910269436e-10,2.245484910269436e-10,2.245484910269436e-10,2.245484910269436e-10,,DHL
sku_channel,sku_channel::1008608|TAIUN,1008608,교체형,lumpy,8764.0,tsb,"{'alpha': 0.1, 'beta': 0.2}",0.0009810952811685658,0.003978856567600503,2.0,11,6,-0.5847631037275748,0.40904193385217236,6.498146834511274e-05,0.08769442283295405,0.3507776913318162,0.10226048346304309,0.10226048346304309,0.10226048346304309,0.10226048346304309,,TAIUN
sku_channel,sku_channel::1008950|TAIUN,1008950,교체형,intermittent,8704.0,tsb,"{'alpha': 0.1, 'beta': 0.2}",0.012958287952242315,0.08158171155805473,2.0,11,6,-0.5847631037275748,8.32949889979616,0.0007555786374996517,2.022079549676568,8.088318198706272,2.08237472494904,2.08237472494904,2.08237472494904,2.08237472494904,,TAIUN
sku_channel,sku_channel::2017689|DHL,2017689,교체형,lumpy,8642.0,tsb,"{'alpha': 0.1, 'beta': 0.2}",0.015399595407202003,0.026689361620563196,2.0,11,6,-0.5847631037275747,2.323626476906726,0.0019402772946753312,0.4926092533407976,1.9704370133631903,0.5809066192266815,0.5809066192266815,0.5809066192266815,0.5809066192266815,,DHL
sku_channel,sku_channel::1009055|TAIUN,1009055,교체형,lumpy,8632.0,tsb,"{'alpha': 0.1, 'beta': 0.2}",1.7429244618915356e-05,8.639765601382354e-05,2.0,11,6,,0.00830332611696927,3.0694524279736575e-06,0.0014671762771531196,0.0058687051086124785,0.0020758315292423177,0.0020758315292423177,0.0020758315292423177,0.0020758315292423177,,TAIUN
sku_channel,sku_channel::1008902|TAIUN,1008902,교체형,lumpy,8549.0,sba,{'alpha': 0.05},0.030770533740707776,0.14967062361628947,2.0,11,6,0.013652508966809536,68.47005545394829,0.04085569703968558,14.978411705731737,59.91364682292695,17.117513863487073,17.117513863487073,17.117513863487073,17.117513863487073,,TAIUN
sku_channel,sku_channel::1006767|TAIUN,1006767,교체형,lumpy,8507.0,tsb,"{'alpha': 0.1, 'beta': 0.2}",1.108277061211913e-08,8.775004398593718e-08,2.0,11,6,,8.756508145776403e-06,2.188470495295512e-09,1.833150425679333e-06,7.332601702717332e-06,2.189127036444101e-06,2.189127036444101e-06,2.189127036444101e-06,2.189127036444101e-06,,TAIUN
sku_channel,sku_channel::2018094|TAIUN,2018094,교체형,lumpy,8498.0,tsb,"{'alpha': 0.1, 'beta': 0.2}",4.0371974427208176e-10,3.173260990262898e-09,2.0,11,6,,3.0321967574437835e-07,1.608014659121095e-10,7.738823180916952e-09,3.095529272366781e-08,7.580491893609459e-08,7.580491893609459e-08,7.580491893609459e-08,7.580491893609459e-08,,TAIUN
sku_channel,sku_channel::1008782|TAIUN,1008782,교체형,lumpy,8453.0,tsb,"{'alpha': 0.1, 'beta': 0.2}",5.520620186038564e-08,4.12442716711758e-07,2.0,11,6,,4.089608061128541e-05,1.4474029407847662e-09,8.376062922203811e-06,3.3504251688815246e-05,1.0224020152821353e-05,1.0224020152821353e-05,1.0224020152821353e-05,1.0224020152821353e-05,,TAIUN
sku_channel,sku_channel::2016729|CUSTOMER_PICK_UP,2016729,교체형,lumpy,8331.0,tsb,"{'alpha': 0.1, 'beta': 0.2}",6.292194365404806e-09,2.4662300246289394e-08,2.0,11,6,,1.868844983208191e-06,1.4475472760496306e-09,3.742374782942029e-07,1.4969499131768117e-06,4.6721124580204774e-07,4.6721124580204774e-07,4.6721124580204774e-07,4.6721124580204774e-07,,CUSTOMER_PICK_UP
sku_channel,sku_channel::2017899|TAIUN,2017899,교체형,intermittent,8315.0,tsb,"{'alpha': 0.1, 'beta': 0.2}",4.046532980897568e-05,0.00022950168321209897,2.0,11,6,,0.02238490775304483,1.6481061796354662e-06,0.005546091548276695,0.02218436619310678,0.005596226938261208,0.005596226938261208,0.005596226938261208,0.005596226938261208,,TAIUN
sku_channel,sku_channel::1009405|TAIUN,1009405,교체형,intermittent,8261.0,tsb,"{'alpha': 0.1, 'beta': 0.2}",0.004802788174715892,0.024631825819738915,2.0,11,6,-0.5847631037275748,2.386911997472406,0.00020263098895313981,0.5874799210322802,2.349919684129121,0.5967279993681015,0.5967279993681015,0.5967279993681015,0.5967279993681015,,TAIUN
sku_channel,sku_channel::2017689|CUSTOMER_PICK_UP,2017689,교체형,lumpy,8240.0,sba,{'alpha': 0.3},0.04160565066455939,0.1584814342352585,2.0,11,6,0.3814289449650486,69.88024177115881,0.07827384866506455,15.843509291786388,63.37403716714555,17.470060442789702,17.470060442789702,17.470060442789702,17.470060442789702,,CUSTOMER_PICK_UP
sku_channel,sku_channel::1009153|TAIUN,1009153,교체형,lumpy,8234.0,tsb,"{'alpha': 0.1, 'beta': 0.2}",0.0024741738233584804,0.017571128127830692,2.0,11,6,-0.5847631037275749,1.6971400748566936,6.490515813280915e-05,0.35360330150754427,1.414413206030177,0.4242850187141734,0.4242850187141734,0.4242850187141734,0.4242850187141734,,TAIUN
sku_channel,sku_channel::2017645|TAIUN,2017645,교체형,lumpy,8166.0,tsb,"{'alpha': 0.1, 'beta': 0.2}",0.0008111453493002412,0.0057828878647518235,2.0,11,6,-0.5847631037275748,0.553938214719667,2.1274549678913074e-05,0.11525529837650517,0.46102119350602067,0.13848455367991674,0.13848455367991674,0.13848455367991674,0.13848455367991674,,TAIUN
sku_channel,sku_channel::1010013|TAIUN,1010013,교체형,lumpy,8163.0,tsb,"{'alpha': 0.1, 'beta': 0.1}",7.3826684168591665,32.445530036296866,1.9819588699524608,10,6,,834.8386593030718,0.1387420493423971,190.83136434750665,763.3254573900266,208.70966482576796,208.70966482576796,208.70966482576796,208.70966482576796,,TAIUN
sku_channel,sku_channel::2018065|TAIUN,2018065,교체형,intermittent,8128.0,tsb,"{'alpha': 0.1, 'beta': 0.2}",1.717879370676023e-07,9.145812255284077e-07,2.0,11,6,,8.719933185816389e-05,1.1455930047106815e-08,2.053166150832625e-05,8.2126646033305e-05,2.1799832964540973e-05,2.1799832964540973e-05,2.1799832964540973e-05,2.1799832964540973e-05,,TAIUN
sku_channel,sku_channel::2018094|FEDEX,2018094,교체형,lumpy,8095.0,tsb,"{'alpha': 0.1, 'beta': 0.2}",4.727013694622404e-10,1.7592119917799131e-09,2.0,11,6,,1.0875167941667449e-07,5.766986132130162e-11,2.3921914087107945e-08,9.568765634843178e-08,2.7187919854168623e-08,2.7187919854168623e-08,2.7187919854168623e-08,2.7187919854168623e-08,,FEDEX
sku_channel,sku_channel::1008053|DHL,1008053,교체형,lumpy,8087.0,tsb,"{'alpha': 0.1, 'beta': 0.2}",9.341503344126823e-06,5.402897447358888e-05,2.0,11,6,,0.005125324271371845,3.065788723020879e-07,0.0011258771848534645,0.004503508739413858,0.0012813310678429612,0.0012813310678429612,0.0012813310678429612,0.0012813310678429612,,DHL
sku_channel,sku_channel::2018366|DHL,2018366,교체형,lumpy,8056.0,sba,{'alpha': 0.15},0.1624744130641002,0.6146918203662051,1.0573488618565445,11,6,5.0,240.93770542979183,0.09611454716465713,28.649254821815642,114.59701928726257,60.23442635744796,60.23442635744796,60.23442635744796,60.23442635744796,,DHL
sku_channel,sku_channel::1008764|TAIUN,1008764,교체형,lumpy,8039.0,tsb,"{'alpha': 0.1, 'beta': 0.2}",6.037774209645277e-08,4.852818968354581e-07,2.0,11,6,,4.576182116216921e-05,1.3479975598612351e-08,9.303339959138301e-06,3.7213359836553205e-05,1.1440455290542303e-05,1.1440455290542303e-05,1.1440455290542303e-05,1.1440455290542303e-05,,TAIUN
sku_channel,sku_channel::1008442|TAIUN,1008442,교체형,intermittent,8026.0,tsb,"{'alpha': 0.1, 'beta': 0.2}",8.47001466296044e-05,0.0005353514000138586,2.0,11,6,,0.05040171085133681,2.2835963088249307e-06,0.011054067636350313,0.044216270545401254,0.012600427712834202,0.012600427712834202,0.012600427712834202,0.012600427712834202,,TAIUN
sku_channel,sku_channel::2019823|FEDEX,2019823,교체형,lumpy,7993.0,sba,{'alpha': 0.05},0.006315032749831779,0.03926834256299333,2.0,11,6,-0.9918046407592898,16.79581870801368,0.009949549565235779,3.451371391500474,13.805485566001895,4.19895467700342,4.19895467700342,4.19895467700342,4.19895467700342,,FEDEX
sku_channel,sku_channel::2020115|TAIUN_AIR,2020115,교체형,lumpy,7980.0,sba,{'alpha': 0.1},0.05782092628164814,0.35991503456221197,2.0,11,6,-0.6556105880898725,153.6921458625526,0.00876577840112202,28.70985273492286,114.83941093969143,38.42303646563815,38.42303646563815,38.42303646563815,38.42303646563815,,TAIUN_AIR
sku_channel,sku_channel::2017690|CUSTOMER_PICK_UP,2017690,교체형,lumpy,7972.0,sba,{'alpha': 0.3},0.01736762039996045,0.05264350883619103,2.0,11,6,0.1246755440848336,21.623629368647613,0.07571551778690871,4.811637772177148,19.246551088708593,5.405907342161903,5.405907342161903,5.405907342161903,5.405907342161903,,CUSTOMER_PICK_UP
sku_channel,sku_channel::1007782|TAIUN,1007782,교체형,lumpy,7971.0,sba,{'alpha': 0.05},0.051010987896522086,0.38063267862858025,2.0,11,6,0.5279221278641829,161.9518017226226,0.03515556336790297,36.67419054315345,146.6967621726138,40.48795043065565,40.48795043065565,40.48795043065565,40.48795043065565,,TAIUN
sku_channel,sku_channel::2017272|TAIUN,2017272,교체형,lumpy,7929.0,tsb,"{'alpha': 0.1, 'beta': 0.2}",1.2267248623668957e-09,7.139187359007995e-09,2.0,11,6,,6.510292424009145e-07,4.084630605524614e-10,1.0024272700763822e-08,4.009709080305529e-08,1.6275731060022864e-07,1.6275731060022864e-07,1.6275731060022864e-07,1.6275731060022864e-07,,TAIUN
sku_channel,sku_channel::2016876|DHL,2016876,교체형,lumpy,7889.0,tsb,"{'alpha': 0.1, 'beta': 0.2}",0.026372815361603383,0.044990147831855225,2.0,11,6,-0.5847631037275749,3.7818247906468017,0.006702460928970956,0.8174274281667613,3.269709712667045,0.9454561976617004,0.9454561976617004,0.9454561976617004,0.9454561976617004,,DHL
sku_channel,sku_channel::2018098|TAIUN,2018098,교체형,lumpy,7885.0,tsb,"{'alpha': 0.1, 'beta': 0.2}",1.1789717153942441e-05,5.03572443825779e-05,2.0,11,6,,0.004411369605413897,8.329688704052544e-06,0.0002813569284666946,0.0011254277138667784,0.0011028424013534743,0.0011028424013534743,0.0011028424013534743,0.0011028424013534743,,TAIUN
sku_channel,sku_channel::2018782|UPS,2018782,교체형,intermittent,7800.0,tsb,"{'alpha': 0.1, 'beta': 0.2}",1.2468727889563852e-07,7.138259059697473e-07,2.0,11,6,,6.531216621165219e-05,4.2743564274641485e-09,1.631094412720319e-05,6.524377650881276e-05,1.6328041552913047e-05,1.6328041552913047e-05,1.6328041552913047e-05,1.6328041552913047e-05,,UPS
sku_channel,sku_channel::2019544|TAIUN_AIR,2019544,교체형,lumpy,7764.0,sba,{'alpha': 0.3},0.05858912856336478,0.45788697154633623,2.0,11,6,0.1777786551442011,190.2359570346892,0.02201091741503786,22.14654868814933,88.58619475259732,47.5589892586723,47.5589892586723,47.5589892586723,47.5589892586723,,TAIUN_AIR
sku_channel,sku_channel::2018514|DHL,2018514,교체형,lumpy,7693.0,sba,{'alpha': 0.05},0.07816002500582736,0.16450985504044005,1.7590193217889862,11,6,-0.704906679651503,58.90442125896134,0.06485705225103541,13.822884408973497,55.29153763589399,14.726105314740336,14.726105314740336,14.726105314740336,14.726105314740336,,DHL
sku_channel,sku_channel::1005934|TAIUN,1005934,교체형,lumpy,7655.0,tsb,"{'alpha': 0.1, 'beta': 0.2}",0.002465137700142543,0.019680103208900655,2.0,11,6,-0.5847631037275748,1.7671757653722253,6.491719070502628e-05,0.3547984140792506,1.4191936563170024,0.44179394134305633,0.44179394134305633,0.44179394134305633,0.44179394134305633,,TAIUN
sku_channel,sku_channel::2016729|DHL,2016729,교체형,lumpy,7650.0,tsb,"{'alpha': 0.1, 'beta': 0.2}",2.4088080251190624e-08,6.654778032096012e-08,2.0,11,6,,5.962390396547002e-06,2.662829735289819e-09,1.408929193249992e-06,5.635716772999968e-06,1.4905975991367506e-06,1.4905975991367506e-06,1.4905975991367506e-06,1.4905975991367506e-06,,DHL
sku_channel,sku_channel::1008386|TAIUN,1008386,교체형,lumpy,7599.0,tsb,"{'alpha': 0.1, 'beta': 0.2}",5.419234164393163e-07,3.82785951175072e-06,2.0,11,6,,0.0003412083220312539,1.4221042713404377e-08,7.123092758460837e-05,0.0002849237103384335,8.530208050781347e-05,8.530208050781347e-05,8.530208050781347e-05,8.530208050781347e-05,,TAIUN
sku_channel,sku_channel::2017604|TAIUN,2017604,교체형,lumpy,7508.0,sba,{'alpha': 0.3},0.06820816715504006,0.2773258597576275,2.0,11,6,0.013652508966809541,111.42006983600093,0.03580195062631754,26.812652040591246,107.25060816236498,27.855017459000234,27.855017459000234,27.855017459000234,27.855017459000234,,TAIUN
sku_channel,sku_channel::2018710|TAIUN,2018710,교체형,intermittent,7505.0,tsb,"{'alpha': 0.1, 'beta': 0.2}",0.0008829725875315542,0.0056377794806573055,2.0,11,6,-0.5847631037275748,0.28522968555204353,2.3898350879760198e-05,0.07121106323726369,0.28484425294905474,0.07130742138801088,0.07130742138801088,0.07130742138801088,0.07130742138801088,,TAIUN
sku_channel,sku_channel::1008452|TAIUN_AIR,1008452,교체형,intermittent,7481.0,tsb,"{'alpha': 0.1, 'beta': 0.2}",0.0004795009681411664,0.0029441110189619185,2.0,11,6,-0.5847631037275748,0.2583574669192416,1.3172632049805314e-05,0.057696655283429266,0.23078662113371706,0.0645893667298104,0.0645893667298104,0.0645893667298104,0.0645893667298104,,TAIUN_AIR
sku_channel,sku_channel::2017010|DHL,2017010,교체형,intermittent,7458.0,tsb,"{'alpha': 0.1, 'beta': 0.2}",1.6216599833723213e-09,6.142390311551214e-09,2.0,11,6,,4.6531026221402074e-07,7.968655023690697e-11,1.068121786524061e-07,4.272487146096244e-07,1.1632756555350519e-07,1.1632756555350519e-07,1.1632756555350519e-07,1.1632756555350519e-07,,DHL
sku_channel,sku_channel::1008144|TAIUN,1008144,교체형,lumpy,7412.0,tsb,"{'alpha': 0.1, 'beta': 0.2}",0.003246359653271919,0.024900556247363415,2.0,11,6,-0.5847631037275749,2.1649687892006555,0.0006044636554916958,0.2957090604394372,1.1828362417577487,0.5412421973001639,0.5412421973001639,0.5412421973001639,0.5412421973001639,,TAIUN
sku_channel,sku_channel::1009446|TAIUN,1009446,교체형,lumpy,7375.0,sba,{'alpha': 0.3},0.10406619109546114,0.6914993631909335,1.8620661996999326,11,6,-0.3800134996180353,186.08934452696155,0.01614465611882467,31.833886018727796,127.33554407491118,46.52233613174039,46.52233613174039,46.52233613174039,46.52233613174039,,TAIUN
sku_channel,sku_channel::2017633|FEDEX,2017633,교체형,lumpy,7370.0,tsb,"{'alpha': 0.1, 'beta': 0.2}",1.508354882345006e-07,5.683016448650477e-07,2.0,11,6,,4.4131031935096774e-05,1.798845196558482e-08,1.0377078909628625e-05,4.15083156385145e-05,1.1032757983774193e-05,1.1032757983774193e-05,1.1032757983774193e-05,1.1032757983774193e-05,,FEDEX
sku_channel,sku_channel::2019748|TAIUN_AIR,2019748,교체형,intermittent,7300.0,sba,{'alpha': 0.3},0.062080489696462356,0.42549596515849536,2.0,11,6,0.01365250896680954,166.2138084632517,0.0111358574610245,36.65033407572384,146.60133630289536,41.553452115812924,41.553452115812924,41.553452115812924,41.553452115812924,,TAIUN_AIR
sku_channel,sku_channel::2018932|TAIUN,2018932,교체형,intermittent,7293.0,tsb,"{'alpha': 0.1, 'beta': 0.2}",0.0005942289401816836,0.0034833891932528026,2.0,11,6,-0.5847631037275748,0.2979994030513532,2.4835767164329203e-05,0.0736966620527439,0.2947866482109756,0.0744998507628383,0.0744998507628383,0.0744998507628383,0.0744998507628383,,TAIUN
sku_channel,sku_channel::1009118|TAIUN,1009118,교체형,lumpy,7275.0,tsb,"{'alpha': 0.1, 'beta': 0.1}",6.754348487781693,36.567383317195414,1.8841561273890945,11,6,0.9971147838153812,585.0607724031959,0.09250674713704689,130.5945501357832,522.3782005431328,146.26519310079897,146.26519310079897,146.26519310079897,146.26519310079897,,TAIUN
sku_channel,sku_channel::2019929|FEDEX,2019929,교체형,intermittent,7158.0,sba,{'alpha': 0.05},0.033775960197620136,0.17138132620530103,2.0,11,6,-0.9524845069617147,65.64535293525324,0.008055583526331688,16.279717651797405,65.11887060718962,16.41133823381331,16.41133823381331,16.41133823381331,16.41133823381331,,FEDEX
sku_channel,sku_channel::2017633|CUSTOMER_PICK_UP,2017633,교체형,lumpy,7152.0,tsb,"{'alpha': 0.1, 'beta': 0.2}",2.2261754416516677e-07,8.472838035672555e-07,2.0,11,6,,7.098325834146231e-05,2.468704867469447e-08,1.6548912404470365e-05,6.619564961788146e-05,1.7745814585365578e-05,1.7745814585365578e-05,1.7745814585365578e-05,1.7745814585365578e-05,,CUSTOMER_PICK_UP
sku_channel,sku_channel::2018043|DHL,2018043,교체형,lumpy,7140.0,tsb,"{'alpha': 0.1, 'beta': 0.2}",0.04629453993131089,0.1156525313038494,1.3879942737488866,11,6,-0.5618153587993897,121.60369233653917,0.13535423741717612,19.56170568000346,78.24682272001384,30.400923084134792,30.400923084134792,30.400923084134792,30.400923084134792,,DHL
sku_channel,sku_channel::2017477|CUSTOMER_PICK_UP,2017477,교체형,lumpy,7045.0,tsb,"{'alpha': 0.1, 'beta': 0.2}",0.010401006401250351,0.03218434670690249,2.0,11,6,-0.5847631037275748,2.417704404416612,0.0018448313583839574,0.41168143995610773,1.646725759824431,0.604426101104153,0.604426101104153,0.604426101104153,0.604426101104153,,CUSTOMER_PICK_UP
sku_channel,sku_channel::2018272|CUSTOMER_PICK_UP,2018272,교체형,lumpy,7020.0,tsb,"{'alpha': 0.1, 'beta': 0.2}",1.5648163578070443e-06,9.715623929978652e-06,2.0,11,6,,0.0008000460556168266,2.8729031011807903e-07,0.00016553667669003716,0.0006621467067601486,0.00020001151390420664,0.00020001151390420664,0.00020001151390420664,0.00020001151390420664,,CUSTOMER_PICK_UP
sku_channel,sku_channel::2019992|DHL,2019992,교체형,lumpy,7012.0,croston,{'alpha': 0.2},0.0504679316124231,0.328708830413819,0.9805818044874443,11,6,-0.10704603410760155,154.65645433989934,0.021219096507845966,15.579909419920824,62.3196376796833,38.664113584974835,38.664113584974835,38.664113584974835,38.664113584974835,,DHL
sku_channel,sku_channel::1008491|TAIUN,1008491,교체형,lumpy,7008.0,tsb,"{'alpha': 0.1, 'beta': 0.2}",0.002468630600993164,0.019363072014424033,2.0,11,6,-0.5847631037275748,1.5917524764331514,6.490379030341334e-05,0.32120626205998054,1.2848250482399222,0.39793811910828786,0.39793811910828786,0.39793811910828786,0.39793811910828786,,TAIUN
sku_channel,sku_channel::1009618|TAIUN,1009618,교체형,lumpy,7003.0,sba,{'alpha': 0.3},0.061211783155547504,0.46613549550192773,2.0,11,6,0.012758437018573019,174.68076923076922,0.011312217194570137,36.668846153846154,146.67538461538462,43.670192307692304,43.670192307692304,43.670192307692304,43.670192307692304,,TAIUN
sku_channel,sku_channel::2016929|CUSTOMER_PICK_UP,2016929,교체형,lumpy,7000.0,tsb,"{'alpha': 0.1, 'beta': 0.2}",1.6157314809608308e-05,9.70723325770252e-05,2.0,11,6,,0.00797077749479908,1.4233531240712643e-06,0.0017649578738483677,0.007059831495393471,0.00199269437369977,0.00199269437369977,0.00199269437369977,0.00199269437369977,,CUSTOMER_PICK_UP
sku_channel,sku_channel::2019310|DHL,2019310,교체형,lumpy,7000.0,tsb,"{'alpha': 0.1, 'beta': 0.1}",0.36755252329006327,1.7145361741250207,1.008255740313872,11,6,0.306525010692256,474.0778483291059,0.1396460550069939,102.02754227806054,408.11016911224215,118.51946208227648,118.51946208227648,118.51946208227648,118.51946208227648,,DHL
sku_channel,sku_channel::2017250|DHL,2017250,교체형,lumpy,6952.0,tsb,"{'alpha': 0.1, 'beta': 0.2}",4.7590932726796525e-12,2.0787141384344067e-11,2.0,11,6,,1.6076260172630291e-09,2.3709651987318125e-13,2.3984204342995147e-10,9.593681737198059e-10,4.019065043157573e-10,4.019065043157573e-10,4.019065043157573e-10,4.019065043157573e-10,,DHL
sku_channel,sku_channel::1009776|TAIUN,1009776,교체형,intermittent,6942.0,sba,{'alpha': 0.05},0.008875446453856734,0.02870678606201515,0.7213480440401311,11,6,-0.9944293945435009,21.17987800154184,0.009771715085443665,5.126962362541513,20.507849450166052,5.29496950038546,5.29496950038546,5.29496950038546,5.29496950038546,,TAIUN
sku_channel,sku_channel::2017828|CUSTOMER_PICK_UP,2017828,교체형,lumpy,6928.0,tsb,"{'alpha': 0.1, 'beta': 0.2}",3.2919218206735193e-12,1.7045641286139028e-11,2.0,11,6,,6.31440815696079e-10,2.9814576028039964e-13,1.4745356927139732e-10,5.898142770855893e-10,1.5786020392401974e-10,1.5786020392401974e-10,1.5786020392401974e-10,1.5786020392401974e-10,,CUSTOMER_PICK_UP
sku_channel,sku_channel::1008773|TAIUN,1008773,교체형,lumpy,6928.0,tsb,"{'alpha': 0.1, 'beta': 0.2}",0.0030037388201834127,0.01990491042592905,2.0,11,6,-0.5847631037275747,1.617615452554385,0.000604462973466954,0.31479343624806727,1.259173744992269,0.4044038631385963,0.4044038631385963,0.4044038631385963,0.4044038631385963,,TAIUN
sku_channel,sku_channel::2017686|DHL,2017686,교체형,intermittent,6908.0,tsb,"{'alpha': 0.1, 'beta': 0.2}",2.401739164493421e-13,9.960451836948543e-13,2.0,11,6,,8.071208178313811e-11,1.2833939652803758e-14,1.9854304852345997e-11,7.941721940938399e-11,2.0178020445784527e-11,2.0178020445784527e-11,2.0178020445784527e-11,2.0178020445784527e-11,,DHL
sku_channel,sku_channel::2018095|FEDEX,2018095,교체형,lumpy,6866.0,tsb,"{'alpha': 0.1, 'beta': 0.2}",2.0781153169572097e-08,6.078770343742409e-08,2.0,11,6,,3.608770414903356e-06,3.104387474952438e-09,7.569082854355327e-07,3.0276331417421307e-06,9.02192603725839e-07,9.02192603725839e-07,9.02192603725839e-07,9.02192603725839e-07,,FEDEX
sku_channel,sku_channel::2018463|DHL,2018463,교체형,lumpy,6816.0,sba,{'alpha': 0.05},0.08034380527968245,0.20623557691188046,1.5095693436317228,11,6,-0.8383388528618881,36.378708409173896,0.036572028869896356,7.778691846688943,31.114767386755773,9.094677102293474,9.094677102293474,9.094677102293474,9.094677102293474,,DHL
sku_channel,sku_channel::2016166|TAIUN,2016166,교체형,intermittent,6798.0,tsb,"{'alpha': 0.1, 'beta': 0.2}",1.53383894807241e-05,8.82255823733874e-05,2.0,11,6,,0.007035304098880137,4.789048697707439e-07,0.00169986325715386,0.00679945302861544,0.0017588260247200342,0.0017588260247200342,0.0017588260247200342,0.0017588260247200342,,TAIUN
sku_channel,sku_channel::2017703|TAIUN,2017703,교체형,intermittent,6776.0,tsb,"{'alpha': 0.1, 'beta': 0.2}",3.0255196550054654e-06,9.916462152363441e-06,2.0,11,6,,0.0007882016440071349,1.7869709924672984e-07,0.00019606907801156042,0.0007842763120462417,0.00019705041100178373,0.00019705041100178373,0.00019705041100178373,0.00019705041100178373,,TAIUN
sku_channel,sku_channel::2018799|CUSTOMER_PICK_UP,2018799,교체형,lumpy,6742.0,tsb,"{'alpha': 0.1, 'beta': 0.2}",5.592825558409286e-06,4.059121056345647e-05,2.0,11,6,,0.003210169263386983,1.466044930486182e-07,0.0006637899594458116,0.0026551598377832462,0.0008025423158467457,0.0008025423158467457,0.0008025423158467457,0.0008025423158467457,,CUSTOMER_PICK_UP
customer_channel,customer_channel::Patriot Memory Inc.|TAIUN,,교체형,lumpy,90110698.0,sba,{'alpha': 0.3},0.0241960151904886,0.03954477023319138,0.6450988518039257,11,6,-0.3196963928951017,202648.85819475004,0.5534106304244303,50661.39750768165,202645.5900307266,50662.21454868751,50662.21454868751,50662.21454868751,50662.21454868751,Patriot Memory Inc.,TAIUN
customer_channel,"customer_channel::Hosin Global Electronics Co., Ltd|TAIUN",,교체형,lumpy,89504212.0,tsb,"{'alpha': 0.1, 'beta': 0.2}",0.023057862241929548,0.04568413208324685,2.0,11,6,-0.5847631037275748,35995.53326649991,0.008775725806682828,4724.956745886406,18899.826983545623,8998.883316624977,8998.883316624977,8998.883316624977,8998.883316624977,"Hosin Global Electronics Co., Ltd",TAIUN
customer_channel,customer_channel::YHG SUPPLY CHAIN (HONG KONG)|TAIUN,,교체형,lumpy,78940789.0,croston,{'alpha': 0.2},0.0951493160229659,0.19288014010181986,0.2185880508034992,11,6,2.9818113226582876,2385926.944722727,0.4075986402027954,590435.407297252,2361741.629189008,596481.7361806817,596481.7361806817,596481.7361806817,596481.7361806817,YHG SUPPLY CHAIN (HONG KONG),TAIUN
customer_channel,"customer_channel::World Pacific Industrial H.K., Ltd.|TAIUN",,교체형,lumpy,74593888.0,tsb,"{'alpha': 0.1, 'beta': 0.2}",5.13226970793766e-10,1.154142764387125e-09,2.0,11,6,,0.0007304055747950029,6.953917754192987e-11,0.0001737143918423692,0.0006948575673694768,0.00018260139369875072,0.00018260139369875072,0.00018260139369875072,0.00018260139369875072,"World Pacific Industrial H.K., Ltd.",TAIUN
customer_channel,customer_channel::ALL-THE-WAY EXPRESS LIMITED|TAIUN,,교체형,lumpy,61836655.0,sba,{'alpha': 0.1},0.07354783829045304,0.10362299077603133,0.20986956618154795,11,6,-0.46102078851199113,1292891.0705532832,0.540704768782929,297225.88701555174,1188903.548062207,323222.7676383208,323222.7676383208,323222.7676383208,323222.7676383208,ALL-THE-WAY EXPRESS LIMITED,TAIUN
customer_channel,"customer_channel::G.Skill International Ent. Co., Ltd|TAIUN_AIR",,교체형,lumpy,49539689.0,sba,{'alpha': 0.3},0.1393167015502782,0.23826502410290207,0.8070479066237896,11,6,-0.26065158639844743,878194.2733726902,0.5263998459005702,205480.14822932534,821920.5929173013,219548.56834317255,219548.56834317255,219548.56834317255,219548.56834317255,"G.Skill International Ent. Co., Ltd",TAIUN_AIR
customer_channel,customer_channel::TEC LOGISTICS COMPANY|TAIUN,,교체형,lumpy,41620256.0,sba,{'alpha': 0.1},0.1017232127651768,0.26940930729839274,0.932565498230208,11,6,0.02643717607524673,710157.0408518873,0.1868188682698228,128306.34250920473,513225.3700368189,177539.26021297183,177539.26021297183,177539.26021297183,177539.26021297183,TEC LOGISTICS COMPANY,TAIUN
customer_channel,customer_channel::PATRIOT MEMORY INC.|TAIUN_AIR,,교체형,lumpy,36107273.0,tsb,"{'alpha': 0.1, 'beta': 0.2}",0.160558909100834,0.3533916131216779,1.8242885941907625,11,6,-0.3058116589010267,251895.634031405,0.13918278096333053,41503.00087592507,166012.00350370028,62973.90850785125,62973.90850785125,62973.90850785125,62973.90850785125,PATRIOT MEMORY INC.,TAIUN_AIR
customer_channel,customer_channel::Eternal International (HK) Ltd.|TAIUN,,교체형,lumpy,34662794.0,sba,{'alpha': 0.3},0.05874749085946246,0.22261383575359864,1.3246940464110744,11,6,0.18571208341490356,474200.6281333139,0.49608375423575457,112710.41907957017,450841.6763182807,118550.15703332848,118550.15703332848,118550.15703332848,118550.15703332848,Eternal International (HK) Ltd.,TAIUN
customer_channel,customer_channel::REALTECH SEMICONDUCTOR TECHNOLOGY|TAIUN,,교체형,lumpy,29395002.0,tsb,"{'alpha': 0.1, 'beta': 0.2}",0.0006478984756415066,0.0014369042358144176,2.0,11,6,-0.5847631037275748,373.072690390319,0.0001995553079445985,88.01793270011491,352.07173080045965,93.26817259757975,93.26817259757975,93.26817259757975,93.26817259757975,REALTECH SEMICONDUCTOR TECHNOLOGY,TAIUN
customer_channel,customer_channel::GOLDKEY TECHNOLOGY CORPORATION|TAIUN_AIR,,교체형,lumpy,23796097.0,croston,{'alpha': 0.2},0.20269055243918757,0.3706328960666194,0.5786019154938161,11,6,0.5751688754343348,396351.9152995679,0.15742309423906184,96009.95208647744,384039.80834590975,99087.97882489198,99087.97882489198,99087.97882489198,99087.97882489198,GOLDKEY TECHNOLOGY CORPORATION,TAIUN_AIR
customer_channel,customer_channel::MAX LOGISTICS LIMITED|TAIUN,,교체형,intermittent,22902429.0,tsb,"{'alpha': 0.2, 'beta': 0.05}",0.9968503387914651,7.429196441821433,1.6224105861672307,11,6,-0.9999995627022547,3286020.4143898212,0.0666936056498295,790687.8665186042,3162751.466074417,821505.1035974553,821505.1035974553,821505.1035974553,821505.1035974553,MAX LOGISTICS LIMITED,TAIUN
customer_channel,customer_channel::PNG HK LTD|TAIUN,,교체형,lumpy,21065963.0,tsb,"{'alpha': 0.1, 'beta': 0.2}",3.8087734155384665e-08,1.2216084416868388e-07,2.0,11,6,,0.026279628007412268,1.0851393264223471e-08,0.005436999312609594,0.021747997250438376,0.006569907001853067,0.006569907001853067,0.006569907001853067,0.006569907001853067,PNG HK LTD,TAIUN
customer_channel,customer_channel::BANG TAI INTERNATIONAL LOGISTICS CO|TAIUN,,교체형,lumpy,17622725.0,sba,{'alpha': 0.05},0.09503765670738482,0.2551563655978603,0.749561458804771,11,6,-0.2706422345026797,102577.07039331214,0.06557045005863207,13064.937289471416,52259.749157885664,25644.267598328035,25644.267598328035,25644.267598328035,25644.267598328035,BANG TAI INTERNATIONAL LOGISTICS CO,TAIUN
customer_channel,customer_channel::SF Supply Chain (Hong Kong) Limited|TAIUN,,교체형,lumpy,15956279.0,sba,{'alpha': 0.05},0.023409989886266813,0.06586340039090245,1.1520786956327211,11,6,0.872451014136888,91070.1486322699,0.03743372617233374,18181.633700022725,72726.5348000909,22767.537158067476,22767.537158067476,22767.537158067476,22767.537158067476,SF Supply Chain (Hong Kong) Limited,TAIUN
customer_channel,"customer_channel::XINRONGDA CO., Limited|TAIUN",,교체형,lumpy,14329211.0,tsb,"{'alpha': 0.1, 'beta': 0.2}",0.006399141396301631,0.02481728389538312,2.0,11,6,-0.5847631037275748,4103.207884922582,0.001373430937663201,77.30796616639712,309.2318646655885,1025.8019712306454,1025.8019712306454,1025.8019712306454,1025.8019712306454,"XINRONGDA CO., Limited",TAIUN
customer_channel,customer_channel::REALTECH SEMICONDUCTOR TECHNOLOGY L|TAIUN,,교체형,lumpy,14179579.0,sba,{'alpha': 0.05},0.00015816396275491714,0.00046812471947028526,0.005984284223489899,11,6,,55706.851153812466,0.025936911997020595,11428.501663339126,45714.006653356504,13926.712788453116,13926.712788453116,13926.712788453116,13926.712788453116,REALTECH SEMICONDUCTOR TECHNOLOGY L,TAIUN
customer_channel,"customer_channel::SC GLOBAL TRANS (HK) CO., LIMITED|TAIUN",,교체형,intermittent,12729355.0,sba,{'alpha': 0.3},0.050495554163542226,0.13213083254798522,0.960587365409193,11,6,0.10783747946197576,73452.71573555839,0.03762672588663415,18130.349727473378,72521.39890989351,18363.178933889598,18363.178933889598,18363.178933889598,18363.178933889598,"SC GLOBAL TRANS (HK) CO., LIMITED",TAIUN
customer_channel,customer_channel::Ringson Limited|TAIUN,,교체형,lumpy,12302298.0,sba,{'alpha': 0.3},0.06049340023450079,0.1278123997233514,1.6765104768588284,11,6,0.5811317688533074,57129.51822492101,0.18436391581706746,13911.573056560817,55646.29222624327,14282.379556230253,14282.379556230253,14282.379556230253,14282.379556230253,Ringson Limited,TAIUN
customer_channel,customer_channel::EVERBOND ELECTRONICS LIMITED|TAIUN,,교체형,lumpy,11533061.0,tsb,"{'alpha': 0.1, 'beta': 0.1}",0.019214565099032882,0.04756685819673621,0.10657238853775064,11,6,-0.5463208197876017,189375.10969448014,0.2766381953392226,30048.292503464705,120193.17001385882,47343.777423620035,47343.777423620035,47343.777423620035,47343.777423620035,EVERBOND ELECTRONICS LIMITED,TAIUN
customer_channel,"customer_channel::HONGKONG SHICHUANGYI CO., LIMITED|TAIUN",,교체형,lumpy,10511640.0,sba,{'alpha': 0.3},0.059929442211288785,0.14981775365133537,1.5132999262320947,11,6,0.019591346143288717,39669.568613195544,0.2422167109647248,8966.185413339692,35864.74165335877,9917.392153298886,9917.392153298886,9917.392153298886,9917.392153298886,"HONGKONG SHICHUANGYI CO., LIMITED",TAIUN
customer_channel,customer_channel::Skyrich View (HK) Limited|TAIUN_AIR,,교체형,intermittent,10391180.0,tsb,"{'alpha': 0.1, 'beta': 0.2}",2.7905307642764507e-11,7.225358687806647e-11,2.0,11,6,,7.5818365258829355e-06,2.628210075231661e-12,1.8320429000110692e-06,7.328171600044277e-06,1.8954591314707339e-06,1.8954591314707339e-06,1.8954591314707339e-06,1.8954591314707339e-06,Skyrich View (HK) Limited,TAIUN_AIR
customer_channel,customer_channel::RUNZHE INTERNATIONAL LIMITED|TAIUN,,교체형,intermittent,9211467.0,tsb,"{'alpha': 0.1, 'beta': 0.2}",0.012312105071107053,0.0691660898590987,2.0,11,6,-0.5847631037275748,4057.1506284619927,0.0006282001005756067,1014.2824933106713,4057.129973242685,1014.2876571154982,1014.2876571154982,1014.2876571154982,1014.2876571154982,RUNZHE INTERNATIONAL LIMITED,TAIUN
customer_channel,customer_channel::GoldKey Technology Corporation|TAIUN_AIR,,교체형,lumpy,6641586.0,sba,{'alpha': 0.05},0.05444335661856564,0.23335704067402174,2.0,11,6,0.03461560490731285,80431.72533452939,0.02591665696986308,18103.018235042902,72412.07294017161,20107.931333632347,20107.931333632347,20107.931333632347,20107.931333632347,GoldKey Technology Corporation,TAIUN_AIR
customer_channel,customer_channel::Leadmax Technology International|TAIUN,,교체형,lumpy,5449346.0,tsb,"{'alpha': 0.1, 'beta': 0.2}",5.620929721927301e-08,2.718669505874382e-07,2.0,11,6,,0.017303378165337394,6.166492864511955e-09,0.003166457826898552,0.012665831307594208,0.004325844541334349,0.004325844541334349,0.004325844541334349,0.004325844541334349,Leadmax Technology International,TAIUN
customer_channel,customer_channel::Eudar Technology Inc.|TAIUN_AIR,,교체형,lumpy,5233317.0,tsb,"{'alpha': 0.1, 'beta': 0.2}",0.0006437698977680489,0.0015861003505793687,2.0,11,6,-0.5847631037275748,90.31537315698083,0.00010662169132881006,14.728019087233555,58.91207634893422,22.578843289245206,22.578843289245206,22.578843289245206,22.578843289245206,Eudar Technology Inc.,TAIUN_AIR
customer_channel,"customer_channel::CY STORAGE TECHNOLOGY(HK) CO.,LIMIT|TAIUN",,교체형,lumpy,4846080.0,tsb,"{'alpha': 0.1, 'beta': 0.1}",0.10428436973569405,0.5571823525736074,0.638717259125256,11,6,-0.11159253205304406,280849.19185294636,0.4541192943142137,35007.67448687851,140030.69794751404,70212.29796323659,70212.29796323659,70212.29796323659,70212.29796323659,"CY STORAGE TECHNOLOGY(HK) CO.,LIMIT",TAIUN
customer_channel,"customer_channel::XINRONGDA CO., Limited|CUSTOMER_PICK_UP",,교체형,intermittent,4231186.0,sba,{'alpha': 0.05},0.009158050159842876,0.04774917731106437,2.0,11,6,0.013652508966809392,10811.272270239102,0.013689230511241426,2694.7725254748025,10779.09010189921,2702.8180675597755,2702.8180675597755,2702.8180675597755,2702.8180675597755,"XINRONGDA CO., Limited",CUSTOMER_PICK_UP
customer_channel,customer_channel::MF WAREHOUSING & LOGISTICS|TAIUN,,교체형,lumpy,2996478.0,sba,{'alpha': 0.3},0.05457736813320691,0.1295539118027585,1.1523659072274777,11,6,0.10592843160826451,24750.95644057295,0.22490473490652269,5881.787928491292,23527.15171396517,6187.739110143238,6187.739110143238,6187.739110143238,6187.739110143238,MF WAREHOUSING & LOGISTICS,TAIUN
customer_channel,"customer_channel::Hosin Global (HK) Electronics Co.,|TAIUN",,교체형,lumpy,2610629.0,tsb,"{'alpha': 0.1, 'beta': 0.2}",9.636959297114448,43.40888913528437,1.4344748125986857,10,6,,549450.2457207441,0.6205234050325441,84146.83101555295,336587.3240622118,137362.56143018603,137362.56143018603,137362.56143018603,137362.56143018603,"Hosin Global (HK) Electronics Co.,",TAIUN
customer_channel,customer_channel::SHEN MING GLOBAL CO LIMITED|TAIUN,,교체형,intermittent,2548610.0,tsb,"{'alpha': 0.1, 'beta': 0.2}",1.5924904403548523,10.764878042998697,1.3228889560068122,11,6,-0.999987750172919,306663.0036346896,0.08335256453119999,75553.22755936158,302212.9102374463,76665.7509086724,76665.7509086724,76665.7509086724,76665.7509086724,SHEN MING GLOBAL CO LIMITED,TAIUN
customer_channel,customer_channel::TAIWAN EXPRESS (H.K.) CO. LTD|TAIUN,,교체형,lumpy,2354395.0,sba,{'alpha': 0.05},0.06599420447326866,0.28879036900055494,1.6754726127168134,11,6,-0.10360829143300626,31322.05177899211,0.01721469547800021,7209.296207050755,28837.18482820302,7830.512944748028,7830.512944748028,7830.512944748028,7830.512944748028,TAIWAN EXPRESS (H.K.) CO. LTD,TAIUN
customer_channel,customer_channel::EACHAIN HONGKONG LIMITED|TAIUN,,교체형,lumpy,2134359.0,sba,{'alpha': 0.1},0.002563309162888343,0.015422352525887832,0.03928922294455147,11,6,-0.9922866554629284,38626.083004013424,0.0756904587341659,5290.994712993339,21163.978851973356,9656.520751003356,9656.520751003356,9656.520751003356,9656.520751003356,EACHAIN HONGKONG LIMITED,TAIUN
