grain,series_id,item_code,label,sb_class,total_qty_hist,model,model_params,rmsse,mase,smape,n_trials,n_backtest_folds,acc_change_vs_prev,large_threshold,p_large_week,p_large_4w,expected_large_size,bulk_share,last_large_week,customer,channel
sku,sku::1008094,1008094,교체형,lumpy,142582515.0,sba,{'alpha': 0.3},0.06633067890244242,0.12049039277195654,0.9725192791473948,11,6,-0.45097708802013975,0.0,0.20018828118115933,0.5907854637531272,2096688.1764705882,0.9999458629271618,2026-05-11,,
sku,sku::1007754,1007754,교체형,lumpy,88739229.0,tsb,"{'alpha': 0.1, 'beta': 0.2}",0.060073928290264984,0.0919844109044586,2.0,11,6,-0.5847631037275748,0.0,0.01361694793761448,0.05336532922977821,1199178.7702702703,1.0,2026-02-09,,
sku,sku::1008095,1008095,교체형,lumpy,37330377.0,tsb,"{'alpha': 0.1, 'beta': 0.2}",0.19025885362970166,0.3693246155278294,2.0,11,6,-0.3204609226931129,0.0,0.03210339349556203,0.1223610911535854,704346.7358490566,1.0,2026-03-16,,
sku,sku::1008053,1008053,교체형,lumpy,36162129.0,sba,{'alpha': 0.3},0.14463771029702202,0.22759857664660602,0.33187730422640577,11,6,-0.73190147556194,0.0,0.7630172709805249,0.9968459629873105,337843.15887850465,0.9996429690298378,2026-06-01,,
sku,sku::1009218,1009218,교체형,lumpy,34877645.0,tsb,"{'alpha': 0.1, 'beta': 0.2}",0.0005581806195984877,0.0023617715896764543,2.0,11,6,-0.5847631037275748,0.0,7.761376110158503e-05,0.0003104189029010662,2682895.769230769,1.0,2025-09-29,,
sku,sku::1009185,1009185,교체형,lumpy,27750062.0,croston,{'alpha': 0.1},0.17586373797954305,0.5001139606803248,1.4458151037078257,11,6,4.637116937557005,0.0,0.2896458086223514,0.7453757344724261,1541670.111111111,1.0,2026-06-01,,
sku,sku::1005732,1005732,교체형,lumpy,26778474.0,tsb,"{'alpha': 0.1, 'beta': 0.2}",0.0003034915040267699,0.0011403523744702914,2.0,11,6,,0.0,2.130915235054923e-05,8.523388496106676e-05,2231539.5,1.0,2025-08-25,,
sku,sku::2012591,2012591,교체형,lumpy,26586378.0,tsb,"{'alpha': 0.1, 'beta': 0.2}",1.968634454497454e-06,4.7980351348662464e-06,2.0,11,6,,0.0,3.1034710693667233e-07,1.2413878497374853e-06,618287.8604651163,1.0,2025-04-07,,
sku,sku::1007583,1007583,교체형,lumpy,23225812.0,sba,{'alpha': 0.3},0.05982021055690234,0.14213292028800886,1.8859208976952042,11,6,-0.27279163797482264,0.0,0.04966178167142415,0.18433321066439778,341485.9117647059,0.9997946250490618,2026-04-13,,
sku,sku::1007570,1007570,교체형,lumpy,20920426.0,tsb,"{'alpha': 0.1, 'beta': 0.2}",3.448486086608354e-05,0.00012540162137083695,2.0,11,6,,0.0,2.1414222109443896e-05,8.565413706362879e-05,697347.5333333333,1.0,2025-08-25,,
sku,sku::1009437,1009437,교체형,lumpy,19002001.0,sba,{'alpha': 0.05},0.02483499211730356,0.08249479405052197,2.0,11,6,0.01365250896680969,0.0,0.012033946783161834,0.047273841736070854,1583500.0833333333,1.0,2026-02-09,,
sku,sku::1008279,1008279,교체형,lumpy,17744983.0,tsb,"{'alpha': 0.1, 'beta': 0.2}",0.006048773272464078,0.010088362535703152,2.0,11,6,-0.5847631037275749,0.0,0.0017811455736691053,0.007105570009875994,369661.5416666667,0.9999307409874667,2025-12-22,,
sku,sku::1009110,1009110,교체형,lumpy,15356114.0,tsb,"{'alpha': 0.1, 'beta': 0.2}",0.05939057162908334,0.237196969212353,2.0,11,6,-0.014808538716173998,0.0,0.003762230232691633,0.014964207480567593,1706234.888888889,1.0,2026-02-02,,
sku,sku::1007506,1007506,교체형,lumpy,15224600.0,sba,{'alpha': 0.2},0.020442517202315044,0.04497167086943423,0.5116119585143104,11,6,-0.2878982526756191,0.0,0.3307052339860769,0.7993358845212948,434768.97142857144,0.9994951591503225,2026-06-01,,
sku,sku::1008551,1008551,교체형,lumpy,15128054.0,sba,{'alpha': 0.3},0.6303385642513577,1.7357656399107926,1.2499505624098453,11,6,-0.1016465091220271,0.0,0.2842461941594438,0.7375451130522843,275055.5272727273,1.0,2026-05-18,,
sku,sku::2019229,2019229,교체형,lumpy,13324330.0,tsb,"{'alpha': 0.2, 'beta': 0.05}",1.0906939222028424,5.81501989449155,1.8381339728030417,11,6,-0.8376018177774279,0.0,0.0739373404033009,0.26453587663557,2220721.6666666665,1.0,2026-04-27,,
sku,sku::1009592,1009592,교체형,lumpy,13049523.0,tsb,"{'alpha': 0.1, 'beta': 0.2}",1.140714930814115,4.8152443252459385,0.5017668891866441,11,6,-0.3780854853114841,0.0,0.822079500244269,0.998997916389492,767619.0,1.0,2026-06-08,,
sku,sku::1007368,1007368,교체형,lumpy,11941564.0,tsb,"{'alpha': 0.1, 'beta': 0.2}",9.847827522277069e-08,2.8463604515586474e-07,2.0,11,6,,0.0,2.1457858564025496e-08,8.583143162876894e-08,459290.92307692306,1.0,2025-01-20,,
sku,sku::2019863,2019863,교체형,lumpy,11607851.0,tsb,"{'alpha': 0.2, 'beta': 0.05}",1.0952702425468988,7.294985074374966,1.885877684737169,11,6,-0.9988755890944453,0.0,0.07396854019073171,0.26463498511156935,3869283.6666666665,1.0,2026-04-27,,
sku,sku::1006352,1006352,교체형,lumpy,9878619.0,tsb,"{'alpha': 0.1, 'beta': 0.2}",0.0006007676391190114,0.0032480118451975234,2.0,11,6,-0.5847631037275749,0.0,2.1268559317898332e-05,8.507152320058609e-05,1975723.8,1.0,2025-08-25,,
sku,sku::1009229,1009229,교체형,lumpy,9728911.0,tsb,"{'alpha': 0.1, 'beta': 0.2}",3.742902714210287e-05,0.0001674776873247699,2.0,11,6,,0.0,4.303305755546496e-06,1.7213111911718038e-05,1389844.4285714286,1.0,2025-06-02,,
sku,sku::1007125,1007125,교체형,lumpy,9426289.0,tsb,"{'alpha': 0.1, 'beta': 0.2}",1.9385951292678694e-07,6.909641571624441e-07,2.0,11,6,,0.0,2.7842484852114458e-08,1.1136993482985247e-07,523682.72222222225,1.0,2025-01-20,,
sku,sku::1004987,1004987,교체형,lumpy,9352968.0,tsb,"{'alpha': 0.1, 'beta': 0.2}",2.9037461939758953e-05,0.00013324662775799503,2.0,11,6,,0.0,1.4793987313476125e-06,5.917581793468685e-06,1870593.6,1.0,2025-06-02,,
sku,sku::1007490,1007490,교체형,lumpy,9231326.0,tsb,"{'alpha': 0.1, 'beta': 0.2}",4.991517588442659e-11,3.5689377083785423e-10,2.0,11,6,,0.0,1.0688745666850379e-11,4.275513276752463e-11,1846265.2,1.0,2024-05-27,,
sku,sku::1009493,1009493,교체형,intermittent,9095400.0,sba,{'alpha': 0.05},0.05447429542367557,0.2516699262443477,2.0,11,6,0.013652508966809473,0.0,0.0038031598986577085,0.015126075270137096,2273850.0,1.0,2026-02-02,,
sku,sku::1007641,1007641,교체형,lumpy,8522599.0,tsb,"{'alpha': 0.1, 'beta': 0.2}",2.200526993438859e-06,5.084080871703431e-06,2.0,11,6,,0.0,2.8605136090892205e-07,1.1442049527854437e-06,258260.57575757575,1.0,2025-04-07,,
sku,sku::2017143,2017143,교체형,lumpy,8179467.0,tsb,"{'alpha': 0.1, 'beta': 0.2}",5.16917207195376e-09,2.159314051836503e-08,2.0,11,6,,0.0,1.8769374312503226e-09,7.507749533175456e-09,454414.8333333333,1.0,2024-11-04,,
sku,sku::1009226,1009226,교체형,intermittent,6925123.0,tsb,"{'alpha': 0.1, 'beta': 0.2}",8.97710383041141e-06,4.528081977582494e-05,2.0,11,6,,0.0,3.2261442570886076e-07,1.2904570784177949e-06,1731280.75,1.0,2025-03-24,,
sku,sku::1008759,1008759,교체형,lumpy,6581926.0,tsb,"{'alpha': 0.2, 'beta': 0.05}",0.12937971684565605,0.49459942354439734,1.7381559042411776,11,6,,0.0,0.16000107840768402,0.5021311967012682,410871.375,0.9987869811966892,2026-06-01,,
sku,sku::1002663,1002663,교체형,intermittent,6523697.0,tsb,"{'alpha': 0.1, 'beta': 0.2}",1.9001351968440085e-07,5.413900380367516e-07,2.0,11,6,,0.0,1.6851184874156632e-08,6.740473790234347e-08,652369.7,1.0,2025-01-13,,
sku,sku::2018626,2018626,교체형,intermittent,5489858.0,tsb,"{'alpha': 0.2, 'beta': 0.05}",0.3653568700588994,1.0618376815864925,0.6305257605777931,11,6,-0.11724900102881941,0.0,0.33798193066774973,0.8079212266854421,365990.5333333333,1.0,2026-06-01,,
sku,sku::1002653,1002653,교체형,intermittent,5216541.0,tsb,"{'alpha': 0.1, 'beta': 0.2}",1.6424114169855836e-11,4.463689362794227e-11,2.0,11,6,,0.0,1.2182071874686775e-12,4.872990899684737e-12,579615.6666666666,1.0,2024-03-04,,
sku,sku::1006925,1006925,교체형,lumpy,4461370.0,tsb,"{'alpha': 0.1, 'beta': 0.2}",4.611147212704037e-07,2.1200893118215475e-06,2.0,11,6,,0.0,6.807021305959256e-08,2.722808243316166e-07,637338.5714285715,1.0,2025-02-24,,
sku,sku::1007126,1007126,교체형,lumpy,4361224.0,sba,{'alpha': 0.05},0.05558480912007715,0.21057858323743772,1.9885094775408938,11,6,-0.011918522681060405,0.0,0.18209705584820585,0.5524855263329651,396474.9090909091,1.0,2026-06-01,,
sku,sku::1009131,1009131,교체형,lumpy,3860567.0,tsb,"{'alpha': 0.1, 'beta': 0.2}",1.9592670887119998,3.9848199325135276,1.0177219491541993,11,6,1.5119905178710893,0.0,0.5495390069531187,0.9588254596527988,113546.08823529411,1.0,2026-05-25,,
sku,sku::1009217,1009217,교체형,lumpy,3414378.0,tsb,"{'alpha': 0.2, 'beta': 0.05}",0.15500333650290157,1.33340201125705,0.9411141357405035,11,6,2.281483173088219,0.0,0.16841957032784585,0.5217917760914461,1138126.0,1.0,2026-05-18,,
sku,sku::1009303,1009303,교체형,lumpy,3134076.0,tsb,"{'alpha': 0.2, 'beta': 0.05}",3.1333633312050444,11.427008217186588,1.3702121134672371,11,6,0.09295524620738604,0.0,0.27065746255980133,0.7170392651815731,149241.7142857143,1.0,2026-05-18,,
sku,sku::1008924,1008924,교체형,lumpy,2879137.0,tsb,"{'alpha': 0.1, 'beta': 0.2}",0.0007103473066470391,0.0013526788509208422,2.0,11,6,-0.5847631037275749,0.0,8.535434184638584e-05,0.0003413736576909354,75766.76315789473,1.0,2025-09-08,,
sku,sku::1007727,1007727,교체형,lumpy,2737806.0,tsb,"{'alpha': 0.1, 'beta': 0.2}",4.887452085828581e-06,1.7775422410992925e-05,2.0,11,6,,0.0,3.8081799104603747e-07,1.52327109403938e-06,182520.4,1.0,2025-04-14,,
sku,sku::2016351,2016351,교체형,lumpy,2730417.0,tsb,"{'alpha': 0.1, 'beta': 0.2}",1.7488719397851443e-05,4.3029362725166e-05,2.0,11,6,,0.0,3.5730371094358075e-06,1.4292071838228892e-05,124109.86363636363,1.0,2025-06-30,,
sku,sku::2016864,2016864,교체형,lumpy,2599826.0,tsb,"{'alpha': 0.1, 'beta': 0.2}",1.0764236819279854e-06,2.3024025135294446e-06,2.0,11,6,,0.0,3.7655176046839466e-07,1.5062061909931757e-06,59086.954545454544,1.0,2025-03-17,,
sku,sku::1008409,1008409,교체형,lumpy,2594017.0,tsb,"{'alpha': 0.1, 'beta': 0.2}",4.139262175595801e-11,1.5389610872933216e-10,2.0,11,6,,0.0,2.8278873758440006e-12,1.1311396264090945e-11,172934.46666666667,1.0,2024-04-01,,
sku,sku::1008537,1008537,교체형,intermittent,2586005.0,tsb,"{'alpha': 0.1, 'beta': 0.2}",1.2079976325026461e-05,2.5845460071306428e-05,2.0,11,6,,0.0,1.3669469078181235e-06,5.467776419854076e-06,107750.20833333333,1.0,2025-05-19,,
sku,sku::2015843,2015843,교체형,lumpy,2584584.0,tsb,"{'alpha': 0.1, 'beta': 0.1}",0.24582931707314,0.8099194849743987,0.501182825822324,11,6,-0.0776426226641685,0.0,0.21749707535487647,0.6250754510428451,183363.23076923078,0.9222845920271889,2026-05-18,,
sku,sku::1008354,1008354,교체형,lumpy,2537822.0,tsb,"{'alpha': 0.1, 'beta': 0.2}",6.655352610034374e-07,1.7357702676544083e-06,2.0,11,6,,0.0,8.059619542216284e-08,3.223847425681825e-07,133569.57894736843,1.0,2025-03-03,,
sku,sku::1009222,1009222,교체형,lumpy,2386627.0,tsb,"{'alpha': 0.1, 'beta': 0.2}",2.747597677844568e-05,0.00022097316419756905,2.0,11,6,,0.0,7.241041430654838e-07,2.896413426434208e-06,1193313.5,1.0,2025-04-28,,
sku,sku::1008432,1008432,교체형,lumpy,2222517.0,tsb,"{'alpha': 0.1, 'beta': 0.2}",0.005407053445194669,0.012561150199991706,2.0,11,6,-0.5847631037275749,0.0,0.000604462981284794,0.002415660555455057,85481.42307692308,1.0,2025-12-08,,
sku,sku::1009440,1009440,교체형,lumpy,2180518.0,tsb,"{'alpha': 0.1, 'beta': 0.2}",2.8055534732419174,8.843297921835171,1.0696334549175668,11,6,0.5593184299777827,0.0,0.709788854646664,0.9929065689967295,90854.91666666667,1.0,2026-06-08,,
sku,sku::1009130,1009130,교체형,lumpy,2156980.0,tsb,"{'alpha': 0.1, 'beta': 0.2}",0.0022893725839634596,0.009588872504391147,2.0,11,6,-0.5847631037275748,0.0,0.00020690118095137615,0.0008273479106396531,308140.0,1.0,2025-11-03,,
sku,sku::2016048,2016048,교체형,lumpy,1961938.0,tsb,"{'alpha': 0.1, 'beta': 0.2}",4.06443148767225e-06,1.2176779625634138e-05,2.0,11,6,,0.0,5.951846913457381e-07,2.3807366397177177e-06,111287.4705882353,0.9642949981090126,2025-04-28,,
sku,sku::2014722,2014722,교체형,lumpy,1931714.0,tsb,"{'alpha': 0.1, 'beta': 0.2}",2.944058699623881e-06,8.11052757043703e-06,2.0,11,6,,0.0,3.8270737603252207e-07,1.530828625306846e-06,120732.125,1.0,2025-04-07,,
sku,sku::1008433,1008433,교체형,lumpy,1886581.0,tsb,"{'alpha': 0.1, 'beta': 0.2}",3.965652968636941e-11,1.1854245203479096e-10,2.0,11,6,,0.0,4.791215306141653e-12,1.9164669851079452e-11,117911.3125,1.0,2024-03-18,,
sku,sku::1009129,1009129,교체형,lumpy,1873411.0,tsb,"{'alpha': 0.1, 'beta': 0.2}",0.0012911633132002272,0.005806772048804497,2.0,11,6,-0.5847631037275748,0.0,0.00019902580560618777,0.0007958655863299358,267630.14285714284,1.0,2025-11-03,,
sku,sku::1008815,1008815,교체형,lumpy,1826971.0,croston,{'alpha': 0.2},0.41778606796893863,1.324983521511465,1.5094564365170913,11,6,-0.04507967763476295,0.0,0.34300453274711806,0.8136842825743281,114185.6875,1.0,2026-06-08,,
sku,sku::2018035,2018035,교체형,lumpy,1767685.0,tsb,"{'alpha': 0.2, 'beta': 0.05}",0.19905395997284553,0.5730944451365246,0.5331972250519453,11,6,1.5756486088189274,0.0,0.24405387536502374,0.6734397048839127,176768.5,1.0,2026-06-01,,
sku,sku::1009490,1009490,교체형,intermittent,1672945.0,tsb,"{'alpha': 0.1, 'beta': 0.2}",0.0007506444331935689,0.003666872660262116,2.0,11,6,-0.5847631037275748,0.0,4.659715497864158e-05,0.000186375592550303,557648.3333333334,1.0,2025-09-15,,
sku,sku::1006395,1006395,교체형,intermittent,1636045.0,tsb,"{'alpha': 0.1, 'beta': 0.2}",5.372513596231847e-08,3.0769930937792065e-07,2.0,11,6,,0.0,1.7507763981046915e-09,7.003105650937869e-09,818022.5,1.0,2024-10-21,,
sku,sku::2014723,2014723,교체형,lumpy,1611283.0,tsb,"{'alpha': 0.1, 'beta': 0.2}",1.8362711932523842e-06,3.834713830922511e-06,2.0,11,6,,0.0,3.888040916755377e-07,1.555215459747572e-06,50352.59375,1.0,2025-04-07,,
sku,sku::2017754,2017754,교체형,lumpy,1569855.0,tsb,"{'alpha': 0.1, 'beta': 0.2}",0.00019747476945694014,0.0006232636480645205,2.0,11,6,,0.0,6.491546410273846e-05,0.0002596365734001127,82492.36842105263,0.9984074962337286,2025-09-29,,
sku,sku::1007983,1007983,교체형,lumpy,1560275.0,tsb,"{'alpha': 0.1, 'beta': 0.2}",4.759582954621659e-06,1.2877270835325816e-05,2.0,11,6,,0.0,3.819406771134261e-07,1.5277618330422627e-06,104018.33333333333,1.0,2025-03-31,,
sku,sku::1007914,1007914,교체형,lumpy,1546689.0,tsb,"{'alpha': 0.1, 'beta': 0.2}",7.151760872829691e-06,1.803016488347204e-05,2.0,11,6,,0.0,1.3530812292423236e-06,5.412313932140478e-06,61867.56,1.0,2025-05-19,,
sku,sku::2017822,2017822,교체형,lumpy,1413997.0,tsb,"{'alpha': 0.1, 'beta': 0.2}",2.4152105945418003e-06,7.690985202128643e-06,2.0,11,6,,0.0,2.480354828995837e-07,9.92141562572435e-07,128545.18181818182,1.0,2025-04-07,,
sku,sku::1008656,1008656,교체형,lumpy,1336431.0,tsb,"{'alpha': 0.1, 'beta': 0.2}",2.8340149393911153e-06,1.996436506487229e-05,2.0,11,6,,0.0,6.042782825420777e-07,2.417110939179068e-06,148492.33333333334,1.0,2025-05-05,,
sku,sku::1009111,1009111,교체형,lumpy,1294780.0,tsb,"{'alpha': 0.1, 'beta': 0.2}",3.162215872246087e-05,0.00012972022547147658,2.0,11,6,,0.0,2.2310917060443433e-06,8.924336957649714e-06,161847.5,1.0,2025-06-02,,
sku,sku::2016908,2016908,교체형,lumpy,1291753.0,tsb,"{'alpha': 0.1, 'beta': 0.2}",5.539062114005429e-06,1.2366792154228424e-05,2.0,11,6,,0.0,1.123881123972239e-06,4.495516917168985e-06,35882.02777777778,1.0,2025-04-14,,
sku,sku::1008968,1008968,교체형,lumpy,1241930.0,tsb,"{'alpha': 0.1, 'beta': 0.2}",7.265671830498154e-08,5.865312535380333e-07,2.0,11,6,,0.0,1.685055381866e-08,6.740221369927468e-08,620965.0,1.0,2025-01-13,,
sku,sku::1008434,1008434,교체형,lumpy,1239180.0,tsb,"{'alpha': 0.1, 'beta': 0.2}",0.8059983449770806,1.6543324484705346,0.9842090446025811,11,6,0.9012519801822596,0.0,0.5159767054500254,0.9451135611659216,56088.954545454544,0.9957851159637825,2026-06-08,,
sku,sku::1006218,1006218,교체형,lumpy,1187676.0,tsb,"{'alpha': 0.1, 'beta': 0.2}",4.9556618996599604e-06,2.4053574750941818e-05,2.0,11,6,,0.0,6.042784229999659e-07,2.4171115009519184e-06,148459.5,1.0,2025-05-05,,
sku,sku::2014724,2014724,교체형,lumpy,1176249.0,tsb,"{'alpha': 0.1, 'beta': 0.2}",5.12301559674538e-06,1.1949910381015567e-05,2.0,11,6,,0.0,5.388178505182391e-07,2.155269660297776e-06,53465.86363636364,1.0,2025-04-28,,
sku,sku::1007730,1007730,교체형,lumpy,1149487.0,tsb,"{'alpha': 0.1, 'beta': 0.2}",5.230169647195388e-06,1.7045649244014243e-05,2.0,11,6,,0.0,4.355758173894563e-07,1.7423021313467402e-06,95790.58333333333,1.0,2025-04-14,,
sku,sku::1008168,1008168,교체형,lumpy,1115643.0,croston,{'alpha': 0.1},0.10847876175898018,0.3064610188383252,0.9603795011107202,11,6,0.23163828057928365,0.0,0.08443404553157,0.2973184674088274,65626.05882352941,1.0,2026-05-11,,
sku,sku::1008056,1008056,교체형,lumpy,1096675.0,sba,{'alpha': 0.3},0.04114763971422514,0.23710190394813266,0.9459108312411857,11,6,0.02015113360294464,0.0,0.08379126251454,0.2953430875792248,137084.375,1.0,2026-05-11,,
sku,sku::1008969,1008969,교체형,lumpy,999608.0,tsb,"{'alpha': 0.1, 'beta': 0.2}",7.28243220506783e-08,5.877308625291696e-07,2.0,11,6,,0.0,1.685055381866e-08,6.740221369927468e-08,499804.0,1.0,2025-01-13,,
sku,sku::1008923,1008923,교체형,lumpy,935815.0,tsb,"{'alpha': 0.1, 'beta': 0.2}",0.00017020641293558964,0.0007437515147401644,2.0,11,6,,0.0,2.4838154890510403e-05,9.934891801977042e-05,116664.625,0.997330668989063,2025-08-25,,
sku,sku::2016156,2016156,교체형,lumpy,884429.0,tsb,"{'alpha': 0.1, 'beta': 0.2}",6.577396184413829e-13,3.2143741805936346e-12,2.0,11,6,,0.0,8.842264196114011e-14,3.5349501104064984e-13,126347.0,1.0,2023-12-25,,
sku,sku::2016637,2016637,교체형,lumpy,883177.0,tsb,"{'alpha': 0.1, 'beta': 0.2}",0.11640709233621953,0.485942206427251,0.33374069115908117,11,6,-0.42236996541415767,0.0,0.15809886338781776,0.49760607021404213,126168.14285714286,1.0,2026-05-18,,
sku,sku::1006758,1006758,교체형,lumpy,827217.0,tsb,"{'alpha': 0.1, 'beta': 0.2}",9.102373973723866e-12,5.9407959993732e-11,2.0,11,6,,0.0,7.405168905394707e-13,2.9620750296999176e-12,275739.0,1.0,2024-03-04,,
sku,sku::1007870,1007870,교체형,lumpy,802570.0,tsb,"{'alpha': 0.1, 'beta': 0.2}",1.3389894179119142e-06,5.407207734746103e-06,2.0,11,6,,0.0,2.8150267566105907e-07,1.1260102269483596e-06,72960.90909090909,1.0,2025-03-31,,
sku,sku::2017835,2017835,교체형,lumpy,769542.0,tsb,"{'alpha': 0.1, 'beta': 0.2}",4.584901580224847e-07,1.358965681524601e-06,2.0,11,6,,0.0,5.4086776492079994e-08,2.163470884664065e-07,42668.5,0.9980390933828173,2025-01-20,,
sku,sku::1009698,1009698,교체형,intermittent,763038.0,sba,{'alpha': 0.05},0.035062953194099925,0.2235962208357111,2.0,11,6,0.013652508966809808,0.0,0.0037613360269249316,0.014960670871542403,381519.0,1.0,2026-02-02,,
sku,sku::1009239,1009239,교체형,lumpy,744804.0,tsb,"{'alpha': 0.1, 'beta': 0.2}",2.4065815760436515e-06,1.5217577344111775e-05,2.0,11,6,,0.0,4.849386087745144e-07,1.9397530243159267e-06,148960.8,1.0,2025-04-14,,
sku,sku::2016871,2016871,교체형,lumpy,720515.0,tsb,"{'alpha': 0.1, 'beta': 0.2}",0.000887141874436039,0.005809861269788973,2.0,11,6,-0.5847631037275749,0.0,2.6605622376989277e-05,0.00010641824242851872,144103.0,1.0,2025-09-01,,
sku,sku::1009431,1009431,교체형,intermittent,704133.0,tsb,"{'alpha': 0.1, 'beta': 0.2}",1.4653318630402906e-05,7.38847654830371e-05,2.0,11,6,,0.0,1.1012896080611676e-06,4.4051511551845834e-06,234711.0,1.0,2025-05-05,,
sku,sku::1006360,1006360,교체형,intermittent,698190.0,tsb,"{'alpha': 0.1, 'beta': 0.2}",8.040992563949998e-09,1.8692130690929584e-08,2.0,11,6,,0.0,1.1225430008109644e-09,4.490171789939268e-09,34909.5,1.0,2024-10-07,,
sku,sku::2017140,2017140,교체형,lumpy,673487.0,tsb,"{'alpha': 0.1, 'beta': 0.2}",2.8544290797650464e-06,9.365350126255904e-06,2.0,11,6,,0.0,3.760943342713298e-07,1.504376488270509e-06,56123.916666666664,1.0,2025-04-07,,
sku,sku::1008760,1008760,교체형,lumpy,621791.0,tsb,"{'alpha': 0.1, 'beta': 0.2}",0.0002093113665596459,0.0012068369688652207,2.0,11,6,,0.0,2.188978718057219e-05,8.755627378742581e-05,103631.83333333333,1.0,2025-08-25,,
sku,sku::1009228,1009228,교체형,lumpy,618848.0,tsb,"{'alpha': 0.1, 'beta': 0.2}",0.010175568692093438,0.06230729613478187,2.0,11,6,-0.5847631037275747,0.0,0.000604480806898318,0.0024157317286863655,206282.66666666666,1.0,2025-12-08,,
sku,sku::1007729,1007729,교체형,lumpy,606227.0,tsb,"{'alpha': 0.1, 'beta': 0.2}",2.1676376714516936e-06,9.722539748075105e-06,2.0,11,6,,0.0,3.46431518990723e-07,1.3857253560178862e-06,50518.916666666664,1.0,2025-04-07,,
sku,sku::1009439,1009439,교체형,lumpy,576779.0,tsb,"{'alpha': 0.2, 'beta': 0.05}",28.034563621544077,91.73259537038858,1.7804988584580448,11,6,-0.4950253537035947,0.0,0.44532038010272734,0.9053394906277119,72097.375,1.0,2026-06-08,,
sku,sku::1008417,1008417,교체형,lumpy,576385.0,sba,{'alpha': 0.05},0.0440119535962965,0.23048368818789544,2.0,11,6,0.01365250896680948,0.0,0.007087590486243337,0.02805037993847026,48032.083333333336,1.0,2026-02-09,,
sku,sku::1008353,1008353,교체형,lumpy,560403.0,tsb,"{'alpha': 0.1, 'beta': 0.2}",0.0063949218066321365,0.026100205509713145,2.0,11,6,-0.5847631037275749,0.0,0.0007555786392990564,0.003018890887826031,70050.375,1.0,2025-12-15,,
sku,sku::2018983,2018983,교체형,lumpy,548068.0,sba,{'alpha': 0.3},0.3057896842633709,0.9686796170427785,0.9334424370372886,11,6,0.43136191007534425,0.0,0.2319385092968468,0.6519962182188117,36527.86666666667,0.9997263113336301,2026-06-01,,
sku,sku::1008981,1008981,교체형,lumpy,526778.0,tsb,"{'alpha': 0.2, 'beta': 0.05}",0.2758126485486027,1.0916632708814837,1.2374953050394282,11,6,-0.6421095104316585,0.0,0.13155650411486294,0.43119125116087875,52677.8,1.0,2026-05-18,,
sku,sku::2017780,2017780,교체형,lumpy,507735.0,tsb,"{'alpha': 0.1, 'beta': 0.2}",0.0031594536975259337,0.012039540468781357,2.0,11,6,-0.5847631037275749,0.0,0.0002960619175222402,0.0011837218579299202,42311.25,1.0,2025-11-03,,
sku,sku::2018609,2018609,교체형,lumpy,495397.0,sba,{'alpha': 0.3},0.12778898004852193,0.4000297875442927,1.4308173840009502,11,6,-0.14503350892518807,0.0,0.046074231573945836,0.17194664290881567,30910.75,0.9983346689624685,2026-04-20,,
sku,sku::1008004,1008004,교체형,lumpy,491000.0,tsb,"{'alpha': 0.1, 'beta': 0.2}",1.2616858012121378e-07,7.690136136221324e-07,2.0,11,6,,0.0,2.4556943469914465e-08,9.82277702510359e-08,69771.42857142857,0.994704684317719,2025-01-20,,
sku,sku::2019670,2019670,교체형,lumpy,488607.0,tsb,"{'alpha': 0.1, 'beta': 0.2}",1.4938235681056526,4.3231660515467025,0.6196300128252376,11,6,-0.17864156059334932,0.0,0.6010506852680324,0.9746679175012752,32508.733333333334,0.9980024846144243,2026-06-01,,
sku,sku::1009494,1009494,교체형,lumpy,467702.0,tsb,"{'alpha': 0.2, 'beta': 0.05}",0.275307847896892,1.0509750449918032,0.5727538638623603,11,6,-0.10949192032940855,0.0,0.3252841628298888,0.792755212251991,38975.166666666664,1.0,2026-06-08,,
sku,sku::2018611,2018611,교체형,lumpy,462151.0,sba,{'alpha': 0.05},0.02240686565296348,0.0789865051541168,1.7653796005272635,11,6,0.0902991628641338,0.0,0.008183442181964285,0.03233414402616075,32952.92307692308,0.9269437910985804,2026-01-26,,
sku,sku::1008414,1008414,교체형,lumpy,461230.0,tsb,"{'alpha': 0.1, 'beta': 0.2}",0.00016362040448582042,0.0008820000567302633,2.0,11,6,,0.0,2.1270549225183695e-05,8.5079482321615e-05,115307.5,1.0,2025-08-25,,
sku,sku::1007584,1007584,교체형,intermittent,456009.0,tsb,"{'alpha': 0.1, 'beta': 0.2}",0.00014484546417836152,0.0008101593867931759,2.0,11,6,,0.0,2.1270485567809425e-05,8.507922770828458e-05,152003.0,1.0,2025-08-25,,
sku,sku::1009432,1009432,교체형,lumpy,451111.0,tsb,"{'alpha': 0.1, 'beta': 0.2}",1.0450591435923902e-05,6.022433952611537e-05,2.0,11,6,,0.0,1.000757900580434e-06,4.003025593113385e-06,150370.33333333334,1.0,2025-05-05,,
sku,sku::1007320,1007320,교체형,lumpy,445275.0,tsb,"{'alpha': 0.1, 'beta': 0.2}",5.898257420694531e-06,2.661162243119691e-05,2.0,11,6,,0.0,4.2598114585458343e-07,1.7039234944116188e-06,55659.375,1.0,2025-04-07,,
sku,sku::1006362,1006362,교체형,intermittent,432890.0,tsb,"{'alpha': 0.1, 'beta': 0.2}",2.042887762841139e-07,4.5030740012498845e-07,2.0,11,6,,0.0,2.1443962467018436e-08,8.577584720281806e-08,21644.5,1.0,2025-01-20,,
sku,sku::1006937,1006937,교체형,lumpy,425957.0,tsb,"{'alpha': 0.1, 'beta': 0.2}",9.60561688007307e-08,5.195941059819408e-07,2.0,11,6,,0.0,5.865511204547031e-09,2.346204452940981e-08,53244.625,1.0,2024-12-02,,
sku,sku::2018627,2018627,교체형,intermittent,414913.0,tsb,"{'alpha': 0.1, 'beta': 0.2}",0.0029766811637959457,0.01112874425290354,2.0,11,6,-0.5847631037275749,0.0,0.0002988047090831811,0.0011946832375139271,69152.16666666667,1.0,2025-11-03,,
sku,sku::2016119,2016119,교체형,intermittent,399218.0,tsb,"{'alpha': 0.1, 'beta': 0.2}",5.78623476900773e-07,3.1855317835555016e-06,2.0,11,6,,0.0,7.52396338168675e-08,3.0095850145350767e-07,99804.5,1.0,2025-02-03,,
sku,sku::1006004,1006004,교체형,lumpy,398206.0,tsb,"{'alpha': 0.1, 'beta': 0.2}",0.00044073074505902133,0.00201328149504696,2.0,11,6,-0.5847631037275749,0.0,6.64883841528233e-05,0.0002659270135555447,79641.2,1.0,2025-09-29,,
sku,sku::2018356,2018356,교체형,lumpy,397882.0,tsb,"{'alpha': 0.1, 'beta': 0.2}",0.5246606469539082,1.3613700871667962,0.45081944154868764,11,6,-0.373495601134157,0.0,0.35162586303038823,0.8232730706097648,12931.862068965518,0.9425508065205261,2026-05-25,,
sku,sku::2017773,2017773,교체형,lumpy,389102.0,sba,{'alpha': 0.3},0.0267775984976307,0.033511712947484854,0.5812543761902965,11,6,-0.37242758601061987,0.0,0.023782141299732856,0.0917885076262821,4109.454545454545,0.23235038627403612,2026-03-30,,
sku,sku::1008986,1008986,교체형,intermittent,382518.0,tsb,"{'alpha': 0.1, 'beta': 0.2}",2.8102923854123892e-06,8.24722578999217e-06,2.0,11,6,,0.0,3.4625188640153113e-07,1.3850068262266646e-06,34774.36363636364,1.0,2025-04-07,,
sku,sku::2018964,2018964,교체형,lumpy,348437.0,tsb,"{'alpha': 0.1, 'beta': 0.2}",0.00018802602837519091,0.0009820477023340503,2.0,11,6,,0.0,3.5265858565987973e-05,0.00014105597235458678,58072.833333333336,1.0,2025-08-25,,
sku,sku::1006661,1006661,교체형,lumpy,348334.0,tsb,"{'alpha': 0.1, 'beta': 0.2}",5.077191507024217e-06,2.1162849571787305e-05,2.0,11,6,,0.0,2.496439359968793e-07,9.985753699481847e-07,43541.75,1.0,2025-04-07,,
sku,sku::1007187,1007187,교체형,lumpy,346093.0,tsb,"{'alpha': 0.1, 'beta': 0.2}",0.01215831670984065,0.0461563789309505,2.0,11,6,-0.5847631037275748,0.0,0.0007556249330778836,0.0030190756435024557,38454.77777777778,1.0,2025-12-15,,
sku,sku::2018610,2018610,교체형,lumpy,342188.0,tsb,"{'alpha': 0.2, 'beta': 0.05}",0.11945925428177061,0.3211711259852146,0.17328476512457436,11,6,-0.337694227758455,0.0,0.5264228530387621,0.9497005834746054,19970.375,0.9337732474546155,2026-06-01,,
sku,sku::1007877,1007877,교체형,intermittent,337383.0,tsb,"{'alpha': 0.1, 'beta': 0.2}",5.305098697926037e-06,1.4358189161915782e-05,2.0,11,6,,0.0,3.6724543344288787e-07,1.4689809243462193e-06,28115.25,1.0,2025-04-07,,
sku,sku::1007795,1007795,교체형,lumpy,335447.0,tsb,"{'alpha': 0.1, 'beta': 0.2}",5.990895467321903e-07,2.6566031203052203e-06,2.0,11,6,,0.0,8.047559357739281e-08,3.2190233523188283e-07,47921.0,1.0,2025-03-03,,
sku,sku::1009160,1009160,교체형,lumpy,332000.0,tsb,"{'alpha': 0.1, 'beta': 0.2}",2.2473548068326923e-06,1.273656852334754e-05,2.0,11,6,,0.0,2.3737689777122947e-07,9.495072531562343e-07,55333.333333333336,1.0,2025-03-17,,
sku,sku::1008098,1008098,교체형,lumpy,331625.0,tsb,"{'alpha': 0.1, 'beta': 0.2}",3.845599879065353e-06,1.343040886604124e-05,2.0,11,6,,0.0,4.461467464601445e-07,1.784585791475557e-06,30147.727272727272,1.0,2025-04-07,,
sku,sku::2018392,2018392,교체형,intermittent,323763.0,tsb,"{'alpha': 0.1, 'beta': 0.2}",1.048284014960296e-06,3.23331694943969e-06,2.0,11,6,,0.0,1.0906491142297257e-07,4.362595743545583e-07,32256.3,0.9962935851224507,2025-02-24,,
sku,sku::2017389,2017389,교체형,intermittent,308866.0,tsb,"{'alpha': 0.1, 'beta': 0.2}",0.0010596266874676101,0.003381909162002459,2.0,11,6,-0.5847631037275749,0.0,6.495602877726233e-05,0.0002597988004909846,23758.923076923078,1.0,2025-09-29,,
sku,sku::2016157,2016157,교체형,intermittent,302696.0,tsb,"{'alpha': 0.1, 'beta': 0.2}",7.799309214322061e-07,4.914134515926033e-06,2.0,11,6,,0.0,2.1062458829106098e-08,8.424983244381679e-08,151348.0,1.0,2025-01-20,,
sku,sku::2018989,2018989,교체형,intermittent,299855.0,tsb,"{'alpha': 0.1, 'beta': 0.2}",7.432608184676141e-06,4.520517960295172e-05,2.0,11,6,,0.0,2.058889369273834e-07,8.235554932456424e-07,149927.5,1.0,2025-03-17,,
sku,sku::2017144,2017144,교체형,lumpy,298006.0,tsb,"{'alpha': 0.1, 'beta': 0.2}",4.1952115355606715e-10,2.24573246860474e-09,2.0,11,6,,0.0,2.6328552190616863e-11,1.053144238483128e-10,74501.5,1.0,2024-06-17,,
sku,sku::1009491,1009491,교체형,lumpy,295000.0,tsb,"{'alpha': 0.2, 'beta': 0.05}",2.1488126779843886,8.306428150586529,1.7220941503624634,11,6,0.802356886979513,0.0,0.16855679961503925,0.5221073579833146,42142.857142857145,1.0,2026-05-25,,
sku,sku::1008278,1008278,교체형,intermittent,284622.0,tsb,"{'alpha': 0.1, 'beta': 0.2}",2.189618722068339e-06,7.666014961796315e-06,2.0,11,6,,0.0,2.496439755748763e-07,9.985755284880327e-07,40660.28571428572,1.0,2025-04-07,,
sku,sku::2018332,2018332,교체형,lumpy,280106.0,sba,{'alpha': 0.05},0.16986176716647797,0.34314189138699835,0.7867159969033359,11,6,-0.6492718984429455,0.0,0.16282807867983143,0.5087997096638045,6076.16,0.5423089830278537,2026-05-11,,
sku,sku::1006119,1006119,교체형,lumpy,270452.0,tsb,"{'alpha': 0.1, 'beta': 0.2}",7.589557286871095e-07,3.139688227841413e-06,2.0,11,6,,0.0,8.085549080392216e-08,3.234219242420622e-07,30050.222222222223,1.0,2025-03-03,,
sku,sku::1009221,1009221,교체형,lumpy,270000.0,tsb,"{'alpha': 0.1, 'beta': 0.2}",9.314812983336531e-07,6.7535286303963205e-06,2.0,11,6,,0.0,1.0485074543594977e-07,4.194029157300605e-07,135000.0,1.0,2025-03-10,,
sku,sku::1009137,1009137,교체형,lumpy,268474.0,sba,{'alpha': 0.05},0.0510347350444492,0.1927983750051513,2.0,11,6,0.15057555908692252,0.0,0.017597143834544686,0.0685523191114018,26847.4,1.0,2026-03-23,,
sku,sku::2018695,2018695,교체형,lumpy,258021.0,sba,{'alpha': 0.3},1.2592817751239784,4.480166739364331,0.6465214450632729,11,6,-0.4537256680279719,0.0,0.4714245191858645,0.9219400885893017,21484.166666666668,0.9991822371047318,2026-05-25,,
sku,sku::2017390,2017390,교체형,lumpy,257971.0,tsb,"{'alpha': 0.1, 'beta': 0.2}",0.018198524263227007,0.06914044737179573,2.0,11,6,-0.5539375913957266,0.0,0.0023058742117434364,0.009191643525268578,28530.11111111111,0.9953483143454109,2026-01-19,,
sku,sku::2018558,2018558,교체형,lumpy,251542.0,sba,{'alpha': 0.05},0.01001170064518354,0.05539698375147634,2.0,11,6,0.013652508966809525,0.0,0.005209620230402995,0.020676204886705296,31442.75,1.0,2026-01-26,,
sku,sku::1009201,1009201,교체형,intermittent,242509.0,sba,{'alpha': 0.3},0.07416074886535688,0.38498124840660397,2.0,11,6,0.12788454702934093,0.0,0.01718081077141695,0.06697236014638042,60627.25,1.0,2026-03-23,,
sku,sku::2019619,2019619,교체형,lumpy,234197.0,sba,{'alpha': 0.05},0.01165377521537012,0.07577596218377373,2.0,11,6,0.010250204272954472,0.0,0.013898687687209681,0.054446411749934365,78059.0,0.9999146018095877,2026-03-09,,
sku,sku::1007945,1007945,교체형,lumpy,231721.0,tsb,"{'alpha': 0.1, 'beta': 0.2}",1.6271745443150557e-05,0.00012798350540250093,2.0,11,6,,0.0,3.6323967540306546e-06,1.4529507850524759e-05,77240.33333333333,1.0,2025-06-30,,
sku,sku::1009974,1009974,교체형,lumpy,230064.0,sba,{'alpha': 0.3},0.053082766956301035,0.40869765211050924,2.0,11,6,-0.7721410186221598,0.0,0.03783866187776001,0.14297871575163346,115032.0,1.0,2026-04-06,,
sku,sku::1009404,1009404,교체형,lumpy,229402.0,sba,{'alpha': 0.3},0.06479943805932635,0.44701827314602127,2.0,11,6,0.09857902219562988,0.0,0.018134366950010895,0.07058808239436509,45880.4,1.0,2026-03-23,,
sku,sku::1009136,1009136,교체형,intermittent,222247.0,sba,{'alpha': 0.3},0.0676165203028878,0.2903740525945892,2.0,11,6,0.14931370778546393,0.0,0.0171810078571829,0.06697310855021188,37041.166666666664,1.0,2026-03-23,,
sku,sku::2018195,2018195,교체형,lumpy,218921.0,tsb,"{'alpha': 0.1, 'beta': 0.2}",0.36985810137158237,1.3049788142874954,1.0170018268978247,11,6,-0.15834478658687495,0.0,0.23390429399624502,0.6555453020100526,15623.785714285714,0.9991412427313963,2026-06-01,,
sku,sku::2019419,2019419,교체형,lumpy,218710.0,croston,{'alpha': 0.1},0.13560903529571364,0.9169949642891155,0.8700480089809758,11,6,0.313620817596516,0.0,0.24723291736050532,0.678898392907801,31244.285714285714,1.0,2026-06-01,,
sku,sku::1007544,1007544,교체형,lumpy,213015.0,tsb,"{'alpha': 0.1, 'beta': 0.2}",0.000497043933834295,0.0018956802844226062,2.0,11,6,-0.5847631037275749,0.0,8.321794741360697e-05,0.00033283024059904687,26626.875,1.0,2025-09-29,,
sku,sku::2018126,2018126,교체형,lumpy,202043.0,tsb,"{'alpha': 0.1, 'beta': 0.2}",7.146352258741593e-06,3.612585583519448e-05,2.0,11,6,,0.0,7.620044493021657e-07,3.0480143133893023e-06,40408.6,1.0,2025-04-14,,
sku,sku::1007757,1007757,교체형,lumpy,191728.0,tsb,"{'alpha': 0.1, 'beta': 0.2}",7.218773172259997e-05,0.0005371307653426481,2.0,11,6,,0.0,2.1267647982500032e-05,8.506787809137162e-05,38345.6,1.0,2025-08-25,,
sku,sku::1006414,1006414,교체형,lumpy,186849.0,tsb,"{'alpha': 0.1, 'beta': 0.2}",2.6467550805576745e-06,9.238658000436548e-06,2.0,11,6,,0.0,2.496439763445337e-07,9.985755315966571e-07,20761.0,1.0,2025-04-07,,
sku,sku::1009140,1009140,교체형,lumpy,186000.0,tsb,"{'alpha': 0.1, 'beta': 0.2}",5.495518202478921e-07,4.083213737570402e-06,2.0,11,6,,0.0,1.4406310056061405e-08,5.762523891394977e-08,93000.0,1.0,2025-01-06,,
sku,sku::1007941,1007941,교체형,lumpy,185733.0,tsb,"{'alpha': 0.1, 'beta': 0.2}",0.061248560785404915,0.31732678941867104,1.4996131491509523,11,6,0.02533467175511789,0.0,0.1912819132807282,0.5722513729045688,14287.153846153846,1.0,2026-05-18,,
sku,sku::1009161,1009161,교체형,intermittent,183000.0,tsb,"{'alpha': 0.1, 'beta': 0.2}",0.00023082709863546104,0.0012872504262503616,2.0,11,6,,0.0,8.788986088287306e-06,3.5155480878068524e-05,61000.0,1.0,2025-07-28,,
sku,sku::2017373,2017373,교체형,lumpy,181608.0,sba,{'alpha': 0.3},0.060811848465743557,0.32238216619349735,1.6045341905718171,11,6,-0.1673885145349811,0.0,0.042007977817490626,0.1577372969136781,36321.6,1.0,2026-04-20,,
sku,sku::2017776,2017776,교체형,lumpy,178710.0,tsb,"{'alpha': 0.1, 'beta': 0.2}",0.0007482936158646734,0.005688026926994585,2.0,11,6,-0.5847631037275748,0.0,2.418642084054398e-05,9.674217352118042e-05,44677.5,1.0,2025-08-25,,
sku,sku::1006614,1006614,교체형,intermittent,173251.0,tsb,"{'alpha': 0.1, 'beta': 0.2}",1.3241762144695212e-07,6.427552370826764e-07,2.0,11,6,,0.0,4.417857032739255e-09,1.76714282096313e-08,57750.333333333336,1.0,2024-12-02,,
sku,sku::1009406,1009406,교체형,intermittent,169614.0,tsb,"{'alpha': 0.1, 'beta': 0.2}",0.0001568648879325078,0.0008361630270445771,2.0,11,6,,0.0,5.871779356636305e-06,2.348691056053287e-05,56538.0,1.0,2025-07-14,,
sku,sku::2018272,2018272,교체형,lumpy,165986.0,sba,{'alpha': 0.3},0.12627733655751902,0.21380425510708542,0.19457808598794654,11,6,-0.381918043442094,0.0,0.24149625033675076,0.6689977634653117,4334.444444444444,0.4700396418975094,2026-05-25,,
sku,sku::2019414,2019414,교체형,lumpy,164430.0,sba,{'alpha': 0.05},0.037565487181015454,0.18839447099882412,2.0,11,6,0.013652508966809604,0.0,0.0072765374980468395,0.028790000313304254,23490.0,1.0,2026-02-23,,
sku,sku::2019418,2019418,교체형,intermittent,158511.0,tsb,"{'alpha': 0.1, 'beta': 0.2}",0.00047905626641325924,0.0021754411933953156,2.0,11,6,-0.5847631037275748,0.0,1.7764546157554394e-05,7.10562911779844e-05,31702.2,1.0,2025-07-28,,
sku,sku::1008550,1008550,교체형,lumpy,155381.0,tsb,"{'alpha': 0.1, 'beta': 0.2}",6.165005743812751e-09,4.983651465631591e-08,2.0,11,6,,0.0,1.4474020917611364e-09,5.7896083482944505e-09,77690.5,1.0,2024-10-28,,
sku,sku::1006760,1006760,교체형,lumpy,154861.0,tsb,"{'alpha': 0.1, 'beta': 0.2}",3.1361036367634353e-12,2.5330969936095282e-11,2.0,11,6,,0.0,7.383616889191476e-13,2.9536373347127665e-12,51620.333333333336,1.0,2024-03-04,,
sku,sku::2016834,2016834,교체형,intermittent,151142.0,tsb,"{'alpha': 0.1, 'beta': 0.2}",5.652397042120597e-08,1.32953143144215e-07,2.0,11,6,,0.0,5.579863758882301e-09,2.231945495090315e-08,8890.70588235294,1.0,2024-11-25,,
sku,sku::2016049,2016049,교체형,intermittent,149628.0,tsb,"{'alpha': 0.1, 'beta': 0.2}",4.9234637563627975e-06,1.9872845095376185e-05,2.0,11,6,,0.0,3.109174312885157e-07,1.2436691450012916e-06,29925.6,1.0,2025-04-14,,
sku,sku::2018009,2018009,교체형,lumpy,149124.0,tsb,"{'alpha': 0.1, 'beta': 0.2}",0.0005964988690480338,0.0016255563873790746,2.0,11,6,-0.5847631037275749,0.0,6.514971727868409e-05,0.00026057340330676304,10407.142857142857,0.9770392425095893,2025-09-29,,
sku,sku::2019416,2019416,교체형,intermittent,145988.0,sba,{'alpha': 0.3},0.0737606719435475,0.4408538685002279,2.0,11,6,0.21842263568702933,0.0,0.017187460999927046,0.06699761314958619,36497.0,1.0,2026-03-23,,
sku,sku::1006241,1006241,교체형,lumpy,143181.0,tsb,"{'alpha': 0.1, 'beta': 0.2}",2.1234300552715104e-07,1.6394281839383592e-06,2.0,11,6,,0.0,3.855581904279314e-08,1.54223267490039e-07,47727.0,1.0,2025-02-03,,
sku,sku::1008504,1008504,교체형,intermittent,142086.0,tsb,"{'alpha': 0.1, 'beta': 0.2}",2.110501644410258e-11,8.639977497233444e-11,2.0,11,6,,0.0,1.4905088068132133e-12,5.961897642237091e-12,28417.2,1.0,2024-03-25,,
sku,sku::2017777,2017777,교체형,lumpy,139717.0,tsb,"{'alpha': 0.1, 'beta': 0.2}",2.4398430820634514e-06,1.9557271962036e-05,2.0,11,6,,0.0,6.427752257341294e-08,2.5711006534923087e-07,69858.5,1.0,2025-02-24,,
sku,sku::1006416,1006416,교체형,lumpy,137925.0,tsb,"{'alpha': 0.1, 'beta': 0.2}",2.519565143233348e-08,1.527221031964146e-07,2.0,11,6,,0.0,4.417123527458726e-09,1.7668494112221822e-08,45975.0,1.0,2024-12-02,,
sku,sku::1008622,1008622,교체형,lumpy,137646.0,tsb,"{'alpha': 0.1, 'beta': 0.2}",0.0106316253322046,0.07060337483695366,2.0,11,6,-0.5847631037275749,0.0,0.0024548272877349545,0.009783211225444344,10588.153846153846,1.0,2026-01-12,,
sku,sku::1007976,1007976,교체형,lumpy,136334.0,tsb,"{'alpha': 0.1, 'beta': 0.2}",0.0017499979034847713,0.006166677894907911,2.0,11,6,-0.5847631037275748,0.0,0.00023627515818461334,0.0009447657297940726,15148.222222222223,1.0,2025-10-20,,
sku,sku::2019671,2019671,교체형,lumpy,132847.0,sba,{'alpha': 0.05},0.03005093668504546,0.12676966656742886,1.9707543664242404,11,6,-0.9277483021460203,0.0,0.05289182593964163,0.19536607509770276,18976.428571428572,0.9999096705232335,2026-03-30,,
sku,sku::2017384,2017384,교체형,intermittent,127472.0,tsb,"{'alpha': 0.1, 'beta': 0.2}",5.676816789153717e-07,2.4360095943271634e-06,2.0,11,6,,0.0,2.2907966710258102e-08,9.163186387439737e-08,21245.333333333332,1.0,2025-01-20,,
sku,sku::2016911,2016911,교체형,intermittent,126101.0,tsb,"{'alpha': 0.1, 'beta': 0.2}",3.7054422549197157e-07,1.0419747083295527e-06,2.0,11,6,,0.0,4.33869654495167e-08,1.735478505349164e-07,10508.416666666666,1.0,2025-02-10,,
sku,sku::2016929,2016929,교체형,lumpy,123540.0,sba,{'alpha': 0.2},0.10265398278694927,0.17809794357294687,1.1956861872143556,11,6,-0.08936920138992054,0.0,0.021476259833124067,0.08317707013975584,1751.25,0.05670228266148616,2026-03-30,,
sku,sku::1009193,1009193,교체형,lumpy,121763.0,tsb,"{'alpha': 0.1, 'beta': 0.2}",4.987232655157169e-07,3.5512358574055843e-06,2.0,11,6,,0.0,8.626631682655714e-08,3.4506522283983543e-07,40587.666666666664,1.0,2025-02-24,,
sku,sku::1006841,1006841,교체형,lumpy,121066.0,tsb,"{'alpha': 0.1, 'beta': 0.2}",1.8880593968166265e-12,1.2698842739447521e-11,2.0,11,6,,0.0,1.2419112814737126e-13,4.969358258222201e-13,40355.333333333336,1.0,2024-01-08,,
sku,sku::2018782,2018782,교체형,lumpy,118253.0,sba,{'alpha': 0.3},0.28612316377206737,0.6313185039673894,0.39996795553869197,11,6,-0.3804458594170662,0.0,0.18262751449776626,0.5536453562841119,2812.5,0.19027001429139218,2026-06-01,,
sku,sku::1006389,1006389,교체형,intermittent,117818.0,tsb,"{'alpha': 0.1, 'beta': 0.2}",5.295222985859137e-09,1.8328223503747324e-08,2.0,11,6,,0.0,3.62991762771707e-10,1.4519669910839639e-09,19636.333333333332,1.0,2024-09-02,,
sku,sku::2019417,2019417,교체형,intermittent,117120.0,tsb,"{'alpha': 0.1, 'beta': 0.2}",0.0001450116191020164,0.0008139664476336197,2.0,11,6,,0.0,5.485198332613466e-06,2.1940612806914395e-05,39040.0,1.0,2025-06-23,,
sku,sku::2016096,2016096,교체형,lumpy,116050.0,tsb,"{'alpha': 0.1, 'beta': 0.2}",0.0003008960755492338,0.0023335367548312697,2.0,11,6,,0.0,8.775506115749433e-06,3.510156240871254e-05,38683.333333333336,1.0,2025-07-28,,
sku,sku::2017631,2017631,교체형,lumpy,113859.0,tsb,"{'alpha': 0.1, 'beta': 0.1}",1.0676155954647724,2.390758397154755,0.9223281562755732,11,6,1.7781481924468245,0.0,0.24284163207232093,0.6713399585331035,4677.571428571428,0.5751499661862479,2026-05-25,,
sku,sku::1008147,1008147,교체형,lumpy,112995.0,sba,{'alpha': 0.3},0.058371631974389375,0.4486679121125699,1.948630592675876,11,6,0.0803753311086608,0.0,0.18945529072856038,0.5683736980951093,14124.375,1.0,2026-06-01,,
sku,sku::1006799,1006799,교체형,lumpy,112783.0,tsb,"{'alpha': 0.1, 'beta': 0.2}",4.7254043835412345e-12,3.5660514218247096e-11,2.0,11,6,,0.0,1.2393432265224506e-13,4.956035581926699e-13,56391.5,1.0,2024-01-08,,
sku,sku::2018575,2018575,교체형,intermittent,108614.0,tsb,"{'alpha': 0.1, 'beta': 0.2}",6.905518598070581e-06,3.9641398270382015e-05,2.0,11,6,,0.0,2.480262418502103e-07,9.92104598362964e-07,54307.0,1.0,2025-04-07,,
sku,sku::1009139,1009139,교체형,lumpy,106970.0,tsb,"{'alpha': 0.1, 'beta': 0.2}",1.692776446686655e-05,0.0001283176917315953,2.0,11,6,,0.0,4.933111665766518e-07,1.9732432061658756e-06,35656.666666666664,1.0,2025-04-28,,
sku,sku::1006193,1006193,교체형,lumpy,106258.0,tsb,"{'alpha': 0.1, 'beta': 0.2}",0.0003063200065824582,0.0024489302582724397,2.0,11,6,,0.0,6.538261558821214e-05,0.0002615048141522136,53129.0,1.0,2025-09-29,,
sku,sku::2018097,2018097,교체형,erratic,105360.0,tsb,"{'alpha': 0.1, 'beta': 0.2}",0.0004274422262066698,0.0010196975368351546,2.0,11,6,-0.5847631037275748,0.0,0.0001941006633329547,0.0007761766321762176,903.4262295081967,0.5230542900531511,2025-10-20,,
sku,sku::1007728,1007728,교체형,lumpy,104547.0,tsb,"{'alpha': 0.1, 'beta': 0.2}",5.127670528426874e-09,2.1843251792791578e-08,2.0,11,6,,0.0,2.112566560811694e-10,8.450267152682045e-10,14935.285714285714,1.0,2024-08-12,,
sku,sku::1008497,1008497,교체형,lumpy,104363.0,tsb,"{'alpha': 0.1, 'beta': 0.2}",9.782567893003193e-11,3.189097581788319e-10,2.0,11,6,,0.0,1.2629699354130367e-11,5.051870033412342e-11,12288.0,0.9419430257850004,2024-05-13,,
sku,sku::2016957,2016957,교체형,lumpy,103058.0,sba,{'alpha': 0.3},0.017177260055280044,0.028135945337576056,1.9954045949212158,11,6,-0.19611623551259824,0.0,0.06243555785666283,0.22731138705092235,205.5121951219512,0.16351957150342525,2026-04-13,,
sku,sku::2019071,2019071,교체형,intermittent,102360.0,tsb,"{'alpha': 0.2, 'beta': 0.05}",0.19165627686821415,0.5096412661764832,0.48908154399575793,11,6,0.17863041214068853,0.0,0.25704438475993785,0.695314716689289,6882.857142857143,0.9413833528722158,2026-06-01,,
sku,sku::1009975,1009975,교체형,lumpy,100681.0,tsb,"{'alpha': 0.1, 'beta': 0.1}",9.692916683354463,74.09395582725591,1.8432039502196684,11,6,1.0470602062984187,0.0,0.39531511627776006,0.8663046052308931,25170.25,1.0,2026-06-08,,
sku,sku::2017386,2017386,교체형,intermittent,99912.0,tsb,"{'alpha': 0.1, 'beta': 0.2}",6.646546106192365e-07,2.586809815085998e-06,2.0,11,6,,0.0,3.565362470188936e-08,1.4261449121644176e-07,19982.4,1.0,2025-01-20,,
sku,sku::2019749,2019749,교체형,intermittent,99901.0,tsb,"{'alpha': 0.2, 'beta': 0.05}",0.7121880142425346,2.9248523354576186,1.3407263871263349,11,6,-0.15748811568859045,0.0,0.11771432568772908,0.3940498315401004,14271.57142857143,1.0,2026-04-27,,
sku,sku::1005729,1005729,교체형,lumpy,99555.0,tsb,"{'alpha': 0.1, 'beta': 0.2}",4.613613800149265e-05,0.00037132457918795744,2.0,11,6,,0.0,1.0889115345490367e-05,4.3555749950296985e-05,33185.0,1.0,2025-08-04,,
sku,sku::1009888,1009888,교체형,intermittent,98896.0,tsb,"{'alpha': 0.2, 'beta': 0.05}",0.3784182129073026,2.2339907796308927,0.9538220863029455,11,6,0.5036112004776485,0.0,0.09522095928697372,0.32985292516212184,32965.333333333336,1.0,2026-05-11,,
sku,sku::1007629,1007629,교체형,intermittent,96033.0,tsb,"{'alpha': 0.1, 'beta': 0.2}",2.4741684307522306e-12,1.1589822942291452e-11,2.0,11,6,,0.0,1.0108257738373576e-13,4.04121180963557e-13,32011.0,1.0,2024-01-01,,
sku,sku::2019729,2019729,교체형,intermittent,95820.0,tsb,"{'alpha': 0.1, 'beta': 0.1}",0.09060982303111506,0.2531334385594444,0.07963755736805649,11,6,-0.8036097342870827,0.0,0.25876260289071573,0.6981235116129463,10350.0,0.8641202254226675,2026-06-01,,
sku,sku::1007826,1007826,교체형,lumpy,93620.0,tsb,"{'alpha': 0.1, 'beta': 0.2}",0.008793385757341704,0.030116954980240012,2.0,11,6,-0.5847631037275748,0.0,0.0006081547862491424,0.0024304009311050256,7801.666666666667,1.0,2025-12-08,,
sku,sku::1008734,1008734,교체형,lumpy,93304.0,tsb,"{'alpha': 0.1, 'beta': 0.2}",0.005880549997501126,0.017924937256309833,2.0,11,6,-0.5847631037275748,0.0,0.0007070528397430966,0.0028252132303034916,8482.181818181818,1.0,2025-12-08,,
sku,sku::2016514,2016514,교체형,lumpy,91316.0,tsb,"{'alpha': 0.1, 'beta': 0.2}",8.006171263943653e-07,6.324798081908126e-06,2.0,11,6,,0.0,2.1062458775120777e-08,8.424983244381679e-08,45658.0,1.0,2025-01-20,,
sku,sku::2017382,2017382,교체형,intermittent,90428.0,tsb,"{'alpha': 0.1, 'beta': 0.2}",0.0016898122577175656,0.007309249130793249,2.0,11,6,-0.5847631037275748,0.0,6.493829177502098e-05,0.0002597278663049041,18085.6,1.0,2025-09-29,,
sku,sku::1008745,1008745,교체형,lumpy,87812.0,tsb,"{'alpha': 0.1, 'beta': 0.2}",0.04865438613080917,0.21316740584848962,2.0,11,6,-0.16803323212381158,0.0,0.008803109832472312,0.034750193647045347,8781.2,1.0,2026-03-02,,
sku,sku::2019297,2019297,교체형,lumpy,85788.0,sba,{'alpha': 0.05},0.028634346222779758,0.07770878047338105,1.3993856774520703,11,6,0.1943068602123287,0.0,0.002327110657146259,0.009276000344544455,2650.0,0.06178020235930433,2026-01-19,,
sku,sku::1008802,1008802,교체형,lumpy,85381.0,croston,{'alpha': 0.2},75.79526609604481,491.1104916357746,1.9863000303071783,11,6,1.0106587744562812,0.0,0.28192000019427127,0.7341165391198992,21345.25,1.0,2026-06-08,,
sku,sku::1009010,1009010,교체형,lumpy,85147.0,tsb,"{'alpha': 0.1, 'beta': 0.2}",0.0036459514698055128,0.028645566397751055,2.0,11,6,-0.5847631037275748,0.0,0.000755824994466583,0.003019874076131246,27882.333333333332,0.9823834075187616,2025-12-15,,
sku,sku::2017601,2017601,교체형,lumpy,83880.0,tsb,"{'alpha': 0.1, 'beta': 0.2}",4.053507594420628e-07,1.8750173997836952e-06,2.0,11,6,,0.0,2.1158266559189214e-08,8.4633063668349e-08,9320.0,1.0,2025-01-20,,
sku,sku::1007899,1007899,교체형,lumpy,83610.0,tsb,"{'alpha': 0.1, 'beta': 0.2}",4.414162926260809e-07,2.7571744478910107e-06,2.0,11,6,,0.0,1.4221078489302502e-08,5.688431292671936e-08,20902.5,1.0,2025-01-06,,
sku,sku::2019246,2019246,교체형,intermittent,79862.0,tsb,"{'alpha': 0.1, 'beta': 0.2}",0.0006759181612519344,0.002493572126491034,2.0,11,6,-0.5847631037275749,0.0,4.08043142344969e-05,0.00016320726725727042,15972.4,1.0,2025-09-01,,
sku,sku::1009223,1009223,교체형,intermittent,79458.0,tsb,"{'alpha': 0.1, 'beta': 0.2}",2.142037240274362e-05,0.00011530352617863817,2.0,11,6,,0.0,8.482474748590432e-07,3.392985582162389e-06,26486.0,1.0,2025-05-05,,
sku,sku::1009282,1009282,교체형,lumpy,78895.0,sba,{'alpha': 0.05},0.007987840775106827,0.06638965298392725,2.0,11,6,0.013652508966809553,0.0,0.002452818693403401,0.0097752358479255,15779.0,1.0,2026-01-12,,
sku,sku::2017755,2017755,교체형,lumpy,78444.0,tsb,"{'alpha': 0.1, 'beta': 0.2}",0.0003434385474797189,0.0012218341371693522,2.0,11,6,,0.0,6.491244017218062e-05,0.00025962448003336025,7104.0,0.9961756157258681,2025-09-29,,
sku,sku::1009889,1009889,교체형,intermittent,75606.0,sba,{'alpha': 0.05},0.02359489228929014,0.15972726177086838,2.0,11,6,-0.046758001377127434,0.0,0.0133009592869737,0.05215172532547818,37803.0,1.0,2026-03-09,,
sku,sku::1008744,1008744,교체형,lumpy,75471.0,tsb,"{'alpha': 0.1, 'beta': 0.2}",0.011969686027182127,0.05208768762289695,2.0,11,6,-0.5847631037275748,0.0,0.0018749493917255943,0.007478731308267483,6861.0,1.0,2026-01-12,,
sku,sku::1008897,1008897,교체형,lumpy,74918.0,tsb,"{'alpha': 0.1, 'beta': 0.2}",0.002410641090241831,0.010073464739403503,2.0,11,6,-0.5847631037275749,0.0,0.000307078777407838,0.001227749441196302,8324.222222222223,1.0,2025-10-27,,
sku,sku::2017603,2017603,교체형,intermittent,74893.0,tsb,"{'alpha': 0.1, 'beta': 0.2}",1.982208041728732e-06,6.068442897430499e-06,2.0,11,6,,0.0,1.584060678122255e-07,6.336241207272053e-07,7489.3,1.0,2025-03-24,,
sku,sku::1006406,1006406,교체형,lumpy,74080.0,tsb,"{'alpha': 0.1, 'beta': 0.2}",2.4490587266995492e-06,1.7260747888570702e-05,2.0,11,6,,0.0,6.427753502051311e-08,2.571101155313116e-07,37040.0,1.0,2025-02-24,,
sku,sku::2016910,2016910,교체형,lumpy,73018.0,tsb,"{'alpha': 0.1, 'beta': 0.2}",3.7359971436132544e-07,1.5907632399641465e-06,2.0,11,6,,0.0,4.338719508645289e-08,1.7354876891140236e-07,5616.7692307692305,1.0,2025-02-10,,
sku,sku::1009611,1009611,교체형,intermittent,72952.0,tsb,"{'alpha': 0.1, 'beta': 0.2}",0.00036603264967646933,0.002105381878164334,2.0,11,6,,0.0,1.1429131914252535e-05,4.571574391243338e-05,36476.0,1.0,2025-07-21,,
sku,sku::1005728,1005728,교체형,lumpy,72307.0,tsb,"{'alpha': 0.1, 'beta': 0.2}",2.1392029268852386e-07,1.4054965428948684e-06,2.0,11,6,,0.0,4.629580323113197e-08,1.8518319988558574e-07,18076.75,1.0,2025-02-10,,
sku,sku::2016512,2016512,교체형,intermittent,71474.0,tsb,"{'alpha': 0.1, 'beta': 0.2}",1.0254450942557556e-13,6.829566948759265e-13,2.0,11,6,,0.0,2.713530422705195e-15,1.0658141036401503e-14,35737.0,1.0,2023-09-04,,
sku,sku::1009134,1009134,교체형,intermittent,71000.0,tsb,"{'alpha': 0.1, 'beta': 0.2}",1.5679823628048364e-07,7.45803894248536e-07,2.0,11,6,,0.0,7.152705778765116e-09,2.861082271099491e-08,23666.666666666668,1.0,2024-12-02,,
sku,sku::2016833,2016833,교체형,lumpy,70447.0,tsb,"{'alpha': 0.1, 'beta': 0.2}",0.00010079343734417259,0.00028395975401521677,2.0,11,6,,0.0,8.723470684666191e-06,3.489342614781954e-05,5031.928571428572,1.0,2025-07-28,,
sku,sku::1009403,1009403,교체형,lumpy,69507.0,tsb,"{'alpha': 0.1, 'beta': 0.2}",0.00020713780807665662,0.0011913138321514385,2.0,11,6,,0.0,6.274250998056207e-06,2.5096767795940167e-05,23169.0,1.0,2025-07-14,,
sku,sku::2016905,2016905,교체형,lumpy,69038.0,tsb,"{'alpha': 0.1, 'beta': 0.2}",4.012721946687172e-07,2.839765383677562e-06,2.0,11,6,,0.0,2.1062459072833912e-08,8.424983377608442e-08,23012.666666666668,1.0,2025-01-20,,
sku,sku::2017606,2017606,교체형,lumpy,68495.0,tsb,"{'alpha': 0.1, 'beta': 0.2}",1.232223967496867e-06,4.698022375021524e-06,2.0,11,6,,0.0,1.6953577828512838e-08,6.781430972324642e-08,6157.285714285715,0.6292576100445288,2025-01-06,,
sku,sku::2018958,2018958,교체형,lumpy,67769.0,sba,{'alpha': 0.3},0.07455974695344247,0.4634526494355151,2.0,11,6,0.013652508966809666,0.0,0.0031136864445704517,0.012396696173936572,11294.833333333334,1.0,2026-01-26,,
sku,sku::1002840,1002840,교체형,intermittent,67541.0,tsb,"{'alpha': 0.1, 'beta': 0.2}",2.0674970726318708e-07,1.4042029562797131e-06,2.0,11,6,,0.0,1.6850007038074135e-08,6.740002655991617e-08,33770.5,1.0,2025-01-13,,
sku,sku::2018954,2018954,교체형,lumpy,67361.0,tsb,"{'alpha': 0.1, 'beta': 0.2}",7.688270643448179e-06,3.678387660345482e-05,2.0,11,6,,0.0,8.183692488965058e-07,3.2734729773498117e-06,11193.5,0.9970309229376049,2025-04-28,,
sku,sku::1009158,1009158,교체형,lumpy,65740.0,tsb,"{'alpha': 0.1, 'beta': 0.2}",0.0001646057634456128,0.000834092827309812,2.0,11,6,,0.0,1.336949366392915e-05,5.3476902205140675e-05,13148.0,1.0,2025-08-04,,
sku,sku::1008397,1008397,교체형,lumpy,65279.0,tsb,"{'alpha': 0.1, 'beta': 0.2}",3.819547468007768e-07,1.950419222327598e-06,2.0,11,6,,0.0,1.709290463575578e-08,6.83716168126125e-08,9325.57142857143,1.0,2025-01-13,,
sku,sku::1007777,1007777,교체형,lumpy,65136.0,tsb,"{'alpha': 0.1, 'beta': 0.2}",6.143937343117665e-05,0.00047958081316095097,2.0,11,6,,0.0,1.090251571481095e-05,4.360934967517771e-05,32568.0,1.0,2025-08-04,,
sku,sku::1008167,1008167,교체형,lumpy,64020.0,tsb,"{'alpha': 0.1, 'beta': 0.2}",3.6250212203067107e-09,2.9090738045647073e-08,2.0,11,6,,0.0,9.263397251420943e-10,3.7053586865454236e-09,16005.0,1.0,2024-10-14,,
sku,sku::1006006,1006006,교체형,lumpy,63581.0,tsb,"{'alpha': 0.1, 'beta': 0.2}",9.992277240888865e-06,7.590187691219851e-05,2.0,11,6,,0.0,1.4749816106718247e-06,5.899913389062483e-06,31790.5,1.0,2025-06-02,,
sku,sku::1007306,1007306,교체형,lumpy,63459.0,tsb,"{'alpha': 0.1, 'beta': 0.2}",2.8150926124597357e-05,0.00020864593230614,2.0,11,6,,0.0,3.5815992051058212e-06,1.432631985343047e-05,31729.5,1.0,2025-06-30,,
sku,sku::2018127,2018127,교체형,lumpy,63343.0,croston,{'alpha': 0.2},0.30758621769458333,1.1979688943324296,1.7621293090829306,11,6,0.03344878874480154,0.0,0.059465852445439525,0.21747490915843315,9049.0,1.0,2026-04-27,,
sku,sku::2017901,2017901,교체형,lumpy,63333.0,tsb,"{'alpha': 0.1, 'beta': 0.2}",5.6591354788610506e-05,0.00043223294418587955,2.0,11,6,,0.0,1.6481061796354662e-06,6.5924084210466916e-06,21111.0,1.0,2025-05-26,,
sku,sku::2019307,2019307,교체형,lumpy,61411.0,sba,{'alpha': 0.05},0.04312687174867545,0.14617170307572674,1.7530974653353768,11,6,-0.060369270213154115,0.0,0.015935227071922946,0.06223344085752214,4001.5714285714284,0.4561234957906564,2026-03-02,,
sku,sku::2019206,2019206,교체형,intermittent,60964.0,sba,{'alpha': 0.05},0.05387624519365803,0.17939711728886532,2.0,11,6,-0.7363636548430674,0.0,0.02607971367623611,0.10030843592822158,6773.777777777777,1.0,2026-03-30,,
sku,sku::2019456,2019456,교체형,intermittent,60369.0,sba,{'alpha': 0.1},4244.540382073468,2504.0207398985176,1.9748526921717104,11,6,-0.11155917922407925,0.0,0.42230784000000005,0.888625467349394,12073.8,1.0,2026-06-01,,
sku,sku::2017902,2017902,교체형,lumpy,59991.0,tsb,"{'alpha': 0.1, 'beta': 0.2}",0.07410321402067792,0.4082509072389659,2.0,11,6,-0.35409902280711514,0.0,0.0028868063630821646,0.011497319707557963,11998.2,1.0,2026-01-26,,
sku,sku::2018010,2018010,교체형,lumpy,59843.0,tsb,"{'alpha': 0.1, 'beta': 0.2}",9.239859929678212e-09,3.142386446099999e-08,2.0,11,6,,0.0,7.759085006493994e-10,3.1036337944101433e-09,6649.222222222223,1.0,2024-09-23,,
sku,sku::2018827,2018827,교체형,intermittent,59778.0,tsb,"{'alpha': 0.1, 'beta': 0.2}",7.801432826277611e-07,3.983037846526124e-06,2.0,11,6,,0.0,3.322333540467481e-08,1.3289333500310363e-07,19926.0,1.0,2025-01-20,,
sku,sku::2017239,2017239,교체형,lumpy,59718.0,sba,{'alpha': 0.3},0.05814640538085766,0.1727649370397011,2.0,11,6,0.01365250896680939,0.0,0.0070369083022804564,0.027851916103062924,4265.571428571428,1.0,2026-02-23,,
sku,sku::2017460,2017460,교체형,lumpy,59296.0,tsb,"{'alpha': 0.1, 'beta': 0.2}",1.9215681552950925e-05,5.5183974901444685e-05,2.0,11,6,,0.0,7.69036222912199e-07,3.076141343205663e-06,3144.6153846153848,0.6894225580140313,2025-05-12,,
sku,sku::2018096,2018096,교체형,lumpy,58584.0,tsb,"{'alpha': 0.1, 'beta': 0.2}",0.12338199778231843,0.2801691363881685,1.3747754420162812,11,6,-0.09259014222921669,0.0,0.03096419183467499,0.11822191255855075,278.3076923076923,0.24702990577632117,2026-03-09,,
sku,sku::2013652,2013652,교체형,intermittent,58197.0,tsb,"{'alpha': 0.1, 'beta': 0.2}",6.948479445123285e-07,4.020807709005647e-06,2.0,11,6,,0.0,2.1064250143684637e-08,8.425699782321772e-08,29098.5,1.0,2025-01-20,,
sku,sku::1009219,1009219,교체형,lumpy,56663.0,tsb,"{'alpha': 0.1, 'beta': 0.2}",3.994258191467563e-06,3.066419359801164e-05,2.0,11,6,,0.0,1.0485074543594977e-07,4.194029157300605e-07,28331.5,1.0,2025-03-10,,
sku,sku::1002787,1002787,교체형,lumpy,56331.0,tsb,"{'alpha': 0.1, 'beta': 0.2}",1.3224127465715028e-07,9.803848848043537e-07,2.0,11,6,,0.0,1.6850007038074135e-08,6.740002655991617e-08,28165.5,1.0,2025-01-13,,
sku,sku::1009220,1009220,교체형,intermittent,53000.0,tsb,"{'alpha': 0.1, 'beta': 0.2}",8.829147784705193e-06,5.0610525857059406e-05,2.0,11,6,,0.0,3.1091622584294056e-07,1.2436643235247402e-06,26500.0,1.0,2025-04-14,,
sku,sku::2018703,2018703,교체형,intermittent,50000.0,tsb,"{'alpha': 0.1, 'beta': 0.2}",6.085873058496251e-06,3.751278628281098e-05,2.0,11,6,,0.0,1.666796486476924e-07,6.66718427910773e-07,25000.0,1.0,2025-03-17,,
sku,sku::2017272,2017272,교체형,lumpy,49314.0,tsb,"{'alpha': 0.1, 'beta': 0.2}",4.451150207057602e-09,1.2919405738944466e-08,2.0,11,6,,0.0,5.517101677812768e-10,2.2068404881281367e-09,650.6774193548387,0.409031917913777,2024-08-19,,
sku,sku::2018509,2018509,교체형,lumpy,48784.0,sba,{'alpha': 0.05},0.0099385018622225,0.050245425818084444,2.0,11,6,-0.983349362672189,0.0,0.018249143080736892,0.07102258421183338,12191.0,0.9995900295178747,2026-03-16,,
sku,sku::1008736,1008736,교체형,lumpy,48126.0,tsb,"{'alpha': 0.1, 'beta': 0.2}",0.0012050387027003552,0.005464607846573134,2.0,11,6,-0.5847631037275748,0.0,0.0001253044109383881,0.0005011234444506352,6015.75,1.0,2025-10-06,,
sku,sku::1007753,1007753,교체형,lumpy,47226.0,tsb,"{'alpha': 0.1, 'beta': 0.2}",8.755722580782875e-05,0.0006651765390955928,2.0,11,6,,0.0,2.2970762816704573e-06,9.188273467186647e-06,23613.0,1.0,2025-06-16,,
sku,sku::1009296,1009296,교체형,intermittent,47089.0,tsb,"{'alpha': 0.1, 'beta': 0.2}",1.5312534509591703e-05,8.97571164876982e-05,2.0,11,6,,0.0,6.397686845906965e-07,2.5590722825263867e-06,23544.5,1.0,2025-05-05,,
sku,sku::2019490,2019490,교체형,lumpy,46769.0,sba,{'alpha': 0.05},0.02597268646103054,0.12434045337422134,2.0,11,6,0.013652508966809458,0.0,0.0029807544680063086,0.011869814344680596,9353.8,1.0,2026-01-26,,
sku,sku::1006749,1006749,교체형,lumpy,46321.0,tsb,"{'alpha': 0.1, 'beta': 0.2}",0.01538648868376208,0.08825659883053699,2.0,11,6,-0.5847631037275748,0.0,0.0007555786372741897,0.003018890879744607,15440.333333333334,1.0,2025-12-15,,
sku,sku::2018696,2018696,교체형,lumpy,45847.0,tsb,"{'alpha': 0.1, 'beta': 0.2}",2.105558350930261e-08,1.6729702781559867e-07,2.0,11,6,,0.0,4.2743564274641485e-09,1.709742558642091e-08,22923.5,1.0,2024-11-18,,
sku,sku::2019394,2019394,교체형,intermittent,45397.0,sba,{'alpha': 0.05},0.031757127713193535,0.11590976857721785,2.0,11,6,-0.5354342785305232,0.0,0.021580544504966187,0.08356784367426617,6485.285714285715,1.0,2026-03-30,,
sku,sku::1007755,1007755,교체형,lumpy,44208.0,tsb,"{'alpha': 0.1, 'beta': 0.2}",0.0008080765092071174,0.006412840054490984,2.0,11,6,-0.5847631037275748,0.0,2.1267647934383967e-05,8.506787789908099e-05,22104.0,1.0,2025-08-25,,
sku,sku::1008763,1008763,교체형,lumpy,44000.0,tsb,"{'alpha': 0.1, 'beta': 0.2}",1.6013640745450516e-12,9.389159035216113e-12,2.0,11,6,,0.0,4.732456116560648e-14,1.8918200339612667e-13,14666.666666666666,1.0,2023-11-27,,
sku,sku::2018008,2018008,교체형,lumpy,43888.0,tsb,"{'alpha': 0.1, 'beta': 0.2}",0.01473120681127803,0.04868497629285057,2.0,11,6,-0.459888833741509,0.0,0.001846812507874946,0.007366810917046607,3011.0,0.6860645278891725,2026-01-12,,
sku,sku::2018399,2018399,교체형,smooth,43845.0,tsb,"{'alpha': 0.1, 'beta': 0.2}",4.166677237105414e-08,3.151514979072199e-07,2.0,11,6,,0.0,1.0671399033775257e-09,4.2685597279046306e-09,21922.5,1.0,2024-09-30,,
sku,sku::1008771,1008771,교체형,lumpy,43497.0,sba,{'alpha': 0.05},0.09154288970285948,0.3353935400733214,2.0,11,6,-0.41999076504944083,0.0,0.042342803310693976,0.1589141886012585,4349.7,1.0,2026-04-06,,
sku,sku::2018395,2018395,교체형,lumpy,43126.0,tsb,"{'alpha': 0.1, 'beta': 0.2}",0.001535910199409116,0.007168726994052736,2.0,11,6,-0.5847631037275748,0.0,6.539316445666139e-05,0.0002615470013493937,8625.2,1.0,2025-09-29,,
sku,sku::2017602,2017602,교체형,lumpy,43042.0,tsb,"{'alpha': 0.1, 'beta': 0.2}",1.153118638816994e-08,4.061878034774026e-08,2.0,11,6,,0.0,7.74336252758296e-10,3.0973450471094566e-09,3912.909090909091,1.0,2024-09-23,,
sku,sku::2017905,2017905,교체형,lumpy,42752.0,tsb,"{'alpha': 0.1, 'beta': 0.2}",1.817394789771241e-05,0.0001460097173056653,2.0,11,6,,0.0,4.789048697707439e-07,1.9156181029211794e-06,21376.0,1.0,2025-04-28,,
sku,sku::1009224,1009224,교체형,intermittent,42750.0,tsb,"{'alpha': 0.1, 'beta': 0.2}",1.5805661169706836e-05,8.608120014406781e-05,2.0,11,6,,0.0,8.482474748590432e-07,3.392985582162389e-06,14250.0,1.0,2025-05-05,,
sku,sku::2017910,2017910,교체형,lumpy,41845.0,tsb,"{'alpha': 0.1, 'beta': 0.2}",0.0003423809905806463,0.0017849764040151143,2.0,11,6,,0.0,3.8629188764057024e-05,0.00015450780200154668,8369.0,1.0,2025-09-01,,
sku,sku::1008625,1008625,교체형,lumpy,41267.0,sba,{'alpha': 0.3},0.06865882073933305,0.3906727751311827,2.0,11,6,-0.5574718970776241,0.0,0.028784295381782943,0.11026067635279568,4126.7,1.0,2026-03-23,,
sku,sku::2013848,2013848,교체형,intermittent,41265.0,tsb,"{'alpha': 0.1, 'beta': 0.2}",4.236650997048825e-07,2.5725914967599196e-06,2.0,11,6,,0.0,2.1064250143684637e-08,8.425699782321772e-08,20632.5,1.0,2025-01-20,,
sku,sku::2018095,2018095,교체형,erratic,41071.0,tsb,"{'alpha': 0.1, 'beta': 0.2}",3.255251574022731e-08,1.0561257119212094e-07,2.0,11,6,,0.0,5.62740268003113e-09,2.250961039784727e-08,1032.1739130434783,0.578023422853108,2024-10-21,,
sku,sku::2018959,2018959,교체형,intermittent,41040.0,sba,{'alpha': 0.05},0.03142252883854932,0.10548084672706774,2.0,11,6,0.013652508966809617,0.0,0.0031389760740450053,0.012496908889804037,5862.857142857143,1.0,2026-01-26,,
sku,sku::1008882,1008882,교체형,lumpy,40798.0,sba,{'alpha': 0.3},0.09401275785940257,0.5100785198694466,1.706646575363422,11,6,-0.07159459655622702,0.0,0.09302209295897834,0.3233145583850502,8159.6,1.0,2026-05-11,,
sku,sku::2019732,2019732,교체형,lumpy,40682.0,tsb,"{'alpha': 0.2, 'beta': 0.05}",1.3442998877961125,8.322104170992622,1.2870083589722043,11,6,0.5223214259705508,0.0,0.38878284119478457,0.860433190364624,5085.25,1.0,2026-06-01,,
sku,sku::2019526,2019526,교체형,lumpy,40350.0,sba,{'alpha': 0.05},0.05512690841865121,0.2643531082520438,2.0,11,6,0.347728906491834,0.0,0.03325993820882968,0.12654835986662294,6725.0,1.0,2026-03-30,,
sku,sku::1009965,1009965,교체형,intermittent,40108.0,sba,{'alpha': 0.05},0.05250066693093951,0.3334023024881014,2.0,11,6,-0.932089677570801,0.0,0.03246995275776001,0.12368984449777665,20054.0,1.0,2026-03-30,,
sku,sku::2019842,2019842,교체형,intermittent,40097.0,tsb,"{'alpha': 0.1, 'beta': 0.2}",1.586559808851974,11.783944998069282,0.8147095804788935,11,6,-0.9991843877530202,0.0,0.24271586918399998,0.6711215443303871,13365.666666666666,1.0,2026-06-01,,
sku,sku::2019563,2019563,교체형,intermittent,39407.0,sba,{'alpha': 0.05},0.03898896133108526,0.11832156158516621,2.0,11,6,-0.8759902578404606,0.0,0.02421152059379298,0.09338532332420757,4378.555555555556,1.0,2026-03-23,,
sku,sku::2018978,2018978,교체형,intermittent,39406.0,tsb,"{'alpha': 0.1, 'beta': 0.2}",1.4556756346447052e-06,9.175999341951464e-06,2.0,11,6,,0.0,8.533998011124415e-08,3.413598765877879e-07,19703.0,1.0,2025-02-24,,
sku,sku::1007363,1007363,교체형,intermittent,39343.0,tsb,"{'alpha': 0.1, 'beta': 0.2}",4.498407660921132e-05,0.0002575635995720818,2.0,11,6,,0.0,1.4749816106718247e-06,5.899913389062483e-06,19671.5,1.0,2025-06-02,,
sku,sku::2018905,2018905,교체형,intermittent,39176.0,tsb,"{'alpha': 0.1, 'beta': 0.2}",6.249274142867101e-06,4.050357680061554e-05,2.0,11,6,,0.0,1.666796486476924e-07,6.66718427910773e-07,19588.0,1.0,2025-03-17,,
sku,sku::1008389,1008389,교체형,lumpy,38328.0,tsb,"{'alpha': 0.1, 'beta': 0.2}",2.045669963971982e-06,1.4218937566769837e-05,2.0,11,6,,0.0,2.454042488491009e-07,9.816166338660892e-07,7665.6,1.0,2025-04-07,,
sku,sku::1008803,1008803,교체형,lumpy,38152.0,tsb,"{'alpha': 0.1, 'beta': 0.2}",1.3972625811982476e-12,1.0559514529702797e-11,2.0,11,6,,0.0,3.664852715525846e-14,1.4654943925052066e-13,19076.0,1.0,2023-11-27,,
sku,sku::2018336,2018336,교체형,lumpy,37238.0,sba,{'alpha': 0.05},0.0782058654496477,0.170471204340315,1.1084777967774189,11,6,0.1442470462834885,0.0,0.054555649138137895,0.20100532498958057,187.14285714285714,0.14071647242064558,2026-04-27,,
sku,sku::1007871,1007871,교체형,lumpy,37041.0,tsb,"{'alpha': 0.1, 'beta': 0.2}",1.0220154551149803e-07,3.074329804708988e-07,2.0,11,6,,0.0,1.565282912830312e-08,6.261131513252138e-08,2645.785714285714,1.0,2025-01-06,,
sku,sku::1009135,1009135,교체형,intermittent,37000.0,tsb,"{'alpha': 0.1, 'beta': 0.2}",7.128937583374484e-06,4.027434089911721e-05,2.0,11,6,,0.0,3.0904942894733983e-07,1.2361971426511076e-06,12333.333333333334,1.0,2025-04-14,,
sku,sku::1008396,1008396,교체형,lumpy,36950.0,tsb,"{'alpha': 0.1, 'beta': 0.2}",3.07809910756433e-14,2.4363329517009036e-13,2.0,11,6,,0.0,7.000574422265303e-15,2.7977620220553945e-14,12316.666666666666,1.0,2023-09-25,,
sku,sku::2019838,2019838,교체형,intermittent,36551.0,tsb,"{'alpha': 0.1, 'beta': 0.2}",1.240216089129994,6.925609855662148,1.3637909505691497,11,6,0.18468845042940835,0.0,0.08094051089776641,0.28653200910728616,12183.666666666666,1.0,2026-04-27,,
sku,sku::1009011,1009011,교체형,lumpy,36215.0,tsb,"{'alpha': 0.1, 'beta': 0.2}",5.733744492799497e-05,0.0002626965620219153,2.0,11,6,,0.0,2.4567427328431117e-06,9.826934717738212e-06,6035.833333333333,1.0,2025-06-02,,
sku,sku::1007710,1007710,교체형,lumpy,35994.0,tsb,"{'alpha': 0.1, 'beta': 0.2}",0.0028219814154922403,0.015735301861598185,2.0,11,6,-0.5847631037275749,0.0,0.0006045683252167632,0.002416081167459949,5999.0,1.0,2025-12-08,,
sku,sku::2019841,2019841,교체형,intermittent,35926.0,tsb,"{'alpha': 0.1, 'beta': 0.1}",0.7032287182550969,4.295128343786761,0.7773676195034374,11,6,-0.13666523781403517,0.0,0.1744466396273705,0.5355054763580915,11975.333333333334,1.0,2026-05-25,,
sku,sku::2018977,2018977,교체형,intermittent,35680.0,sba,{'alpha': 0.05},0.052712887927186564,0.332995969418231,2.0,11,6,-0.973981334748003,0.0,0.017179890246458347,0.0669688645840405,17840.0,1.0,2026-03-23,,
sku,sku::2019462,2019462,교체형,lumpy,35197.0,sba,{'alpha': 0.15},0.14306827268401417,0.3887499437185961,0.4820478213550019,11,6,-0.6107792804092523,0.0,0.31630309168134557,0.7814984791877597,1426.421052631579,0.7700088075688268,2026-06-08,,
sku,sku::1007794,1007794,교체형,lumpy,35119.0,sba,{'alpha': 0.3},0.10980333059928474,0.9171893754188386,2.0,11,6,-0.46881816303738694,0.0,0.026843545600000806,0.10312757878049672,17559.5,1.0,2026-04-06,,
sku,sku::1008884,1008884,교체형,lumpy,34947.0,croston,{'alpha': 0.2},0.1927399427478304,0.9474812313180135,1.663304933942004,11,6,0.6494724946529103,0.0,0.2235813527602181,0.6366009152620115,2912.25,1.0,2026-06-01,,
sku,sku::2018608,2018608,교체형,lumpy,34778.0,sba,{'alpha': 0.05},0.017106789158780764,0.11418970622157969,2.0,11,6,-0.9986876912242557,0.0,0.030959060319708888,0.11820323463826543,8518.75,0.9797860716544943,2026-03-23,,
sku,sku::2019710,2019710,교체형,intermittent,34760.0,tsb,"{'alpha': 0.2, 'beta': 0.05}",0.378775646943602,1.6132086956595455,0.8832815043295703,11,6,-0.42876322104264103,0.0,0.1149353105251369,0.38637922060315777,8690.0,1.0,2026-05-11,,
sku,sku::1005681,1005681,교체형,lumpy,34468.0,sba,{'alpha': 0.05},0.061107963360207906,0.4518281262050135,1.5412016862141649,11,6,-0.01745379673941865,0.0,0.16544755410929968,0.5149186950820759,8617.0,1.0,2026-06-01,,
sku,sku::2019241,2019241,교체형,lumpy,34122.0,sba,{'alpha': 0.05},0.0552949144149006,0.2037377686725885,2.0,11,6,0.017021367110921993,0.0,0.01533538741146589,0.05994487564080808,176.0,0.061895551257253385,2026-03-16,,
sku,sku::1005677,1005677,교체형,lumpy,34111.0,tsb,"{'alpha': 0.1, 'beta': 0.2}",0.03883497248399033,0.26545097082288527,2.0,11,6,-0.02056227436031988,0.0,0.003613768742012381,0.014376907623893986,11370.333333333334,1.0,2026-02-02,,
sku,sku::2017381,2017381,교체형,lumpy,33847.0,tsb,"{'alpha': 0.1, 'beta': 0.2}",3.5171448975871774e-07,2.6127789628040294e-06,2.0,11,6,,0.0,9.220038439219733e-09,3.688015304259551e-08,16923.5,1.0,2024-12-23,,
sku,sku::1008623,1008623,교체형,lumpy,33817.0,sba,{'alpha': 0.3},0.04464935242597269,0.23145497434910525,2.0,11,6,-0.6028179082541743,0.0,0.02684354850688046,0.10312758949655432,4227.125,1.0,2026-04-06,,
sku,sku::2017682,2017682,교체형,lumpy,33801.0,tsb,"{'alpha': 0.1, 'beta': 0.2}",0.0008772136022411574,0.0024697844950334596,2.0,11,6,-0.5847631037275748,0.0,3.915979387555899e-15,1.554312234475219e-14,310.0,0.018342652584243068,2023-09-18,,
sku,sku::2018698,2018698,교체형,intermittent,33799.0,tsb,"{'alpha': 0.1, 'beta': 0.2}",9.973551941158705e-08,5.873454554202045e-07,2.0,11,6,,0.0,4.2743564274641485e-09,1.709742558642091e-08,16899.5,1.0,2024-11-18,,
sku,sku::2017906,2017906,교체형,lumpy,33536.0,tsb,"{'alpha': 0.1, 'beta': 0.2}",0.08036581819471707,0.44747679296377507,2.0,11,6,-0.15315039965272978,0.0,0.0028870986634096313,0.011498478811787893,6707.2,1.0,2026-01-26,,
sku,sku::1007977,1007977,교체형,lumpy,32777.0,tsb,"{'alpha': 0.1, 'beta': 0.2}",8.317094885906493e-05,0.0004898526063537715,2.0,11,6,,0.0,1.721101884587111e-05,6.88422980889003e-05,6555.4,1.0,2025-08-18,,
sku,sku::2018562,2018562,교체형,intermittent,32532.0,sba,{'alpha': 0.05},0.028136305934301758,0.18985209342711143,2.0,11,6,0.013652508966809486,0.0,0.002327110657146259,0.009276000344544455,16266.0,1.0,2026-01-19,,
sku,sku::2018969,2018969,교체형,intermittent,32519.0,tsb,"{'alpha': 0.1, 'beta': 0.2}",0.00011072563950836611,0.0004770156092273582,2.0,11,6,,0.0,4.914284593760495e-06,1.9656993474614914e-05,8129.75,1.0,2025-06-30,,
sku,sku::1006093,1006093,교체형,lumpy,32452.0,tsb,"{'alpha': 0.1, 'beta': 0.2}",4.5553314785834855e-07,3.660082225302834e-06,2.0,11,6,,0.0,1.0140936055383404e-07,4.0563738057386445e-07,16226.0,1.0,2025-03-03,,
sku,sku::2017904,2017904,교체형,lumpy,32265.0,tsb,"{'alpha': 0.1, 'beta': 0.2}",0.08080780814222246,0.5511143454699164,2.0,11,6,-0.015442263621941295,0.0,0.0028868063630821646,0.011497319707557963,6453.0,1.0,2026-01-26,,
sku,sku::2018991,2018991,교체형,lumpy,32079.0,sba,{'alpha': 0.3},0.06828767356473345,0.37913513120283354,2.0,11,6,0.013652508966809557,0.0,0.0029072650707161556,0.011578445361305922,8019.75,1.0,2026-01-26,,
sku,sku::1009225,1009225,교체형,intermittent,31968.0,tsb,"{'alpha': 0.1, 'beta': 0.2}",3.7062886764535624e-06,2.2128811617244537e-05,2.0,11,6,,0.0,1.0485074543594977e-07,4.194029157300605e-07,15984.0,1.0,2025-03-10,,
sku,sku::1007635,1007635,교체형,intermittent,31822.0,tsb,"{'alpha': 0.1, 'beta': 0.2}",0.001645171825374008,0.009552086229527508,2.0,11,6,-0.5847631037275749,0.0,6.490371073213552e-05,0.00025958956907201625,15911.0,1.0,2025-09-29,,
sku,sku::1008804,1008804,교체형,intermittent,30951.0,sba,{'alpha': 0.05},0.3753885620281594,1.101167822479249,0.9333597934705669,11,6,-0.3988230245388947,0.0,0.10271989626181646,0.3517953364001922,6190.2,1.0,2026-05-04,,
sku,sku::2019481,2019481,교체형,intermittent,30466.0,tsb,"{'alpha': 0.1, 'beta': 0.1}",0.6266226610992673,2.4023714511226597,0.8901585040341793,11,6,0.2616478974136054,0.0,0.23489245827644237,0.6573190742798334,4352.285714285715,1.0,2026-06-01,,
sku,sku::2014868,2014868,교체형,intermittent,30347.0,tsb,"{'alpha': 0.1, 'beta': 0.2}",6.51776735809562e-05,0.00026465531436695573,2.0,11,6,,0.0,3.5725471296923582e-06,1.4290111940318262e-05,6069.4,1.0,2025-06-30,,
sku,sku::1009591,1009591,교체형,intermittent,30134.0,tsb,"{'alpha': 0.1, 'beta': 0.2}",0.006753403135907604,0.039197545802385415,2.0,11,6,-0.5847631037275749,0.0,0.0002025305553253726,0.0008098761427748347,15067.0,1.0,2025-11-03,,
sku,sku::2016728,2016728,교체형,lumpy,29973.0,tsb,"{'alpha': 0.1, 'beta': 0.2}",0.0001130898338236156,0.0006367667533949603,2.0,11,6,,0.0,2.658773984901072e-05,0.00010634671802367546,5098.8,0.8505655089580623,2025-09-01,,
sku,sku::1008316,1008316,교체형,lumpy,29733.0,sba,{'alpha': 0.3},0.09959576027881088,0.5458171890785984,1.7045118245937365,11,6,-0.7856266625274971,0.0,0.2268550332774925,0.6426911841361842,4955.5,1.0,2026-06-08,,
sku,sku::2018060,2018060,교체형,lumpy,29622.0,tsb,"{'alpha': 0.1, 'beta': 0.2}",1.4718609275259751e-05,6.536585932281218e-05,2.0,11,6,,0.0,1.0623999561004025e-06,4.249593052341183e-06,3281.3333333333335,0.6646411450948619,2025-05-19,,
sku,sku::1007775,1007775,교체형,lumpy,29479.0,tsb,"{'alpha': 0.1, 'beta': 0.2}",0.0429533179969336,0.15110465234932527,2.0,11,6,-0.2964014525369749,0.0,0.00511167787176592,0.0202904695575874,2679.909090909091,1.0,2026-02-09,,
sku,sku::2018410,2018410,교체형,lumpy,29084.0,tsb,"{'alpha': 0.1, 'beta': 0.2}",2.202422380629591,5.368312572005408,0.7151385469406611,11,6,-0.5181604706828729,0.0,0.1856253538965847,0.5601577163870393,1575.0,0.2166139458121304,2026-06-01,,
sku,sku::2016877,2016877,교체형,lumpy,28944.0,sba,{'alpha': 0.3},0.0421650610900486,0.060847840372379475,0.8608318865405463,11,6,-0.18984133886865784,0.0,0.11237734989123468,0.37925460899407804,490.2916666666667,0.8130873410724156,2026-05-11,,
sku,sku::2018606,2018606,교체형,lumpy,28821.0,sba,{'alpha': 0.05},0.01063978186044404,0.04862324242286265,1.316857616145784,11,6,-0.9473368863183441,0.0,0.14550522146759004,0.4668644372265853,4117.285714285715,1.0,2026-05-25,,
sku,sku::2017775,2017775,교체형,lumpy,28456.0,tsb,"{'alpha': 0.1, 'beta': 0.2}",0.004635684755026432,0.017451668479069073,2.0,11,6,-0.5847631037275749,0.0,0.0002978121731373103,0.001190716645652845,2845.6,1.0,2025-11-03,,
sku,sku::1008549,1008549,교체형,lumpy,28307.0,sba,{'alpha': 0.05},4.558562781614217,16.340653145861666,1.905520904307009,11,6,1.003476293891118,0.0,0.08642359967274293,0.3034063854721383,4043.8571428571427,1.0,2026-05-11,,
sku,sku::1009646,1009646,교체형,intermittent,28191.0,sba,{'alpha': 0.3},0.3626995641628449,1.0753741205397136,1.8576723723496869,11,6,0.6007842286098571,0.0,0.19498399378566997,0.5800301991637744,4698.5,1.0,2026-06-01,,
sku,sku::1008405,1008405,교체형,intermittent,27903.0,tsb,"{'alpha': 0.1, 'beta': 0.2}",4.046927686674189e-09,1.3081549696147962e-08,2.0,11,6,,0.0,2.4371813267709856e-10,9.748726270686348e-10,3986.1428571428573,1.0,2024-09-02,,
sku,sku::2018393,2018393,교체형,intermittent,27861.0,tsb,"{'alpha': 0.1, 'beta': 0.2}",4.8429246022305e-07,2.712543702420842e-06,2.0,11,6,,0.0,2.3102714954909402e-08,9.241085663358461e-08,9287.0,1.0,2025-01-20,,
sku,sku::2017486,2017486,교체형,lumpy,27757.0,tsb,"{'alpha': 0.1, 'beta': 0.2}",2.312877306755032e-08,7.605548615959536e-08,2.0,11,6,,0.0,2.5588751509296437e-09,1.0235500447208778e-08,590.0,0.2763266923658897,2024-10-07,,
sku,sku::1008097,1008097,교체형,lumpy,27709.0,tsb,"{'alpha': 0.1, 'beta': 0.2}",1.633974337596036e-08,1.0919062082720561e-07,2.0,11,6,,0.0,1.8100357710402078e-09,7.240143151676648e-09,9236.333333333334,1.0,2024-11-04,,
sku,sku::1006769,1006769,교체형,lumpy,27461.0,tsb,"{'alpha': 0.1, 'beta': 0.2}",2.8174807226602897e-08,2.2208912809787994e-07,2.0,11,6,,0.0,7.41070846154481e-10,2.964283485340502e-09,13730.5,1.0,2024-10-07,,
sku,sku::2017647,2017647,교체형,lumpy,27378.0,tsb,"{'alpha': 0.1, 'beta': 0.2}",4.153301351933304e-09,1.0345449944485251e-08,2.0,11,6,,0.0,5.531468787821861e-10,2.2125874465928064e-09,439.2,0.32084155161078237,2024-08-26,,
sku,sku::1005682,1005682,교체형,lumpy,27340.0,tsb,"{'alpha': 0.2, 'beta': 0.05}",1.5517826762611928,6.606850720467932,1.880819123300074,11,6,-0.7188167189646089,0.0,0.20109808176724914,0.5926442454859296,3905.714285714286,1.0,2026-06-01,,
sku,sku::2018979,2018979,교체형,intermittent,27306.0,croston,{'alpha': 0.1},0.3529670673233283,2.4403176110686204,1.7197826598051253,11,6,0.0016080045654802701,0.0,0.05242886427752178,0.19379164930259873,13653.0,1.0,2026-04-27,,
sku,sku::1005673,1005673,교체형,intermittent,27134.0,sba,{'alpha': 0.05},0.8757918038139747,3.4566322180286093,1.8736045275047648,11,6,5.0,0.0,0.17100600531788035,0.5277134932360998,5426.8,1.0,2026-06-01,,
sku,sku::1005910,1005910,교체형,lumpy,27075.0,tsb,"{'alpha': 0.1, 'beta': 0.2}",0.0010087207634430209,0.008134097414985837,2.0,11,6,-0.5847631037275748,0.0,2.6591461662052726e-05,0.0001063616040885007,13537.5,1.0,2025-09-01,,
sku,sku::1008398,1008398,교체형,lumpy,26973.0,tsb,"{'alpha': 0.1, 'beta': 0.2}",4.0483616964461446e-07,2.3598732216751596e-06,2.0,11,6,,0.0,8.137225902589005e-08,3.254889964221519e-07,2997.0,1.0,2025-02-24,,
sku,sku::2017249,2017249,교체형,lumpy,26747.0,tsb,"{'alpha': 0.1, 'beta': 0.2}",2.496482340979993e-06,6.304030772120477e-06,2.0,11,6,,0.0,8.219471477994452e-07,3.28778453762002e-06,337.15384615384613,0.6554753804164953,2025-03-31,,
sku,sku::2018043,2018043,교체형,lumpy,26718.0,tsb,"{'alpha': 0.1, 'beta': 0.2}",0.02307705670831152,0.040409513343260366,1.1544634422575855,11,6,-0.6238975670824626,0.0,0.0003227167772853156,0.0012902423668592622,95.69565217391305,0.16475784115577513,2025-10-20,,
sku,sku::1008388,1008388,교체형,lumpy,26660.0,tsb,"{'alpha': 0.1, 'beta': 0.2}",9.194179879625674e-06,6.900880694816912e-05,2.0,11,6,,0.0,2.9681557310908955e-07,1.1872617639019367e-06,6665.0,1.0,2025-04-07,,
sku,sku::2017666,2017666,교체형,lumpy,26614.0,tsb,"{'alpha': 0.1, 'beta': 0.2}",4.277763168226103e-05,8.960718468952096e-05,2.0,11,6,,0.0,6.619115054070377e-06,2.647619734130746e-05,140.05555555555554,0.1894491620951379,2025-06-30,,
sku,sku::2018334,2018334,교체형,intermittent,26525.0,tsb,"{'alpha': 0.1, 'beta': 0.2}",5.2268203339249765e-06,2.1416993624190606e-05,2.0,11,6,,0.0,2.3736417704345987e-07,9.494563703027481e-07,6631.25,1.0,2025-03-24,,
sku,sku::2016876,2016876,교체형,lumpy,26389.0,sba,{'alpha': 0.3},0.06257421106581354,0.11779756338948903,1.129457367640392,11,6,-0.25132601642768404,0.0,0.11458602550970583,0.3854100012709215,819.9090909090909,0.6835423850846943,2026-05-11,,
sku,sku::1009651,1009651,교체형,lumpy,26356.0,sba,{'alpha': 0.2},0.14513316806477564,0.5191487182696933,1.9165320178832805,11,6,-0.40267804716174477,0.0,0.047832976279938856,0.1780364746643458,4392.666666666667,1.0,2026-04-13,,
sku,sku::2018194,2018194,교체형,lumpy,26233.0,tsb,"{'alpha': 0.1, 'beta': 0.2}",1.163771031789639e-06,6.017042381004468e-06,2.0,11,6,,0.0,1.7813437757464358e-07,7.125373199245999e-07,5006.6,0.9542560896580643,2025-03-24,,
sku,sku::1008768,1008768,교체형,lumpy,26226.0,sba,{'alpha': 0.3},0.09460337314497676,0.6471792845831028,1.5012791527289098,11,6,-0.14286625250958343,0.0,0.12501784014239145,0.4138661639195286,4371.0,1.0,2026-05-11,,
sku,sku::2018094,2018094,교체형,erratic,25941.0,tsb,"{'alpha': 0.1, 'beta': 0.2}",6.907910075745025e-10,2.8129628282161773e-09,2.0,11,6,,0.0,1.7321528791112024e-10,6.928613238699199e-10,1024.142857142857,0.5527157781118692,2024-07-22,,
sku,sku::2018708,2018708,교체형,erratic,25805.0,tsb,"{'alpha': 0.1, 'beta': 0.2}",1.1099465585371646e-05,3.391129520350476e-05,2.0,11,6,,0.0,1.1430021575155576e-06,4.572000791180919e-06,111.52941176470588,0.07347413291997675,2025-04-14,,
sku,sku::1009054,1009054,교체형,intermittent,25765.0,tsb,"{'alpha': 0.1, 'beta': 0.2}",5.099842992033822e-07,3.408624468457467e-06,2.0,11,6,,0.0,1.3484347847997574e-08,5.393739033188183e-08,12882.5,1.0,2025-01-06,,
sku,sku::2016729,2016729,교체형,lumpy,25261.0,tsb,"{'alpha': 0.1, 'beta': 0.2}",3.7109064368200225e-08,9.787294881742974e-08,2.0,11,6,,0.0,1.4475499297423561e-09,5.790199875121971e-09,420.04761904761904,0.34919441035588455,2024-10-28,,
sku,sku::1009085,1009085,교체형,intermittent,25225.0,sba,{'alpha': 0.3},0.07933596236015844,0.4435408186628627,2.0,11,6,-0.9572926509195304,0.0,0.021475435190642374,0.08317397955723482,8408.333333333334,1.0,2026-03-30,,
sku,sku::2019221,2019221,교체형,lumpy,24943.0,sba,{'alpha': 0.05},0.026426574430963256,0.17887501836835865,2.0,11,6,-0.13035435733468176,0.0,0.025984064359310242,0.0999549467860752,4988.6,1.0,2026-03-30,,
sku,sku::1008888,1008888,교체형,lumpy,24789.0,sba,{'alpha': 0.05},0.027104144740201116,0.21980124579843494,2.0,11,6,0.01360790538232048,0.0,0.010995129757746587,0.04326046407709916,8263.0,1.0,2026-03-09,,
sku,sku::2017609,2017609,교체형,lumpy,24783.0,tsb,"{'alpha': 0.1, 'beta': 0.2}",0.012535256832090204,0.04184202515996579,2.0,11,6,-0.024057844700628196,0.0,0.001844674493689124,0.007358306127661529,1512.5,0.2441189525077674,2026-01-12,,
sku,sku::2019524,2019524,교체형,lumpy,24745.0,sba,{'alpha': 0.15},0.07746780209370228,0.2590766767313271,0.6017739167897665,11,6,0.12151887229600454,0.0,0.007384946491657307,0.02921416940833743,283.5,0.13748231966053748,2026-01-19,,
sku,sku::1008878,1008878,교체형,lumpy,24472.0,tsb,"{'alpha': 0.1, 'beta': 0.2}",3.0285332695559926e-09,2.3609233889387584e-08,2.0,11,6,,0.0,7.958496797906137e-11,3.183400210104992e-10,12236.0,1.0,2024-07-29,,
sku,sku::2019334,2019334,교체형,lumpy,24134.0,croston,{'alpha': 0.2},0.393819175233531,1.3915263983749961,1.4045836630010131,11,6,5.0,0.0,0.13434376407723617,0.43845851313158535,1347.1176470588234,0.948910251098036,2026-05-25,,
sku,sku::2019709,2019709,교체형,intermittent,23995.0,sba,{'alpha': 0.05},0.032025266170745414,0.12923630340965556,0.8509979916204884,11,6,-0.9518664503607991,0.0,0.11356160266714059,0.3825607417634197,4799.0,1.0,2026-05-11,,
sku,sku::2019437,2019437,교체형,lumpy,23931.0,sba,{'alpha': 0.05},0.03498560318357832,0.1028409148045983,1.577623066020485,11,6,-0.9430079857672337,0.0,0.30062309168134554,0.760753741028871,914.65,0.7644060005850153,2026-05-18,,
sku,sku::1008985,1008985,교체형,intermittent,23262.0,tsb,"{'alpha': 0.1, 'beta': 0.2}",3.942487059657395e-06,2.650167875816119e-05,2.0,11,6,,0.0,3.065124581038776e-07,1.226049268665541e-06,11631.0,1.0,2025-04-14,,
sku,sku::1009097,1009097,교체형,lumpy,23108.0,sba,{'alpha': 0.05},0.015789595883583696,0.12760232490275839,2.0,11,6,-0.9992104846851279,0.0,0.026843610199927103,0.1031278169246771,5777.0,1.0,2026-04-06,,
sku,sku::2018098,2018098,교체형,erratic,22959.0,tsb,"{'alpha': 0.1, 'beta': 0.2}",2.6283116231464312e-05,8.041664366935471e-05,2.0,11,6,,0.0,8.34894077761074e-06,3.339534488389084e-05,469.30555555555554,0.7358769981270962,2025-06-30,,
sku,sku::2017909,2017909,교체형,lumpy,22635.0,tsb,"{'alpha': 0.1, 'beta': 0.2}",6.658769865230069e-05,0.00043940388109918026,2.0,11,6,,0.0,1.940406507101647e-06,7.761603437517195e-06,7545.0,1.0,2025-06-02,,
sku,sku::2019270,2019270,교체형,lumpy,22431.0,croston,{'alpha': 0.2},0.8720444608600314,2.8561322812794248,0.60540142392467,11,6,-0.5805669155223147,0.0,0.142949841060614,0.4604583705927924,56.04545454545455,0.054968570282198745,2026-05-25,,
sku,sku::2018129,2018129,교체형,lumpy,22321.0,tsb,"{'alpha': 0.1, 'beta': 0.2}",1.8829021421771355e-07,8.175679010165161e-07,2.0,11,6,,0.0,2.1180517948212536e-08,8.472206891596556e-08,3720.1666666666665,1.0,2025-01-20,,
sku,sku::2017466,2017466,교체형,intermittent,22090.0,tsb,"{'alpha': 0.1, 'beta': 0.2}",1.6179777010325375e-12,5.318917444016664e-12,2.0,11,6,,0.0,0.0,0.0,0.0,0.0,,,
sku,sku::1009100,1009100,교체형,intermittent,22000.0,tsb,"{'alpha': 0.1, 'beta': 0.2}",4.8599162127158144e-08,2.7928232470457356e-07,2.0,11,6,,0.0,1.5269728434539617e-09,6.107891525886089e-09,11000.0,1.0,2024-10-28,,
sku,sku::1009778,1009778,교체형,intermittent,21990.0,sba,{'alpha': 0.05},0.023535080231891173,0.12432911535903853,2.0,11,6,-0.017513273899678293,0.0,0.013444253594938272,0.05270221406694031,7330.0,1.0,2026-03-09,,
sku,sku::2019731,2019731,교체형,intermittent,21892.0,sba,{'alpha': 0.05},0.02384600058422744,0.11124603623195527,2.0,11,6,-0.9505349114351835,0.0,0.024430509868507734,0.0941989097506516,4378.4,1.0,2026-03-30,,
sku,sku::1009081,1009081,교체형,lumpy,21555.0,sba,{'alpha': 0.05},0.04220328457936212,0.2765884051931337,2.0,11,6,-0.6181456970833742,0.0,0.021516374918525663,0.08332740341039857,7185.0,1.0,2026-03-30,,
sku,sku::1008887,1008887,교체형,intermittent,21532.0,tsb,"{'alpha': 0.1, 'beta': 0.2}",0.07661640842906844,0.38732924936852703,2.0,11,6,-0.21510578819412532,0.0,0.0036028832356037764,0.014333835241018389,7177.333333333333,1.0,2026-02-02,,
sku,sku::2016990,2016990,교체형,lumpy,21518.0,croston,{'alpha': 0.2},0.23900372319685811,0.9716717665838813,1.4111158610958627,11,6,1.098242588264343,0.0,1.4615016373367646e-06,5.8459937336552414e-06,50.0,0.0023236360256529416,2025-06-02,,
sku,sku::2020151,2020151,교체형,lumpy,21494.0,sba,{'alpha': 0.05},0.025841219853268104,0.14517276410070581,1.9477899532071472,11,6,-0.8805851642916183,0.0,0.0045035996273705015,0.01789306901589316,2000.0,0.09304922303898762,2026-02-09,,
sku,sku::1006403,1006403,교체형,lumpy,21445.0,tsb,"{'alpha': 0.1, 'beta': 0.2}",2.5921263723466744e-11,1.6448535848746634e-10,2.0,11,6,,0.0,4.981661300895349e-12,1.992672693518216e-11,5361.25,1.0,2024-04-29,,
sku,sku::2017214,2017214,교체형,lumpy,21407.0,tsb,"{'alpha': 0.1, 'beta': 0.2}",1.5324579277365224e-07,4.670121711743556e-07,2.0,11,6,,0.0,1.523370195569868e-08,6.09348064228854e-08,1142.6666666666667,0.32026907086467044,2024-12-30,,
sku,sku::2018957,2018957,교체형,intermittent,21380.0,tsb,"{'alpha': 0.1, 'beta': 0.2}",0.003637125620795392,0.012913170557080864,2.0,11,6,-0.5847631037275748,0.0,0.0002619892245110271,0.0010475451398469504,3563.3333333333335,1.0,2025-10-27,,
sku,sku::1008909,1008909,교체형,lumpy,21120.0,tsb,"{'alpha': 0.1, 'beta': 0.2}",1.3007004630575036e-05,7.546415720660706e-05,2.0,11,6,,0.0,2.338213927898653e-06,9.352822908259562e-06,5280.0,1.0,2025-06-16,,
sku,sku::2019839,2019839,교체형,lumpy,21081.0,sba,{'alpha': 0.3},0.22538766247515765,0.9430906426538018,1.8823408246084228,11,6,-0.39046523168804975,0.0,0.0640133650736472,0.23249963666888418,5270.25,1.0,2026-04-20,,
sku,sku::2019702,2019702,교체형,intermittent,21000.0,sba,{'alpha': 0.05},0.047759658319721454,0.20004038871071517,2.0,11,6,-0.9217944862672532,0.0,0.02215125141920974,0.0857041737969857,4200.0,1.0,2026-03-30,,
sku,sku::1006683,1006683,교체형,intermittent,20784.0,tsb,"{'alpha': 0.1, 'beta': 0.2}",1.7265345178306759e-12,1.1698792006140544e-11,2.0,11,6,,0.0,4.552827697159295e-14,1.8207657603852567e-13,10392.0,1.0,2023-11-27,,
sku,sku::1008945,1008945,교체형,lumpy,20419.0,croston,{'alpha': 0.2},0.5231601697955008,1.76304509479222,1.9660530519090773,11,6,-0.4937413344973163,0.0,0.033555906981851166,0.1276175023501599,5104.75,1.0,2026-04-13,,
sku,sku::1008180,1008180,교체형,lumpy,20099.0,tsb,"{'alpha': 0.1, 'beta': 0.2}",2.7377768202184177e-06,2.2119953439596676e-05,2.0,11,6,,0.0,6.397686845906965e-07,2.5590722825263867e-06,10049.5,1.0,2025-05-05,,
sku,sku::1006439,1006439,교체형,intermittent,20000.0,tsb,"{'alpha': 0.1, 'beta': 0.2}",4.4051209508851776e-14,2.8415514151112414e-13,2.0,11,6,,0.0,1.1769809942004868e-15,4.884981308350689e-15,10000.0,1.0,2023-07-31,,
sku,sku::1009641,1009641,교체형,intermittent,20000.0,tsb,"{'alpha': 0.1, 'beta': 0.2}",0.030530297228398874,0.2037642195176359,2.0,11,6,-0.5093605318778157,0.0,0.0008075016058444968,0.0032260961760465223,10000.0,1.0,2025-12-15,,
sku,sku::2018361,2018361,교체형,lumpy,19889.0,tsb,"{'alpha': 0.2, 'beta': 0.05}",0.5410786928568615,2.118619466480792,0.7793686663414404,11,6,0.4334025828234204,0.0,0.18763187164855544,0.5644765883643885,2325.0,0.9351903061994067,2026-05-25,,
sku,sku::2018065,2018065,교체형,lumpy,19816.0,tsb,"{'alpha': 0.1, 'beta': 0.2}",1.0352239712167928e-07,5.434488289158128e-07,2.0,11,6,,0.0,1.1611343558484881e-08,4.644537343612143e-08,4954.0,1.0,2024-12-23,,
sku,sku::2019402,2019402,교체형,intermittent,19381.0,sba,{'alpha': 0.05},0.05059086497955363,0.25432627489949206,2.0,11,6,-0.9391471945344312,0.0,0.02147677688649386,0.08317900794050692,6460.333333333333,1.0,2026-03-30,,
sku,sku::1009650,1009650,교체형,lumpy,19371.0,croston,{'alpha': 0.1},0.420910659096118,2.734048460081898,1.825464141420549,11,6,0.04930710219136232,0.0,0.0635307360314217,0.23091540650334663,6457.0,1.0,2026-04-27,,
sku,sku::2017238,2017238,교체형,lumpy,18964.0,tsb,"{'alpha': 0.1, 'beta': 0.2}",1.8146024054507073e-08,6.446927730965912e-08,2.0,11,6,,0.0,1.3396364161816507e-09,5.35854560723692e-09,362.1666666666667,0.2291710609576039,2024-09-23,,
sku,sku::2018394,2018394,교체형,intermittent,18518.0,tsb,"{'alpha': 0.1, 'beta': 0.2}",7.322386510718078e-07,4.314204342165315e-06,2.0,11,6,,0.0,2.1161922990988744e-08,8.46476893023862e-08,9259.0,1.0,2025-01-20,,
sku,sku::2018605,2018605,교체형,intermittent,18166.0,tsb,"{'alpha': 0.1, 'beta': 0.2}",0.014218436418803361,0.08782470593357194,2.0,11,6,-0.5104095248945049,0.0,0.0007629192348358481,0.0030481864406669557,9083.0,1.0,2025-12-08,,
sku,sku::2017689,2017689,교체형,lumpy,18107.0,sba,{'alpha': 0.3},0.05234349230415998,0.1112694773645521,1.2326285195686275,11,6,-0.16991541511153677,0.0,0.11228206710752837,0.3789880278148239,653.7857142857143,0.5054951123874745,2026-05-11,,
sku,sku::1007709,1007709,교체형,lumpy,18035.0,tsb,"{'alpha': 0.1, 'beta': 0.2}",7.958437815001215e-09,6.215723627619303e-08,2.0,11,6,,0.0,1.4882403603325164e-09,5.952961235067278e-09,6011.666666666667,1.0,2024-10-28,,
sku,sku::1008606,1008606,교체형,lumpy,17845.0,tsb,"{'alpha': 0.1, 'beta': 0.2}",1.1478267489076014e-06,6.504996503797455e-06,2.0,11,6,,0.0,1.9406132542930755e-07,7.76245075884141e-07,2974.1666666666665,1.0,2025-03-17,,
sku,sku::1008899,1008899,교체형,lumpy,17797.0,tsb,"{'alpha': 0.1, 'beta': 0.2}",0.000542062056926732,0.002728974956861758,2.0,11,6,-0.5847631037275749,0.0,6.538261571901346e-05,0.00026150481467523967,4449.25,1.0,2025-09-29,,
sku,sku::1007932,1007932,교체형,intermittent,17762.0,tsb,"{'alpha': 0.1, 'beta': 0.2}",1.0341359012169995e-12,4.965393416130907e-12,2.0,11,6,,0.0,5.3012129824134544e-14,2.1183055309847987e-13,5920.666666666667,1.0,2023-12-11,,
sku,sku::1008605,1008605,교체형,lumpy,17677.0,tsb,"{'alpha': 0.1, 'beta': 0.2}",7.068233174408044e-08,4.776686330109149e-07,2.0,11,6,,0.0,1.3674343098217056e-08,5.469737129892849e-08,4419.25,1.0,2025-01-06,,
sku,sku::2020251,2020251,교체형,intermittent,17468.0,sba,{'alpha': 0.05},0.047152843871387635,0.28883829461129307,2.0,11,6,-0.9519943543361921,0.0,0.021683468811370503,0.08395339717552674,8734.0,1.0,2026-03-23,,
sku,sku::2017778,2017778,교체형,lumpy,17292.0,tsb,"{'alpha': 0.1, 'beta': 0.2}",0.0031290846583488722,0.014617713412843273,2.0,11,6,-0.5847631037275749,0.0,0.0002267577135247199,0.0009067223863712393,2882.0,1.0,2025-10-27,,
sku,sku::2019283,2019283,교체형,lumpy,16982.0,sba,{'alpha': 0.05},0.019065335841592642,0.07711763010447074,2.0,11,6,-0.9479181824505141,0.0,0.0242465251498295,0.09351540863380081,1621.0,0.9545401012837121,2026-03-30,,
sku,sku::2018798,2018798,교체형,lumpy,16821.0,tsb,"{'alpha': 0.1, 'beta': 0.2}",0.0010149339632304262,0.0075335438661080075,2.0,11,6,-0.5847631037275748,0.0,2.66056223740392e-05,0.00010641824241652831,8410.5,1.0,2025-09-01,,
sku,sku::1007817,1007817,교체형,lumpy,16700.0,tsb,"{'alpha': 0.1, 'beta': 0.2}",1.4749734914824079e-05,7.954337281319657e-05,2.0,11,6,,0.0,3.606271712626347e-06,1.4425008819318741e-05,1670.0,1.0,2025-06-30,,
sku,sku::1009976,1009976,교체형,intermittent,16674.0,croston,{'alpha': 0.1},0.21763628152487646,1.180827396200235,1.936645670274971,10,6,,0.0,0.21099511627776002,0.6124580095366907,8337.0,1.0,2026-06-08,,
sku,sku::2019312,2019312,교체형,lumpy,16674.0,croston,{'alpha': 0.1},0.0644870748161287,0.22228699440819613,1.3233777406790244,11,6,0.014322892218872564,0.0,0.004400462012260567,0.01748600412189294,1220.0,0.3658390308264364,2026-01-19,,
sku,sku::2019979,2019979,교체형,lumpy,16631.0,sba,{'alpha': 0.2},0.07714890203978791,0.2073817386411985,0.3857273472483072,11,6,-0.8687257574675181,0.0,0.07581090718636589,0.2704696656520761,884.625,0.4255306355600986,2026-04-13,,
sku,sku::2018968,2018968,교체형,intermittent,16521.0,tsb,"{'alpha': 0.1, 'beta': 0.2}",6.542233128692333e-06,4.10993654967022e-05,2.0,11,6,,0.0,1.7696405213087207e-07,7.078560204654138e-07,8260.5,1.0,2025-03-17,,
sku,sku::2018980,2018980,교체형,intermittent,16467.0,sba,{'alpha': 0.05},0.04232910595647341,0.2786334704285986,2.0,11,6,-0.984827493485533,0.0,0.017179890246458347,0.0669688645840405,8233.5,1.0,2026-03-23,,
sku,sku::2018702,2018702,교체형,intermittent,16427.0,sba,{'alpha': 0.3},0.06060772535228709,0.3677499711448551,2.0,11,6,0.08250538075706305,0.0,0.02147484075435643,0.08317175173313895,5475.666666666667,1.0,2026-03-30,,
sku,sku::2017898,2017898,교체형,intermittent,16280.0,tsb,"{'alpha': 0.1, 'beta': 0.2}",4.174949599406351e-05,0.00025128636908438743,2.0,11,6,,0.0,1.169201323114876e-06,4.6767970901528955e-06,8140.0,1.0,2025-05-26,,
sku,sku::2018372,2018372,교체형,lumpy,16146.0,sba,{'alpha': 0.05},0.10235706964437602,0.2533287870229744,2.0,11,6,0.18774910320096305,0.0,0.03137296778374497,0.11970884073481247,297.48275862068965,0.5343119038771212,2026-03-23,,
sku,sku::2017633,2017633,교체형,lumpy,16125.0,tsb,"{'alpha': 0.1, 'beta': 0.2}",1.3853589733522088e-06,4.404456283202182e-06,2.0,11,6,,0.0,4.64071365464188e-07,1.8562841695990429e-06,332.6521739130435,0.4744806201550388,2025-03-10,,
sku,sku::2017911,2017911,교체형,lumpy,15678.0,tsb,"{'alpha': 0.1, 'beta': 0.2}",0.00011413981555568722,0.0008968569474781882,2.0,11,6,,0.0,3.3334002551826626e-06,1.3333534351400722e-05,5226.0,1.0,2025-06-23,,
sku,sku::2018800,2018800,교체형,erratic,15614.0,tsb,"{'alpha': 0.1, 'beta': 0.2}",1.461803400746169e-05,4.94627668116164e-05,2.0,11,6,,0.0,8.963844444194316e-07,3.5855329567624494e-06,99.06666666666666,0.09517100038427052,2025-03-31,,
sku,sku::1007640,1007640,교체형,intermittent,15603.0,tsb,"{'alpha': 0.1, 'beta': 0.2}",3.8455902161855316e-12,1.7279095374579242e-11,2.0,11,6,,0.0,3.53019948631344e-13,1.4122036873231991e-12,3900.75,1.0,2024-01-29,,
sku,sku::1005519,1005519,교체형,lumpy,15302.0,sba,{'alpha': 0.05},0.03763033924395761,0.25118355540118115,2.0,11,6,0.013379909880853113,0.0,0.014597996173923291,0.0571257737487606,5100.666666666667,1.0,2026-03-09,,
sku,sku::1007634,1007634,교체형,lumpy,15274.0,tsb,"{'alpha': 0.1, 'beta': 0.2}",0.010638500473346206,0.05618895176895184,2.0,11,6,-0.5847631037275748,0.0,0.0007668507968866328,0.0030638766301502862,3818.5,1.0,2025-12-15,,
sku,sku::1008776,1008776,교체형,intermittent,15223.0,tsb,"{'alpha': 0.1, 'beta': 0.2}",0.018660650826125405,0.08743798328381629,2.0,11,6,-0.5847631037275748,0.0,0.000755578716833126,0.00301889119725951,5074.333333333333,1.0,2025-12-15,,
sku,sku::1008071,1008071,교체형,intermittent,15008.0,sba,{'alpha': 0.3},0.05611425178083886,0.3948194734737965,2.0,11,6,0.010659389162673954,0.0,0.014597995979656404,0.057125773005229474,7504.0,1.0,2026-03-09,,
sku,sku::1007944,1007944,교체형,lumpy,14963.0,sba,{'alpha': 0.05},0.1064948054162491,0.5203941094204676,2.0,11,6,0.4573115370412182,0.0,0.05044247600466919,0.18701016161131478,1662.5555555555557,1.0,2026-04-06,,
sku,sku::2017683,2017683,교체형,lumpy,14957.0,tsb,"{'alpha': 0.1, 'beta': 0.2}",2.0738323472422807e-08,6.550882374119418e-08,2.0,11,6,,0.0,0.0,0.0,0.0,0.0,,,
sku,sku::2018366,2018366,교체형,lumpy,14671.0,croston,{'alpha': 0.2},0.7929509163521792,2.093839269677899,1.0862435743163257,11,6,0.8959217652273022,0.0,0.10524822211596416,0.3590704722937468,650.0,0.17722036670983574,2026-05-11,,
sku,sku::2019701,2019701,교체형,intermittent,14596.0,tsb,"{'alpha': 0.2, 'beta': 0.05}",0.6338551295421243,2.25034977158251,1.727364656011299,10,6,,0.0,0.18400988206827557,0.5566572641063141,1824.5,1.0,2026-06-01,,
sku,sku::2018976,2018976,교체형,intermittent,14418.0,tsb,"{'alpha': 0.1, 'beta': 0.2}",2.8933745950478383e-06,1.689010612479346e-05,2.0,11,6,,0.0,8.533998011124415e-08,3.413598765877879e-07,7209.0,1.0,2025-02-24,,
sku,sku::2019401,2019401,교체형,intermittent,14398.0,tsb,"{'alpha': 0.1, 'beta': 0.2}",7.539224332029405e-05,0.0003783754553561511,2.0,11,6,,0.0,5.508525725622552e-06,2.203392084021427e-05,4799.333333333333,1.0,2025-06-30,,
sku,sku::2019823,2019823,교체형,lumpy,14264.0,sba,{'alpha': 0.05},0.029872924243451084,0.12437475191884967,1.9099960148025563,11,6,-0.9559295856603658,0.0,0.02671065203126665,0.1026375733228847,189.3,0.1327117218171621,2026-03-23,,
sku,sku::2019621,2019621,교체형,lumpy,14254.0,sba,{'alpha': 0.05},0.049844990065080884,0.30513713423665473,2.0,11,6,-0.018181959212354437,0.0,0.01101638392569256,0.04334270451046862,7117.0,0.9985968850848884,2026-03-09,,
sku,sku::2018397,2018397,교체형,intermittent,14164.0,tsb,"{'alpha': 0.1, 'beta': 0.2}",1.9325992214759905e-06,1.1060359391578733e-05,2.0,11,6,,0.0,6.487037727609112e-08,2.594814839662618e-07,7082.0,1.0,2025-02-24,,
sku,sku::2019754,2019754,교체형,intermittent,13920.0,sba,{'alpha': 0.3},0.27398522188541,1.2994049193260568,1.6764976898371227,11,6,-0.8490045826091523,0.0,0.1149353105251369,0.38637922060315777,3480.0,1.0,2026-05-11,,
sku,sku::2014224,2014224,교체형,lumpy,13866.0,tsb,"{'alpha': 0.1, 'beta': 0.2}",4.106098929412936e-08,2.5352806636981585e-07,2.0,11,6,,0.0,4.417150381478785e-09,1.7668601581810606e-08,4622.0,1.0,2024-12-02,,
sku,sku::1008556,1008556,교체형,lumpy,13630.0,tsb,"{'alpha': 0.1, 'beta': 0.2}",3.011038301921108e-09,1.4035379008078123e-08,2.0,11,6,,0.0,1.9451442580986886e-10,7.780576183336052e-10,2726.0,1.0,2024-08-26,,
sku,sku::1009227,1009227,교체형,lumpy,13606.0,sba,{'alpha': 0.05},0.041387840387129095,0.2639868512673385,2.0,11,6,0.013652508966809439,0.0,0.008799679038530772,0.034736829640705125,3401.5,1.0,2026-03-02,,
sku,sku::2017514,2017514,교체형,lumpy,13578.0,tsb,"{'alpha': 0.1, 'beta': 0.2}",1.570712211674087e-05,4.961946096523065e-05,2.0,11,6,,0.0,3.601034938102236e-06,1.440406194797017e-05,863.8333333333334,0.7634408602150538,2025-06-30,,
sku,sku::1008772,1008772,교체형,lumpy,13426.0,sba,{'alpha': 0.3},0.0669616984362935,0.35560011757176097,0.9565719750609611,11,6,-0.010429702773350187,0.0,0.09790266935686384,0.3377627724649228,2237.6666666666665,1.0,2026-05-11,,
sku,sku::1008886,1008886,교체형,lumpy,13402.0,sba,{'alpha': 0.3},0.10212302533745239,0.627182796862107,2.0,11,6,0.01362567803404881,0.0,0.01549871943883788,0.060568450037345456,3350.5,1.0,2026-03-09,,
sku,sku::2016098,2016098,교체형,lumpy,13388.0,tsb,"{'alpha': 0.1, 'beta': 0.2}",1.834105091741556e-05,0.00010027255976326535,2.0,11,6,,0.0,2.9187731003779416e-06,1.1675041285963417e-05,3347.0,1.0,2025-06-23,,
sku,sku::2018156,2018156,교체형,lumpy,13216.0,tsb,"{'alpha': 0.1, 'beta': 0.2}",1.1005773757193656e-05,4.7748444072705566e-05,2.0,11,6,,0.0,4.4171176697628414e-09,1.76684705754937e-08,30.0,0.0022699757869249393,2024-12-02,,
sku,sku::1008519,1008519,교체형,lumpy,13164.0,tsb,"{'alpha': 0.1, 'beta': 0.2}",1.277178775978178e-07,1.0167248154412951e-06,2.0,11,6,,0.0,2.6328074742457607e-08,1.0531229477361848e-07,6582.0,1.0,2025-01-27,,
sku,sku::2015736,2015736,교체형,lumpy,13073.0,tsb,"{'alpha': 0.1, 'beta': 0.2}",0.001008322466465102,0.008141019999010884,2.0,11,6,-0.5847631037275749,0.0,2.658455993638282e-05,0.00010633399938786425,6536.5,1.0,2025-09-01,,
sku,sku::2016791,2016791,교체형,lumpy,13043.0,tsb,"{'alpha': 0.1, 'beta': 0.2}",1.8691401021878967e-05,0.00014734506853073318,2.0,11,6,,0.0,3.568129911712035e-06,1.4272443257912215e-05,6521.5,1.0,2025-06-30,,
sku,sku::2019276,2019276,교체형,lumpy,13006.0,sba,{'alpha': 0.05},0.009361871911470712,0.03955686554916527,1.2684321588354839,11,6,-0.20140818222907944,0.0,0.2857233485115661,0.7397050059087045,930.8461538461538,0.9304167307396586,2026-06-08,,
sku,sku::1009146,1009146,교체형,lumpy,13000.0,tsb,"{'alpha': 0.1, 'beta': 0.2}",5.423558288777988e-07,4.066000216532523e-06,2.0,11,6,,0.0,1.4221042713404377e-08,5.688416948590458e-08,6500.0,1.0,2025-01-06,,
sku,sku::1008643,1008643,교체형,lumpy,12977.0,sba,{'alpha': 0.3},0.05123203912219974,0.20448096896542065,2.0,11,6,0.013652508966809411,0.0,0.008796131877380778,0.03472301220209195,1441.888888888889,1.0,2026-03-02,,
sku,sku::2018045,2018045,교체형,lumpy,12750.0,tsb,"{'alpha': 0.1, 'beta': 0.2}",1.815491610643919e-08,7.905643860593933e-08,2.0,11,6,,0.0,5.092590992071584e-11,2.0370372055822372e-10,3.0,0.00023529411764705883,2024-07-15,,
sku,sku::2018707,2018707,교체형,lumpy,12619.0,sba,{'alpha': 0.05},0.06227631924015185,0.1906207924758763,1.9129298156846735,11,6,5.0,0.0,4.41794191369241e-05,0.00017670596596619514,149.6875,0.18979316903082652,2025-09-01,,
sku,sku::1007473,1007473,교체형,lumpy,12536.0,tsb,"{'alpha': 0.1, 'beta': 0.2}",8.322657238076917e-07,6.480010330726112e-06,2.0,11,6,,0.0,1.967523192708895e-07,7.870090450445844e-07,3134.0,1.0,2025-03-31,,
sku,sku::1008624,1008624,교체형,lumpy,12531.0,tsb,"{'alpha': 0.1, 'beta': 0.2}",0.07661570436287546,0.3010705544798521,1.9439138719760223,11,6,-0.20225506397767673,0.0,0.2036046898551961,0.5977326583884803,1392.3333333333333,1.0,2026-06-08,,
sku,sku::1008781,1008781,교체형,intermittent,12482.0,tsb,"{'alpha': 0.1, 'beta': 0.2}",5.4987557685974883e-08,3.76890142897741e-07,2.0,11,6,,0.0,1.4474029407847662e-09,5.789611901008129e-09,6241.0,1.0,2024-10-28,,
sku,sku::1008780,1008780,교체형,intermittent,12421.0,sba,{'alpha': 0.3},0.11199997112324872,0.5242875553548173,2.0,11,6,0.010830264014923156,0.0,0.01107090902423542,0.043553658540055884,3105.25,1.0,2026-03-09,,
sku,sku::1007788,1007788,교체형,lumpy,12419.0,tsb,"{'alpha': 0.1, 'beta': 0.2}",0.002363408210340688,0.014286280242237782,2.0,11,6,-0.5847631037275748,0.0,7.588657334870926e-05,0.0003035117425106426,3104.75,1.0,2025-09-29,,
sku,sku::1007175,1007175,교체형,lumpy,12412.0,tsb,"{'alpha': 0.1, 'beta': 0.2}",0.010623495223380974,0.06837591098507804,2.0,11,6,-0.5811122146244043,0.0,0.0018862127885040571,0.007523531192318855,2482.4,1.0,2026-01-12,,
sku,sku::2018342,2018342,교체형,lumpy,12293.0,sba,{'alpha': 0.05},0.045658048970119436,0.1050430817752659,0.9834386166334846,11,6,0.029508324456950726,0.0,0.015910624319744042,0.062139656366371865,76.63636363636364,0.13715122427397705,2026-02-23,,
sku,sku::1007605,1007605,교체형,lumpy,12271.0,tsb,"{'alpha': 0.1, 'beta': 0.2}",3.525333307268235e-08,2.8071493398042214e-07,2.0,11,6,,0.0,9.281285238717256e-10,3.7125142959837376e-09,6135.5,1.0,2024-10-14,,
sku,sku::2018201,2018201,교체형,lumpy,12218.0,sba,{'alpha': 0.3},0.050611534748773224,0.0864131109071038,0.8204859783673725,11,6,-0.4387158017274286,0.0,0.03199049149521411,0.1219515245681756,112.01694915254237,0.5409232280242265,2026-03-16,,
sku,sku::1009113,1009113,교체형,lumpy,12170.0,croston,{'alpha': 0.1},26.125765928390543,93.95130208333332,1.9985869718807405,10,6,,0.0,0.2000000001942669,0.5904000003978587,6085.0,1.0,2026-06-08,,
sku,sku::1007827,1007827,교체형,lumpy,11858.0,tsb,"{'alpha': 0.1, 'beta': 0.2}",2.2178212598777827e-07,9.370043270041089e-07,2.0,10,6,,0.0,3.734592183652579e-08,1.4938367887129544e-07,1482.25,1.0,2025-02-03,,
sku,sku::2017690,2017690,교체형,lumpy,11817.0,sba,{'alpha': 0.3},0.01469809166604727,0.03407271134934206,0.8920382793994234,10,6,,0.0,0.10428542989949532,0.35630734311537526,149.0,0.7943640517897944,2026-05-11,,
customer,customer::Patriot Memory Inc.,,교체형,lumpy,90116698.0,sba,{'alpha': 0.3},0.02419809828495861,0.03954579860092824,0.645093446052648,11,6,-0.3197003737422354,0.0,0.5032750340154897,0.9391214983760299,1072817.8333333333,1.0,2026-06-01,Patriot Memory Inc.,
customer,"customer::Hosin Global Electronics Co., Ltd",,교체형,lumpy,89504212.0,tsb,"{'alpha': 0.1, 'beta': 0.2}",0.023057862241929548,0.04568413208324685,2.0,11,6,-0.5847631037275748,0.0,0.008775725806682828,0.03464352050771258,1118802.65,1.0,2026-01-19,"Hosin Global Electronics Co., Ltd",
customer,customer::YHG SUPPLY CHAIN (HONG KONG),,교체형,lumpy,78940789.0,croston,{'alpha': 0.2},0.0951493160229659,0.19288014010181986,0.2185880508034992,11,6,2.9818113226582876,0.0,0.4469261957565208,0.9064309206793494,2923732.925925926,1.0,2026-06-01,YHG SUPPLY CHAIN (HONG KONG),
customer,"customer::World Pacific Industrial H.K., Ltd.",,교체형,lumpy,74593888.0,tsb,"{'alpha': 0.1, 'beta': 0.2}",5.13226970793766e-10,1.154142764387125e-09,2.0,11,6,,0.0,6.953917754192987e-11,2.7815660885721627e-10,2868995.6923076925,1.0,2024-07-01,"World Pacific Industrial H.K., Ltd.",
customer,customer::ALL-THE-WAY EXPRESS LIMITED,,교체형,lumpy,61836655.0,sba,{'alpha': 0.1},0.07354783829045304,0.10362299077603133,0.20986956618154795,11,6,-0.46102078851199113,0.0,0.5598158185325232,0.9624562433277607,981534.2063492064,1.0,2026-06-01,ALL-THE-WAY EXPRESS LIMITED,
customer,"customer::G.Skill International Ent. Co., Ltd",,교체형,lumpy,49551383.0,sba,{'alpha': 0.2},0.13847933169814927,0.2246346576868625,0.7331232988942437,11,6,-0.2564099526778747,0.0,0.4103204905280835,0.8790894636455138,750601.3484848485,0.9997640025506452,2026-05-25,"G.Skill International Ent. Co., Ltd",
customer,customer::TEC LOGISTICS COMPANY,,교체형,lumpy,41620256.0,sba,{'alpha': 0.1},0.1017232127651768,0.26940930729839274,0.932565498230208,11,6,0.02643717607524673,0.0,0.4862780453998229,0.9303513817193505,1342588.9032258065,1.0,2026-06-08,TEC LOGISTICS COMPANY,
customer,customer::PATRIOT MEMORY INC.,,교체형,lumpy,36113671.0,tsb,"{'alpha': 0.1, 'beta': 0.2}",0.16056157803765514,0.35333713558783136,1.8242975048252015,11,6,-0.3058089700695813,0.0,0.13918278096333053,0.45090968619808647,547079.8939393939,0.9998228371743211,2026-05-11,PATRIOT MEMORY INC.,
customer,customer::Eternal International (HK) Ltd.,,교체형,lumpy,34662794.0,sba,{'alpha': 0.3},0.05874749085946246,0.22261383575359864,1.3246940464110744,11,6,0.18571208341490356,0.0,0.16673235798472255,0.5178989588368104,1195268.7586206896,1.0,2026-04-27,Eternal International (HK) Ltd.,
customer,customer::REALTECH SEMICONDUCTOR TECHNOLOGY,,교체형,lumpy,29395002.0,tsb,"{'alpha': 0.1, 'beta': 0.2}",0.0006478984756415066,0.0014369042358144176,2.0,11,6,-0.5847631037275748,0.0,0.0001995553079445985,0.000797982329638125,864558.8823529412,1.0,2025-11-03,REALTECH SEMICONDUCTOR TECHNOLOGY,
customer,customer::GOLDKEY TECHNOLOGY CORPORATION,,교체형,lumpy,23798456.0,sba,{'alpha': 0.15},0.2061838038789933,0.38877312919208845,0.6012418979433343,11,6,0.5714579096089785,0.0,0.35517481843672805,0.8271107635102911,915234.5,0.9999008759223708,2026-06-08,GOLDKEY TECHNOLOGY CORPORATION,
customer,customer::MAX LOGISTICS LIMITED,,교체형,intermittent,22902429.0,tsb,"{'alpha': 0.2, 'beta': 0.05}",0.9968503387914651,7.429196441821433,1.6224105861672307,11,6,-0.9999995627022547,0.0,0.07390363648000002,0.2644288023273009,11451214.5,1.0,2026-04-27,MAX LOGISTICS LIMITED,
customer,customer::PNG HK LTD,,교체형,lumpy,21065963.0,tsb,"{'alpha': 0.1, 'beta': 0.2}",3.8087734155384665e-08,1.2216084416868388e-07,2.0,11,6,,0.0,1.0851393264223471e-08,4.3405572247579016e-08,877748.4583333334,1.0,2024-12-30,PNG HK LTD,
customer,"customer::XINRONGDA CO., Limited",,교체형,lumpy,18560397.0,tsb,"{'alpha': 0.1, 'beta': 0.2}",0.02540774294107007,0.08103127250970714,2.0,11,6,-0.5847631037275748,0.0,0.0050412143502912826,0.020012886169050614,441914.21428571426,1.0,2026-02-02,"XINRONGDA CO., Limited",
customer,customer::BANG TAI INTERNATIONAL LOGISTICS CO,,교체형,lumpy,17622725.0,sba,{'alpha': 0.05},0.09503765670738482,0.2551563655978603,0.749561458804771,11,6,-0.2706422345026797,0.0,0.8476843915561152,0.9994617579316888,476289.86486486485,1.0,2026-06-08,BANG TAI INTERNATIONAL LOGISTICS CO,
customer,customer::SF Supply Chain (Hong Kong) Limited,,교체형,lumpy,15956279.0,sba,{'alpha': 0.05},0.023409989886266813,0.06586340039090245,1.1520786956327211,11,6,0.872451014136888,0.0,0.1443671788968095,0.4640185724987289,797813.95,1.0,2026-04-27,SF Supply Chain (Hong Kong) Limited,
customer,customer::REALTECH SEMICONDUCTOR TECHNOLOGY L,,교체형,lumpy,14179579.0,sba,{'alpha': 0.05},0.00015816396275491714,0.00046812471947028526,0.005984284223489899,11,6,,0.0,0.19678242435145524,0.5837705436444087,675218.0476190476,1.0,2026-05-18,REALTECH SEMICONDUCTOR TECHNOLOGY L,
customer,"customer::SC GLOBAL TRANS (HK) CO., LIMITED",,교체형,intermittent,12729355.0,sba,{'alpha': 0.3},0.050495554163542226,0.13213083254798522,0.960587365409193,11,6,0.10783747946197576,0.0,0.08192557744967013,0.28958593253514786,909239.6428571428,1.0,2026-05-11,"SC GLOBAL TRANS (HK) CO., LIMITED",
customer,customer::Ringson Limited,,교체형,lumpy,12302298.0,sba,{'alpha': 0.3},0.06049340023450079,0.1278123997233514,1.6765104768588284,11,6,0.5811317688533074,0.0,0.17036907697630657,0.5262603607923853,315443.53846153844,1.0,2026-05-25,Ringson Limited,
customer,customer::EVERBOND ELECTRONICS LIMITED,,교체형,lumpy,11533061.0,tsb,"{'alpha': 0.1, 'beta': 0.1}",0.019214565099032882,0.04756685819673621,0.10657238853775064,11,6,-0.5463208197876017,0.0,0.1898337218126814,0.5691792129596853,274596.6904761905,1.0,2026-05-18,EVERBOND ELECTRONICS LIMITED,
customer,"customer::HONGKONG SHICHUANGYI CO., LIMITED",,교체형,lumpy,10511640.0,sba,{'alpha': 0.3},0.059929442211288785,0.14981775365133537,1.5132999262320947,11,6,0.019591346143288717,0.0,0.12281715167341319,0.40794708315082606,291990.0,1.0,2026-05-11,"HONGKONG SHICHUANGYI CO., LIMITED",
customer,customer::Skyrich View (HK) Limited,,교체형,intermittent,10391940.0,tsb,"{'alpha': 0.1, 'beta': 0.2}",2.7054396215474046e-11,7.00492524482413e-11,2.0,11,6,,0.0,2.628210075231661e-12,1.0512923864780532e-11,692745.3333333334,0.9999268663983818,2024-03-04,Skyrich View (HK) Limited,
customer,customer::RUNZHE INTERNATIONAL LIMITED,,교체형,intermittent,9211467.0,tsb,"{'alpha': 0.1, 'beta': 0.2}",0.012312105071107053,0.0691660898590987,2.0,11,6,-0.5847631037275748,0.0,0.0006282001005756067,0.0025104335815885337,2302866.75,1.0,2025-11-10,RUNZHE INTERNATIONAL LIMITED,
customer,customer::GoldKey Technology Corporation,,교체형,lumpy,6647976.0,sba,{'alpha': 0.05},0.027622758269376203,0.1182921921593157,2.0,11,6,-0.28813860277806896,0.0,0.017830350448368854,0.06943644693649309,737954.0,0.9990388051942426,2026-03-16,GoldKey Technology Corporation,
customer,customer::Leadmax Technology International,,교체형,lumpy,5461346.0,tsb,"{'alpha': 0.1, 'beta': 0.2}",2.8635449876886957e-08,1.3819610533246775e-07,2.0,11,6,,0.0,6.168284661230448e-09,2.467313842124952e-08,546134.6,1.0,2024-12-02,Leadmax Technology International,
customer,customer::Eudar Technology Inc.,,교체형,lumpy,5233317.0,tsb,"{'alpha': 0.1, 'beta': 0.2}",0.0006437698977680489,0.0015861003505793687,2.0,11,6,-0.5847631037275748,0.0,0.00010662169132881006,0.00042641856105307685,186904.17857142858,1.0,2025-09-29,Eudar Technology Inc.,
channel,channel::TAIUN,,지속형,erratic,697063424.0,ma,{'window': 26},0.24210505131490828,0.3208850751958526,0.4771069842479701,11,6,0.7654663304263308,0.0,0.9943705004654027,0.9999999989956637,4526385.87012987,1.0,2026-06-08,,TAIUN
channel,channel::TAIUN_AIR,,교체형,lumpy,138644780.0,sba,{'alpha': 0.2},0.08053800487537845,0.09940030928704056,0.32047778215539924,11,6,-0.4546264922191273,0.0,0.7099176689802119,0.9929191546940072,1205606.7826086956,1.0,2026-06-08,,TAIUN_AIR
channel,channel::CUSTOMER_PICK_UP,,지속형,erratic,8654568.0,ma,{'window': 4},0.04053021521626972,0.05471744046493748,0.9062927757556537,11,6,-0.549422007652561,0.0,0.33186890984954637,0.800727795642318,72121.4,1.0,2026-05-25,,CUSTOMER_PICK_UP
channel,channel::DHL,,지속형,erratic,1486001.0,ma,{'window': 4},0.13369114003761431,0.18386082871132603,0.21371803162752046,11,6,-0.3169852352336728,0.0,0.0,0.0,0.0,0.0,,,DHL
channel,channel::FEDEX,,지속형,erratic,1418560.0,holt,{'damped': True},0.9017447504298852,1.3022034737440404,0.8661333135209338,11,6,-0.013791167214316244,0.0,0.0,0.0,0.0,0.0,,,FEDEX
channel,channel::UPS,,교체형,lumpy,48160.0,tsb,"{'alpha': 0.1, 'beta': 0.2}",4.5722259039947196e-08,2.583719424154991e-07,2.0,11,6,,0.0,0.0,0.0,0.0,0.0,,,UPS
sku_customer,sku_customer::1008094|YHG SUPPLY CHAIN (HONG KONG),1008094,교체형,lumpy,55872565.0,sba,{'alpha': 0.05},0.021973140057461968,0.074337671823711,2.0,11,6,0.11799237596089274,0.0,0.03775429060761949,0.1426780697666601,3990897.5,1.0,2026-03-30,YHG SUPPLY CHAIN (HONG KONG),
sku_customer,sku_customer::1005732|Patriot Memory Inc.,1005732,교체형,lumpy,22518450.0,tsb,"{'alpha': 0.1, 'beta': 0.2}",8.006759232572817e-07,3.231382467143014e-06,2.0,11,6,,0.0,3.9130679252667296e-08,1.5652270779487054e-07,2814806.25,1.0,2025-01-13,Patriot Memory Inc.,
sku_customer,sku_customer::1008094|ALL-THE-WAY EXPRESS LIMITED,1008094,교체형,lumpy,21800893.0,sba,{'alpha': 0.05},0.07564869091490703,0.14239141312798165,0.6624271505454423,11,6,-0.012148807148095965,0.0,0.15149486389774106,0.4816562074479914,838495.8846153846,1.0,2026-05-11,ALL-THE-WAY EXPRESS LIMITED,
sku_customer,sku_customer::1009218|Eternal International (HK) Ltd.,1009218,교체형,lumpy,19335863.0,tsb,"{'alpha': 0.1, 'beta': 0.2}",0.0005080967534079072,0.00299433194135745,2.0,11,6,-0.5847631037275749,0.0,7.223976200513202e-05,0.00028892773802902116,3867172.6,1.0,2025-09-29,Eternal International (HK) Ltd.,
sku_customer,"sku_customer::1008094|World Pacific Industrial H.K., Ltd.",1008094,교체형,lumpy,19188674.0,tsb,"{'alpha': 0.1, 'beta': 0.2}",2.6232973050011717e-10,7.882631639697666e-10,2.0,11,6,,0.0,3.5788032370619774e-11,1.4315215679516768e-10,1476051.8461538462,1.0,2024-06-03,"World Pacific Industrial H.K., Ltd.",
sku_customer,sku_customer::1008095|PATRIOT MEMORY INC.,1008095,교체형,lumpy,18813520.0,sba,{'alpha': 0.05},0.05689424931854738,0.17858745799042072,2.0,11,6,-0.5770980936702964,0.0,0.020884819252794336,0.0809584705111841,855160.0,1.0,2026-03-16,PATRIOT MEMORY INC.,
sku_customer,sku_customer::1007754|ALL-THE-WAY EXPRESS LIMITED,1007754,교체형,intermittent,17711618.0,tsb,"{'alpha': 0.1, 'beta': 0.2}",0.0016740927243177406,0.0035801838166315543,2.0,11,6,-0.5847631037275748,0.0,0.00017904237181970022,0.0007159771732098141,843410.380952381,1.0,2025-10-20,ALL-THE-WAY EXPRESS LIMITED,
sku_customer,"sku_customer::1009185|Hosin Global Electronics Co., Ltd",1009185,교체형,lumpy,16727952.0,tsb,"{'alpha': 0.1, 'beta': 0.2}",0.011199006405847154,0.04617006139236734,2.0,11,6,-0.25733817179698104,0.0,0.0013809712560311168,0.005512453065327105,2090994.0,1.0,2025-12-29,"Hosin Global Electronics Co., Ltd",
sku_customer,"sku_customer::1008094|Hosin Global Electronics Co., Ltd",1008094,교체형,intermittent,15155176.0,tsb,"{'alpha': 0.1, 'beta': 0.2}",0.0025632199210357262,0.006646783380578283,2.0,11,6,-0.5847631037275749,0.0,0.00021179362685152473,0.0008469054061631676,1262931.3333333333,1.0,2025-11-03,"Hosin Global Electronics Co., Ltd",
sku_customer,sku_customer::1009110|TEC LOGISTICS COMPANY,1009110,교체형,lumpy,15104945.0,sba,{'alpha': 0.3},0.061293496263768184,0.26570067627049737,2.0,11,6,0.013652508966809479,0.0,0.003603773907663104,0.014337359555253615,1888118.125,1.0,2026-02-02,TEC LOGISTICS COMPANY,
sku_customer,"sku_customer::1007754|World Pacific Industrial H.K., Ltd.",1007754,교체형,intermittent,11684557.0,tsb,"{'alpha': 0.1, 'beta': 0.2}",4.763505236655388e-10,1.2794182412192369e-09,2.0,11,6,,0.0,3.574523951307521e-11,1.4298073836016556e-10,834611.2142857143,1.0,2024-06-03,"World Pacific Industrial H.K., Ltd.",
sku_customer,sku_customer::2019863|MAX LOGISTICS LIMITED,2019863,교체형,intermittent,11597699.0,tsb,"{'alpha': 0.2, 'beta': 0.05}",0.9740238026532199,7.2808765139276135,1.6155806855544814,11,6,-0.9999991643022528,0.0,0.07390363648000002,0.2644288023273009,5798849.5,1.0,2026-04-27,MAX LOGISTICS LIMITED,
sku_customer,sku_customer::2019229|MAX LOGISTICS LIMITED,2019229,교체형,intermittent,11304730.0,tsb,"{'alpha': 0.2, 'beta': 0.05}",1.0208795053585356,7.584536262931633,1.6293010160211765,11,6,-0.9999990836299874,0.0,0.07390363648000002,0.2644288023273009,5652365.0,1.0,2026-04-27,MAX LOGISTICS LIMITED,
sku_customer,sku_customer::1008053|BANG TAI INTERNATIONAL LOGISTICS CO,1008053,교체형,lumpy,11264935.0,sba,{'alpha': 0.05},0.04240907154617045,0.1769312811701833,0.8764459817055101,11,6,0.6168386674246586,0.0,0.1606510029570118,0.5036702549331562,625829.7222222222,1.0,2026-05-11,BANG TAI INTERNATIONAL LOGISTICS CO,
sku_customer,"sku_customer::1008095|G.Skill International Ent. Co., Ltd",1008095,교체형,lumpy,10203986.0,tsb,"{'alpha': 0.1, 'beta': 0.2}",0.05537205472718052,0.14705837410452777,2.0,11,6,-0.28484246020872483,0.0,0.005779225856821398,0.022917277694632476,600234.4705882353,1.0,2026-02-02,"G.Skill International Ent. Co., Ltd",
sku_customer,sku_customer::1009437|REALTECH SEMICONDUCTOR TECHNOLOGY L,1009437,교체형,intermittent,9818016.0,sba,{'alpha': 0.05},0.029333631161157808,0.13526615362612035,2.0,11,6,0.01365250896680959,0.0,0.0036958659166066,0.014701708864216845,2454504.0,1.0,2026-01-19,REALTECH SEMICONDUCTOR TECHNOLOGY L,
sku_customer,"sku_customer::1007754|Hosin Global Electronics Co., Ltd",1007754,교체형,intermittent,9652310.0,tsb,"{'alpha': 0.1, 'beta': 0.2}",0.0001233736563081835,0.00047108560073485785,2.0,11,6,,0.0,1.17109006352439e-05,4.684277967614836e-05,1378901.4285714286,1.0,2025-08-04,"Hosin Global Electronics Co., Ltd",
sku_customer,sku_customer::1008551|Patriot Memory Inc.,1008551,교체형,lumpy,8828571.0,tsb,"{'alpha': 0.1, 'beta': 0.2}",0.007033166823099526,0.033578385396939824,1.0812660798503113,11,6,-0.6032837697541411,0.0,0.10324930147161875,0.35332377479549226,490476.1666666667,1.0,2026-05-18,Patriot Memory Inc.,
sku_customer,sku_customer::1007754|YHG SUPPLY CHAIN (HONG KONG),1007754,교체형,intermittent,8328063.0,sba,{'alpha': 0.05},0.05397209794108017,0.16191756672113386,2.0,11,6,0.013652508966809376,0.0,0.006291584879684263,0.024929829895448896,832806.3,1.0,2026-02-09,YHG SUPPLY CHAIN (HONG KONG),
sku_customer,sku_customer::1006352|Patriot Memory Inc.,1006352,교체형,intermittent,8212479.0,tsb,"{'alpha': 0.1, 'beta': 0.2}",2.363452634182721e-08,1.2975795823207752e-07,2.0,11,6,,0.0,7.171184504536147e-10,2.86847390285061e-09,2737493.0,1.0,2024-09-23,Patriot Memory Inc.,
sku_customer,"sku_customer::1007490|Hosin Global Electronics Co., Ltd",1007490,교체형,lumpy,8202507.0,tsb,"{'alpha': 0.1, 'beta': 0.2}",4.578549379149037e-11,3.655945281480438e-10,2.0,11,6,,0.0,1.0681112160598746e-11,4.2724490612044974e-11,2734169.0,1.0,2024-05-27,"Hosin Global Electronics Co., Ltd",
sku_customer,sku_customer::1009437|TEC LOGISTICS COMPANY,1009437,교체형,lumpy,8181764.0,sba,{'alpha': 0.05},0.02205910961855341,0.1173212322438648,2.0,11,6,0.013652508966809524,0.0,0.008231638780955279,0.0325222223696251,1363627.3333333333,1.0,2026-02-09,TEC LOGISTICS COMPANY,
sku_customer,"sku_customer::1007570|World Pacific Industrial H.K., Ltd.",1007570,교체형,lumpy,7432336.0,tsb,"{'alpha': 0.1, 'beta': 0.2}",2.615762943281436e-10,8.702285656503737e-10,2.0,11,6,,0.0,2.48772832618996e-11,9.950928969715278e-11,619361.3333333334,1.0,2024-06-03,"World Pacific Industrial H.K., Ltd.",
sku_customer,"sku_customer::1007583|G.Skill International Ent. Co., Ltd",1007583,교체형,lumpy,7338377.0,tsb,"{'alpha': 0.1, 'beta': 0.2}",0.015779890855748227,0.059025101873690915,2.0,11,6,-0.5847631037275749,0.0,0.003416843057428982,0.013597482758602397,407687.6111111111,1.0,2026-01-26,"G.Skill International Ent. Co., Ltd",
sku_customer,sku_customer::1009592|YHG SUPPLY CHAIN (HONG KONG),1009592,교체형,intermittent,7303135.0,tsb,"{'alpha': 0.1, 'beta': 0.2}",1.0888605792379864,4.379204397474134,0.450361268764447,11,6,-0.3684944174211464,0.0,0.387879598686208,0.8596063654787983,1217189.1666666667,1.0,2026-06-01,YHG SUPPLY CHAIN (HONG KONG),
sku_customer,sku_customer::1008094|REALTECH SEMICONDUCTOR TECHNOLOGY,1008094,교체형,intermittent,7206792.0,tsb,"{'alpha': 0.1, 'beta': 0.2}",9.75338069858511e-09,2.865121637401327e-08,2.0,11,6,,0.0,8.701087930947825e-10,3.4804350512729343e-09,655162.9090909091,1.0,2024-09-30,REALTECH SEMICONDUCTOR TECHNOLOGY,
sku_customer,sku_customer::1008053|GOLDKEY TECHNOLOGY CORPORATION,1008053,교체형,lumpy,6365045.0,croston,{'alpha': 0.1},0.046422147350867006,0.07770445169944397,0.1868959281867543,11,6,-0.24215837042937655,0.0,0.15497642008944837,0.4901113891306811,303097.38095238095,1.0,2026-05-18,GOLDKEY TECHNOLOGY CORPORATION,
sku_customer,sku_customer::1009493|TEC LOGISTICS COMPANY,1009493,교체형,intermittent,6306057.0,sba,{'alpha': 0.05},0.06336985244175371,0.3458006719413009,2.0,11,6,0.013652508966809682,0.0,0.0038016983970203776,0.015120295697413244,2102019.0,1.0,2026-02-02,TEC LOGISTICS COMPANY,
sku_customer,sku_customer::2012591|PATRIOT MEMORY INC.,2012591,교체형,lumpy,6225282.0,tsb,"{'alpha': 0.1, 'beta': 0.2}",4.7336568759244205e-09,2.5911767815228477e-08,2.0,11,6,,0.0,7.993697263436178e-10,3.1974787262356585e-09,565934.7272727273,1.0,2024-09-30,PATRIOT MEMORY INC.,
sku_customer,sku_customer::1007570|PNG HK LTD,1007570,교체형,lumpy,6222389.0,tsb,"{'alpha': 0.1, 'beta': 0.2}",4.60792820089253e-12,2.0631592207837597e-11,2.0,11,6,,0.0,3.745683545805263e-13,1.4983569940341113e-12,888912.7142857143,1.0,2024-01-29,PNG HK LTD,
sku_customer,sku_customer::2012591|Patriot Memory Inc.,2012591,교체형,lumpy,6152192.0,tsb,"{'alpha': 0.1, 'beta': 0.2}",3.2533626339583222e-09,1.7918178115346974e-08,2.0,11,6,,0.0,4.743526927654746e-10,1.897410673024069e-09,878884.5714285715,1.0,2024-09-23,Patriot Memory Inc.,
sku_customer,sku_customer::1007754|PNG HK LTD,1007754,교체형,lumpy,6128362.0,tsb,"{'alpha': 0.1, 'beta': 0.2}",9.321757243607396e-11,2.858706513229269e-10,2.0,11,6,,0.0,1.8596644419321318e-11,7.438671900672489e-11,437740.14285714284,1.0,2024-05-20,PNG HK LTD,
sku_customer,"sku_customer::1007754|HONGKONG SHICHUANGYI CO., LIMITED",1007754,교체형,intermittent,6104386.0,tsb,"{'alpha': 0.1, 'beta': 0.2}",0.00018608265111609817,0.00046203062005997124,2.0,11,6,,0.0,1.758912156570766e-05,7.035463002136311e-05,436027.5714285714,1.0,2025-07-14,"HONGKONG SHICHUANGYI CO., LIMITED",
sku_customer,sku_customer::1009185|ALL-THE-WAY EXPRESS LIMITED,1009185,교체형,intermittent,6096026.0,tsb,"{'alpha': 0.1, 'beta': 0.2}",0.00011829765350838972,0.00044150068660193877,2.0,11,6,,0.0,1.7241775978194955e-05,6.896532026012814e-05,870860.8571428572,1.0,2025-08-04,ALL-THE-WAY EXPRESS LIMITED,
sku_customer,sku_customer::1008094|RUNZHE INTERNATIONAL LIMITED,1008094,교체형,intermittent,6000646.0,tsb,"{'alpha': 0.1, 'beta': 0.2}",0.0059720021041799794,0.033487684073643234,2.0,11,6,-0.5847631037275749,0.0,0.00038061209271853094,0.0015215793980128955,2000215.3333333333,1.0,2025-11-03,RUNZHE INTERNATIONAL LIMITED,
sku_customer,"sku_customer::1008279|Hosin Global Electronics Co., Ltd",1008279,교체형,lumpy,5551915.0,tsb,"{'alpha': 0.1, 'beta': 0.2}",0.008245346129027357,0.019546056841255512,2.0,11,6,-0.5847631037275748,0.0,0.0012649856982946414,0.005050349754580741,277595.75,1.0,2025-12-22,"Hosin Global Electronics Co., Ltd",
sku_customer,sku_customer::1007754|Patriot Memory Inc.,1007754,교체형,lumpy,5524057.0,tsb,"{'alpha': 0.1, 'beta': 0.2}",0.0030005545081865067,0.008428546980165263,2.0,11,6,-0.5847631037275748,0.0,0.00031338584622650376,0.0012529542438761698,324944.5294117647,1.0,2025-11-03,Patriot Memory Inc.,
sku_customer,"sku_customer::1004987|World Pacific Industrial H.K., Ltd.",1004987,교체형,intermittent,5236412.0,tsb,"{'alpha': 0.1, 'beta': 0.2}",9.946128252674316e-14,5.752517288278347e-13,2.0,11,6,,0.0,3.0211890438089587e-15,1.199040866595169e-14,2618206.0,1.0,2023-09-04,"World Pacific Industrial H.K., Ltd.",
sku_customer,"sku_customer::1002653|SC GLOBAL TRANS (HK) CO., LIMITED",1002653,교체형,intermittent,5216541.0,tsb,"{'alpha': 0.1, 'beta': 0.2}",1.6424114169855836e-11,4.463689362794227e-11,2.0,11,6,,0.0,1.2182071874686775e-12,4.872990899684737e-12,579615.6666666666,1.0,2024-03-04,"SC GLOBAL TRANS (HK) CO., LIMITED",
sku_customer,"sku_customer::1002663|SC GLOBAL TRANS (HK) CO., LIMITED",1002663,교체형,intermittent,5102844.0,tsb,"{'alpha': 0.1, 'beta': 0.2}",1.493627749668668e-11,4.274361131066642e-11,2.0,11,6,,0.0,1.2182071874686775e-12,4.872990899684737e-12,566982.6666666666,1.0,2024-03-04,"SC GLOBAL TRANS (HK) CO., LIMITED",
sku_customer,"sku_customer::2017143|G.Skill International Ent. Co., Ltd",2017143,교체형,lumpy,4789201.0,tsb,"{'alpha': 0.1, 'beta': 0.2}",4.6391116938511467e-10,1.9761442785009413e-09,2.0,11,6,,0.0,2.775856068218303e-11,1.110342928711816e-10,532133.4444444445,1.0,2024-06-17,"G.Skill International Ent. Co., Ltd",
sku_customer,"sku_customer::2012591|G.Skill International Ent. Co., Ltd",2012591,교체형,lumpy,4671992.0,tsb,"{'alpha': 0.1, 'beta': 0.2}",2.889926041545051e-06,7.331784083788787e-06,2.0,11,6,,0.0,3.0232981393033206e-07,1.2093187073958234e-06,291999.5,1.0,2025-04-07,"G.Skill International Ent. Co., Ltd",
sku_customer,sku_customer::1007754|Ringson Limited,1007754,교체형,lumpy,4509385.0,tsb,"{'alpha': 0.1, 'beta': 0.2}",0.0001902535392808597,0.0005255071675484237,2.0,11,6,,0.0,2.165514701198806e-05,8.66177744163199e-05,281836.5625,1.0,2025-08-25,Ringson Limited,
sku_customer,sku_customer::1007754|REALTECH SEMICONDUCTOR TECHNOLOGY,1007754,교체형,intermittent,4426866.0,tsb,"{'alpha': 0.1, 'beta': 0.2}",6.066077114895781e-06,1.9552117818417866e-05,2.0,11,6,,0.0,5.994164269119185e-07,2.397663551922946e-06,491874.0,1.0,2025-05-05,REALTECH SEMICONDUCTOR TECHNOLOGY,
sku_customer,"sku_customer::1008759|Hosin Global Electronics Co., Ltd",1008759,교체형,lumpy,4423672.0,tsb,"{'alpha': 0.1, 'beta': 0.2}",6.756923206557256e-06,3.2930196766502524e-05,2.0,11,6,,0.0,9.423836937706407e-07,3.769529446473463e-06,552959.0,1.0,2025-04-21,"Hosin Global Electronics Co., Ltd",
sku_customer,sku_customer::1008094|Patriot Memory Inc.,1008094,교체형,lumpy,4301098.0,tsb,"{'alpha': 0.1, 'beta': 0.2}",0.0005488500242533053,0.0016726369252074438,2.0,11,6,-0.5847631037275747,0.0,7.701549530409245e-05,0.00030802639472471416,268818.625,1.0,2025-09-22,Patriot Memory Inc.,
sku_customer,sku_customer::1007583|GOLDKEY TECHNOLOGY CORPORATION,1007583,교체형,intermittent,4296415.0,tsb,"{'alpha': 0.1, 'beta': 0.2}",0.002004914131480737,0.005123502074272362,2.0,11,6,-0.5847631037275748,0.0,0.0002424449714521729,0.0009694272654234837,306886.78571428574,1.0,2025-11-03,GOLDKEY TECHNOLOGY CORPORATION,
sku_customer,sku_customer::1008053|Patriot Memory Inc.,1008053,교체형,lumpy,4292345.0,sba,{'alpha': 0.05},0.1587802496830641,0.35615589690173305,1.1764079581292235,11,6,-0.5972940639074181,0.0,0.31973413726810423,0.7858516608439254,165090.1923076923,1.0,2026-06-01,Patriot Memory Inc.,
sku_customer,sku_customer::1007570|ALL-THE-WAY EXPRESS LIMITED,1007570,교체형,intermittent,4138688.0,tsb,"{'alpha': 0.1, 'beta': 0.2}",4.2103572231465114e-08,1.6239356469053246e-07,2.0,11,6,,0.0,1.8092546887882027e-09,7.237018539996143e-09,827737.6,1.0,2024-11-04,ALL-THE-WAY EXPRESS LIMITED,
sku_customer,sku_customer::1008094|SF Supply Chain (Hong Kong) Limited,1008094,교체형,intermittent,4126787.0,tsb,"{'alpha': 0.1, 'beta': 0.2}",0.00012091367426625337,0.0005381501698916596,2.0,11,6,,0.0,8.715131825433157e-06,3.486007158326476e-05,1031696.75,1.0,2025-07-28,SF Supply Chain (Hong Kong) Limited,
sku_customer,sku_customer::1009218|EVERBOND ELECTRONICS LIMITED,1009218,교체형,lumpy,4005175.0,tsb,"{'alpha': 0.1, 'beta': 0.2}",2.118225566791159e-05,0.0001049130412032166,2.0,11,6,,0.0,3.306313910068515e-06,1.3225190050314417e-05,1001293.75,1.0,2025-06-23,EVERBOND ELECTRONICS LIMITED,
sku_customer,"sku_customer::2012591|World Pacific Industrial H.K., Ltd.",2012591,교체형,intermittent,3845636.0,tsb,"{'alpha': 0.1, 'beta': 0.2}",5.409201634745372e-10,1.3131329657860318e-09,2.0,11,6,,0.0,5.4924746779689184e-11,2.1969892571860328e-10,256375.73333333334,1.0,2024-07-01,"World Pacific Industrial H.K., Ltd.",
sku_customer,"sku_customer::1009218|Hosin Global Electronics Co., Ltd",1009218,교체형,lumpy,3524712.0,tsb,"{'alpha': 0.1, 'beta': 0.2}",9.301959833694423e-06,5.35722182868048e-05,2.0,11,6,,0.0,1.6219628748530461e-06,6.48783571499667e-06,1174904.0,1.0,2025-06-02,"Hosin Global Electronics Co., Ltd",
sku_customer,"sku_customer::1009229|XINRONGDA CO., Limited",1009229,교체형,intermittent,3505788.0,tsb,"{'alpha': 0.1, 'beta': 0.2}",3.3012713826864992e-06,1.7494294452726272e-05,2.0,11,6,,0.0,2.5833690393850103e-07,1.0333472154622214e-06,1168596.0,1.0,2025-03-24,"XINRONGDA CO., Limited",
sku_customer,"sku_customer::1007506|World Pacific Industrial H.K., Ltd.",1007506,교체형,lumpy,3374309.0,tsb,"{'alpha': 0.1, 'beta': 0.2}",3.1106095240945656e-10,1.6798414995236508e-09,2.0,11,6,,0.0,2.738321384397744e-11,1.0953282725267854e-10,562384.8333333334,1.0,2024-06-03,"World Pacific Industrial H.K., Ltd.",
sku_customer,"sku_customer::1009226|Hosin Global Electronics Co., Ltd",1009226,교체형,intermittent,3361107.0,tsb,"{'alpha': 0.1, 'beta': 0.2}",4.624409110547613e-06,2.5264798894685646e-05,2.0,11,6,,0.0,2.4226752349591103e-07,9.690697417852334e-07,1120369.0,1.0,2025-03-24,"Hosin Global Electronics Co., Ltd",
sku_customer,"sku_customer::1009226|XINRONGDA CO., Limited",1009226,교체형,intermittent,3359796.0,tsb,"{'alpha': 0.1, 'beta': 0.2}",4.936936401509037e-06,2.698837910070681e-05,2.0,11,6,,0.0,2.5833690393850103e-07,1.0333472154622214e-06,1119932.0,1.0,2025-03-24,"XINRONGDA CO., Limited",
sku_customer,"sku_customer::1009229|Hosin Global Electronics Co., Ltd",1009229,교체형,intermittent,3262593.0,tsb,"{'alpha': 0.1, 'beta': 0.2}",7.003886244590027e-05,0.00038219369461204563,2.0,11,6,,0.0,2.0973340372426452e-06,8.389309756107188e-06,1087531.0,1.0,2025-06-02,"Hosin Global Electronics Co., Ltd",
sku_customer,sku_customer::1009592|ALL-THE-WAY EXPRESS LIMITED,1009592,교체형,intermittent,3250010.0,tsb,"{'alpha': 0.1, 'beta': 0.2}",0.8673941227287861,3.0823373748971705,0.6363776469698875,11,6,-0.22891862261481527,0.0,0.23382837428689734,0.6554087405443306,464287.14285714284,1.0,2026-05-18,ALL-THE-WAY EXPRESS LIMITED,
sku_customer,sku_customer::1008094|Ringson Limited,1008094,교체형,lumpy,3231774.0,tsb,"{'alpha': 0.1, 'beta': 0.2}",0.0012926918004509541,0.0034794591211228334,2.0,11,6,-0.5847631037275748,0.0,0.00016257923541710718,0.0006501583668100386,190104.35294117648,1.0,2025-10-13,Ringson Limited,
sku_customer,"sku_customer::1007125|World Pacific Industrial H.K., Ltd.",1007125,교체형,lumpy,3230051.0,tsb,"{'alpha': 0.1, 'beta': 0.2}",2.9875708653022e-10,1.0128774980521515e-09,2.0,11,6,,0.0,3.574133661499671e-11,1.429651952378208e-10,323005.1,1.0,2024-06-03,"World Pacific Industrial H.K., Ltd.",
sku_customer,sku_customer::1007583|Patriot Memory Inc.,1007583,교체형,intermittent,3130297.0,tsb,"{'alpha': 0.1, 'beta': 0.2}",0.007351167483117297,0.015284979841407288,2.0,11,6,-0.5847631037275748,0.0,0.0007800295700113577,0.0031164695013184973,164752.47368421053,1.0,2025-12-01,Patriot Memory Inc.,
sku_customer,"sku_customer::1007754|XINRONGDA CO., Limited",1007754,교체형,intermittent,3033127.0,sba,{'alpha': 0.05},0.023870794051277944,0.13297482512691694,2.0,11,6,0.013652508966809614,0.0,0.0037093217874963657,0.014754936699179044,1011042.3333333334,1.0,2026-02-02,"XINRONGDA CO., Limited",
sku_customer,"sku_customer::1009218|XINRONGDA CO., Limited",1009218,교체형,intermittent,3007665.0,tsb,"{'alpha': 0.1, 'beta': 0.2}",4.924706613503776e-06,2.969988435717082e-05,2.0,11,6,,0.0,2.3727444560431686e-07,9.490974447468048e-07,1503832.5,1.0,2025-03-24,"XINRONGDA CO., Limited",
sku_customer,"sku_customer::1007368|World Pacific Industrial H.K., Ltd.",1007368,교체형,lumpy,2958241.0,tsb,"{'alpha': 0.1, 'beta': 0.2}",3.530880938320113e-10,1.3216729437828652e-09,2.0,11,6,,0.0,2.147079006321831e-11,8.588330047132331e-11,328693.44444444444,1.0,2024-06-03,"World Pacific Industrial H.K., Ltd.",
sku_customer,sku_customer::2012591|GOLDKEY TECHNOLOGY CORPORATION,2012591,교체형,lumpy,2928170.0,tsb,"{'alpha': 0.1, 'beta': 0.2}",1.9847985824607446e-06,1.0780985745408134e-05,2.0,11,6,,0.0,2.8459517219143316e-07,1.1383802028808176e-06,488028.3333333333,1.0,2025-04-07,GOLDKEY TECHNOLOGY CORPORATION,
sku_customer,sku_customer::1008279|REALTECH SEMICONDUCTOR TECHNOLOGY,1008279,교체형,intermittent,2926333.0,tsb,"{'alpha': 0.1, 'beta': 0.2}",2.083596483145527e-06,5.291695100114232e-06,2.0,11,6,,0.0,2.544913970092653e-07,1.0179651992459071e-06,209023.7857142857,1.0,2025-03-31,REALTECH SEMICONDUCTOR TECHNOLOGY,
sku_customer,sku_customer::1007506|Patriot Memory Inc.,1007506,교체형,lumpy,2865819.0,sba,{'alpha': 0.3},0.08533571379603234,0.2804729892613626,1.5675286435740363,11,6,-0.09678849314150602,0.0,0.2027028816789259,0.5959075114261738,238818.25,1.0,2026-06-01,Patriot Memory Inc.,
sku_customer,sku_customer::1006925|Patriot Memory Inc.,1006925,교체형,intermittent,2823219.0,tsb,"{'alpha': 0.1, 'beta': 0.2}",1.140887670464655e-07,6.530384025465349e-07,2.0,11,6,,0.0,3.7765277504652375e-09,1.5106110917706417e-08,1411609.5,1.0,2024-11-25,Patriot Memory Inc.,
sku_customer,sku_customer::1007125|REALTECH SEMICONDUCTOR TECHNOLOGY,1007125,교체형,lumpy,2816628.0,tsb,"{'alpha': 0.1, 'beta': 0.2}",4.4357049162285825e-08,1.823055971407928e-07,2.0,11,6,,0.0,6.762342482747654e-09,2.7049369633047604e-08,281662.8,1.0,2024-12-02,REALTECH SEMICONDUCTOR TECHNOLOGY,
sku_customer,sku_customer::1007506|Leadmax Technology International,1007506,교체형,lumpy,2801194.0,tsb,"{'alpha': 0.1, 'beta': 0.2}",3.1421629450697555e-10,2.2867168178554007e-09,2.0,11,6,,0.0,3.6092190035711396e-11,1.4436896123015686e-10,1400597.0,1.0,2024-07-01,Leadmax Technology International,
sku_customer,sku_customer::1007506|REALTECH SEMICONDUCTOR TECHNOLOGY,1007506,교체형,lumpy,2571567.0,tsb,"{'alpha': 0.1, 'beta': 0.2}",3.0076901637695095e-09,1.5355728593551043e-08,2.0,11,6,,0.0,2.6380194277335934e-10,1.0552079210413012e-09,428594.5,1.0,2024-09-02,REALTECH SEMICONDUCTOR TECHNOLOGY,
sku_customer,sku_customer::1008551|SHEN MING GLOBAL CO LIMITED,1008551,교체형,intermittent,2548610.0,tsb,"{'alpha': 0.1, 'beta': 0.2}",1.5924904403548523,10.764878042998697,1.3228889560068122,11,6,-0.999987750172919,0.0,0.08335256453119999,0.29399250598502125,849536.6666666666,1.0,2026-04-27,SHEN MING GLOBAL CO LIMITED,
sku_customer,sku_customer::1008094|PNG HK LTD,1008094,교체형,lumpy,2508005.0,tsb,"{'alpha': 0.1, 'beta': 0.2}",6.380835291126583e-08,3.048149056790368e-07,2.0,11,6,,0.0,1.0848481818703785e-08,4.339392645213991e-08,209000.41666666666,1.0,2024-12-30,PNG HK LTD,
sku_customer,"sku_customer::1008279|World Pacific Industrial H.K., Ltd.",1008279,교체형,intermittent,2419715.0,tsb,"{'alpha': 0.1, 'beta': 0.2}",3.295976885891344e-10,1.1660858760615405e-09,2.0,11,6,,0.0,2.1468571927463027e-11,8.587441868712631e-11,302464.375,1.0,2024-06-03,"World Pacific Industrial H.K., Ltd.",
sku_customer,sku_customer::1007754|SF Supply Chain (Hong Kong) Limited,1007754,교체형,intermittent,2401167.0,tsb,"{'alpha': 0.1, 'beta': 0.2}",0.0003043761600029913,0.001795630186648154,2.0,11,6,,0.0,8.775506114953163e-06,3.5101562405603914e-05,1200583.5,1.0,2025-07-28,SF Supply Chain (Hong Kong) Limited,
sku_customer,sku_customer::1009222|Eternal International (HK) Ltd.,1009222,교체형,lumpy,2386627.0,tsb,"{'alpha': 0.1, 'beta': 0.2}",2.747597677844568e-05,0.00022097316419756905,2.0,11,6,,0.0,7.241041430654838e-07,2.896413426434208e-06,1193313.5,1.0,2025-04-28,Eternal International (HK) Ltd.,
sku_customer,sku_customer::1008095|GOLDKEY TECHNOLOGY CORPORATION,1008095,교체형,intermittent,2375358.0,tsb,"{'alpha': 0.1, 'beta': 0.2}",0.0001487651098946129,0.0005205399142737244,2.0,11,6,,0.0,1.1219963445312505e-05,4.487909846151439e-05,339336.85714285716,1.0,2025-08-04,GOLDKEY TECHNOLOGY CORPORATION,
sku_customer,sku_customer::1007754|REALTECH SEMICONDUCTOR TECHNOLOGY L,1007754,교체형,lumpy,2305554.0,tsb,"{'alpha': 0.1, 'beta': 0.2}",0.00013458635184358843,0.0008151902370062716,2.0,11,6,,0.0,9.197469581341666e-06,3.678937076800892e-05,768518.0,1.0,2025-07-07,REALTECH SEMICONDUCTOR TECHNOLOGY L,
sku_customer,sku_customer::1007126|Patriot Memory Inc.,1007126,교체형,lumpy,2273868.0,tsb,"{'alpha': 0.1, 'beta': 0.1}",0.0003227705400479895,0.0011818165895749304,1.8390287236285283,11,6,,0.0,0.1600000035385141,0.5021286483891657,378978.0,1.0,2026-06-01,Patriot Memory Inc.,
sku_customer,sku_customer::1009303|TEC LOGISTICS COMPANY,1009303,교체형,lumpy,2243631.0,tsb,"{'alpha': 0.2, 'beta': 0.05}",2.2147091908378638,8.834191215044825,1.2710742349607136,11,6,0.11754649594572134,0.0,0.14994967624198707,0.4778701187097044,373938.5,1.0,2026-05-11,TEC LOGISTICS COMPANY,
sku_customer,"sku_customer::1008053|G.Skill International Ent. Co., Ltd",1008053,교체형,lumpy,2152788.0,croston,{'alpha': 0.2},0.1576450426470056,0.43115169552214944,0.7915371296051438,11,6,0.04706840470512134,0.0,0.11956708463855237,0.3991236901172277,107639.4,1.0,2026-05-11,"G.Skill International Ent. Co., Ltd",
sku_customer,sku_customer::1008279|ALL-THE-WAY EXPRESS LIMITED,1008279,교체형,intermittent,2119904.0,tsb,"{'alpha': 0.1, 'beta': 0.2}",0.011069321292296094,0.025176891068943497,2.0,11,6,-0.5847631037275749,0.0,0.001056777630679088,0.004220414568453235,124700.23529411765,1.0,2025-12-22,ALL-THE-WAY EXPRESS LIMITED,
sku_customer,sku_customer::1007368|PNG HK LTD,1007368,교체형,lumpy,2109751.0,tsb,"{'alpha': 0.1, 'beta': 0.2}",2.258148228073106e-10,9.430003624387422e-10,2.0,11,6,,0.0,5.345456703781084e-11,2.1381829640176875e-10,175812.58333333334,1.0,2024-07-01,PNG HK LTD,
sku_customer,"sku_customer::1009131|G.Skill International Ent. Co., Ltd",1009131,교체형,intermittent,2039017.0,sba,{'alpha': 0.3},1.2830565825617057,2.628497040389448,1.8133211964507288,11,6,5.0,0.0,0.13732403754367845,0.44615174947165026,145644.07142857142,1.0,2026-05-25,"G.Skill International Ent. Co., Ltd",
sku_customer,sku_customer::1007641|GoldKey Technology Corporation,1007641,교체형,lumpy,1951228.0,tsb,"{'alpha': 0.1, 'beta': 0.2}",2.0586796613271417e-08,1.2418028849576008e-07,2.0,11,6,,0.0,1.9220659723148465e-09,7.68826380337373e-09,650409.3333333334,1.0,2024-11-04,GoldKey Technology Corporation,
sku_customer,"sku_customer::1007641|G.Skill International Ent. Co., Ltd",1007641,교체형,lumpy,1916707.0,tsb,"{'alpha': 0.1, 'beta': 0.2}",3.3872935810566183e-06,1.180061522470792e-05,2.0,11,6,,0.0,2.654864337834374e-07,1.0619453124638412e-06,174246.0909090909,1.0,2025-04-07,"G.Skill International Ent. Co., Ltd",
sku_customer,"sku_customer::1008053|Hosin Global Electronics Co., Ltd",1008053,교체형,lumpy,1913684.0,tsb,"{'alpha': 0.1, 'beta': 0.2}",0.02471376647104037,0.07714010396128815,2.0,11,6,-0.5847631037275748,0.0,0.0029530049708971764,0.011759801381025947,119605.25,1.0,2026-01-19,"Hosin Global Electronics Co., Ltd",
sku_customer,sku_customer::1008095|Skyrich View (HK) Limited,1008095,교체형,lumpy,1899971.0,tsb,"{'alpha': 0.1, 'beta': 0.2}",3.903326347917805e-11,1.9704662584000314e-10,2.0,11,6,,0.0,1.4259174282616073e-12,5.703881811314204e-12,379994.2,1.0,2024-02-26,Skyrich View (HK) Limited,
sku_customer,sku_customer::1009130|TEC LOGISTICS COMPANY,1009130,교체형,lumpy,1857020.0,tsb,"{'alpha': 0.1, 'beta': 0.2}",0.0015174342985431232,0.0071106895248022155,2.0,11,6,-0.5847631037275749,0.0,0.0001981899523582002,0.0007925241650270642,309503.3333333333,1.0,2025-11-03,TEC LOGISTICS COMPANY,
sku_customer,sku_customer::1007126|BANG TAI INTERNATIONAL LOGISTICS CO,1007126,교체형,smooth,1819575.0,sba,{'alpha': 0.05},0.05397907351132925,0.42498982718613637,2.0,11,6,-0.092903584610458,0.0,0.01979120929996801,0.07684554021463108,909787.5,1.0,2026-03-09,BANG TAI INTERNATIONAL LOGISTICS CO,
sku_customer,sku_customer::1007368|ALL-THE-WAY EXPRESS LIMITED,1007368,교체형,lumpy,1788086.0,tsb,"{'alpha': 0.1, 'beta': 0.2}",5.995431244384195e-10,2.2254239098521777e-09,2.0,11,6,,0.0,5.331537140243571e-11,2.1326140853261677e-10,198676.22222222222,1.0,2024-07-01,ALL-THE-WAY EXPRESS LIMITED,
sku_customer,sku_customer::1009129|TEC LOGISTICS COMPANY,1009129,교체형,lumpy,1772913.0,tsb,"{'alpha': 0.1, 'beta': 0.2}",0.0013545458269057329,0.006407071825252796,2.0,11,6,-0.5847631037275749,0.0,0.00019902227191205814,0.0007958514599912814,295485.5,1.0,2025-11-03,TEC LOGISTICS COMPANY,
sku_customer,sku_customer::1009229|Eternal International (HK) Ltd.,1009229,교체형,intermittent,1750686.0,tsb,"{'alpha': 0.1, 'beta': 0.2}",5.414887811541593e-05,0.00031302535479359514,2.0,11,6,,0.0,1.6481061663914712e-06,6.592408368200076e-06,875343.0,1.0,2025-05-26,Eternal International (HK) Ltd.,
sku_customer,sku_customer::2015843|EVERBOND ELECTRONICS LIMITED,2015843,교체형,lumpy,1724562.0,tsb,"{'alpha': 0.2, 'beta': 0.05}",0.08397335498421321,0.3566466429190696,0.20399281929860283,11,6,-0.27271956997145425,0.0,0.16503297514924992,0.5139540850950857,191618.0,1.0,2026-05-18,EVERBOND ELECTRONICS LIMITED,
sku_customer,sku_customer::2012591|REALTECH SEMICONDUCTOR TECHNOLOGY,2012591,교체형,lumpy,1707635.0,tsb,"{'alpha': 0.1, 'beta': 0.2}",9.66651431410743e-09,5.7235659652198625e-08,2.0,11,6,,0.0,3.0990171896695563e-10,1.2396070836473427e-09,426908.75,1.0,2024-09-02,REALTECH SEMICONDUCTOR TECHNOLOGY,
sku_customer,sku_customer::2018626|SF Supply Chain (Hong Kong) Limited,2018626,교체형,intermittent,1704614.0,sba,{'alpha': 0.05},0.05343381887287866,0.20066617533587375,2.0,11,6,0.01050297196078517,0.0,0.019030850045941648,0.0739777993529841,284102.3333333333,1.0,2026-03-09,SF Supply Chain (Hong Kong) Limited,
sku_customer,"sku_customer::1007506|Hosin Global Electronics Co., Ltd",1007506,교체형,lumpy,1701308.0,tsb,"{'alpha': 0.1, 'beta': 0.2}",5.1549055839296136e-11,3.8024818974716026e-10,2.0,11,6,,0.0,9.023116954239462e-12,3.609246235214414e-11,425327.0,1.0,2024-04-29,"Hosin Global Electronics Co., Ltd",
sku_customer,"sku_customer::1008053|World Pacific Industrial H.K., Ltd.",1008053,교체형,lumpy,1691133.0,tsb,"{'alpha': 0.1, 'beta': 0.2}",2.480862116896447e-10,7.253518250413949e-10,2.0,11,6,,0.0,3.3004916458841425e-11,1.3201972848264631e-10,130087.15384615384,1.0,2024-06-03,"World Pacific Industrial H.K., Ltd.",
sku_customer,sku_customer::2018626|Eternal International (HK) Ltd.,2018626,교체형,intermittent,1564230.0,tsb,"{'alpha': 0.2, 'beta': 0.05}",0.39252112376337545,1.488844390307371,1.4577385859833303,11,6,0.057487402700086856,0.0,0.05770377983939803,0.2115942261865219,223461.42857142858,1.0,2026-04-27,Eternal International (HK) Ltd.,
sku_customer,"sku_customer::1007368|Hosin Global Electronics Co., Ltd",1007368,교체형,intermittent,1505721.0,tsb,"{'alpha': 0.1, 'beta': 0.2}",2.131811915707031e-09,7.503322220837953e-09,2.0,11,6,,0.0,1.1269479009258369e-10,4.5077896970724396e-10,215103.0,1.0,2024-07-29,"Hosin Global Electronics Co., Ltd",
sku_customer,"sku_customer::2016351|World Pacific Industrial H.K., Ltd.",2016351,교체형,intermittent,1501837.0,tsb,"{'alpha': 0.1, 'beta': 0.2}",5.533270252750618e-10,1.4909803823874794e-09,2.0,11,6,,0.0,5.433771179560783e-11,2.17351026066126e-10,115525.92307692308,1.0,2024-07-01,"World Pacific Industrial H.K., Ltd.",
sku_customer,"sku_customer::1008094|HONGKONG SHICHUANGYI CO., LIMITED",1008094,교체형,intermittent,1474299.0,tsb,"{'alpha': 0.1, 'beta': 0.2}",0.00024328852019660425,0.001478657923371627,2.0,11,6,,0.0,6.743745348041413e-06,2.697470852475181e-05,737149.5,1.0,2025-07-07,"HONGKONG SHICHUANGYI CO., LIMITED",
sku_customer,sku_customer::1008279|PNG HK LTD,1008279,교체형,lumpy,1447838.0,tsb,"{'alpha': 0.1, 'beta': 0.2}",2.0461241286761925e-10,7.595838311598866e-10,2.0,11,6,,0.0,5.376840160778167e-11,2.1507373659801488e-10,103417.0,1.0,2024-07-01,PNG HK LTD,
sku_customer,"sku_customer::1008537|G.Skill International Ent. Co., Ltd",1008537,교체형,intermittent,1444462.0,tsb,"{'alpha': 0.1, 'beta': 0.2}",2.7905725422091982e-06,6.788217801365512e-06,2.0,11,6,,0.0,2.6592614750438144e-07,1.063704165860102e-06,103175.85714285714,1.0,2025-04-07,"G.Skill International Ent. Co., Ltd",
sku_customer,sku_customer::1007583|GoldKey Technology Corporation,1007583,교체형,lumpy,1429848.0,tsb,"{'alpha': 0.1, 'beta': 0.2}",0.0039581660813011585,0.019642591340555425,2.0,11,6,-0.5847631037275749,0.0,0.0004835724728525061,0.0019328872896550164,285969.6,1.0,2025-12-01,GoldKey Technology Corporation,
sku_customer,"sku_customer::2017143|World Pacific Industrial H.K., Ltd.",2017143,교체형,intermittent,1411756.0,tsb,"{'alpha': 0.1, 'beta': 0.2}",2.0753416436550646e-10,7.233372396851794e-10,2.0,11,6,,0.0,1.3371849919515233e-11,5.348743670197109e-11,201679.42857142858,1.0,2024-06-03,"World Pacific Industrial H.K., Ltd.",
sku_customer,sku_customer::1008759|ALL-THE-WAY EXPRESS LIMITED,1008759,교체형,intermittent,1395152.0,tsb,"{'alpha': 0.1, 'beta': 0.2}",2.605838360903663e-06,1.3252045505715252e-05,2.0,11,6,,0.0,1.6708702014902903e-07,6.683479129021563e-07,232525.33333333334,1.0,2025-02-17,ALL-THE-WAY EXPRESS LIMITED,
sku_customer,sku_customer::1006395|China Electronics Shenzhen Company,1006395,교체형,intermittent,1335578.0,tsb,"{'alpha': 0.1, 'beta': 0.2}",5.683544099821452e-08,3.276922733390085e-07,2.0,11,6,,0.0,1.7507763981046915e-09,7.003105650937869e-09,667789.0,1.0,2024-10-21,China Electronics Shenzhen Company,
sku_customer,"sku_customer::2018626|CY STORAGE TECHNOLOGY(HK) CO.,LIMIT",2018626,교체형,intermittent,1319361.0,tsb,"{'alpha': 0.2, 'beta': 0.05}",0.49657609447903694,2.5935092278711687,0.7320248257070886,11,6,-0.13140237591134027,0.0,0.22702679597965644,0.6430085987560945,329840.25,1.0,2026-06-01,"CY STORAGE TECHNOLOGY(HK) CO.,LIMIT",
sku_customer,sku_customer::2017143|Patriot Memory Inc.,2017143,교체형,intermittent,1297469.0,tsb,"{'alpha': 0.1, 'beta': 0.2}",2.8340444880863223e-10,1.0950874754374365e-09,2.0,11,6,,0.0,1.670525939962826e-11,6.682121522771922e-11,216244.83333333334,1.0,2024-06-10,Patriot Memory Inc.,
sku_customer,sku_customer::1007641|PATRIOT MEMORY INC.,1007641,교체형,lumpy,1288181.0,tsb,"{'alpha': 0.1, 'beta': 0.2}",1.6601262258466659e-09,6.349097282656597e-09,2.0,11,6,,0.0,2.0617533225660435e-10,8.24701196222577e-10,161022.625,1.0,2024-08-12,PATRIOT MEMORY INC.,
sku_customer,sku_customer::1007641|GOLDKEY TECHNOLOGY CORPORATION,1007641,교체형,intermittent,1272328.0,tsb,"{'alpha': 0.1, 'beta': 0.2}",3.533176240074743e-06,1.355587266525873e-05,2.0,11,6,,0.0,2.6246674143865997e-07,1.0498665524716344e-06,254465.6,1.0,2025-04-07,GOLDKEY TECHNOLOGY CORPORATION,
sku_customer,sku_customer::1008279|YHG SUPPLY CHAIN (HONG KONG),1008279,교체형,intermittent,1116590.0,tsb,"{'alpha': 0.1, 'beta': 0.2}",0.0023923466161193336,0.01155598595135342,2.0,11,6,-0.5847631037275748,0.0,0.00013767515822263386,0.0005505869166331223,372196.6666666667,1.0,2025-10-20,YHG SUPPLY CHAIN (HONG KONG),
sku_customer,sku_customer::1007368|Patriot Memory Inc.,1007368,교체형,lumpy,1106757.0,tsb,"{'alpha': 0.1, 'beta': 0.2}",1.0345134818775135e-07,7.654765282531262e-07,2.0,11,6,,0.0,2.108380211048252e-08,8.43352059298752e-08,221351.4,1.0,2025-01-20,Patriot Memory Inc.,
sku_customer,sku_customer::1005732|Ringson Limited,1005732,교체형,lumpy,1102273.0,tsb,"{'alpha': 0.1, 'beta': 0.2}",0.0008070126949815918,0.006527193926488227,2.0,11,6,-0.5847631037275749,0.0,2.128112790589957e-05,8.512179434372324e-05,551136.5,1.0,2025-08-25,Ringson Limited,
sku_customer,sku_customer::1009592|EACHAIN HONGKONG LIMITED,1009592,교체형,lumpy,1100899.0,sba,{'alpha': 0.3},0.052131264566077376,0.43049609258480287,2.0,11,6,0.01184973133267228,0.0,0.024216743601766406,0.09340473416074146,550449.5,1.0,2026-03-23,EACHAIN HONGKONG LIMITED,
sku_customer,sku_customer::1008053|GoldKey Technology Corporation,1008053,교체형,lumpy,1061162.0,sba,{'alpha': 0.05},0.01729547636279356,0.09247258870670921,2.0,11,6,0.013652508966809447,0.0,0.004086452181291911,0.01624588685788242,212232.4,1.0,2026-02-02,GoldKey Technology Corporation,
sku_customer,"sku_customer::1007914|G.Skill International Ent. Co., Ltd",1007914,교체형,lumpy,1055857.0,tsb,"{'alpha': 0.1, 'beta': 0.2}",1.7901400191641463e-06,5.539068100049178e-06,2.0,11,6,,0.0,2.698610435953877e-07,1.079443737506125e-06,81219.76923076923,1.0,2025-04-07,"G.Skill International Ent. Co., Ltd",
sku_customer,"sku_customer::1008409|G.Skill International Ent. Co., Ltd",1008409,교체형,lumpy,1050656.0,tsb,"{'alpha': 0.1, 'beta': 0.2}",7.91508981881773e-14,6.978151432076334e-13,2.0,11,6,,0.0,1.4889843664625972e-15,5.773159728050814e-15,525328.0,1.0,2023-07-31,"G.Skill International Ent. Co., Ltd",
sku_customer,sku_customer::1009111|TEC LOGISTICS COMPANY,1009111,교체형,lumpy,1038609.0,tsb,"{'alpha': 0.1, 'beta': 0.2}",1.2387088509678743e-05,5.996297360345988e-05,2.0,11,6,,0.0,7.561100953798648e-07,3.0244369514376146e-06,173101.5,1.0,2025-05-12,TEC LOGISTICS COMPANY,
sku_customer,"sku_customer::2017822|G.Skill International Ent. Co., Ltd",2017822,교체형,lumpy,1038240.0,tsb,"{'alpha': 0.1, 'beta': 0.2}",1.5642022040021713e-06,5.825665318778649e-06,2.0,11,6,,0.0,2.4803546690731767e-07,9.921414986235888e-07,115360.0,1.0,2025-04-07,"G.Skill International Ent. Co., Ltd",
sku_customer,"sku_customer::1008924|G.Skill International Ent. Co., Ltd",1008924,교체형,lumpy,1029590.0,tsb,"{'alpha': 0.1, 'beta': 0.2}",0.0003255635488663349,0.0007896237365537309,2.0,11,6,,0.0,4.4543966321986374e-05,0.00017816396065206686,57199.444444444445,1.0,2025-09-08,"G.Skill International Ent. Co., Ltd",
sku_customer,sku_customer::2019229|EVERBOND ELECTRONICS LIMITED,2019229,교체형,lumpy,1026000.0,tsb,"{'alpha': 0.1, 'beta': 0.2}",5.490309076830453e-05,0.00043969929161076027,2.0,11,6,,0.0,1.2436275368332077e-05,4.9744173515220425e-05,342000.0,1.0,2025-07-28,EVERBOND ELECTRONICS LIMITED,
sku_customer,"sku_customer::1007490|XINRONGDA CO., Limited",1007490,교체형,lumpy,1017150.0,tsb,"{'alpha': 0.1, 'beta': 0.2}",1.3814796227049114e-14,1.107660306606292e-13,2.0,11,6,,0.0,3.0211890438089587e-15,1.199040866595169e-14,508575.0,1.0,2023-09-04,"XINRONGDA CO., Limited",
sku_customer,sku_customer::1007570|Eudar Technology Inc.,1007570,교체형,intermittent,1002523.0,tsb,"{'alpha': 0.1, 'beta': 0.2}",1.467978283954213e-13,6.283747140228547e-13,2.0,11,6,,0.0,8.36686009476752e-15,3.3306690738754696e-14,250630.75,1.0,2023-10-02,Eudar Technology Inc.,
sku_customer,sku_customer::1007583|TAIWAN EXPRESS (H.K.) CO. LTD,1007583,교체형,intermittent,1002428.0,tsb,"{'alpha': 0.1, 'beta': 0.2}",1.9044336628282255e-05,0.0001089917212694846,2.0,11,6,,0.0,6.397686845906965e-07,2.5590722825263867e-06,501214.0,1.0,2025-05-05,TAIWAN EXPRESS (H.K.) CO. LTD,
sku_customer,sku_customer::1009437|Eudar Technology Inc.,1009437,교체형,intermittent,1002221.0,tsb,"{'alpha': 0.1, 'beta': 0.2}",0.0040480183016677,0.02797119668117123,2.0,11,6,-0.5847631037275748,0.0,0.00010644208559996919,0.00042570036771805153,501110.5,1.0,2025-09-29,Eudar Technology Inc.,
sku_customer,sku_customer::1008053|TAIWAN EXPRESS (H.K.) CO. LTD,1008053,교체형,intermittent,1001442.0,tsb,"{'alpha': 0.1, 'beta': 0.2}",1.7966580734635423e-05,0.00010282361599991107,2.0,11,6,,0.0,6.030481883205006e-07,2.4121905710661196e-06,500721.0,1.0,2025-05-05,TAIWAN EXPRESS (H.K.) CO. LTD,
sku_customer,sku_customer::1007754|TEC LOGISTICS COMPANY,1007754,교체형,intermittent,1000808.0,sba,{'alpha': 0.05},0.026846057364751597,0.1539415067738372,2.0,11,6,0.013652508966809458,0.0,0.004618622970065597,0.018346895448298595,333602.6666666667,1.0,2026-02-09,TEC LOGISTICS COMPANY,
sku_customer,sku_customer::1005732|Eudar Technology Inc.,1005732,교체형,intermittent,999504.0,tsb,"{'alpha': 0.1, 'beta': 0.2}",4.514836973541957e-07,1.8467934957861885e-06,2.0,11,6,,0.0,1.922370529938743e-08,7.689481895667427e-08,249876.0,1.0,2025-01-13,Eudar Technology Inc.,
sku_customer,"sku_customer::1007583|Hosin Global Electronics Co., Ltd",1007583,교체형,intermittent,991439.0,tsb,"{'alpha': 0.1, 'beta': 0.2}",0.007429974562434884,0.018639633600664295,2.0,11,6,-0.5847631037275749,0.0,0.0006471481424277966,0.002586080849330874,76264.53846153847,1.0,2025-11-24,"Hosin Global Electronics Co., Ltd",
sku_customer,sku_customer::2018035|Eternal International (HK) Ltd.,2018035,교체형,lumpy,983596.0,tsb,"{'alpha': 0.2, 'beta': 0.05}",0.39558384520638135,1.8749342960050805,1.409697585745157,11,6,0.10270957148977614,0.0,0.055542007539713924,0.2043343952517399,163932.66666666666,1.0,2026-04-27,Eternal International (HK) Ltd.,
sku_customer,sku_customer::1007983|PNG HK LTD,1007983,교체형,lumpy,954703.0,tsb,"{'alpha': 0.1, 'beta': 0.2}",1.3475300368692615e-10,4.458508349746285e-10,2.0,11,6,,0.0,7.516881064921173e-12,3.006750404210834e-11,95470.3,1.0,2024-04-29,PNG HK LTD,
sku_customer,sku_customer::1007754|Eternal International (HK) Ltd.,1007754,교체형,lumpy,927785.0,sba,{'alpha': 0.3},0.055483770836042945,0.46553875397507233,2.0,11,6,0.013652508966809569,0.0,0.0030614216464728413,0.012189567453345318,463892.5,1.0,2026-01-19,Eternal International (HK) Ltd.,
sku_customer,sku_customer::1008551|GOLDKEY TECHNOLOGY CORPORATION,1008551,교체형,lumpy,920740.0,tsb,"{'alpha': 0.1, 'beta': 0.2}",0.0009677713568288356,0.0033764528622325825,2.0,11,6,-0.5847631037275748,0.0,0.0001454272086555181,0.0005815819524861432,92074.0,1.0,2025-10-13,GOLDKEY TECHNOLOGY CORPORATION,
sku_customer,sku_customer::1007368|REALTECH SEMICONDUCTOR TECHNOLOGY,1007368,교체형,intermittent,918461.0,tsb,"{'alpha': 0.1, 'beta': 0.2}",3.1899125234677e-09,1.2115664867659668e-08,2.0,11,6,,0.0,2.644478510006094e-10,1.057791187974999e-09,131208.7142857143,1.0,2024-08-26,REALTECH SEMICONDUCTOR TECHNOLOGY,
sku_customer,sku_customer::2016351|Skyrich View (HK) Limited,2016351,교체형,intermittent,898757.0,tsb,"{'alpha': 0.1, 'beta': 0.2}",9.884789784212e-12,3.243681147770718e-11,2.0,11,6,,0.0,9.982236685078139e-13,3.992806085761913e-12,112344.625,1.0,2024-02-26,Skyrich View (HK) Limited,
sku_customer,sku_customer::1008053|Skyrich View (HK) Limited,1008053,교체형,intermittent,885224.0,tsb,"{'alpha': 0.1, 'beta': 0.2}",1.9240046489263532e-11,5.782572009110375e-11,2.0,11,6,,0.0,1.4628907422719368e-12,5.851763518194275e-12,98358.22222222222,1.0,2024-02-26,Skyrich View (HK) Limited,
sku_customer,"sku_customer::1007727|World Pacific Industrial H.K., Ltd.",1007727,교체형,lumpy,870826.0,tsb,"{'alpha': 0.1, 'beta': 0.2}",1.2917011290865003e-12,8.604297333677832e-12,2.0,11,6,,0.0,4.1867600878283595e-14,1.674216321134736e-13,217706.5,1.0,2023-12-04,"World Pacific Industrial H.K., Ltd.",
sku_customer,sku_customer::1008433|Patriot Memory Inc.,1008433,교체형,intermittent,864887.0,tsb,"{'alpha': 0.1, 'beta': 0.2}",1.538607245198039e-11,5.718008964739972e-11,2.0,11,6,,0.0,1.3275989312856557e-12,5.310418771387049e-12,123555.28571428571,1.0,2024-03-18,Patriot Memory Inc.,
sku_customer,sku_customer::1008168|Skyrich View (HK) Limited,1008168,교체형,intermittent,849984.0,tsb,"{'alpha': 0.1, 'beta': 0.2}",1.6988656620426447e-11,5.302981596576695e-11,2.0,11,6,,0.0,1.2297565239229357e-12,4.919176177509144e-12,106248.0,1.0,2024-03-04,Skyrich View (HK) Limited,
sku_customer,sku_customer::1007583|BANG TAI INTERNATIONAL LOGISTICS CO,1007583,교체형,intermittent,841001.0,tsb,"{'alpha': 0.1, 'beta': 0.2}",0.01197514529983059,0.04076864834928275,2.0,11,6,-0.5847631037275748,0.0,0.0006588670730937278,0.002632864801338508,120143.0,1.0,2025-12-01,BANG TAI INTERNATIONAL LOGISTICS CO,
sku_customer,sku_customer::1008095|GoldKey Technology Corporation,1008095,교체형,intermittent,830400.0,tsb,"{'alpha': 0.1, 'beta': 0.2}",5.398666164158778e-08,2.6066521707469066e-07,2.0,11,6,,0.0,1.9220659723148465e-09,7.68826380337373e-09,276800.0,1.0,2024-11-04,GoldKey Technology Corporation,
sku_customer,sku_customer::1008354|Skyrich View (HK) Limited,1008354,교체형,lumpy,823952.0,tsb,"{'alpha': 0.1, 'beta': 0.2}",1.482852900399795e-11,6.627636477453302e-11,2.0,11,6,,0.0,1.436355589489005e-12,5.74562619704011e-12,117707.42857142857,1.0,2024-02-26,Skyrich View (HK) Limited,
sku_customer,sku_customer::1008053|Leadmax Technology International,1008053,교체형,intermittent,810897.0,tsb,"{'alpha': 0.1, 'beta': 0.2}",1.3151637996221923e-07,5.972136544208615e-07,2.0,11,6,,0.0,5.3795465658802e-09,2.1518186121838312e-08,202724.25,1.0,2024-12-02,Leadmax Technology International,
sku_customer,"sku_customer::1006758|World Pacific Industrial H.K., Ltd.",1006758,교체형,intermittent,810555.0,tsb,"{'alpha': 0.1, 'beta': 0.2}",8.880281293598985e-14,5.909413802283255e-13,2.0,11,6,,0.0,6.597333422647629e-15,2.6201263381153694e-14,405277.5,1.0,2023-09-25,"World Pacific Industrial H.K., Ltd.",
sku_customer,"sku_customer::1008434|G.Skill International Ent. Co., Ltd",1008434,교체형,intermittent,808705.0,tsb,"{'alpha': 0.1, 'beta': 0.2}",0.030557428780374686,0.07334668928851319,2.0,11,6,-0.5847631037275749,0.0,0.003416845948187812,0.013597494203515081,57764.642857142855,1.0,2026-01-26,"G.Skill International Ent. Co., Ltd",
sku_customer,"sku_customer::1008551|World Pacific Industrial H.K., Ltd.",1008551,교체형,intermittent,801970.0,tsb,"{'alpha': 0.1, 'beta': 0.2}",2.4997814865888987e-11,9.326405882122363e-11,2.0,11,6,,0.0,1.7459269100940093e-12,6.983746914102085e-12,114567.14285714286,1.0,2024-03-04,"World Pacific Industrial H.K., Ltd.",
sku_customer,sku_customer::1008053|YHG SUPPLY CHAIN (HONG KONG),1008053,교체형,lumpy,800496.0,tsb,"{'alpha': 0.2, 'beta': 0.05}",0.13954988979727984,0.638930458360782,0.545425826803228,11,6,0.14046503269817356,0.0,0.17698276891315182,0.5411870032423471,200124.0,1.0,2026-05-25,YHG SUPPLY CHAIN (HONG KONG),
sku_customer,sku_customer::1008279|Patriot Memory Inc.,1008279,교체형,lumpy,794563.0,tsb,"{'alpha': 0.1, 'beta': 0.2}",0.001471676466320395,0.004108291578373307,2.0,11,6,-0.5847631037275748,0.0,0.00018017025805915714,0.0007204862876984963,56754.5,1.0,2025-10-27,Patriot Memory Inc.,
sku_customer,sku_customer::1008537|PATRIOT MEMORY INC.,1008537,교체형,lumpy,790676.0,tsb,"{'alpha': 0.1, 'beta': 0.2}",1.2240505320380456e-05,4.64539697356977e-05,2.0,11,6,,0.0,1.114499967595067e-06,4.457992417883361e-06,112953.71428571429,1.0,2025-05-19,PATRIOT MEMORY INC.,
sku_customer,"sku_customer::2016864|G.Skill International Ent. Co., Ltd",2016864,교체형,lumpy,778921.0,tsb,"{'alpha': 0.1, 'beta': 0.2}",8.851322099082567e-07,2.81067356406484e-06,2.0,11,6,,0.0,1.0462849273851793e-07,4.185139053092257e-07,43273.38888888889,1.0,2025-03-03,"G.Skill International Ent. Co., Ltd",
sku_customer,sku_customer::1007570|REALTECH SEMICONDUCTOR TECHNOLOGY,1007570,교체형,intermittent,757632.0,tsb,"{'alpha': 0.1, 'beta': 0.2}",1.015812245525547e-09,3.672999846351455e-09,2.0,11,6,,0.0,7.37605383516399e-11,2.950422128833452e-10,126272.0,1.0,2024-07-08,REALTECH SEMICONDUCTOR TECHNOLOGY,
sku_customer,"sku_customer::1009239|Hosin Global Electronics Co., Ltd",1009239,교체형,lumpy,744144.0,tsb,"{'alpha': 0.1, 'beta': 0.2}",2.391383641506434e-06,1.5134847280736432e-05,2.0,11,6,,0.0,4.849386087745144e-07,1.9397530243159267e-06,148828.8,1.0,2025-04-14,"Hosin Global Electronics Co., Ltd",
sku_customer,sku_customer::1009131|GOLDKEY TECHNOLOGY CORPORATION,1009131,교체형,lumpy,732863.0,sba,{'alpha': 0.3},6.650574715890581,25.364244385073835,1.875132412480995,11,6,0.6071129394431933,0.0,0.15495913485001964,0.49006966808355246,91607.875,1.0,2026-05-18,GOLDKEY TECHNOLOGY CORPORATION,
sku_customer,sku_customer::1008409|Patriot Memory Inc.,1008409,교체형,lumpy,728629.0,tsb,"{'alpha': 0.1, 'beta': 0.2}",1.8390392441759915e-12,8.816451821478905e-12,2.0,11,6,,0.0,1.808496232906193e-13,7.23421322845752e-13,121438.16666666667,1.0,2024-01-08,Patriot Memory Inc.,
sku_customer,sku_customer::1008354|Patriot Memory Inc.,1008354,교체형,intermittent,722319.0,tsb,"{'alpha': 0.1, 'beta': 0.2}",2.457194292273723e-11,8.961430754389934e-11,2.0,11,6,,0.0,1.3275989312856557e-12,5.310418771387049e-12,103188.42857142857,1.0,2024-03-18,Patriot Memory Inc.,
sku_customer,sku_customer::1007583|REALTECH SEMICONDUCTOR TECHNOLOGY,1007583,교체형,lumpy,718385.0,tsb,"{'alpha': 0.1, 'beta': 0.2}",9.135697644586169e-06,3.220929382955511e-05,2.0,11,6,,0.0,5.987828890917124e-07,2.3951294049195937e-06,89798.125,1.0,2025-05-05,REALTECH SEMICONDUCTOR TECHNOLOGY,
sku_customer,sku_customer::1007583|SILICON POWER COMPUTER & COMMUNICAT,1007583,교체형,intermittent,717399.0,sba,{'alpha': 0.1},0.19864298392472057,0.3701160976538747,1.9137791228578453,11,6,-0.18692602392224436,0.0,0.04484173437876315,0.1676588750771486,51242.78571428572,1.0,2026-04-13,SILICON POWER COMPUTER & COMMUNICAT,
sku_customer,sku_customer::1008432|Patriot Memory Inc.,1008432,교체형,intermittent,713281.0,tsb,"{'alpha': 0.1, 'beta': 0.2}",1.2239358564245298e-10,3.6263489192629777e-10,2.0,11,6,,0.0,8.587521536985433e-12,3.4350300381902343e-11,79253.44444444444,1.0,2024-05-06,Patriot Memory Inc.,
sku_customer,"sku_customer::1009431|HONGKONG SHICHUANGYI CO., LIMITED",1009431,교체형,intermittent,704133.0,tsb,"{'alpha': 0.1, 'beta': 0.2}",1.4653318630402906e-05,7.38847654830371e-05,2.0,11,6,,0.0,1.1012896080611676e-06,4.4051511551845834e-06,234711.0,1.0,2025-05-05,"HONGKONG SHICHUANGYI CO., LIMITED",
sku_customer,"sku_customer::1008095|Hosin Global Electronics Co., Ltd",1008095,교체형,lumpy,701090.0,tsb,"{'alpha': 0.1, 'beta': 0.2}",0.0008334192486506316,0.002692348781177417,2.0,11,6,-0.5847631037275749,0.0,0.00010815098845154583,0.00043253377904817203,70109.0,1.0,2025-10-06,"Hosin Global Electronics Co., Ltd",
sku_customer,"sku_customer::1007727|G.Skill International Ent. Co., Ltd",1007727,교체형,intermittent,700795.0,tsb,"{'alpha': 0.1, 'beta': 0.2}",4.874934278614432e-14,3.56044817267295e-13,2.0,11,6,,0.0,1.0003161553441744e-15,3.9968028886505635e-15,350397.5,1.0,2023-06-26,"G.Skill International Ent. Co., Ltd",
sku_customer,sku_customer::1007368|Eudar Technology Inc.,1007368,교체형,lumpy,696219.0,tsb,"{'alpha': 0.1, 'beta': 0.2}",2.2201206151671575e-11,7.930429999250824e-11,2.0,11,6,,0.0,2.4066671862823763e-12,9.626521801919807e-12,87027.375,1.0,2024-04-01,Eudar Technology Inc.,
sku_customer,"sku_customer::2016864|World Pacific Industrial H.K., Ltd.",2016864,교체형,intermittent,671769.0,tsb,"{'alpha': 0.1, 'beta': 0.2}",6.453517781644361e-10,1.7799935031057725e-09,2.0,11,6,,0.0,5.4866206262623015e-11,2.194648907050123e-10,55980.75,1.0,2024-07-01,"World Pacific Industrial H.K., Ltd.",
sku_customer,"sku_customer::2016156|World Pacific Industrial H.K., Ltd.",2016156,교체형,intermittent,669455.0,tsb,"{'alpha': 0.1, 'beta': 0.2}",2.8220985906212043e-13,1.7551817694357188e-12,2.0,11,6,,0.0,7.680407521913566e-15,3.064215547965432e-14,334727.5,1.0,2023-10-02,"World Pacific Industrial H.K., Ltd.",
sku_customer,sku_customer::1007641|Leadmax Technology International,1007641,교체형,intermittent,665812.0,tsb,"{'alpha': 0.1, 'beta': 0.2}",9.750527199399241e-08,4.7284995308008214e-07,2.0,11,6,,0.0,5.423026103832003e-09,2.1692104335002682e-08,221937.33333333334,1.0,2024-12-02,Leadmax Technology International,
sku_customer,sku_customer::2014722|GOLDKEY TECHNOLOGY CORPORATION,2014722,교체형,lumpy,662782.0,tsb,"{'alpha': 0.1, 'beta': 0.2}",9.94013227989708e-07,5.0347153186343465e-06,2.0,11,6,,0.0,1.1973731973721378e-07,4.789491928613998e-07,132556.4,1.0,2025-03-03,GOLDKEY TECHNOLOGY CORPORATION,
sku_customer,"sku_customer::2017754|World Pacific Industrial H.K., Ltd.",2017754,교체형,intermittent,658825.0,tsb,"{'alpha': 0.1, 'beta': 0.2}",5.768595610935976e-12,3.2691450390233436e-11,2.0,11,6,,0.0,2.00073015902746e-13,8.002487561498128e-13,219608.33333333334,1.0,2024-01-22,"World Pacific Industrial H.K., Ltd.",
sku_customer,"sku_customer::2017754|Hosin Global Electronics Co., Ltd",2017754,교체형,lumpy,656109.0,tsb,"{'alpha': 0.1, 'beta': 0.2}",0.0009345783355584793,0.004102375427289663,2.0,11,6,-0.5847631037275748,0.0,6.491263444541364e-05,0.0002596252569750934,54675.75,1.0,2025-09-29,"Hosin Global Electronics Co., Ltd",
sku_customer,"sku_customer::1008551|G.Skill International Ent. Co., Ltd",1008551,교체형,intermittent,655859.0,sba,{'alpha': 0.3},0.06915885231907783,0.20865595779382415,2.0,11,6,0.013652508966809593,0.0,0.009279663485520938,0.03660516996761298,54654.916666666664,1.0,2026-03-02,"G.Skill International Ent. Co., Ltd",
sku_customer,sku_customer::1007368|Ringson Limited,1007368,교체형,lumpy,655147.0,tsb,"{'alpha': 0.1, 'beta': 0.2}",6.900614392004724e-12,2.8069067031300134e-11,2.0,11,6,,0.0,7.962988180835621e-13,3.185007813044649e-12,93592.42857142857,1.0,2024-03-04,Ringson Limited,
sku_customer,sku_customer::1008924|PATRIOT MEMORY INC.,1008924,교체형,intermittent,654006.0,tsb,"{'alpha': 0.1, 'beta': 0.2}",0.0004237276859501202,0.0011118357211483923,2.0,11,6,-0.5847631037275748,0.0,4.733980116159122e-05,0.00018934575872997517,46714.71428571428,1.0,2025-09-08,PATRIOT MEMORY INC.,
sku_customer,"sku_customer::1007730|Hosin Global Electronics Co., Ltd",1007730,교체형,lumpy,653370.0,tsb,"{'alpha': 0.1, 'beta': 0.2}",2.87618433927245e-06,1.370412436534036e-05,2.0,11,6,,0.0,4.3556867636575e-07,1.7422735670846734e-06,108895.0,1.0,2025-04-14,"Hosin Global Electronics Co., Ltd",
sku_customer,sku_customer::1007754|Eudar Technology Inc.,1007754,교체형,lumpy,653334.0,tsb,"{'alpha': 0.1, 'beta': 0.2}",7.224638965543382e-07,3.7809998265088282e-06,2.0,11,6,,0.0,8.035201365514523e-08,3.2140801609070735e-07,130666.8,1.0,2025-03-03,Eudar Technology Inc.,
sku_customer,"sku_customer::1009440|G.Skill International Ent. Co., Ltd",1009440,교체형,lumpy,649045.0,tsb,"{'alpha': 0.2, 'beta': 0.05}",1.9422685419743608,6.155134110756816,1.7216931692736297,11,6,0.8856493179290245,0.0,0.17088331106712956,0.5274338303905026,72116.11111111111,1.0,2026-05-25,"G.Skill International Ent. Co., Ltd",
sku_customer,sku_customer::1007570|Ringson Limited,1007570,교체형,intermittent,623653.0,tsb,"{'alpha': 0.1, 'beta': 0.2}",0.0005877990293831636,0.002869443467091622,2.0,11,6,-0.5847631037275748,0.0,2.1267647948800976e-05,8.506787795681259e-05,155913.25,1.0,2025-08-25,Ringson Limited,
sku_customer,"sku_customer::1008053|SC GLOBAL TRANS (HK) CO., LIMITED",1008053,교체형,lumpy,610792.0,tsb,"{'alpha': 0.1, 'beta': 0.2}",2.7269394581451964e-05,0.00021687207760058382,2.0,11,6,,0.0,5.577447863883702e-06,2.2309604808756767e-05,305396.0,1.0,2025-07-14,"SC GLOBAL TRANS (HK) CO., LIMITED",
sku_customer,sku_customer::2014722|PATRIOT MEMORY INC.,2014722,교체형,intermittent,608066.0,tsb,"{'alpha': 0.1, 'beta': 0.2}",2.3570779446552586e-08,1.348995495786595e-07,2.0,11,6,,0.0,7.871223956444522e-10,3.1484894691402587e-09,304033.0,1.0,2024-09-30,PATRIOT MEMORY INC.,
sku_customer,sku_customer::1008095|REALTECH SEMICONDUCTOR TECHNOLOGY,1008095,교체형,intermittent,605050.0,tsb,"{'alpha': 0.1, 'beta': 0.2}",3.1844395581249057e-06,1.091803607687107e-05,2.0,11,6,,0.0,2.872526674905714e-07,1.1490101751165938e-06,75631.25,1.0,2025-03-31,REALTECH SEMICONDUCTOR TECHNOLOGY,
sku_customer,"sku_customer::1007729|G.Skill International Ent. Co., Ltd",1007729,교체형,lumpy,578225.0,tsb,"{'alpha': 0.1, 'beta': 0.2}",2.1267818203375073e-06,9.972227294233677e-06,2.0,11,6,,0.0,3.464306913633205e-07,1.3857220453328267e-06,57822.5,1.0,2025-04-07,"G.Skill International Ent. Co., Ltd",
sku_customer,"sku_customer::1007583|AGI TECHNOLOGY CO., LTD.",1007583,교체형,lumpy,555402.0,tsb,"{'alpha': 0.1, 'beta': 0.2}",0.017194830652957693,0.07070590925086566,2.0,11,6,-0.5847631037275746,0.0,0.0010935768597108467,0.00436713720660431,92567.0,1.0,2025-12-08,"AGI TECHNOLOGY CO., LTD.",
sku_customer,"sku_customer::2012591|Hosin Global Electronics Co., Ltd",2012591,교체형,lumpy,551548.0,tsb,"{'alpha': 0.1, 'beta': 0.2}",2.1079351306556533e-07,1.5646653177075977e-06,2.0,11,6,,0.0,5.525771591854708e-09,2.2103086250169213e-08,275774.0,1.0,2024-12-09,"Hosin Global Electronics Co., Ltd",
sku_customer,sku_customer::2017143|Skyrich View (HK) Limited,2017143,교체형,intermittent,548119.0,tsb,"{'alpha': 0.1, 'beta': 0.2}",4.899772240066883e-13,2.1497594008446443e-12,2.0,11,6,,0.0,2.158797947057248e-14,8.615330671091215e-14,109623.8,1.0,2023-10-30,Skyrich View (HK) Limited,
sku_customer,sku_customer::2018983|BaDa Group (HongKong) Corporation L,2018983,교체형,intermittent,547918.0,sba,{'alpha': 0.3},0.3070125246806095,1.0034935929965272,0.9790613100744894,11,6,0.4503487555877221,0.0,0.2319385092968468,0.6519962182188117,36527.86666666667,1.0,2026-06-01,BaDa Group (HongKong) Corporation L,
sku_customer,"sku_customer::1007570|Hosin Global Electronics Co., Ltd",1007570,교체형,lumpy,547294.0,tsb,"{'alpha': 0.1, 'beta': 0.2}",1.2434449953970767e-09,9.245267803194848e-09,2.0,11,6,,0.0,3.259694602503095e-11,1.3038770063644733e-10,273647.0,1.0,2024-07-01,"Hosin Global Electronics Co., Ltd",
sku_customer,sku_customer::1007506|GOLDKEY TECHNOLOGY CORPORATION,1007506,교체형,lumpy,539316.0,tsb,"{'alpha': 0.1, 'beta': 0.2}",5.593946237137874e-05,0.00042132096917586433,2.0,11,6,,0.0,1.4670230344160533e-06,5.868079224646827e-06,269658.0,1.0,2025-06-02,GOLDKEY TECHNOLOGY CORPORATION,
sku_customer,"sku_customer::1008095|World Pacific Industrial H.K., Ltd.",1008095,교체형,intermittent,527459.0,tsb,"{'alpha': 0.1, 'beta': 0.2}",2.9279304130734694e-11,1.1758901214311977e-10,2.0,11,6,,0.0,1.7004220837575596e-12,6.801670338063559e-12,105491.8,1.0,2024-03-04,"World Pacific Industrial H.K., Ltd.",
sku_customer,"sku_customer::1006218|G.Skill International Ent. Co., Ltd",1006218,교체형,lumpy,518351.0,tsb,"{'alpha': 0.1, 'beta': 0.2}",1.4627462896808255e-09,8.29431136288648e-09,2.0,11,6,,0.0,1.2566434646706678e-10,5.026574712019283e-10,129587.75,1.0,2024-08-12,"G.Skill International Ent. Co., Ltd",
sku_customer,sku_customer::2016637|EVERBOND ELECTRONICS LIMITED,2016637,교체형,intermittent,513750.0,tsb,"{'alpha': 0.1, 'beta': 0.2}",0.2816818871612989,1.0870442040337023,0.49124491837169204,11,6,-0.3812049515019822,0.0,0.15809769418650785,0.49760327938343807,85625.0,1.0,2026-05-18,EVERBOND ELECTRONICS LIMITED,
sku_customer,"sku_customer::2018626|MING SHUN ELECTRONIC CO.,LIMITED",2018626,교체형,intermittent,509393.0,tsb,"{'alpha': 0.1, 'beta': 0.2}",0.00020415906159236557,0.0012621059246568126,2.0,11,6,,0.0,1.0994824901511315e-05,4.3978574294389894e-05,254696.5,1.0,2025-07-28,"MING SHUN ELECTRONIC CO.,LIMITED",
sku_customer,sku_customer::1009185|YHG SUPPLY CHAIN (HONG KONG),1009185,교체형,lumpy,491149.0,croston,{'alpha': 0.1},29.00564477631611,178.64841686339756,1.995040599893609,10,6,,0.0,0.12800002106245834,0.42181622840625843,245574.5,1.0,2026-05-25,YHG SUPPLY CHAIN (HONG KONG),
sku_customer,"sku_customer::2017835|Hosin Global Electronics Co., Ltd",2017835,교체형,lumpy,488411.0,tsb,"{'alpha': 0.1, 'beta': 0.2}",1.6782362443939582e-07,6.20775628621691e-07,2.0,11,6,,0.0,1.8540523786676345e-08,7.41620930222453e-08,48841.1,1.0,2024-12-23,"Hosin Global Electronics Co., Ltd",
sku_customer,sku_customer::1008053|SILICON POWER COMPUTER & COMMUNICAT,1008053,교체형,intermittent,480349.0,tsb,"{'alpha': 0.2, 'beta': 0.05}",0.2344626888086813,0.5954249905862369,0.8460928158570344,11,6,-0.03753230964874991,0.0,0.11612187605719819,0.38966322180945934,36949.92307692308,1.0,2026-05-11,SILICON POWER COMPUTER & COMMUNICAT,
sku_customer,sku_customer::1008759|REALTECH SEMICONDUCTOR TECHNOLOGY,1008759,교체형,intermittent,475598.0,tsb,"{'alpha': 0.1, 'beta': 0.2}",1.1215323784457004e-07,7.776724465835531e-07,2.0,11,6,,0.0,1.0074584057306931e-08,4.029833566843166e-08,237799.0,1.0,2024-12-23,REALTECH SEMICONDUCTOR TECHNOLOGY,
sku_customer,"sku_customer::1008924|Hosin Global Electronics Co., Ltd",1008924,교체형,intermittent,468760.0,tsb,"{'alpha': 0.1, 'beta': 0.2}",3.740785658100616e-06,1.1681424647880499e-05,2.0,11,6,,0.0,4.880602595889765e-07,1.9522396089710625e-06,46876.0,1.0,2025-04-14,"Hosin Global Electronics Co., Ltd",
sku_customer,"sku_customer::1008432|G.Skill International Ent. Co., Ltd",1008432,교체형,intermittent,468421.0,tsb,"{'alpha': 0.1, 'beta': 0.2}",2.2303333820588976e-10,8.964207319175644e-10,2.0,11,6,,0.0,1.0531571891108548e-11,4.212630244637694e-11,78070.16666666667,1.0,2024-05-13,"G.Skill International Ent. Co., Ltd",
sku_customer,"sku_customer::2014723|G.Skill International Ent. Co., Ltd",2014723,교체형,intermittent,466202.0,tsb,"{'alpha': 0.1, 'beta': 0.2}",3.92569543717342e-06,1.157712821456474e-05,2.0,11,6,,0.0,3.2605348686538326e-07,1.304213309683e-06,42382.0,1.0,2025-04-07,"G.Skill International Ent. Co., Ltd",
sku_customer,"sku_customer::1008354|World Pacific Industrial H.K., Ltd.",1008354,교체형,lumpy,462428.0,tsb,"{'alpha': 0.1, 'beta': 0.2}",4.875969490827953e-11,3.589719235215254e-10,2.0,11,6,,0.0,1.56204135795373e-12,6.248335182590381e-12,115607.0,1.0,2024-03-04,"World Pacific Industrial H.K., Ltd.",
sku_customer,"sku_customer::2016048|G.Skill International Ent. Co., Ltd",2016048,교체형,lumpy,461720.0,tsb,"{'alpha': 0.1, 'beta': 0.2}",7.3807809035571186e-06,3.430987449811836e-05,2.0,11,6,,0.0,5.620170813134056e-07,2.2480664301216535e-06,92344.0,1.0,2025-04-28,"G.Skill International Ent. Co., Ltd",
sku_customer,sku_customer::1007506|Skyrich View (HK) Limited,1007506,교체형,intermittent,460578.0,tsb,"{'alpha': 0.1, 'beta': 0.2}",3.697347435428843e-11,1.8184239454257686e-10,2.0,11,6,,0.0,1.3477920727487507e-12,5.39124300757976e-12,115144.5,1.0,2024-02-26,Skyrich View (HK) Limited,
sku_customer,sku_customer::1007583|REALTECH SEMICONDUCTOR TECHNOLOGY L,1007583,교체형,intermittent,460065.0,tsb,"{'alpha': 0.1, 'beta': 0.2}",0.01259768885629093,0.04839324325586919,2.0,11,6,-0.5847631037275748,0.0,0.0007111256832875743,0.0028414699729342185,76677.5,1.0,2025-12-01,REALTECH SEMICONDUCTOR TECHNOLOGY L,
sku_customer,sku_customer::1008924|GOLDKEY TECHNOLOGY CORPORATION,1008924,교체형,intermittent,458947.0,tsb,"{'alpha': 0.1, 'beta': 0.2}",0.0005419077905547116,0.0017993172503728335,2.0,11,6,-0.5847631037275748,0.0,3.7804864727822793e-05,0.00015121088388059256,65563.85714285714,1.0,2025-09-01,GOLDKEY TECHNOLOGY CORPORATION,
sku_customer,sku_customer::2016048|GoldKey Technology Corporation,2016048,교체형,intermittent,453744.0,tsb,"{'alpha': 0.1, 'beta': 0.2}",5.259032955458544e-08,2.7913786623013e-07,2.0,11,6,,0.0,4.735671355255791e-09,1.8942685531264658e-08,151248.0,1.0,2024-11-18,GoldKey Technology Corporation,
sku_customer,sku_customer::2012591|Leadmax Technology International,2012591,교체형,intermittent,452723.0,tsb,"{'alpha': 0.1, 'beta': 0.2}",9.213635489539622e-08,5.572059428042984e-07,2.0,11,6,,0.0,4.496689389933471e-09,1.7986757305799017e-08,226361.5,1.0,2024-12-02,Leadmax Technology International,
sku_customer,sku_customer::1007641|REALTECH SEMICONDUCTOR TECHNOLOGY,1007641,교체형,intermittent,452266.0,tsb,"{'alpha': 0.1, 'beta': 0.2}",3.867694823796718e-09,1.737588882319999e-08,2.0,11,6,,0.0,3.0990171896695563e-10,1.2396070836473427e-09,113066.5,1.0,2024-09-02,REALTECH SEMICONDUCTOR TECHNOLOGY,
sku_customer,sku_customer::1009440|GOLDKEY TECHNOLOGY CORPORATION,1009440,교체형,lumpy,449290.0,tsb,"{'alpha': 0.2, 'beta': 0.05}",47.62572933816053,278.8280725643911,1.9053268591206631,11,6,0.42278079711427585,0.0,0.35493081067908894,0.8268489234476121,89858.0,1.0,2026-06-08,GOLDKEY TECHNOLOGY CORPORATION,
sku_customer,sku_customer::1008279|Ringson Limited,1008279,교체형,lumpy,447300.0,tsb,"{'alpha': 0.1, 'beta': 0.2}",0.0009616594265713273,0.002307806766072516,2.0,11,6,-0.5847631037275747,0.0,0.00011361783442038854,0.00045439388947454695,26311.764705882353,1.0,2025-10-06,Ringson Limited,
sku_customer,sku_customer::1007730|Skyrich View (HK) Limited,1007730,교체형,intermittent,445859.0,tsb,"{'alpha': 0.1, 'beta': 0.2}",4.267090071716754e-11,1.9012997556120866e-10,2.0,11,6,,0.0,1.6729062746252303e-12,6.6915362140207435e-12,89171.8,1.0,2024-03-04,Skyrich View (HK) Limited,
sku_customer,sku_customer::1008981|BANG TAI INTERNATIONAL LOGISTICS CO,1008981,교체형,intermittent,441239.0,sba,{'alpha': 0.05},0.015825730705393583,0.06703874852034725,2.0,11,6,-0.9803497714228042,0.0,0.026849419051226297,0.10314923075108395,88247.8,1.0,2026-04-06,BANG TAI INTERNATIONAL LOGISTICS CO,
sku_customer,"sku_customer::1007583|SC GLOBAL TRANS (HK) CO., LIMITED",1007583,교체형,lumpy,440626.0,tsb,"{'alpha': 0.1, 'beta': 0.2}",4.472129780146874e-05,0.0003303098681270683,2.0,11,6,,0.0,5.577447863883702e-06,2.2309604808756767e-05,220313.0,1.0,2025-07-14,"SC GLOBAL TRANS (HK) CO., LIMITED",
sku_customer,"sku_customer::1008409|World Pacific Industrial H.K., Ltd.",1008409,교체형,lumpy,430524.0,tsb,"{'alpha': 0.1, 'beta': 0.2}",1.0571669574424921e-11,5.6096306881023904e-11,2.0,11,6,,0.0,3.7249613283481693e-13,1.48991929904696e-12,86104.8,1.0,2024-01-29,"World Pacific Industrial H.K., Ltd.",
sku_customer,sku_customer::1007641|Skyrich View (HK) Limited,1007641,교체형,lumpy,422055.0,tsb,"{'alpha': 0.1, 'beta': 0.2}",3.461397163853884e-11,1.716760767820506e-10,2.0,11,6,,0.0,1.3482196329255552e-12,5.3930193644191604e-12,84411.0,1.0,2024-02-26,Skyrich View (HK) Limited,
sku_customer,sku_customer::1008815|BANG TAI INTERNATIONAL LOGISTICS CO,1008815,교체형,lumpy,420035.0,tsb,"{'alpha': 0.1, 'beta': 0.1}",1.7470558594680152,7.131946020502505,1.734749873063059,11,6,-0.45784854597381963,0.0,0.24595340472410443,0.6767096560156259,105008.75,1.0,2026-06-08,BANG TAI INTERNATIONAL LOGISTICS CO,
sku_customer,"sku_customer::1008433|G.Skill International Ent. Co., Ltd",1008433,교체형,lumpy,411341.0,tsb,"{'alpha': 0.1, 'beta': 0.2}",4.292237286982628e-11,2.309834289570633e-10,2.0,11,6,,0.0,1.4167929236709828e-12,5.667022406896649e-12,102835.25,1.0,2024-03-11,"G.Skill International Ent. Co., Ltd",
sku_customer,sku_customer::1009217|ALL-THE-WAY EXPRESS LIMITED,1009217,교체형,lumpy,406521.0,tsb,"{'alpha': 0.1, 'beta': 0.2}",58727.61155926037,35503.845869731354,1.9593670710862299,10,6,,0.0,0.16793600000000003,0.5206784786368228,203260.5,1.0,2026-05-18,ALL-THE-WAY EXPRESS LIMITED,
sku_customer,"sku_customer::2014724|G.Skill International Ent. Co., Ltd",2014724,교체형,intermittent,385626.0,tsb,"{'alpha': 0.1, 'beta': 0.2}",7.0473950602816486e-06,2.0665102281386292e-05,2.0,11,6,,0.0,4.958186435312375e-07,1.983273099304128e-06,42847.333333333336,1.0,2025-04-28,"G.Skill International Ent. Co., Ltd",
sku_customer,sku_customer::1008053|REALTECH SEMICONDUCTOR TECHNOLOGY,1008053,교체형,intermittent,384143.0,tsb,"{'alpha': 0.1, 'beta': 0.2}",8.644423619089867e-06,2.6807429184660012e-05,2.0,11,6,,0.0,8.050252033727448e-07,3.2200969251050537e-06,38414.3,1.0,2025-05-05,REALTECH SEMICONDUCTOR TECHNOLOGY,
sku_customer,sku_customer::1009303|YHG SUPPLY CHAIN (HONG KONG),1009303,교체형,lumpy,383712.0,tsb,"{'alpha': 0.2, 'beta': 0.05}",15.766993306378167,96.67870563527003,1.9863437274199727,11,6,0.003756779149923492,0.0,0.05281565626227669,0.19510719822554468,191856.0,1.0,2026-04-27,YHG SUPPLY CHAIN (HONG KONG),
sku_customer,"sku_customer::1008053|AGI TECHNOLOGY CO., LTD.",1008053,교체형,intermittent,381843.0,sba,{'alpha': 0.05},0.025319571967905168,0.10503003241643645,2.0,11,6,0.013652508966809687,0.0,0.004092072189450745,0.016268092236476295,63640.5,1.0,2026-02-02,"AGI TECHNOLOGY CO., LTD.",
sku_customer,"sku_customer::1008986|G.Skill International Ent. Co., Ltd",1008986,교체형,intermittent,372264.0,tsb,"{'alpha': 0.1, 'beta': 0.2}",2.7980138721601376e-06,8.414279535975577e-06,2.0,11,6,,0.0,3.462385364825567e-07,1.3849534267196262e-06,37226.4,1.0,2025-04-07,"G.Skill International Ent. Co., Ltd",
sku_customer,sku_customer::2016119|GOLDKEY TECHNOLOGY CORPORATION,2016119,교체형,intermittent,369374.0,tsb,"{'alpha': 0.1, 'beta': 0.2}",1.6207787713556947e-06,9.41028276838153e-06,2.0,11,6,,0.0,7.082251615436322e-08,2.8329003465277225e-07,123124.66666666667,1.0,2025-02-03,GOLDKEY TECHNOLOGY CORPORATION,
sku_customer,sku_customer::1004987|MF WAREHOUSING & LOGISTICS,1004987,교체형,intermittent,368482.0,tsb,"{'alpha': 0.1, 'beta': 0.2}",3.802186185012679e-05,0.00022021362954509195,2.0,11,6,,0.0,1.4749816106718247e-06,5.899913389062483e-06,184241.0,1.0,2025-06-02,MF WAREHOUSING & LOGISTICS,
sku_customer,"sku_customer::2016048|Hosin Global Electronics Co., Ltd",2016048,교체형,intermittent,361605.0,tsb,"{'alpha': 0.1, 'beta': 0.2}",3.8613876556459874e-08,2.2351280534786188e-07,2.0,11,6,,0.0,1.1691703348070007e-09,4.676681264470517e-09,180802.5,1.0,2024-10-14,"Hosin Global Electronics Co., Ltd",
sku_customer,"sku_customer::2015843|Hotop Technologies, Inc.",2015843,교체형,intermittent,358611.0,tsb,"{'alpha': 0.1, 'beta': 0.1}",0.8877470493068285,4.040999053329782,1.7016589176511225,11,6,-0.2074802133294338,0.0,0.013743899764317672,0.05385257929537235,78874.5,0.4398889046905979,2026-03-16,"Hotop Technologies, Inc.",
sku_customer,sku_customer::1008053|PATRIOT MEMORY INC.,1008053,교체형,intermittent,354285.0,tsb,"{'alpha': 0.1, 'beta': 0.2}",1.591768235994556e-05,0.00011087625219237031,2.0,11,6,,0.0,1.4615016378262972e-06,5.845993735431598e-06,177142.5,1.0,2025-06-02,PATRIOT MEMORY INC.,
sku_customer,sku_customer::2014723|PATRIOT MEMORY INC.,2014723,교체형,intermittent,352047.0,tsb,"{'alpha': 0.1, 'beta': 0.2}",6.00022576955351e-07,1.7074538836312327e-06,2.0,11,6,,0.0,6.243092921835569e-08,2.497236933907132e-07,32004.272727272728,1.0,2025-02-10,PATRIOT MEMORY INC.,
sku_customer,sku_customer::1008537|Skyrich View (HK) Limited,1008537,교체형,intermittent,350867.0,tsb,"{'alpha': 0.1, 'beta': 0.2}",2.0779833873660446e-11,8.855405346771015e-11,2.0,11,6,,0.0,1.3532207268292594e-12,5.413003378862413e-12,70173.4,1.0,2024-02-26,Skyrich View (HK) Limited,
sku_customer,sku_customer::1007727|Patriot Memory Inc.,1007727,교체형,intermittent,350561.0,tsb,"{'alpha': 0.1, 'beta': 0.2}",4.3282564541376305e-14,2.695315325273912e-13,2.0,11,6,,0.0,1.1769809942004868e-15,4.884981308350689e-15,175280.5,1.0,2023-07-31,Patriot Memory Inc.,
sku_customer,"sku_customer::2015843|Hosin Global Electronics Co., Ltd",2015843,교체형,intermittent,350496.0,tsb,"{'alpha': 0.1, 'beta': 0.2}",0.0010953667455218762,0.0052217905809948525,2.0,11,6,-0.5847631037275749,0.0,3.815028389429195e-05,0.00015259240313436617,116832.0,1.0,2025-09-01,"Hosin Global Electronics Co., Ltd",
sku_customer,sku_customer::1008095|BANG TAI INTERNATIONAL LOGISTICS CO,1008095,교체형,intermittent,350381.0,sba,{'alpha': 0.05},0.05022111801771073,0.20578366228845932,2.0,11,6,0.013652508966809458,0.0,0.008580077389035991,0.033881124351776815,70076.2,1.0,2026-02-23,BANG TAI INTERNATIONAL LOGISTICS CO,
sku_customer,sku_customer::1006937|Skyrich View (HK) Limited,1006937,교체형,intermittent,350089.0,tsb,"{'alpha': 0.1, 'beta': 0.2}",7.894262548850902e-14,4.563607857534232e-13,2.0,11,6,,0.0,3.0211890438089587e-15,1.199040866595169e-14,175044.5,1.0,2023-09-04,Skyrich View (HK) Limited,
sku_customer,"sku_customer::1007870|World Pacific Industrial H.K., Ltd.",1007870,교체형,intermittent,349609.0,tsb,"{'alpha': 0.1, 'beta': 0.2}",2.613910224029761e-11,1.6295896151275475e-10,2.0,11,6,,0.0,7.102865833318274e-13,2.8412827646207006e-12,174804.5,1.0,2024-02-26,"World Pacific Industrial H.K., Ltd.",
sku_customer,sku_customer::2018964|EVERBOND ELECTRONICS LIMITED,2018964,교체형,lumpy,348437.0,tsb,"{'alpha': 0.1, 'beta': 0.2}",0.00018802602837519091,0.0009820477023340503,2.0,11,6,,0.0,3.5265858565987973e-05,0.00014105597235458678,58072.833333333336,1.0,2025-08-25,EVERBOND ELECTRONICS LIMITED,
sku_customer,sku_customer::1007914|PATRIOT MEMORY INC.,1007914,교체형,lumpy,346918.0,tsb,"{'alpha': 0.1, 'beta': 0.2}",1.1064850684668137e-05,3.537001621422341e-05,2.0,11,6,,0.0,1.0833105748769536e-06,4.333235258280332e-06,34691.8,1.0,2025-05-19,PATRIOT MEMORY INC.,
sku_customer,"sku_customer::2017780|Hosin Global Electronics Co., Ltd",2017780,교체형,lumpy,344432.0,tsb,"{'alpha': 0.1, 'beta': 0.2}",0.0010740015950572988,0.004868893510565581,2.0,11,6,-0.5847631037275749,0.0,7.672386311083303e-05,0.0003068601349429656,43054.0,1.0,2025-09-29,"Hosin Global Electronics Co., Ltd",
sku_customer,sku_customer::1008923|PATRIOT MEMORY INC.,1008923,교체형,lumpy,339437.0,tsb,"{'alpha': 0.1, 'beta': 0.2}",1.7544517847093654e-09,9.260851725880983e-09,2.0,11,6,,0.0,1.2612158930063634e-10,5.044862305680908e-10,84234.75,0.992640755132764,2024-08-12,PATRIOT MEMORY INC.,
sku_customer,"sku_customer::1008433|World Pacific Industrial H.K., Ltd.",1008433,교체형,intermittent,338500.0,tsb,"{'alpha': 0.1, 'beta': 0.2}",2.3670230066819266e-11,9.551214349233806e-11,2.0,11,6,,0.0,1.1140660407174697e-12,4.456435220845378e-12,67700.0,1.0,2024-03-04,"World Pacific Industrial H.K., Ltd.",
sku_customer,sku_customer::1008760|ALL-THE-WAY EXPRESS LIMITED,1008760,교체형,intermittent,337539.0,tsb,"{'alpha': 0.1, 'beta': 0.2}",6.474338379970014e-06,3.9944681246922754e-05,2.0,11,6,,0.0,3.4563291431135654e-07,1.3825309403969754e-06,168769.5,1.0,2025-04-07,ALL-THE-WAY EXPRESS LIMITED,
sku_customer,"sku_customer::1008815|G.Skill International Ent. Co., Ltd",1008815,교체형,intermittent,330121.0,sba,{'alpha': 0.05},0.028351302832454937,0.12626383424216145,2.0,11,6,0.013652508966809522,0.0,0.009323783085689949,0.03677676937441887,82530.25,1.0,2026-03-02,"G.Skill International Ent. Co., Ltd",
sku_customer,sku_customer::2017140|PATRIOT MEMORY INC.,2017140,교체형,intermittent,323245.0,tsb,"{'alpha': 0.1, 'beta': 0.2}",5.306086283440877e-09,2.971593398884221e-08,2.0,11,6,,0.0,7.871546886297686e-10,3.148618699100325e-09,107748.33333333333,1.0,2024-09-30,PATRIOT MEMORY INC.,
sku_customer,sku_customer::1009592|Ringson Limited,1009592,교체형,intermittent,323003.0,sba,{'alpha': 0.3},0.11353999457732487,0.5297951712721592,1.5531059639126266,11,6,-0.8504023635178392,0.0,0.16724251832410442,0.5190785224763801,80750.75,1.0,2026-05-25,Ringson Limited,
sku_customer,sku_customer::1008353|Patriot Memory Inc.,1008353,교체형,lumpy,309853.0,tsb,"{'alpha': 0.1, 'beta': 0.2}",0.02043852289042439,0.0928281296547336,2.0,11,6,-0.5847631037275748,0.0,0.0007555786372664272,0.0030188908797136316,61970.6,1.0,2025-12-15,Patriot Memory Inc.,
sku_customer,sku_customer::2014724|REALTECH SEMICONDUCTOR TECHNOLOGY,2014724,교체형,intermittent,307784.0,tsb,"{'alpha': 0.1, 'beta': 0.2}",2.1733988609712257e-09,1.1413309086310105e-08,2.0,11,6,,0.0,6.706810743873978e-11,2.6827251531358343e-10,102594.66666666667,1.0,2024-07-08,REALTECH SEMICONDUCTOR TECHNOLOGY,
sku_customer,"sku_customer::1009439|G.Skill International Ent. Co., Ltd",1009439,교체형,lumpy,306222.0,sba,{'alpha': 0.3},26.96921841918078,83.08952200981659,1.966044183879004,11,6,-0.4966402678605048,0.0,0.1615551070642858,0.50580528697983,76555.5,1.0,2026-05-25,"G.Skill International Ent. Co., Ltd",
sku_customer,"sku_customer::1007795|G.Skill International Ent. Co., Ltd",1007795,교체형,lumpy,303461.0,tsb,"{'alpha': 0.1, 'beta': 0.2}",5.824700558616026e-07,2.825495662430853e-06,2.0,11,6,,0.0,8.047476594999036e-08,3.218990249909126e-07,60692.2,1.0,2025-03-03,"G.Skill International Ent. Co., Ltd",
sku_customer,"sku_customer::1007641|Hosin Global Electronics Co., Ltd",1007641,교체형,intermittent,302529.0,tsb,"{'alpha': 0.1, 'beta': 0.2}",4.7324886818339665e-08,2.0177622119599175e-07,2.0,11,6,,0.0,2.9827962341820676e-09,1.1931184928926086e-08,75632.25,1.0,2024-11-04,"Hosin Global Electronics Co., Ltd",
sku_customer,"sku_customer::1006395|HONGKONG SHICHUANGYI CO., LIMITED",1006395,교체형,intermittent,300467.0,tsb,"{'alpha': 0.1, 'beta': 0.2}",3.627112797669482e-08,2.1883043918178654e-07,2.0,11,6,,0.0,1.7507763981046915e-09,7.003105650937869e-09,150233.5,1.0,2024-10-21,"HONGKONG SHICHUANGYI CO., LIMITED",
sku_customer,"sku_customer::1009592|PATRIOT?MEMORY?CO.,?LIMITED",1009592,교체형,intermittent,300072.0,tsb,"{'alpha': 0.1, 'beta': 0.2}",2.5377542750208777,18.29969083255877,1.6578176493818777,11,6,-0.9998238586516541,0.0,0.069608669184,0.2506881163486646,150036.0,1.0,2026-04-27,"PATRIOT?MEMORY?CO.,?LIMITED",
sku_customer,sku_customer::1006360|PNG HK LTD,1006360,교체형,intermittent,297221.0,tsb,"{'alpha': 0.1, 'beta': 0.2}",6.957305864288428e-10,1.7266635072161921e-09,2.0,11,6,,0.0,5.347421440476809e-11,2.138969001919122e-10,22863.153846153848,1.0,2024-07-01,PNG HK LTD,
sku_customer,sku_customer::1007727|REALTECH SEMICONDUCTOR TECHNOLOGY,1007727,교체형,intermittent,295133.0,tsb,"{'alpha': 0.1, 'beta': 0.2}",3.537536886570128e-09,1.900751133590497e-08,2.0,11,6,,0.0,2.6916099944026625e-10,1.0766441072007638e-09,98377.66666666667,1.0,2024-09-02,REALTECH SEMICONDUCTOR TECHNOLOGY,
sku_customer,sku_customer::2016908|Skyrich View (HK) Limited,2016908,교체형,lumpy,293072.0,tsb,"{'alpha': 0.1, 'beta': 0.2}",9.003111308727099e-12,4.927939023213782e-11,2.0,11,6,,0.0,2.9350289030017506e-13,1.1741718708435656e-12,73268.0,1.0,2024-01-29,Skyrich View (HK) Limited,
sku_customer,sku_customer::2018627|Eternal International (HK) Ltd.,2018627,교체형,intermittent,290025.0,tsb,"{'alpha': 0.1, 'beta': 0.2}",0.0017607672995184481,0.008470671757070529,2.0,11,6,-0.5847631037275749,0.0,8.97394778960146e-05,0.00035890959543150025,96675.0,1.0,2025-09-29,Eternal International (HK) Ltd.,
sku_customer,"sku_customer::1008432|World Pacific Industrial H.K., Ltd.",1008432,교체형,intermittent,288448.0,tsb,"{'alpha': 0.1, 'beta': 0.2}",2.7346405580569447e-10,9.621526798947725e-10,2.0,11,6,,0.0,1.6246932613468428e-11,6.498757088024831e-11,48074.666666666664,1.0,2024-06-03,"World Pacific Industrial H.K., Ltd.",
sku_customer,sku_customer::2016351|PATRIOT MEMORY INC.,2016351,교체형,intermittent,281335.0,tsb,"{'alpha': 0.1, 'beta': 0.2}",8.04390603344298e-09,2.9206400919761574e-08,2.0,11,6,,0.0,4.4578473939483116e-10,1.7831389698130806e-09,56267.0,1.0,2024-09-02,PATRIOT MEMORY INC.,
sku_customer,sku_customer::1008551|REALTECH SEMICONDUCTOR TECHNOLOGY,1008551,교체형,intermittent,278293.0,tsb,"{'alpha': 0.1, 'beta': 0.2}",4.134129087084127e-08,1.6283569429856434e-07,2.0,11,6,,0.0,1.8305780847369567e-09,7.322312534085995e-09,46382.166666666664,1.0,2024-11-04,REALTECH SEMICONDUCTOR TECHNOLOGY,
sku_customer,sku_customer::2016864|PATRIOT MEMORY INC.,2016864,교체형,lumpy,274398.0,tsb,"{'alpha': 0.1, 'beta': 0.2}",1.3507934469709236e-06,3.6759479024428578e-06,2.0,11,6,,0.0,1.5130884356868742e-07,6.052352369279035e-07,19599.85714285714,1.0,2025-03-17,PATRIOT MEMORY INC.,
sku_customer,sku_customer::1008760|Ringson Limited,1008760,교체형,lumpy,273244.0,tsb,"{'alpha': 0.1, 'beta': 0.2}",0.0002092117836088255,0.0014498007853970525,2.0,11,6,,0.0,2.1544154264009135e-05,8.617383219267083e-05,91081.33333333333,1.0,2025-08-25,Ringson Limited,
sku_customer,sku_customer::1009221|TEC LOGISTICS COMPANY,1009221,교체형,lumpy,270000.0,tsb,"{'alpha': 0.1, 'beta': 0.2}",9.314812983336531e-07,6.7535286303963205e-06,2.0,11,6,,0.0,1.0485074543594977e-07,4.194029157300605e-07,135000.0,1.0,2025-03-10,TEC LOGISTICS COMPANY,
sku_customer,sku_customer::2014723|REALTECH SEMICONDUCTOR TECHNOLOGY,2014723,교체형,intermittent,264020.0,tsb,"{'alpha': 0.1, 'beta': 0.2}",9.965509132817524e-10,6.687062384064327e-09,2.0,11,6,,0.0,2.632738791205003e-11,1.0530953886700445e-10,132010.0,1.0,2024-06-17,REALTECH SEMICONDUCTOR TECHNOLOGY,
sku_customer,sku_customer::1008094|Eudar Technology Inc.,1008094,교체형,intermittent,259543.0,tsb,"{'alpha': 0.1, 'beta': 0.2}",1.8183958437077568e-10,8.708830337796493e-10,2.0,11,6,,0.0,6.900232434181855e-12,2.7601032570601092e-11,86514.33333333333,1.0,2024-04-29,Eudar Technology Inc.,
sku_customer,sku_customer::1009303|ALL-THE-WAY EXPRESS LIMITED,1009303,교체형,lumpy,259309.0,tsb,"{'alpha': 0.2, 'beta': 0.05}",5.908905550737412,31.859230368240457,1.9846101195111394,11,6,0.004001071677604816,0.0,0.052616940579616175,0.1944315318068719,51861.8,1.0,2026-04-27,ALL-THE-WAY EXPRESS LIMITED,
sku_customer,"sku_customer::2016871|World Pacific Industrial H.K., Ltd.",2016871,교체형,intermittent,255958.0,tsb,"{'alpha': 0.1, 'beta': 0.2}",1.012138146279652e-13,6.868691377831461e-13,2.0,11,6,,0.0,2.668278025201532e-15,1.0658141036401503e-14,127979.0,1.0,2023-09-04,"World Pacific Industrial H.K., Ltd.",
sku_customer,"sku_customer::1009218|HONGKONG SHICHUANGYI CO., LIMITED",1009218,교체형,lumpy,255923.0,tsb,"{'alpha': 0.1, 'beta': 0.2}",9.370700341845198e-06,7.484143010034501e-05,2.0,11,6,,0.0,1.9838045900547817e-06,7.935194747288321e-06,127961.5,1.0,2025-06-09,"HONGKONG SHICHUANGYI CO., LIMITED",
sku_customer,sku_customer::2017144|Patriot Memory Inc.,2017144,교체형,intermittent,255727.0,tsb,"{'alpha': 0.1, 'beta': 0.2}",2.215989795869584e-14,1.365615137126005e-13,2.0,11,6,,0.0,1.1769809942004868e-15,4.884981308350689e-15,127863.5,1.0,2023-07-31,Patriot Memory Inc.,
sku_customer,"sku_customer::1009491|G.Skill International Ent. Co., Ltd",1009491,교체형,lumpy,254208.0,tsb,"{'alpha': 0.2, 'beta': 0.05}",2.4123873197884174,9.902721877899689,1.8239333654044856,11,6,0.6461061787443584,0.0,0.16495391991314282,0.5137699823420678,42368.0,1.0,2026-05-25,"G.Skill International Ent. Co., Ltd",
sku_customer,sku_customer::2018356|BANG TAI INTERNATIONAL LOGISTICS CO,2018356,교체형,intermittent,254193.0,tsb,"{'alpha': 0.2, 'beta': 0.05}",0.5705256330488581,1.614308052768534,0.7630741872445533,11,6,-0.4854347251410841,0.0,0.18494783706487367,0.5586921862931074,18156.64285714286,1.0,2026-05-11,BANG TAI INTERNATIONAL LOGISTICS CO,
sku_customer,sku_customer::1007320|ALL-THE-WAY EXPRESS LIMITED,1007320,교체형,intermittent,252298.0,tsb,"{'alpha': 0.1, 'beta': 0.2}",8.44213184500777e-06,4.931032258920984e-05,2.0,11,6,,0.0,3.4563291431135654e-07,1.3825309403969754e-06,126149.0,1.0,2025-04-07,ALL-THE-WAY EXPRESS LIMITED,
sku_customer,"sku_customer::1007641|World Pacific Industrial H.K., Ltd.",1007641,교체형,intermittent,251493.0,tsb,"{'alpha': 0.1, 'beta': 0.2}",1.0665337573759225e-14,7.098806133576393e-14,2.0,11,6,,0.0,7.931078088800248e-16,3.1086244689504383e-15,125746.5,1.0,2023-07-03,"World Pacific Industrial H.K., Ltd.",
sku_customer,sku_customer::1008094|GOLDKEY TECHNOLOGY CORPORATION,1008094,교체형,intermittent,251115.0,croston,{'alpha': 0.2},0.48253904190719416,2.2586580092110466,1.8122701212025838,11,6,0.002624316030155432,0.0,0.0524296438303572,0.19379430232233075,83705.0,1.0,2026-04-27,GOLDKEY TECHNOLOGY CORPORATION,
sku_customer,sku_customer::1008417|REALTECH SEMICONDUCTOR TECHNOLOGY,1008417,교체형,smooth,250976.0,tsb,"{'alpha': 0.1, 'beta': 0.2}",3.9139749492735445e-05,0.0002858274222555428,2.0,11,6,,0.0,1.0775359271774867e-06,4.310136742069481e-06,125488.0,1.0,2025-05-05,REALTECH SEMICONDUCTOR TECHNOLOGY,
sku_customer,sku_customer::1008432|Skyrich View (HK) Limited,1008432,교체형,intermittent,250401.0,tsb,"{'alpha': 0.1, 'beta': 0.2}",1.6873144031084744e-11,6.17132453380154e-11,2.0,11,6,,0.0,9.792342676170718e-13,3.916866830877552e-12,41733.5,1.0,2024-02-26,Skyrich View (HK) Limited,
sku_customer,sku_customer::1008279|Eudar Technology Inc.,1008279,교체형,intermittent,248113.0,tsb,"{'alpha': 0.1, 'beta': 0.2}",1.6625040171971402e-09,4.08334155114093e-09,2.0,11,6,,0.0,1.4100689756360605e-10,5.64027491378738e-10,17722.35714285714,1.0,2024-08-05,Eudar Technology Inc.,
sku_customer,sku_customer::2018626|ALL-THE-WAY EXPRESS LIMITED,2018626,교체형,lumpy,246340.0,sba,{'alpha': 0.1},35556.11925768428,20536.666666666668,1.3333333333333333,10,6,,0.0,0.2624,0.7040055062298624,123170.0,1.0,2026-06-01,ALL-THE-WAY EXPRESS LIMITED,
sku_customer,sku_customer::1008053|REALTECH SEMICONDUCTOR TECHNOLOGY L,1008053,교체형,intermittent,243935.0,tsb,"{'alpha': 0.1, 'beta': 0.2}",0.016421913604588865,0.08006711782618715,2.0,11,6,-0.5847631037275748,0.0,0.0006483136789607558,0.0025907339418810293,60983.75,1.0,2025-12-01,REALTECH SEMICONDUCTOR TECHNOLOGY L,
sku_customer,sku_customer::1009131|Patriot Memory Inc.,1009131,교체형,intermittent,242616.0,tsb,"{'alpha': 0.2, 'beta': 0.05}",0.6595551392177934,2.593099726100393,1.5209683917955414,11,6,-0.15493092588525742,0.0,0.15946584182247153,0.5008610407822652,30327.0,1.0,2026-05-25,Patriot Memory Inc.,
sku_customer,sku_customer::1009201|TEC LOGISTICS COMPANY,1009201,교체형,intermittent,242509.0,sba,{'alpha': 0.3},0.07416074886535688,0.38498124840660397,2.0,11,6,0.12788454702934093,0.0,0.01718081077141695,0.06697236014638042,60627.25,1.0,2026-03-23,TEC LOGISTICS COMPANY,
sku_customer,"sku_customer::2014723|World Pacific Industrial H.K., Ltd.",2014723,교체형,intermittent,242301.0,tsb,"{'alpha': 0.1, 'beta': 0.2}",2.2596327621036888e-10,7.643374465191034e-10,2.0,11,6,,0.0,1.4468633198108256e-11,5.787459400607986e-11,40383.5,1.0,2024-06-03,"World Pacific Industrial H.K., Ltd.",
sku_customer,sku_customer::1008433|Skyrich View (HK) Limited,1008433,교체형,intermittent,241027.0,tsb,"{'alpha': 0.1, 'beta': 0.2}",1.5132660872301038e-11,6.415624191336584e-11,2.0,11,6,,0.0,9.529823264073739e-13,3.8120617773529375e-12,48205.4,1.0,2024-02-26,Skyrich View (HK) Limited,
sku_customer,"sku_customer::1007506|G.Skill International Ent. Co., Ltd",1007506,교체형,intermittent,240798.0,tsb,"{'alpha': 0.1, 'beta': 0.2}",5.1667355898897076e-06,2.458041590568493e-05,2.0,11,6,,0.0,2.452011668573841e-07,9.808043065495653e-07,60199.5,1.0,2025-04-07,"G.Skill International Ent. Co., Ltd",
sku_customer,sku_customer::2018695|BANG TAI INTERNATIONAL LOGISTICS CO,2018695,교체형,intermittent,235200.0,tsb,"{'alpha': 0.1, 'beta': 0.2}",1.2410472901336633,4.650083702837434,0.7903007989396834,11,6,-0.49009342575161813,0.0,0.36267624515112296,0.8350165334152084,26133.333333333332,1.0,2026-05-25,BANG TAI INTERNATIONAL LOGISTICS CO,
sku_customer,sku_customer::2018035|EACHAIN HONGKONG LIMITED,2018035,교체형,intermittent,231313.0,sba,{'alpha': 0.05},0.03862312911257983,0.23810689735458124,2.0,11,6,-0.9761295443677381,0.0,0.028511710897766402,0.1092613874990701,115656.5,1.0,2026-03-30,EACHAIN HONGKONG LIMITED,
sku_customer,"sku_customer::1007584|XINRONGDA CO., Limited",1007584,교체형,lumpy,231045.0,tsb,"{'alpha': 0.1, 'beta': 0.2}",1.7118195283252818e-08,1.323347118995676e-07,2.0,11,6,,0.0,2.8376352507802446e-09,1.1350540951582389e-08,115522.5,1.0,2024-11-18,"XINRONGDA CO., Limited",
sku_customer,sku_customer::1007945|EVERBOND ELECTRONICS LIMITED,1007945,교체형,lumpy,230559.0,tsb,"{'alpha': 0.1, 'beta': 0.2}",1.8627520740104608e-05,0.00014724903162209886,2.0,11,6,,0.0,3.6323967535420343e-06,1.4529507848304313e-05,115279.5,1.0,2025-06-30,EVERBOND ELECTRONICS LIMITED,
sku_customer,sku_customer::1008551|BANG TAI INTERNATIONAL LOGISTICS CO,1008551,교체형,intermittent,230154.0,sba,{'alpha': 0.05},0.03512508595080062,0.16645894617739102,2.0,11,6,0.013652508966809472,0.0,0.009323783085689949,0.03677676937441887,57538.5,1.0,2026-03-02,BANG TAI INTERNATIONAL LOGISTICS CO,
sku_customer,sku_customer::1009974|BANG TAI INTERNATIONAL LOGISTICS CO,1009974,교체형,lumpy,230064.0,sba,{'alpha': 0.3},0.053082766956301035,0.40869765211050924,2.0,11,6,-0.7721410186221598,0.0,0.03783866187776001,0.14297871575163346,115032.0,1.0,2026-04-06,BANG TAI INTERNATIONAL LOGISTICS CO,
sku_customer,"sku_customer::1008414|XINRONGDA CO., Limited",1008414,교체형,lumpy,226516.0,tsb,"{'alpha': 0.1, 'beta': 0.2}",2.2351950441735515e-08,1.582760905026818e-07,2.0,11,6,,0.0,2.9012926250407002e-09,1.1605170602280168e-08,75505.33333333333,1.0,2024-11-18,"XINRONGDA CO., Limited",
sku_customer,"sku_customer::1006360|Hosin Global Electronics Co., Ltd",1006360,교체형,intermittent,220266.0,tsb,"{'alpha': 0.1, 'beta': 0.2}",1.8812038344145545e-08,5.327355754433176e-08,2.0,11,6,,0.0,1.096599990875378e-09,4.386400132005974e-09,22026.6,1.0,2024-10-07,"Hosin Global Electronics Co., Ltd",
sku_customer,"sku_customer::1008053|G.SKILL INTERNATIONAL ENT. CO., LTD",1008053,교체형,intermittent,220091.0,tsb,"{'alpha': 0.1, 'beta': 0.2}",0.00715876758590268,0.043594145845123826,2.0,11,6,-0.5847631037275748,0.0,0.00019807040629891103,0.0007920462649617654,110045.5,1.0,2025-11-03,"G.SKILL INTERNATIONAL ENT. CO., LTD",
sku_customer,sku_customer::1009404|TEC LOGISTICS COMPANY,1009404,교체형,lumpy,219402.0,tsb,"{'alpha': 0.1, 'beta': 0.2}",0.029819906996651428,0.2010502774450951,2.0,11,6,-0.5702256351006257,0.0,0.0009544977660108905,0.003812528145743288,54850.5,1.0,2025-12-15,TEC LOGISTICS COMPANY,
sku_customer,sku_customer::2019619|SF Supply Chain (Hong Kong) Limited,2019619,교체형,intermittent,217766.0,sba,{'alpha': 0.3},0.05647912954933238,0.39323367241681595,2.0,11,6,0.010219327892451691,0.0,0.013877420039277128,0.05436483655620683,108883.0,1.0,2026-03-09,SF Supply Chain (Hong Kong) Limited,
sku_customer,"sku_customer::1006119|G.Skill International Ent. Co., Ltd",1006119,교체형,lumpy,216802.0,tsb,"{'alpha': 0.1, 'beta': 0.2}",7.502879063378538e-07,3.346944839377412e-06,2.0,11,6,,0.0,8.085478060364884e-08,3.2341908340338676e-07,30971.714285714286,1.0,2025-03-03,"G.Skill International Ent. Co., Ltd",
sku_customer,sku_customer::1008815|GOLDKEY TECHNOLOGY CORPORATION,1008815,교체형,lumpy,216104.0,tsb,"{'alpha': 0.1, 'beta': 0.2}",2.919748512024227,7.198113735287589,1.9998960653098086,11,6,5.0,0.0,0.20023554400194285,0.5908821811108431,54026.0,1.0,2026-06-08,GOLDKEY TECHNOLOGY CORPORATION,
sku_customer,sku_customer::1007583|Leadmax Technology International,1007583,교체형,lumpy,215313.0,tsb,"{'alpha': 0.1, 'beta': 0.2}",1.689076720916276e-07,9.843855265812385e-07,2.0,11,6,,0.0,5.426525708084418e-09,2.1706102470986366e-08,53828.25,1.0,2024-12-02,Leadmax Technology International,
sku_customer,sku_customer::1007727|PATRIOT MEMORY INC.,1007727,교체형,intermittent,214391.0,tsb,"{'alpha': 0.1, 'beta': 0.2}",5.929641980036657e-07,2.9867058985357917e-06,2.0,11,6,,0.0,4.1139588193117627e-08,1.645583426190811e-07,53597.75,1.0,2025-02-10,PATRIOT MEMORY INC.,
sku_customer,"sku_customer::2017140|G.Skill International Ent. Co., Ltd",2017140,교체형,intermittent,214057.0,tsb,"{'alpha': 0.1, 'beta': 0.2}",3.82564967520633e-06,1.3749457705726413e-05,2.0,11,6,,0.0,3.7530716469789657e-07,1.5012278136161683e-06,30579.571428571428,1.0,2025-04-07,"G.Skill International Ent. Co., Ltd",
sku_customer,sku_customer::2016908|PATRIOT MEMORY INC.,2016908,교체형,intermittent,212870.0,tsb,"{'alpha': 0.1, 'beta': 0.2}",4.347971530245204e-06,1.3053876959760002e-05,2.0,11,6,,0.0,4.577487464942802e-07,1.8309937286353772e-06,21287.0,1.0,2025-04-14,PATRIOT MEMORY INC.,
sku_customer,sku_customer::1006004|Eternal International (HK) Ltd.,1006004,교체형,lumpy,212693.0,tsb,"{'alpha': 0.1, 'beta': 0.2}",0.002490009369009213,0.017445748334133742,2.0,11,6,-0.5847631037275749,0.0,6.538261558821214e-05,0.0002615048141522136,106346.5,1.0,2025-09-29,Eternal International (HK) Ltd.,
sku_customer,sku_customer::2014724|PATRIOT MEMORY INC.,2014724,교체형,intermittent,212196.0,tsb,"{'alpha': 0.1, 'beta': 0.2}",1.013460541415354e-06,3.595168489811259e-06,2.0,11,6,,0.0,5.97983926907147e-08,2.391935493006869e-07,30313.714285714286,1.0,2025-02-10,PATRIOT MEMORY INC.,
sku_customer,sku_customer::1009440|YHG SUPPLY CHAIN (HONG KONG),1009440,교체형,intermittent,209975.0,tsb,"{'alpha': 0.1, 'beta': 0.1}",1.9341343272802227,11.62672024927682,1.1860395132751427,11,6,-0.2672573822299932,0.0,0.17354591970189642,0.5334750095205132,69991.66666666667,1.0,2026-05-25,YHG SUPPLY CHAIN (HONG KONG),
sku_customer,sku_customer::1007544|EVERBOND ELECTRONICS LIMITED,1007544,교체형,intermittent,208978.0,tsb,"{'alpha': 0.1, 'beta': 0.2}",2.5290369181959492e-05,9.828766260609615e-05,2.0,11,6,,0.0,1.3001183353865968e-06,5.200463199850347e-06,41795.6,1.0,2025-05-12,EVERBOND ELECTRONICS LIMITED,
sku_customer,"sku_customer::2014722|G.Skill International Ent. Co., Ltd",2014722,교체형,intermittent,208468.0,tsb,"{'alpha': 0.1, 'beta': 0.2}",6.305928013709002e-06,3.0223504089966802e-05,2.0,11,6,,0.0,3.4239615542571947e-07,1.3695839182759073e-06,69489.33333333333,1.0,2025-04-07,"G.Skill International Ent. Co., Ltd",
sku_customer,sku_customer::1007727|Skyrich View (HK) Limited,1007727,교체형,lumpy,205689.0,tsb,"{'alpha': 0.1, 'beta': 0.2}",4.482032774088362e-14,3.1374590214597223e-13,2.0,11,6,,0.0,1.1769809942004868e-15,4.884981308350689e-15,102844.5,1.0,2023-07-31,Skyrich View (HK) Limited,
sku_customer,sku_customer::1009136|TEC LOGISTICS COMPANY,1009136,교체형,intermittent,205183.0,tsb,"{'alpha': 0.1, 'beta': 0.2}",2.406399361750149e-05,0.00010398054319466308,2.0,11,6,,0.0,9.42513753670543e-07,3.7700496848813714e-06,51295.75,1.0,2025-05-19,TEC LOGISTICS COMPANY,
sku_customer,"sku_customer::2016908|G.Skill International Ent. Co., Ltd",2016908,교체형,intermittent,204495.0,tsb,"{'alpha': 0.1, 'beta': 0.2}",3.6625218640659163e-06,9.396037146264198e-06,2.0,11,6,,0.0,2.980036314014586e-07,1.1920139929566531e-06,18590.454545454544,1.0,2025-03-31,"G.Skill International Ent. Co., Ltd",
sku_customer,"sku_customer::1008279|HONGKONG SHICHUANGYI CO., LIMITED",1008279,교체형,intermittent,200916.0,tsb,"{'alpha': 0.1, 'beta': 0.2}",9.520488393307869e-06,5.448628834971761e-05,2.0,11,6,,0.0,3.199790815140991e-07,1.279915711971391e-06,100458.0,1.0,2025-04-14,"HONGKONG SHICHUANGYI CO., LIMITED",
sku_customer,sku_customer::1009592|GOLDKEY TECHNOLOGY CORPORATION,1009592,교체형,intermittent,199637.0,tsb,"{'alpha': 0.1, 'beta': 0.2}",16865.133405662615,10437.361087490102,1.542686655077049,10,6,,0.0,0.3548288,0.8267393696228946,66545.66666666667,1.0,2026-06-08,GOLDKEY TECHNOLOGY CORPORATION,
sku_customer,sku_customer::1008409|Skyrich View (HK) Limited,1008409,교체형,intermittent,196495.0,tsb,"{'alpha': 0.1, 'beta': 0.2}",1.1786382395683424e-11,5.681172380790966e-11,2.0,11,6,,0.0,4.026804973939184e-13,1.6107115641261771e-12,49123.75,1.0,2024-01-29,Skyrich View (HK) Limited,
sku_customer,"sku_customer::2017822|World Pacific Industrial H.K., Ltd.",2017822,교체형,intermittent,196475.0,tsb,"{'alpha': 0.1, 'beta': 0.2}",2.117270336579352e-13,1.2120383768765588e-12,2.0,11,6,,0.0,7.240688810044839e-15,2.886579864025407e-14,98237.5,1.0,2023-10-02,"World Pacific Industrial H.K., Ltd.",
sku_customer,sku_customer::1008056|REALTECH SEMICONDUCTOR TECHNOLOGY,1008056,교체형,intermittent,196376.0,tsb,"{'alpha': 0.1, 'beta': 0.2}",3.0990105216748753e-10,1.52489686411218e-09,2.0,11,6,,0.0,1.005961771287584e-11,4.0238479215304324e-11,65458.666666666664,1.0,2024-05-06,REALTECH SEMICONDUCTOR TECHNOLOGY,
sku_customer,sku_customer::2016048|PATRIOT MEMORY INC.,2016048,교체형,intermittent,195631.0,tsb,"{'alpha': 0.1, 'beta': 0.2}",6.349838079646587e-08,3.6455332368508877e-07,2.0,11,6,,0.0,2.2835358008155323e-09,9.134143219569069e-09,97815.5,1.0,2024-11-04,PATRIOT MEMORY INC.,
sku_customer,sku_customer::1008551|PATRIOT MEMORY INC.,1008551,교체형,lumpy,194101.0,tsb,"{'alpha': 0.1, 'beta': 0.2}",0.00017399898678307186,0.0013150647050481845,2.0,11,6,,0.0,2.8046061553524622e-05,0.00011217952681275012,64700.333333333336,1.0,2025-09-01,PATRIOT MEMORY INC.,
sku_customer,sku_customer::2016864|Skyrich View (HK) Limited,2016864,교체형,intermittent,194090.0,tsb,"{'alpha': 0.1, 'beta': 0.2}",2.6723024269556778e-11,1.0164860791170377e-10,2.0,11,6,,0.0,1.3970169192094525e-12,5.587974527543338e-12,32348.333333333332,1.0,2024-02-26,Skyrich View (HK) Limited,
sku_customer,"sku_customer::2018609|Hosin Global Electronics Co., Ltd",2018609,교체형,lumpy,192350.0,tsb,"{'alpha': 0.1, 'beta': 0.2}",0.001255571420121174,0.006509890439538053,2.0,11,6,-0.5847631037275748,0.0,4.372627302075195e-05,0.00017489362049560864,48087.5,1.0,2025-09-01,"Hosin Global Electronics Co., Ltd",
sku_customer,sku_customer::1007757|UNIFORTUNE (HK) COMPANY LIMITED,1007757,교체형,lumpy,190854.0,tsb,"{'alpha': 0.1, 'beta': 0.2}",6.380076493329031e-13,4.768963682778572e-12,2.0,11,6,,0.0,1.6727604261038227e-14,6.705747068735946e-14,95427.0,1.0,2023-10-30,UNIFORTUNE (HK) COMPANY LIMITED,
sku_customer,sku_customer::1008923|Eternal International (HK) Ltd.,1008923,교체형,lumpy,186815.0,tsb,"{'alpha': 0.1, 'beta': 0.2}",0.00010584895868355253,0.0008556006224360401,2.0,11,6,,0.0,2.4835767164329203e-05,9.933936782635655e-05,93407.5,1.0,2025-08-25,Eternal International (HK) Ltd.,
sku_customer,sku_customer::1008551|Skyrich View (HK) Limited,1008551,교체형,intermittent,182589.0,tsb,"{'alpha': 0.1, 'beta': 0.2}",3.2706701150719815e-11,1.3392939317219396e-10,2.0,11,6,,0.0,1.4462970882397381e-12,5.785150136716766e-12,36517.8,1.0,2024-02-26,Skyrich View (HK) Limited,
sku_customer,sku_customer::1008656|Skyrich View (HK) Limited,1008656,교체형,lumpy,181464.0,tsb,"{'alpha': 0.1, 'beta': 0.2}",6.646965702593457e-12,3.961291041343143e-11,2.0,11,6,,0.0,1.1078455263821148e-12,4.431566225093775e-12,45366.0,1.0,2024-02-26,Skyrich View (HK) Limited,
sku_customer,"sku_customer::1006360|World Pacific Industrial H.K., Ltd.",1006360,교체형,intermittent,180703.0,tsb,"{'alpha': 0.1, 'beta': 0.2}",4.103374556523904e-10,1.3989904042406567e-09,2.0,11,6,,0.0,2.1468381391052456e-11,8.587353050870661e-11,25814.714285714286,1.0,2024-06-03,"World Pacific Industrial H.K., Ltd.",
sku_customer,"sku_customer::2018611|Hosin Global Electronics Co., Ltd",2018611,교체형,lumpy,179707.0,tsb,"{'alpha': 0.1, 'beta': 0.2}",0.004282044057459778,0.020448520175210396,2.0,11,6,-0.5847631037275749,0.0,0.000562284100882675,0.002247240134064632,35941.4,1.0,2025-11-17,"Hosin Global Electronics Co., Ltd",
sku_customer,sku_customer::2017773|PINE INFO CO LTD,2017773,교체형,lumpy,177378.0,sba,{'alpha': 0.05},0.102599743859424,0.21452405301632727,2.0,11,6,0.21433304976995743,0.0,0.0,0.0,0.0,0.0,,PINE INFO CO LTD,
sku_customer,sku_customer::2016864|Patriot Memory Inc.,2016864,교체형,intermittent,176524.0,tsb,"{'alpha': 0.1, 'beta': 0.2}",8.04373651759901e-14,4.900486312463963e-13,2.0,11,6,,0.0,2.224650874142201e-15,8.881784197001252e-15,88262.0,1.0,2023-08-28,Patriot Memory Inc.,
sku_customer,"sku_customer::1007570|XINRONGDA CO., Limited",1007570,교체형,lumpy,174573.0,tsb,"{'alpha': 0.1, 'beta': 0.2}",7.965746289082206e-07,5.65521053801702e-06,2.0,11,6,,0.0,8.035758216008436e-08,3.214302898291166e-07,87286.5,1.0,2025-03-03,"XINRONGDA CO., Limited",
sku_customer,"sku_customer::2014724|World Pacific Industrial H.K., Ltd.",2014724,교체형,intermittent,171550.0,tsb,"{'alpha': 0.1, 'beta': 0.2}",1.1458753950383519e-11,4.546040343677584e-11,2.0,11,6,,0.0,1.1150883057426724e-12,4.460432023734029e-12,34310.0,1.0,2024-03-04,"World Pacific Industrial H.K., Ltd.",
sku_customer,sku_customer::2019670|REALTECH SEMICONDUCTOR TECHNOLOGY L,2019670,교체형,intermittent,171401.0,tsb,"{'alpha': 0.2, 'beta': 0.05}",0.5607160098717728,2.070422871128098,0.6969156623039391,11,6,-0.26091788375274383,0.0,0.16947478672012004,0.5242144088220604,24485.85714285714,1.0,2026-05-18,REALTECH SEMICONDUCTOR TECHNOLOGY L,
sku_customer,sku_customer::1009440|Patriot Memory Inc.,1009440,교체형,intermittent,170790.0,sba,{'alpha': 0.15},0.03138705421442051,0.1253278056937536,0.9496675001518314,11,6,-0.9676538301079024,0.0,0.13174630461030187,0.4316883464609469,28465.0,1.0,2026-05-18,Patriot Memory Inc.,
sku_customer,sku_customer::1008815|GoldKey Technology Corporation,1008815,교체형,intermittent,169667.0,sba,{'alpha': 0.3},0.05860266334147453,0.38728461042737955,2.0,11,6,-0.8271477319692823,0.0,0.014227465675045858,0.05570681678757472,84833.5,1.0,2026-03-16,GoldKey Technology Corporation,
sku_customer,"sku_customer::1006661|World Pacific Industrial H.K., Ltd.",1006661,교체형,lumpy,166460.0,tsb,"{'alpha': 0.1, 'beta': 0.2}",3.025858949607058e-14,2.2211894160301716e-13,2.0,11,6,,0.0,7.931078088800248e-16,3.1086244689504383e-15,83230.0,1.0,2023-07-03,"World Pacific Industrial H.K., Ltd.",
sku_customer,"sku_customer::1007941|HONGKONG SHICHUANGYI CO., LIMITED",1007941,교체형,lumpy,164847.0,sba,{'alpha': 0.05},0.007755292700105738,0.06633750214739954,2.0,11,6,0.013652508966809597,0.0,0.0024547125442186337,0.009782755623115702,41211.75,1.0,2026-01-12,"HONGKONG SHICHUANGYI CO., LIMITED",
sku_customer,"sku_customer::2016908|World Pacific Industrial H.K., Ltd.",2016908,교체형,intermittent,164282.0,tsb,"{'alpha': 0.1, 'beta': 0.2}",3.201192103349025e-10,1.3295018034956803e-09,2.0,11,6,,0.0,1.5424378501382798e-11,6.16973139244692e-11,32856.4,1.0,2024-06-03,"World Pacific Industrial H.K., Ltd.",
sku_customer,sku_customer::1007368|KC Int'L (HK) Ltd,1007368,교체형,intermittent,161893.0,tsb,"{'alpha': 0.1, 'beta': 0.2}",3.580232891287413e-10,1.1476207246239881e-09,2.0,11,6,,0.0,2.0553770414569644e-11,8.221512359796179e-11,23127.571428571428,1.0,2024-06-03,KC Int'L (HK) Ltd,
sku_customer,"sku_customer::1007506|HONGKONG SHICHUANGYI CO., LIMITED",1007506,교체형,intermittent,161348.0,tsb,"{'alpha': 0.1, 'beta': 0.2}",1.0293664658534504e-05,6.576827990923962e-05,2.0,11,6,,0.0,6.397686845906965e-07,2.5590722825263867e-06,80674.0,1.0,2025-05-05,"HONGKONG SHICHUANGYI CO., LIMITED",
sku_customer,sku_customer::1008815|REALTECH SEMICONDUCTOR TECHNOLOGY L,1008815,교체형,lumpy,159886.0,tsb,"{'alpha': 0.1, 'beta': 0.2}",0.00653882665528766,0.04368330193970185,2.0,11,6,-0.5361332798321454,0.0,0.0006939496214597336,0.002772910425874686,53295.333333333336,1.0,2025-12-01,REALTECH SEMICONDUCTOR TECHNOLOGY L,
sku_customer,sku_customer::1008168|MF WAREHOUSING & LOGISTICS,1008168,교체형,lumpy,159601.0,tsb,"{'alpha': 0.1, 'beta': 0.2}",2.979807492336487e-08,2.2712978946677042e-07,2.0,11,6,,0.0,4.496689389933471e-09,1.7986757305799017e-08,79800.5,1.0,2024-12-02,MF WAREHOUSING & LOGISTICS,
sku_customer,sku_customer::1009406|TEC LOGISTICS COMPANY,1009406,교체형,intermittent,156930.0,tsb,"{'alpha': 0.1, 'beta': 0.2}",8.70251655659559e-06,4.981360590881379e-05,2.0,11,6,,0.0,2.9659305700364813e-07,1.1863717002125185e-06,78465.0,1.0,2025-03-31,TEC LOGISTICS COMPANY,
sku_customer,"sku_customer::1009494|G.Skill International Ent. Co., Ltd",1009494,교체형,intermittent,156223.0,tsb,"{'alpha': 0.2, 'beta': 0.05}",1.7134486403215146,8.258365471703447,1.6141066826905288,11,6,-0.2714041314504264,0.0,0.1188407849942195,0.3971385005045682,31244.6,1.0,2026-05-11,"G.Skill International Ent. Co., Ltd",
sku_customer,sku_customer::2016908|GOLDKEY TECHNOLOGY CORPORATION,2016908,교체형,intermittent,156222.0,tsb,"{'alpha': 0.1, 'beta': 0.2}",5.0945267765817615e-06,1.7222961128329165e-05,2.0,11,6,,0.0,3.481516298988273e-07,1.3926057921276325e-06,22317.428571428572,1.0,2025-04-07,GOLDKEY TECHNOLOGY CORPORATION,
sku_customer,"sku_customer::1006362|Hosin Global Electronics Co., Ltd",1006362,교체형,intermittent,154659.0,tsb,"{'alpha': 0.1, 'beta': 0.2}",2.5685987478139663e-07,6.955215732168181e-07,2.0,11,6,,0.0,2.1417988953467994e-08,8.567195297626284e-08,15465.9,1.0,2025-01-20,"Hosin Global Electronics Co., Ltd",
sku_customer,sku_customer::1009592|SF Supply Chain (Hong Kong) Limited,1009592,교체형,intermittent,154623.0,croston,{'alpha': 0.1},0.6332105914696106,3.3885114060446653,1.9327583782407272,11,6,-0.08603235493410094,0.0,0.04644663962737051,0.17323895815846702,77311.5,1.0,2026-04-20,SF Supply Chain (Hong Kong) Limited,
sku_customer,sku_customer::1007983|Ringson Limited,1007983,교체형,intermittent,153258.0,tsb,"{'alpha': 0.1, 'beta': 0.2}",9.301288929138501e-06,5.5992383853544994e-05,2.0,11,6,,0.0,2.6043695100796796e-07,1.0417473970125712e-06,76629.0,1.0,2025-03-31,Ringson Limited,
sku_customer,"sku_customer::2017780|XINRONGDA CO., Limited",2017780,교체형,lumpy,153107.0,tsb,"{'alpha': 0.1, 'beta': 0.2}",7.369263979528867e-12,5.491847278096916e-11,2.0,11,6,,0.0,1.9319566166934476e-13,7.72715225139109e-13,76553.5,1.0,2024-01-22,"XINRONGDA CO., Limited",
sku_customer,sku_customer::1008432|REALTECH SEMICONDUCTOR TECHNOLOGY,1008432,교체형,intermittent,151078.0,tsb,"{'alpha': 0.1, 'beta': 0.2}",2.5950852268966156e-10,1.5633935101109324e-09,2.0,11,6,,0.0,7.259936785153576e-12,2.9039881610515295e-11,75539.0,1.0,2024-05-06,REALTECH SEMICONDUCTOR TECHNOLOGY,
sku_customer,sku_customer::2015843|Eternal International (HK) Ltd.,2015843,교체형,intermittent,150915.0,croston,{'alpha': 0.1},0.7124328339694014,4.565691040675406,1.8674135285526778,11,6,0.0030841673622855853,0.0,0.05243751122859319,0.1938210767449371,75457.5,1.0,2026-04-27,Eternal International (HK) Ltd.,
sku_customer,sku_customer::1007583|YHG SUPPLY CHAIN (HONG KONG),1007583,교체형,intermittent,150408.0,sba,{'alpha': 0.3},0.0661285420087703,0.4264716841984673,2.0,11,6,0.013652508966809482,0.0,0.0036057341972818143,0.01434511622268786,75204.0,1.0,2026-02-02,YHG SUPPLY CHAIN (HONG KONG),
sku_customer,sku_customer::1008053|LUCKY GRADE LIMITED,1008053,교체형,intermittent,150356.0,sba,{'alpha': 0.05},0.03953254803318287,0.25455392432525364,2.0,11,6,0.01365250896680942,0.0,0.003604341203533734,0.014339604292251118,75178.0,1.0,2026-02-02,LUCKY GRADE LIMITED,
sku_customer,sku_customer::1009439|BRIGHTON SKY (HONGKONG) LIMITED,1009439,교체형,intermittent,150014.0,tsb,"{'alpha': 0.1, 'beta': 0.1}",20412.00627529185,16666.967743338344,1.37042632692432,10,6,,0.0,0.28192,0.7341165388321678,75007.0,1.0,2026-06-08,BRIGHTON SKY (HONGKONG) LIMITED,
sku_customer,"sku_customer::1009432|HONGKONG SHICHUANGYI CO., LIMITED",1009432,교체형,intermittent,150000.0,tsb,"{'alpha': 0.1, 'beta': 0.2}",8.33452987358513e-06,5.0279076433692306e-05,2.0,11,6,,0.0,4.0212682992969563e-07,1.6085063495596685e-06,75000.0,1.0,2025-04-07,"HONGKONG SHICHUANGYI CO., LIMITED",
sku_customer,"sku_customer::1008551|Hosin Global Electronics Co., Ltd",1008551,교체형,intermittent,149998.0,tsb,"{'alpha': 0.1, 'beta': 0.2}",0.0139971686082573,0.06540667918301674,2.0,11,6,-0.5847631037275748,0.0,0.0005750585984932407,0.0022982510001835488,49999.333333333336,1.0,2025-12-01,"Hosin Global Electronics Co., Ltd",
sku_customer,"sku_customer::2016864|Hosin Global Electronics Co., Ltd",2016864,교체형,lumpy,149681.0,tsb,"{'alpha': 0.1, 'beta': 0.2}",1.8642677759713575e-06,6.729421958102556e-06,2.0,11,6,,0.0,1.3007985112933844e-07,5.203193029768016e-07,18710.125,1.0,2025-03-10,"Hosin Global Electronics Co., Ltd",
sku_customer,sku_customer::1009131|BANG TAI INTERNATIONAL LOGISTICS CO,1009131,교체형,intermittent,149143.0,sba,{'alpha': 0.05},0.02463292386377794,0.10626096275054742,2.0,11,6,-0.9844488958497601,0.0,0.04320420310345636,0.16193628962077466,24857.166666666668,1.0,2026-04-06,BANG TAI INTERNATIONAL LOGISTICS CO,
sku_customer,sku_customer::1006362|PNG HK LTD,1006362,교체형,intermittent,149069.0,tsb,"{'alpha': 0.1, 'beta': 0.2}",6.420641181033518e-10,1.6409911738756743e-09,2.0,11,6,,0.0,5.3457601152174433e-11,2.138302868104347e-10,13551.727272727272,1.0,2024-07-01,PNG HK LTD,
sku_customer,"sku_customer::1008353|World Pacific Industrial H.K., Ltd.",1008353,교체형,intermittent,148303.0,tsb,"{'alpha': 0.1, 'beta': 0.2}",1.6459222282264916e-14,9.926473269749613e-14,2.0,11,6,,0.0,7.931078088800248e-16,3.1086244689504383e-15,74151.5,1.0,2023-07-03,"World Pacific Industrial H.K., Ltd.",
sku_customer,sku_customer::2016048|GOLDKEY TECHNOLOGY CORPORATION,2016048,교체형,intermittent,147956.0,tsb,"{'alpha': 0.1, 'beta': 0.2}",2.9460144915233046e-06,1.3946645234790802e-05,2.0,11,6,,0.0,1.0713538362711393e-07,4.285414658689035e-07,36989.0,1.0,2025-03-03,GOLDKEY TECHNOLOGY CORPORATION,
sku_customer,sku_customer::1007187|Patriot Memory Inc.,1007187,교체형,lumpy,147213.0,tsb,"{'alpha': 0.1, 'beta': 0.2}",7.957484756568841e-14,4.582585829695156e-13,2.0,11,6,,0.0,2.3349259368439243e-15,9.325873406851315e-15,49071.0,1.0,2023-08-21,Patriot Memory Inc.,
sku_customer,sku_customer::2014722|GoldKey Technology Corporation,2014722,교체형,intermittent,147112.0,tsb,"{'alpha': 0.1, 'beta': 0.2}",2.2923537975589067e-09,1.3888522550479173e-08,2.0,11,6,,0.0,1.1281457798178055e-10,4.512581419646722e-10,73556.0,1.0,2024-08-05,GoldKey Technology Corporation,
sku_customer,"sku_customer::2017835|XINRONGDA CO., Limited",2017835,교체형,lumpy,144519.0,tsb,"{'alpha': 0.1, 'beta': 0.2}",2.421706273619477e-07,8.463347649746035e-07,2.0,11,6,,0.0,3.527016872665816e-08,1.4108066725970758e-07,16057.666666666666,1.0,2025-01-20,"XINRONGDA CO., Limited",
sku_customer,"sku_customer::2018392|XINRONGDA CO., Limited",2018392,교체형,intermittent,144000.0,tsb,"{'alpha': 0.1, 'beta': 0.2}",7.943658642125977e-07,3.0496799806197647e-06,2.0,11,6,,0.0,3.4688446753818946e-08,1.3875377991023896e-07,28800.0,1.0,2025-01-20,"XINRONGDA CO., Limited",
sku_customer,sku_customer::1008279|KC Int'L (HK) Ltd,1008279,교체형,intermittent,139080.0,tsb,"{'alpha': 0.1, 'beta': 0.2}",2.188147019505063e-09,7.083792546427676e-09,2.0,11,6,,0.0,1.5261099331787876e-10,6.104441396814764e-10,15453.333333333334,1.0,2024-08-05,KC Int'L (HK) Ltd,
sku_customer,sku_customer::1006241|REALTECH SEMICONDUCTOR TECHNOLOGY,1006241,교체형,lumpy,138177.0,tsb,"{'alpha': 0.1, 'beta': 0.2}",1.8001398305149355e-07,1.4391916946397065e-06,2.0,11,6,,0.0,3.843148823157455e-08,1.537259439743366e-07,69088.5,1.0,2025-02-03,REALTECH SEMICONDUCTOR TECHNOLOGY,
sku_customer,"sku_customer::2016156|Hosin Global Electronics Co., Ltd",2016156,교체형,lumpy,138173.0,tsb,"{'alpha': 0.1, 'beta': 0.2}",8.999185737242356e-15,6.949291269610468e-14,2.0,11,6,,0.0,1.985123316724819e-15,7.993605777301127e-15,34543.25,1.0,2023-07-31,"Hosin Global Electronics Co., Ltd",
sku_customer,"sku_customer::2017373|Hosin Global Electronics Co., Ltd",2017373,교체형,intermittent,135137.0,tsb,"{'alpha': 0.1, 'beta': 0.2}",1.113032768821784e-06,7.211869218969139e-06,2.0,11,6,,0.0,2.968964127472699e-08,1.187585598749763e-07,67568.5,1.0,2025-01-20,"Hosin Global Electronics Co., Ltd",
sku_customer,sku_customer::1008098|TAIWAN EXPRESS (H.K.) CO. LTD,1008098,교체형,intermittent,132542.0,tsb,"{'alpha': 0.1, 'beta': 0.2}",6.542035758390567e-06,2.7142605730386983e-05,2.0,11,6,,0.0,3.6353000530806736e-07,1.4541192283612503e-06,33135.5,1.0,2025-04-07,TAIWAN EXPRESS (H.K.) CO. LTD,
sku_customer,"sku_customer::2017390|Hosin Global Electronics Co., Ltd",2017390,교체형,intermittent,131397.0,tsb,"{'alpha': 0.1, 'beta': 0.2}",3.91560214456934e-07,1.4378626476225743e-06,2.0,11,6,,0.0,3.1181670494206715e-08,1.2472667598739662e-07,18771.0,1.0,2025-01-20,"Hosin Global Electronics Co., Ltd",
sku_customer,sku_customer::2019414|Eternal International (HK) Ltd.,2019414,교체형,intermittent,130560.0,tsb,"{'alpha': 0.1, 'beta': 0.2}",0.0002125719136785232,0.0011779285802410405,2.0,11,6,,0.0,1.2734925288458592e-05,5.093872809203148e-05,43520.0,1.0,2025-07-28,Eternal International (HK) Ltd.,
sku_customer,sku_customer::1008053|TEC LOGISTICS COMPANY,1008053,교체형,intermittent,130156.0,tsb,"{'alpha': 0.2, 'beta': 0.05}",3.1557170433105646,21.430063390178763,1.766383391573279,11,6,0.09223713494637682,0.0,0.15991872903574147,0.5019359335329974,32539.0,1.0,2026-05-04,TEC LOGISTICS COMPANY,
sku_customer,sku_customer::1009137|TEC LOGISTICS COMPANY,1009137,교체형,intermittent,129279.0,tsb,"{'alpha': 0.1, 'beta': 0.2}",5.790591125103236e-05,0.000245110157498768,2.0,11,6,,0.0,3.039037852421724e-06,1.215609599514167e-05,25855.8,1.0,2025-06-16,TEC LOGISTICS COMPANY,
sku_customer,sku_customer::2016864|REALTECH SEMICONDUCTOR TECHNOLOGY,2016864,교체형,intermittent,126804.0,tsb,"{'alpha': 0.1, 'beta': 0.2}",8.367558548911627e-08,3.7028326520750993e-07,2.0,11,6,,0.0,3.5456949803688087e-09,1.418277972842219e-08,25360.8,1.0,2024-11-04,REALTECH SEMICONDUCTOR TECHNOLOGY,
sku_customer,sku_customer::1008278|REALTECH SEMICONDUCTOR TECHNOLOGY,1008278,교체형,intermittent,123078.0,tsb,"{'alpha': 0.1, 'beta': 0.2}",7.419649183820102e-10,4.2552709880078145e-09,2.0,11,6,,0.0,2.632738791205003e-11,1.0530953886700445e-10,61539.0,1.0,2024-06-17,REALTECH SEMICONDUCTOR TECHNOLOGY,
sku_customer,"sku_customer::1007877|World Pacific Industrial H.K., Ltd.",1007877,교체형,lumpy,122969.0,tsb,"{'alpha': 0.1, 'beta': 0.2}",6.185858916458282e-10,3.1485210997939466e-09,2.0,11,6,,0.0,2.0650212685185713e-11,8.26010371213215e-11,30742.25,1.0,2024-06-03,"World Pacific Industrial H.K., Ltd.",
sku_customer,sku_customer::2019419|EVERBOND ELECTRONICS LIMITED,2019419,교체형,lumpy,122828.0,tsb,"{'alpha': 0.1, 'beta': 0.2}",0.0004646826926778297,0.0032027197041523854,2.0,11,6,-0.5847631037275748,0.0,1.3448549134811578e-05,5.3793111367994584e-05,40942.666666666664,1.0,2025-07-28,EVERBOND ELECTRONICS LIMITED,
sku_customer,sku_customer::1007870|Eudar Technology Inc.,1007870,교체형,intermittent,122162.0,tsb,"{'alpha': 0.1, 'beta': 0.2}",6.136811663188814e-11,2.9271809218032755e-10,2.0,11,6,,0.0,2.3921815929312095e-12,9.568790204639299e-12,40720.666666666664,1.0,2024-04-01,Eudar Technology Inc.,
sku_customer,sku_customer::2019418|Eternal International (HK) Ltd.,2019418,교체형,intermittent,120960.0,tsb,"{'alpha': 0.1, 'beta': 0.2}",0.00036287163222844485,0.0017411733413437893,2.0,11,6,,0.0,1.2734925288458592e-05,5.093872809203148e-05,40320.0,1.0,2025-07-28,Eternal International (HK) Ltd.,
sku_customer,"sku_customer::2014723|Hosin Global Electronics Co., Ltd",2014723,교체형,intermittent,120444.0,tsb,"{'alpha': 0.1, 'beta': 0.2}",9.411292231625874e-09,6.568028713944717e-08,2.0,11,6,,0.0,2.472081259504739e-10,9.888325713802715e-10,60222.0,1.0,2024-09-02,"Hosin Global Electronics Co., Ltd",
sku_customer,sku_customer::1009439|GOLDKEY TECHNOLOGY CORPORATION,1009439,교체형,lumpy,120203.0,croston,{'alpha': 0.1},533.8316745034197,1900.5416666666667,1.999955559629256,10,6,,0.0,0.20000059863107064,0.5904012259950566,60101.5,1.0,2026-06-08,GOLDKEY TECHNOLOGY CORPORATION,
sku_customer,sku_customer::2016864|GOLDKEY TECHNOLOGY CORPORATION,2016864,교체형,lumpy,118400.0,tsb,"{'alpha': 0.1, 'beta': 0.2}",1.718658662277963e-06,7.143054188727327e-06,2.0,11,6,,0.0,1.0257838397089896e-07,4.103134728650204e-07,19733.333333333332,1.0,2025-03-03,GOLDKEY TECHNOLOGY CORPORATION,
sku_customer,sku_customer::1006389|Eudar Technology Inc.,1006389,교체형,intermittent,117818.0,tsb,"{'alpha': 0.1, 'beta': 0.2}",5.295222985859137e-09,1.8328223503747324e-08,2.0,11,6,,0.0,3.62991762771707e-10,1.4519669910839639e-09,19636.333333333332,1.0,2024-09-02,Eudar Technology Inc.,
sku_customer,sku_customer::1007870|Ringson Limited,1007870,교체형,intermittent,115917.0,tsb,"{'alpha': 0.1, 'beta': 0.2}",7.617743695763389e-06,3.6578086878458184e-05,2.0,11,6,,0.0,2.604371145035677e-07,1.0417480511559774e-06,28979.25,1.0,2025-03-31,Ringson Limited,
sku_customer,"sku_customer::2017389|Hosin Global Electronics Co., Ltd",2017389,교체형,intermittent,115793.0,tsb,"{'alpha': 0.1, 'beta': 0.2}",6.543910175750542e-07,2.374979980464501e-06,2.0,11,6,,0.0,3.395554406808966e-08,1.3582216928931246e-07,19298.833333333332,1.0,2025-01-20,"Hosin Global Electronics Co., Ltd",
sku_customer,"sku_customer::1006841|World Pacific Industrial H.K., Ltd.",1006841,교체형,intermittent,114587.0,tsb,"{'alpha': 0.1, 'beta': 0.2}",2.0037359414044962e-12,1.4307696216039543e-11,2.0,11,6,,0.0,1.2389341500589973e-13,4.956035581926699e-13,57293.5,1.0,2024-01-08,"World Pacific Industrial H.K., Ltd.",
sku_customer,"sku_customer::2016908|Hosin Global Electronics Co., Ltd",2016908,교체형,intermittent,113625.0,tsb,"{'alpha': 0.1, 'beta': 0.2}",6.516445509603276e-06,2.288457269418612e-05,2.0,11,6,,0.0,4.347653334039226e-07,1.7390601995126431e-06,16232.142857142857,1.0,2025-04-14,"Hosin Global Electronics Co., Ltd",
sku_customer,"sku_customer::2018392|Hosin Global Electronics Co., Ltd",2018392,교체형,intermittent,113363.0,tsb,"{'alpha': 0.1, 'beta': 0.2}",1.2785889846545796e-06,5.181233601760957e-06,2.0,11,6,,0.0,8.535853415511464e-08,3.41434092776538e-07,22672.6,1.0,2025-02-24,"Hosin Global Electronics Co., Ltd",
sku_customer,"sku_customer::1007583|HONGKONG SHICHUANGYI CO., LIMITED",1007583,교체형,lumpy,112868.0,tsb,"{'alpha': 0.1, 'beta': 0.2}",2.4550256616088415e-05,0.00018121121485480018,2.0,11,6,,0.0,3.0506548146491708e-06,1.2202563419716483e-05,56434.0,1.0,2025-06-23,"HONGKONG SHICHUANGYI CO., LIMITED",
sku_customer,"sku_customer::1008622|HONGKONG SHICHUANGYI CO., LIMITED",1008622,교체형,lumpy,112820.0,tsb,"{'alpha': 0.1, 'beta': 0.2}",0.023140798260497013,0.1866314614030664,2.0,11,6,-0.5847631037275749,0.0,0.0006100380961069529,0.0024379204135112076,56410.0,1.0,2025-12-08,"HONGKONG SHICHUANGYI CO., LIMITED",
sku_customer,sku_customer::2017822|Skyrich View (HK) Limited,2017822,교체형,lumpy,112082.0,tsb,"{'alpha': 0.1, 'beta': 0.2}",5.5980410838027514e-14,4.1609011122026355e-13,2.0,11,6,,0.0,7.240688810044839e-15,2.886579864025407e-14,56041.0,1.0,2023-10-02,Skyrich View (HK) Limited,
sku_customer,"sku_customer::1009193|Hosin Global Electronics Co., Ltd",1009193,교체형,lumpy,111574.0,tsb,"{'alpha': 0.1, 'beta': 0.2}",1.32054465922186e-07,1.0215319870675816e-06,2.0,11,6,,0.0,2.198879505619753e-08,8.79551771415521e-08,55787.0,1.0,2025-01-20,"Hosin Global Electronics Co., Ltd",
sku_customer,sku_customer::2019417|Eternal International (HK) Ltd.,2019417,교체형,intermittent,111360.0,tsb,"{'alpha': 0.1, 'beta': 0.2}",0.00011299073174316201,0.0006481874476636181,2.0,11,6,,0.0,4.023696695282561e-06,1.609468964058891e-05,55680.0,1.0,2025-06-23,Eternal International (HK) Ltd.,
sku_customer,"sku_customer::1007870|Hosin Global Electronics Co., Ltd",1007870,교체형,lumpy,110351.0,tsb,"{'alpha': 0.1, 'beta': 0.2}",1.0713962184953555e-11,7.95925234663532e-11,2.0,11,6,,0.0,2.808618654562923e-13,1.1235457009206584e-12,55175.5,1.0,2024-01-29,"Hosin Global Electronics Co., Ltd",
sku_customer,sku_customer::2014722|Patriot Memory Inc.,2014722,교체형,intermittent,110291.0,tsb,"{'alpha': 0.1, 'beta': 0.2}",1.8682577283514437e-13,9.099967596264496e-13,2.0,11,6,,0.0,6.55694727120597e-15,2.6201263381153694e-14,36763.666666666664,1.0,2023-09-25,Patriot Memory Inc.,
sku_customer,sku_customer::1009440|BANG TAI INTERNATIONAL LOGISTICS CO,1009440,교체형,intermittent,110041.0,sba,{'alpha': 0.05},0.014288050365380162,0.08188531757355758,2.0,11,6,-0.9904777404836205,0.0,0.03612320895005386,0.1368503624340851,36680.333333333336,1.0,2026-04-06,BANG TAI INTERNATIONAL LOGISTICS CO,
sku_customer,"sku_customer::1009440|Hosin Global (HK) Electronics Co.,",1009440,교체형,lumpy,109558.0,croston,{'alpha': 0.1},20409.96503363809,16665.107262065347,1.52363474848216,10,6,,0.0,0.28192,0.7341165388321678,54779.0,1.0,2026-06-08,"Hosin Global (HK) Electronics Co.,",
sku_customer,"sku_customer::2018575|G.Skill International Ent. Co., Ltd",2018575,교체형,intermittent,108614.0,tsb,"{'alpha': 0.1, 'beta': 0.2}",6.905518598070581e-06,3.9641398270382015e-05,2.0,11,6,,0.0,2.480262418502103e-07,9.92104598362964e-07,54307.0,1.0,2025-04-07,"G.Skill International Ent. Co., Ltd",
sku_customer,"sku_customer::1009137|HONGKONG SHICHUANGYI CO., LIMITED",1009137,교체형,lumpy,107825.0,tsb,"{'alpha': 0.1, 'beta': 0.2}",0.0024186639461453857,0.016472217365939,2.0,11,6,-0.5847631037275748,0.0,0.00038765105277656933,0.0015497028040659666,35941.666666666664,1.0,2025-11-24,"HONGKONG SHICHUANGYI CO., LIMITED",
sku_customer,"sku_customer::1009139|LONG SOURCE ELECTRONIC CO.,LIMITED",1009139,교체형,lumpy,106749.0,tsb,"{'alpha': 0.1, 'beta': 0.2}",5.491264013520318e-07,4.171155488689207e-06,2.0,11,6,,0.0,1.4406310056061405e-08,5.762523891394977e-08,53374.5,1.0,2025-01-06,"LONG SOURCE ELECTRONIC CO.,LIMITED",
sku_customer,"sku_customer::1006362|World Pacific Industrial H.K., Ltd.",1006362,교체형,intermittent,106636.0,tsb,"{'alpha': 0.1, 'beta': 0.2}",5.410274429714859e-10,1.909986757117066e-09,2.0,11,6,,0.0,2.1468381391052456e-11,8.587353050870661e-11,15233.714285714286,1.0,2024-06-03,"World Pacific Industrial H.K., Ltd.",
sku_customer,sku_customer::1007877|TAIWAN EXPRESS (H.K.) CO. LTD,1007877,교체형,intermittent,105308.0,tsb,"{'alpha': 0.1, 'beta': 0.2}",7.846820107899447e-06,3.350089628324857e-05,2.0,11,6,,0.0,3.6353000530806736e-07,1.4541192283612503e-06,26327.0,1.0,2025-04-07,TAIWAN EXPRESS (H.K.) CO. LTD,
sku_customer,sku_customer::1006760|UNIFORTUNE (HK) COMPANY LIMITED,1006760,교체형,lumpy,104726.0,tsb,"{'alpha': 0.1, 'beta': 0.2}",3.154782049658013e-12,2.5489979921073753e-11,2.0,11,6,,0.0,7.374260420020565e-13,2.949640531824116e-12,52363.0,1.0,2024-03-04,UNIFORTUNE (HK) COMPANY LIMITED,
sku_customer,"sku_customer::2019670|Hosin Global (HK) Electronics Co.,",2019670,교체형,intermittent,104655.0,tsb,"{'alpha': 0.1, 'beta': 0.1}",0.3320011489062014,1.5703076635977256,0.38707631920424296,11,6,-0.4719306740958545,0.0,0.2501017725728877,0.6837654562628193,20931.0,1.0,2026-06-01,"Hosin Global (HK) Electronics Co.,",
sku_customer,sku_customer::2018611|Eternal International (HK) Ltd.,2018611,교체형,intermittent,104472.0,tsb,"{'alpha': 0.1, 'beta': 0.2}",0.00758257753365605,0.03620509427580556,2.0,11,6,-0.5847631037275748,0.0,0.00028424176494991013,0.0011364823913668776,34824.0,1.0,2025-11-03,Eternal International (HK) Ltd.,
sku_customer,sku_customer::1007728|PATRIOT MEMORY INC.,1007728,교체형,intermittent,103048.0,tsb,"{'alpha': 0.1, 'beta': 0.2}",5.230444971047796e-09,2.265908802916061e-08,2.0,11,6,,0.0,1.9790673710666366e-10,7.916267641405739e-10,17174.666666666668,1.0,2024-08-12,PATRIOT MEMORY INC.,
sku_customer,sku_customer::1008053|MF WAREHOUSING & LOGISTICS,1008053,교체형,lumpy,101970.0,tsb,"{'alpha': 0.1, 'beta': 0.2}",0.07008941657264753,0.5562288544758017,2.0,11,6,-0.3754716142583555,0.0,0.001844674407372781,0.0073583057843036315,50985.0,1.0,2026-01-12,MF WAREHOUSING & LOGISTICS,
sku_customer,"sku_customer::1009592|HONGKONG SHICHUANGYI CO., LIMITED",1009592,교체형,intermittent,101070.0,sba,{'alpha': 0.05},0.03829088929550591,0.23594876078697172,2.0,11,6,-0.9736387709948591,0.0,0.028174985461759998,0.10802579741960394,50535.0,1.0,2026-03-23,"HONGKONG SHICHUANGYI CO., LIMITED",
sku_customer,"sku_customer::1009160|Hosin Global Electronics Co., Ltd",1009160,교체형,lumpy,101000.0,tsb,"{'alpha': 0.1, 'beta': 0.2}",2.3528987817225395e-06,1.2473889509986863e-05,2.0,11,6,,0.0,9.835488972992047e-08,3.9341950064386566e-07,25250.0,1.0,2025-02-17,"Hosin Global Electronics Co., Ltd",
sku_customer,sku_customer::1009131|LUCKY GRADE LIMITED,1009131,교체형,intermittent,100235.0,croston,{'alpha': 0.1},4.181926392487235,29.704386206226854,1.9580759136416848,11,6,1.0089037220000214,0.0,0.08192146150163733,0.28957319262223746,50117.5,1.0,2026-05-11,LUCKY GRADE LIMITED,
sku_customer,sku_customer::2018356|BaDa Group (HongKong) Corporation L,2018356,교체형,intermittent,100161.0,tsb,"{'alpha': 0.2, 'beta': 0.05}",0.1939248690619252,0.569879607967888,0.2944095642143713,11,6,-0.212853961366749,0.0,0.21595860357222207,0.6221182011952278,8346.75,1.0,2026-05-25,BaDa Group (HongKong) Corporation L,
sku_customer,"sku_customer::1009975|Hosin Global (HK) Electronics Co.,",1009975,교체형,intermittent,100089.0,tsb,"{'alpha': 0.1, 'beta': 0.1}",9.580231659345,73.24198034949009,1.8416127920944696,11,6,1.0232621034124536,0.0,0.29291511627776,0.7500309662525382,33363.0,1.0,2026-06-08,"Hosin Global (HK) Electronics Co.,",
sku_customer,"sku_customer::2016048|World Pacific Industrial H.K., Ltd.",2016048,교체형,lumpy,99960.0,tsb,"{'alpha': 0.1, 'beta': 0.2}",2.5110426774124086e-14,1.5403689768838715e-13,2.0,11,6,,0.0,2.5676164131173475e-15,1.021405182655144e-14,33320.0,1.0,2023-08-28,"World Pacific Industrial H.K., Ltd.",
sku_customer,sku_customer::1008924|GoldKey Technology Corporation,1008924,교체형,intermittent,99856.0,tsb,"{'alpha': 0.1, 'beta': 0.2}",6.970410326956292e-08,4.2975033257503196e-07,2.0,11,6,,0.0,1.908716051610375e-09,7.634864296335309e-09,49928.0,1.0,2024-11-04,GoldKey Technology Corporation,
sku_customer,"sku_customer::1008053|CY STORAGE TECHNOLOGY(HK) CO.,LIMIT",1008053,교체형,intermittent,99792.0,sba,{'alpha': 0.05},0.05893388124321726,0.36491276658599486,2.0,11,6,-0.0031298969977965985,0.0,0.011036654652628281,0.04342113469796083,49896.0,1.0,2026-03-09,"CY STORAGE TECHNOLOGY(HK) CO.,LIMIT",
sku_customer,sku_customer::2017773|PINE INFORMATION CO LTD,2017773,교체형,intermittent,99556.0,tsb,"{'alpha': 0.1, 'beta': 0.2}",2.2978315110723463e-10,5.756411223023135e-10,2.0,11,6,,0.0,0.0,0.0,0.0,0.0,,PINE INFORMATION CO LTD,
sku_customer,sku_customer::1005729|MF WAREHOUSING & LOGISTICS,1005729,교체형,lumpy,99547.0,tsb,"{'alpha': 0.1, 'beta': 0.2}",4.816686788332175e-05,0.0003876999683668501,2.0,11,6,,0.0,1.0889115313198018e-05,4.3555749821067025e-05,49773.5,1.0,2025-08-04,MF WAREHOUSING & LOGISTICS,
sku_customer,sku_customer::2014723|GOLDKEY TECHNOLOGY CORPORATION,2014723,교체형,intermittent,99469.0,tsb,"{'alpha': 0.1, 'beta': 0.2}",1.1601195742902259e-09,6.6423025675672355e-09,2.0,11,6,,0.0,3.806071513573669e-11,1.5224266292079847e-10,49734.5,1.0,2024-07-01,GOLDKEY TECHNOLOGY CORPORATION,
sku_customer,sku_customer::2017140|GOLDKEY TECHNOLOGY CORPORATION,2017140,교체형,intermittent,98071.0,tsb,"{'alpha': 0.1, 'beta': 0.2}",4.208269565278345e-06,2.66933934714553e-05,2.0,11,6,,0.0,1.1325699336638191e-07,4.530278964187673e-07,49035.5,1.0,2025-03-03,GOLDKEY TECHNOLOGY CORPORATION,
sku_customer,sku_customer::1007629|PNG HK LTD,1007629,교체형,intermittent,96033.0,tsb,"{'alpha': 0.1, 'beta': 0.2}",2.4741684307522306e-12,1.1589822942291452e-11,2.0,11,6,,0.0,1.0108257738373576e-13,4.04121180963557e-13,32011.0,1.0,2024-01-01,PNG HK LTD,
sku_customer,"sku_customer::1006416|World Pacific Industrial H.K., Ltd.",1006416,교체형,lumpy,95982.0,tsb,"{'alpha': 0.1, 'beta': 0.2}",2.8478809229344435e-14,2.2668669952916712e-13,2.0,11,6,,0.0,5.865512766234599e-15,2.353672812205332e-14,47991.0,1.0,2023-10-02,"World Pacific Industrial H.K., Ltd.",
sku_customer,"sku_customer::2019670|PATRIOT?MEMORY?CO.,?LIMITED",2019670,교체형,intermittent,94181.0,tsb,"{'alpha': 0.1, 'beta': 0.2}",1.409381783594503,9.144120903690341,0.602152016898624,11,6,-0.9996678521414163,0.0,0.19760866918399997,0.5854805517987781,31393.666666666668,1.0,2026-05-25,"PATRIOT?MEMORY?CO.,?LIMITED",
sku_customer,sku_customer::2016049|PATRIOT MEMORY INC.,2016049,교체형,intermittent,92894.0,tsb,"{'alpha': 0.1, 'beta': 0.2}",1.0179624882726945e-05,5.578724457069488e-05,2.0,11,6,,0.0,3.065003118177303e-07,1.2260006835296267e-06,30964.666666666668,1.0,2025-04-14,PATRIOT MEMORY INC.,
sku_customer,sku_customer::2018609|Patriot Memory Inc.,2018609,교체형,intermittent,92710.0,sba,{'alpha': 0.05},0.030252564403661045,0.0966998942781739,2.0,11,6,0.013652508966809519,0.0,0.0038916237300170354,0.015475862029613485,11588.75,1.0,2026-01-19,Patriot Memory Inc.,
sku_customer,"sku_customer::2016514|XINRONGDA CO., Limited",2016514,교체형,lumpy,91316.0,tsb,"{'alpha': 0.1, 'beta': 0.2}",8.006171263943653e-07,6.324798081908126e-06,2.0,11,6,,0.0,2.1062458775120777e-08,8.424983244381679e-08,45658.0,1.0,2025-01-20,"XINRONGDA CO., Limited",
sku_customer,sku_customer::1008815|Patriot Memory Inc.,1008815,교체형,intermittent,90591.0,tsb,"{'alpha': 0.1, 'beta': 0.2}",0.021513552091100466,0.12380606982505937,2.0,11,6,-0.5053304449782321,0.0,0.0007930553376672015,0.003168449724788136,45295.5,1.0,2025-12-01,Patriot Memory Inc.,
sku_customer,"sku_customer::1007583|World Pacific Industrial H.K., Ltd.",1007583,교체형,intermittent,90446.0,tsb,"{'alpha': 0.1, 'beta': 0.2}",1.2353979037609614e-09,7.116348251443726e-09,2.0,11,6,,0.0,4.594250632117502e-11,1.8376988819568396e-10,45223.0,1.0,2024-07-01,"World Pacific Industrial H.K., Ltd.",
sku_customer,sku_customer::2018610|EVERBOND ELECTRONICS LIMITED,2018610,교체형,intermittent,89332.0,tsb,"{'alpha': 0.1, 'beta': 0.2}",0.26714862449190185,1.0967189295466506,0.4664667438704409,11,6,-0.1543772514541287,0.0,0.16893008022082018,0.5229649894292548,14888.666666666666,1.0,2026-05-18,EVERBOND ELECTRONICS LIMITED,
sku_customer,"sku_customer::2016834|XINRONGDA CO., Limited",2016834,교체형,intermittent,88014.0,tsb,"{'alpha': 0.1, 'beta': 0.2}",1.463275981408654e-09,4.4258941800903e-09,2.0,11,6,,0.0,8.65568220208468e-11,3.4622749112145357e-10,9779.333333333334,1.0,2024-07-29,"XINRONGDA CO., Limited",
sku_customer,"sku_customer::2017754|XINRONGDA CO., Limited",2017754,교체형,intermittent,86794.0,tsb,"{'alpha': 0.1, 'beta': 0.2}",8.093173216855568e-10,3.722618721274876e-09,2.0,11,6,,0.0,2.8531816973617293e-11,1.1412737421778729e-10,21698.5,1.0,2024-06-24,"XINRONGDA CO., Limited",
sku_customer,sku_customer::1007320|PNG HK LTD,1007320,교체형,lumpy,86027.0,tsb,"{'alpha': 0.1, 'beta': 0.2}",3.7714693442812497e-11,2.217325645578042e-10,2.0,11,6,,0.0,1.206205635564338e-12,4.82502926502093e-12,21506.75,1.0,2024-03-04,PNG HK LTD,
sku_customer,sku_customer::2017389|EVERBOND ELECTRONICS LIMITED,2017389,교체형,intermittent,85985.0,tsb,"{'alpha': 0.1, 'beta': 0.2}",0.0013153040850427669,0.00501552775497748,2.0,11,6,-0.5847631037275749,0.0,6.491702887089798e-05,0.00025964283125401444,17197.0,1.0,2025-09-29,EVERBOND ELECTRONICS LIMITED,
sku_customer,"sku_customer::1008802|Hosin Global (HK) Electronics Co.,",1008802,교체형,intermittent,84488.0,tsb,"{'alpha': 0.1, 'beta': 0.2}",7067.186202146102,5774.388554483662,1.4286031076432761,10,6,,0.0,0.28192,0.7341165388321678,42244.0,1.0,2026-06-08,"Hosin Global (HK) Electronics Co.,",
sku_customer,"sku_customer::2017384|Hotop Technologies, Inc.",2017384,교체형,intermittent,84484.0,tsb,"{'alpha': 0.1, 'beta': 0.2}",4.8939546372241785e-08,2.180094390200227e-07,2.0,11,6,,0.0,1.7659366587210994e-09,7.0637464766321045e-09,21121.0,1.0,2024-10-28,"Hotop Technologies, Inc.",
sku_customer,sku_customer::1009010|PATRIOT MEMORY INC.,1009010,교체형,lumpy,83118.0,tsb,"{'alpha': 0.1, 'beta': 0.2}",1.0944625684971607e-06,8.805031124858761e-06,2.0,11,6,,0.0,2.4519928654489344e-07,9.807967854547073e-07,82618.0,0.9939844558338747,2025-04-07,PATRIOT MEMORY INC.,
sku_customer,sku_customer::2018609|Eternal International (HK) Ltd.,2018609,교체형,intermittent,82887.0,tsb,"{'alpha': 0.1, 'beta': 0.2}",0.008399823746390252,0.04052230275220064,2.0,11,6,-0.5847631037275748,0.0,0.00028424176494991013,0.0011364823913668776,27629.0,1.0,2025-11-03,Eternal International (HK) Ltd.,
sku_customer,sku_customer::1007914|Skyrich View (HK) Limited,1007914,교체형,intermittent,82277.0,tsb,"{'alpha': 0.1, 'beta': 0.2}",3.725260306619206e-11,2.0651135209903645e-10,2.0,11,6,,0.0,1.2973528555629055e-12,5.189626506307832e-12,27425.666666666668,1.0,2024-02-26,Skyrich View (HK) Limited,
sku_customer,sku_customer::1008409|PATRIOT MEMORY INC.,1008409,교체형,intermittent,82239.0,tsb,"{'alpha': 0.1, 'beta': 0.2}",1.719155989235497e-11,1.0077877652778921e-10,2.0,11,6,,0.0,5.020110286914023e-13,2.008171406941983e-12,41119.5,1.0,2024-02-19,PATRIOT MEMORY INC.,
sku_customer,"sku_customer::2018610|Hosin Global Electronics Co., Ltd",2018610,교체형,intermittent,81839.0,tsb,"{'alpha': 0.1, 'beta': 0.2}",0.022965085818342165,0.09946145360136072,2.0,11,6,-0.5065380236619479,0.0,0.001005523232935061,0.004016030535531456,20459.75,1.0,2025-12-15,"Hosin Global Electronics Co., Ltd",
sku_customer,sku_customer::2017835|EVERBOND ELECTRONICS LIMITED,2017835,교체형,intermittent,81603.0,tsb,"{'alpha': 0.1, 'beta': 0.2}",1.3920217804700389e-07,5.424617046296172e-07,2.0,11,6,,0.0,6.731212891517553e-09,2.6924851459497745e-08,16320.6,1.0,2024-12-02,EVERBOND ELECTRONICS LIMITED,
sku_customer,sku_customer::2019416|EVERBOND ELECTRONICS LIMITED,2019416,교체형,intermittent,81600.0,tsb,"{'alpha': 0.1, 'beta': 0.2}",0.00014113286179424453,0.0008077102360696301,2.0,11,6,,0.0,4.737320541635543e-06,1.8949147513658282e-05,40800.0,1.0,2025-06-30,EVERBOND ELECTRONICS LIMITED,
sku_customer,sku_customer::2018782|Wilk Elektronik S.A.,2018782,교체형,intermittent,81487.0,sba,{'alpha': 0.05},0.10912751918517805,0.210786081058718,1.883914495751996,11,6,-0.8303641565128405,0.0,0.0,0.0,0.0,0.0,,Wilk Elektronik S.A.,
sku_customer,"sku_customer::2018610|Hotop Technologies, Inc.",2018610,교체형,intermittent,80044.0,sba,{'alpha': 0.05},0.03567430876682843,0.1719618974191595,2.0,11,6,-0.600384987358139,0.0,0.021129798736087623,0.08187792039183983,19248.0,0.7214032282244766,2026-03-16,"Hotop Technologies, Inc.",
sku_customer,sku_customer::1009440|GoldKey Technology Corporation,1009440,교체형,intermittent,80009.0,sba,{'alpha': 0.05},0.03616987235752565,0.22791605471537535,2.0,11,6,0.01365250896680958,0.0,0.004086450029742254,0.016245878356759835,40004.5,1.0,2026-02-02,GoldKey Technology Corporation,
sku_customer,sku_customer::2019246|Eternal International (HK) Ltd.,2019246,교체형,intermittent,79862.0,tsb,"{'alpha': 0.1, 'beta': 0.2}",0.0006759181612519344,0.002493572126491034,2.0,11,6,-0.5847631037275749,0.0,4.08043142344969e-05,0.00016320726725727042,15972.4,1.0,2025-09-01,Eternal International (HK) Ltd.,
sku_customer,sku_customer::2018126|PATRIOT MEMORY INC.,2018126,교체형,intermittent,79462.0,tsb,"{'alpha': 0.1, 'beta': 0.2}",9.808405852889048e-06,5.806658862785829e-05,2.0,11,6,,0.0,4.320411428874677e-07,1.728163451453213e-06,39731.0,1.0,2025-04-14,PATRIOT MEMORY INC.,
sku_customer,"sku_customer::2017390|XINRONGDA CO., Limited",2017390,교체형,intermittent,79200.0,tsb,"{'alpha': 0.1, 'beta': 0.2}",1.321893809087263e-09,6.808388979741584e-09,2.0,11,6,,0.0,4.1128510098943794e-11,1.6451418005658525e-10,26400.0,1.0,2024-06-24,"XINRONGDA CO., Limited",
sku_customer,sku_customer::2019071|Eternal International (HK) Ltd.,2019071,교체형,intermittent,78060.0,tsb,"{'alpha': 0.1, 'beta': 0.2}",0.037346029668099585,0.10528768538981303,2.0,11,6,-0.14790063271605988,0.0,0.0029966738621714484,0.011932922683802083,7806.0,1.0,2026-01-19,Eternal International (HK) Ltd.,
sku_customer,sku_customer::2018332|Wilk Elektronik S.A.,2018332,교체형,lumpy,77281.0,sba,{'alpha': 0.05},0.12244830064702732,0.28664794151961465,1.8832356462069626,11,6,-0.19697491458397842,0.0,0.0,0.0,0.0,0.0,,Wilk Elektronik S.A.,
sku_customer,"sku_customer::2016156|Hotop Technologies, Inc.",2016156,교체형,intermittent,76801.0,tsb,"{'alpha': 0.1, 'beta': 0.2}",2.72064707332134e-12,1.5962186107159705e-11,2.0,11,6,,0.0,7.929940706019753e-14,3.170796958329447e-13,38400.5,1.0,2023-12-25,"Hotop Technologies, Inc.",
sku_customer,"sku_customer::1009282|HONGKONG SHICHUANGYI CO., LIMITED",1009282,교체형,lumpy,76360.0,sba,{'alpha': 0.05},0.0038389653597368898,0.032956212379590545,2.0,11,6,0.013652508966809534,0.0,0.002449137317178275,0.009760618353526485,38180.0,1.0,2026-01-12,"HONGKONG SHICHUANGYI CO., LIMITED",
sku_customer,sku_customer::1008004|PATRIOT MEMORY INC.,1008004,교체형,lumpy,75600.0,tsb,"{'alpha': 0.1, 'beta': 0.2}",2.0397187387676003e-07,1.4564015317998455e-06,2.0,11,6,,0.0,2.118678915264801e-08,8.474715373907316e-08,37800.0,1.0,2025-01-20,PATRIOT MEMORY INC.,
sku_customer,"sku_customer::2014722|World Pacific Industrial H.K., Ltd.",2014722,교체형,intermittent,75445.0,tsb,"{'alpha': 0.1, 'beta': 0.2}",2.944842641827508e-14,1.8652452561796388e-13,2.0,11,6,,0.0,7.931078088800248e-16,3.1086244689504383e-15,37722.5,1.0,2023-07-03,"World Pacific Industrial H.K., Ltd.",
sku_customer,sku_customer::1006406|Eudar Technology Inc.,1006406,교체형,lumpy,74080.0,tsb,"{'alpha': 0.1, 'beta': 0.2}",2.4490587266995492e-06,1.7260747888570702e-05,2.0,11,6,,0.0,6.427753502051311e-08,2.571101155313116e-07,37040.0,1.0,2025-02-24,Eudar Technology Inc.,
sku_customer,sku_customer::2019297|Wilk Elektronik S.A.,2019297,교체형,intermittent,73788.0,sba,{'alpha': 0.05},0.02263467699480704,0.0658360506939091,2.0,11,6,0.013652508966809432,0.0,0.0,0.0,0.0,0.0,,Wilk Elektronik S.A.,
sku_customer,sku_customer::1008278|PATRIOT MEMORY INC.,1008278,교체형,intermittent,73200.0,tsb,"{'alpha': 0.1, 'beta': 0.2}",3.396867480864225e-11,1.9479589452441605e-10,2.0,11,6,,0.0,1.2036445524962848e-12,4.814371123984529e-12,36600.0,1.0,2024-03-04,PATRIOT MEMORY INC.,
sku_customer,"sku_customer::1008354|G.Skill International Ent. Co., Ltd",1008354,교체형,intermittent,72532.0,tsb,"{'alpha': 0.1, 'beta': 0.2}",5.382204492328357e-11,2.5635663777177685e-10,2.0,11,6,,0.0,1.8803188419031256e-12,7.52109485802066e-12,24177.333333333332,1.0,2024-03-11,"G.Skill International Ent. Co., Ltd",
sku_customer,sku_customer::2016911|PATRIOT MEMORY INC.,2016911,교체형,intermittent,72376.0,tsb,"{'alpha': 0.1, 'beta': 0.2}",4.3575482685723774e-07,1.4040462792974747e-06,2.0,11,6,,0.0,4.338667196629466e-08,1.7354667636304555e-07,9047.0,1.0,2025-02-10,PATRIOT MEMORY INC.,
sku_customer,sku_customer::1008504|PATRIOT MEMORY INC.,1008504,교체형,intermittent,72307.0,tsb,"{'alpha': 0.1, 'beta': 0.2}",4.766033145640591e-11,2.7426296673406676e-10,2.0,11,6,,0.0,1.4838937850182803e-12,5.935696378855937e-12,36153.5,1.0,2024-03-25,PATRIOT MEMORY INC.,
sku_customer,sku_customer::2014722|SILICON POWER COMPUTER & COMMUNICAT,2014722,교체형,intermittent,71550.0,tsb,"{'alpha': 0.1, 'beta': 0.2}",4.009112120088398e-07,2.498622175662102e-06,2.0,11,6,,0.0,2.2371363752119536e-08,8.948545204834346e-08,35775.0,1.0,2025-01-13,SILICON POWER COMPUTER & COMMUNICAT,
sku_customer,sku_customer::1009134|TEC LOGISTICS COMPANY,1009134,교체형,intermittent,71000.0,tsb,"{'alpha': 0.1, 'beta': 0.2}",1.5679823628048364e-07,7.45803894248536e-07,2.0,11,6,,0.0,7.152705778765116e-09,2.861082271099491e-08,23666.666666666668,1.0,2024-12-02,TEC LOGISTICS COMPANY,
sku_customer,sku_customer::1006218|Skyrich View (HK) Limited,1006218,교체형,intermittent,70467.0,tsb,"{'alpha': 0.1, 'beta': 0.2}",5.30748973103796e-12,3.294382332320436e-11,2.0,11,6,,0.0,2.909479105005267e-13,1.1639578190170141e-12,35233.5,1.0,2024-01-29,Skyrich View (HK) Limited,
sku_customer,sku_customer::1006661|REALTECH SEMICONDUCTOR TECHNOLOGY,1006661,교체형,intermittent,70091.0,tsb,"{'alpha': 0.1, 'beta': 0.2}",3.3125515346490424e-10,2.2375299548606707e-09,2.0,11,6,,0.0,2.632738791205003e-11,1.0530953886700445e-10,35045.5,1.0,2024-06-17,REALTECH SEMICONDUCTOR TECHNOLOGY,
sku_customer,sku_customer::2016048|Wilk Elektronik S.A.,2016048,교체형,intermittent,70051.0,tsb,"{'alpha': 0.1, 'beta': 0.2}",3.848407654092297e-08,1.9287461942069282e-07,2.0,11,6,,0.0,0.0,0.0,0.0,0.0,,Wilk Elektronik S.A.,
sku_customer,sku_customer::2017386|EVERBOND ELECTRONICS LIMITED,2017386,교체형,intermittent,68921.0,tsb,"{'alpha': 0.1, 'beta': 0.2}",5.769541456811705e-07,2.833454120483424e-06,2.0,11,6,,0.0,3.410675893696248e-08,1.3642702889615776e-07,22973.666666666668,1.0,2025-01-20,EVERBOND ELECTRONICS LIMITED,
sku_customer,"sku_customer::2018195|XINRONGDA CO., Limited",2018195,교체형,intermittent,68852.0,tsb,"{'alpha': 0.1, 'beta': 0.2}",1.3008603594610127e-06,5.67967308451534e-06,2.0,11,6,,0.0,1.7822677875755529e-07,7.129069244937725e-07,13770.4,1.0,2025-03-24,"XINRONGDA CO., Limited",
sku_customer,sku_customer::2018611|EVERBOND ELECTRONICS LIMITED,2018611,교체형,intermittent,68713.0,sba,{'alpha': 0.05},0.03609578818030761,0.14288757633130636,2.0,11,6,0.013652508966809519,0.0,0.003562575427048696,0.014174330749095687,13742.6,1.0,2026-01-19,EVERBOND ELECTRONICS LIMITED,
sku_customer,sku_customer::2018272|PINE INFO CO LTD,2018272,교체형,lumpy,68680.0,sba,{'alpha': 0.3},0.0766169776341936,0.1202835393178208,0.6985108435195883,11,6,0.14164013039401677,0.0,0.0,0.0,0.0,0.0,,PINE INFO CO LTD,
sku_customer,sku_customer::2017822|Patriot Memory Inc.,2017822,교체형,intermittent,67200.0,tsb,"{'alpha': 0.1, 'beta': 0.2}",2.6896882064734345e-13,1.6747320599696901e-12,2.0,11,6,,0.0,1.4947299179816084e-14,5.995204332975845e-14,33600.0,1.0,2023-10-23,Patriot Memory Inc.,
sku_customer,"sku_customer::2018126|G.Skill International Ent. Co., Ltd",2018126,교체형,intermittent,66668.0,tsb,"{'alpha': 0.1, 'beta': 0.2}",4.992656205508574e-06,3.225355726740219e-05,2.0,11,6,,0.0,3.2554618875819194e-07,1.3021841192006889e-06,33334.0,1.0,2025-04-07,"G.Skill International Ent. Co., Ltd",
sku_customer,sku_customer::1007187|MF WAREHOUSING & LOGISTICS,1007187,교체형,lumpy,66654.0,tsb,"{'alpha': 0.1, 'beta': 0.2}",3.551172207850068e-08,2.6440360776688036e-07,2.0,11,6,,0.0,5.158200283218279e-09,2.0632801134290446e-08,22218.0,1.0,2024-12-02,MF WAREHOUSING & LOGISTICS,
sku_customer,"sku_customer::2018954|Hosin Global Electronics Co., Ltd",2018954,교체형,intermittent,65911.0,tsb,"{'alpha': 0.1, 'beta': 0.2}",5.483458746954242e-06,2.6419974406998342e-05,2.0,11,6,,0.0,7.211723800165017e-07,2.884686399640124e-06,16477.75,1.0,2025-04-28,"Hosin Global Electronics Co., Ltd",
sku_customer,"sku_customer::2017389|XINRONGDA CO., Limited",2017389,교체형,intermittent,63888.0,tsb,"{'alpha': 0.1, 'beta': 0.2}",3.3485934460456444e-07,1.437623037585223e-06,2.0,11,6,,0.0,1.3845919209871239e-08,5.538367564561497e-08,15972.0,1.0,2024-12-30,"XINRONGDA CO., Limited",
sku_customer,sku_customer::1008167|Mei Tong Development Investment Ltd,1008167,교체형,lumpy,63681.0,tsb,"{'alpha': 0.1, 'beta': 0.2}",1.1764841424427223e-14,9.491403926314577e-14,2.0,11,6,,0.0,2.713530422705195e-15,1.0658141036401503e-14,31840.5,1.0,2023-09-04,Mei Tong Development Investment Ltd,
sku_customer,"sku_customer::2016834|Hosin Global Electronics Co., Ltd",2016834,교체형,lumpy,63128.0,tsb,"{'alpha': 0.1, 'beta': 0.2}",7.314300137047027e-08,2.436328155799656e-07,2.0,11,6,,0.0,5.493894148721711e-09,2.1975576247612594e-08,7014.222222222223,1.0,2024-11-25,"Hosin Global Electronics Co., Ltd",
sku_customer,"sku_customer::2017601|World Pacific Industrial H.K., Ltd.",2017601,교체형,lumpy,62428.0,tsb,"{'alpha': 0.1, 'beta': 0.2}",6.777453532931488e-12,4.101951280208713e-11,2.0,11,6,,0.0,1.982581211470669e-13,7.931433287922118e-13,20809.333333333332,1.0,2024-01-22,"World Pacific Industrial H.K., Ltd.",
sku_customer,sku_customer::1008981|Patriot Memory Inc.,1008981,교체형,intermittent,61670.0,croston,{'alpha': 0.1},6.6912553517736715,47.63287441278595,1.9728882128593004,10,6,,0.0,0.10240093536104791,0.3508731618798414,30835.0,1.0,2026-05-18,Patriot Memory Inc.,
sku_customer,sku_customer::2019206|PATRIOT MEMORY INC.,2019206,교체형,intermittent,60964.0,sba,{'alpha': 0.05},0.05387624519365803,0.17939711728886532,2.0,11,6,-0.7363636548430674,0.0,0.02607971367623611,0.10030843592822158,6773.777777777777,1.0,2026-03-30,PATRIOT MEMORY INC.,
sku_customer,sku_customer::1008551|GoldKey Technology Corporation,1008551,교체형,intermittent,60391.0,tsb,"{'alpha': 0.1, 'beta': 0.2}",0.005725691865418133,0.03918769536994641,2.0,11,6,-0.5847631037275748,0.0,0.00048357042731050887,0.0019328791193514716,30195.5,1.0,2025-12-01,GoldKey Technology Corporation,
sku_customer,sku_customer::2019416|Eternal International (HK) Ltd.,2019416,교체형,intermittent,60131.0,tsb,"{'alpha': 0.1, 'beta': 0.2}",0.00012761750768843362,0.0007330339836772638,2.0,11,6,,0.0,4.023696695282561e-06,1.609468964058891e-05,30065.5,1.0,2025-06-23,Eternal International (HK) Ltd.,
sku_customer,"sku_customer::2018827|Hosin Global Electronics Co., Ltd",2018827,교체형,intermittent,59778.0,tsb,"{'alpha': 0.1, 'beta': 0.2}",7.801432826277611e-07,3.983037846526124e-06,2.0,11,6,,0.0,3.322333540467481e-08,1.3289333500310363e-07,19926.0,1.0,2025-01-20,"Hosin Global Electronics Co., Ltd",
sku_customer,sku_customer::1008279|Korchina Logistics (H.K) Ltd,1008279,교체형,intermittent,59740.0,tsb,"{'alpha': 0.1, 'beta': 0.2}",2.3742139940986248e-14,1.358799168531031e-13,2.0,11,6,,0.0,7.931078088800248e-16,3.1086244689504383e-15,29870.0,1.0,2023-07-03,Korchina Logistics (H.K) Ltd,
sku_customer,"sku_customer::1009158|Hosin Global Electronics Co., Ltd",1009158,교체형,intermittent,58673.0,tsb,"{'alpha': 0.1, 'beta': 0.2}",2.8541253269345563e-05,0.00015158876869731793,2.0,11,6,,0.0,2.0973340372426452e-06,8.389309756107188e-06,19557.666666666668,1.0,2025-06-02,"Hosin Global Electronics Co., Ltd",
sku_customer,sku_customer::2019749|SF Supply Chain (Hong Kong) Limited,2019749,교체형,intermittent,58639.0,tsb,"{'alpha': 0.2, 'beta': 0.05}",0.5568343343308387,3.1647200029391915,1.399026557702572,11,6,-0.4255123017415435,0.0,0.07067629497457051,0.2541215480366371,19546.333333333332,1.0,2026-04-27,SF Supply Chain (Hong Kong) Limited,
sku_customer,"sku_customer::1008815|Hosin Global Electronics Co., Ltd",1008815,교체형,intermittent,58486.0,tsb,"{'alpha': 0.1, 'beta': 0.2}",0.02282564806464752,0.13688702427417757,2.0,11,6,-0.5847631037275748,0.0,0.0006420266528743853,0.0025656344805585762,29243.0,1.0,2025-12-01,"Hosin Global Electronics Co., Ltd",
sku_customer,"sku_customer::1008497|G.Skill International Ent. Co., Ltd",1008497,교체형,lumpy,58454.0,tsb,"{'alpha': 0.1, 'beta': 0.2}",7.279562446978286e-11,3.059669407188363e-10,2.0,11,6,,0.0,1.0368086453334384e-11,4.14721590402678e-11,13163.75,0.9007937865672152,2024-05-13,"G.Skill International Ent. Co., Ltd",
sku_customer,sku_customer::1007976|EVERBOND ELECTRONICS LIMITED,1007976,교체형,lumpy,58270.0,tsb,"{'alpha': 0.1, 'beta': 0.2}",0.004191899742008394,0.02094469720129624,2.0,11,6,-0.5847631037275748,0.0,0.00014477266649372817,0.0005789649233618466,14567.5,1.0,2025-10-20,EVERBOND ELECTRONICS LIMITED,
sku_customer,"sku_customer::2013652|XINRONGDA CO., Limited",2013652,교체형,intermittent,58197.0,tsb,"{'alpha': 0.1, 'beta': 0.2}",6.948479445123285e-07,4.020807709005647e-06,2.0,11,6,,0.0,2.1064250143684637e-08,8.425699782321772e-08,29098.5,1.0,2025-01-20,"XINRONGDA CO., Limited",
sku_customer,sku_customer::2017143|PATRIOT MEMORY INC.,2017143,교체형,intermittent,57600.0,tsb,"{'alpha': 0.1, 'beta': 0.2}",2.6102237415931357e-10,1.7953767455473956e-09,2.0,11,6,,0.0,6.8674610270835485e-12,2.7470026253695323e-11,28800.0,1.0,2024-05-13,PATRIOT MEMORY INC.,
sku_customer,"sku_customer::1009303|Hosin Global Electronics Co., Ltd",1009303,교체형,lumpy,57293.0,tsb,"{'alpha': 0.1, 'beta': 0.2}",0.0011533971652653034,0.008311108597545198,2.0,11,6,-0.5847631037275748,0.0,0.00019888297264575145,0.000795294595427154,19097.666666666668,1.0,2025-11-03,"Hosin Global Electronics Co., Ltd",
sku_customer,sku_customer::1005728|MF WAREHOUSING & LOGISTICS,1005728,교체형,lumpy,56715.0,tsb,"{'alpha': 0.1, 'beta': 0.2}",1.9559379491956903e-07,1.5828930222624538e-06,2.0,11,6,,0.0,5.158187041775022e-09,2.0632747843585264e-08,28357.5,1.0,2024-12-02,MF WAREHOUSING & LOGISTICS,
sku_customer,sku_customer::1009219|TEC LOGISTICS COMPANY,1009219,교체형,lumpy,56663.0,tsb,"{'alpha': 0.1, 'beta': 0.2}",3.994258191467563e-06,3.066419359801164e-05,2.0,11,6,,0.0,1.0485074543594977e-07,4.194029157300605e-07,28331.5,1.0,2025-03-10,TEC LOGISTICS COMPANY,
sku_customer,"sku_customer::2018195|Hosin Global Electronics Co., Ltd",2018195,교체형,intermittent,56150.0,tsb,"{'alpha': 0.1, 'beta': 0.2}",1.971623107765975e-09,9.249157505246154e-09,2.0,11,6,,0.0,2.8514508815923646e-10,1.140580518921297e-09,14037.5,1.0,2024-08-26,"Hosin Global Electronics Co., Ltd",
sku_customer,"sku_customer::1006414|World Pacific Industrial H.K., Ltd.",1006414,교체형,intermittent,55433.0,tsb,"{'alpha': 0.1, 'beta': 0.2}",8.967644417750528e-13,4.212440470672124e-12,2.0,11,6,,0.0,4.114076215398797e-14,1.6475709685437323e-13,18477.666666666668,1.0,2023-12-04,"World Pacific Industrial H.K., Ltd.",
sku_customer,sku_customer::1009494|Patriot Memory Inc.,1009494,교체형,intermittent,55118.0,sba,{'alpha': 0.05},0.05216378541801818,0.274844459324389,2.0,11,6,0.013652508966809432,0.0,0.006240609446934551,0.0247297372006825,13779.5,1.0,2026-02-02,Patriot Memory Inc.,
sku_customer,"sku_customer::1008504|World Pacific Industrial H.K., Ltd.",1008504,교체형,intermittent,54610.0,tsb,"{'alpha': 0.1, 'beta': 0.2}",1.3498512127598318e-13,7.98201587499674e-13,2.0,11,6,,0.0,5.9107651637382585e-15,2.353672812205332e-14,27305.0,1.0,2023-10-02,"World Pacific Industrial H.K., Ltd.",
sku_customer,sku_customer::2019671|Patriot Memory Inc.,2019671,교체형,intermittent,54568.0,sba,{'alpha': 0.05},0.022215017384733873,0.12051889869163275,2.0,11,6,0.01365250896680958,0.0,0.010287190723554027,0.040518148558152944,18189.333333333332,1.0,2026-02-23,Patriot Memory Inc.,
sku_customer,sku_customer::1008434|GOLDKEY TECHNOLOGY CORPORATION,1008434,교체형,lumpy,54184.0,croston,{'alpha': 0.1},12.278201490664115,44.344164412717966,1.997999084215208,10,6,,0.0,0.20000024519928655,0.5904005021679082,27092.0,1.0,2026-06-08,GOLDKEY TECHNOLOGY CORPORATION,
sku_customer,"sku_customer::2017755|Hosin Global Electronics Co., Ltd",2017755,교체형,lumpy,53709.0,tsb,"{'alpha': 0.1, 'beta': 0.2}",0.000621032984719985,0.002818429991055266,2.0,11,6,-0.5847631037275748,0.0,6.491244016452564e-05,0.0002596244800027181,5967.666666666667,1.0,2025-09-29,"Hosin Global Electronics Co., Ltd",
sku_customer,sku_customer::1006119|Skyrich View (HK) Limited,1006119,교체형,intermittent,53650.0,tsb,"{'alpha': 0.1, 'beta': 0.2}",4.063473379769556e-11,2.2713821091604712e-10,2.0,11,6,,0.0,1.2973528555629055e-12,5.189626506307832e-12,17883.333333333332,1.0,2024-02-26,Skyrich View (HK) Limited,
sku_customer,sku_customer::2016864|GoldKey Technology Corporation,2016864,교체형,intermittent,52800.0,tsb,"{'alpha': 0.1, 'beta': 0.2}",4.944968091408187e-08,2.3297277534412946e-07,2.0,11,6,,0.0,1.9220659723148465e-09,7.68826380337373e-09,17600.0,1.0,2024-11-04,GoldKey Technology Corporation,
sku_customer,sku_customer::1008745|MF WAREHOUSING & LOGISTICS,1008745,교체형,lumpy,52636.0,tsb,"{'alpha': 0.1, 'beta': 0.2}",3.291378423387802e-08,2.221647936213146e-07,2.0,11,6,,0.0,5.162561547487042e-09,2.0650246290720986e-08,17545.333333333332,1.0,2024-12-02,MF WAREHOUSING & LOGISTICS,
sku_customer,"sku_customer::2016910|World Pacific Industrial H.K., Ltd.",2016910,교체형,intermittent,51218.0,tsb,"{'alpha': 0.1, 'beta': 0.2}",5.320527498241709e-14,3.1306237066033393e-13,2.0,11,6,,0.0,2.2699032716458647e-15,8.881784197001252e-15,25609.0,1.0,2023-08-28,"World Pacific Industrial H.K., Ltd.",
sku_customer,sku_customer::2018558|Ringson Limited,2018558,교체형,lumpy,51093.0,sba,{'alpha': 0.05},0.008718072720380849,0.05021006013300846,2.0,11,6,0.013652508966809382,0.0,0.0029037150211170338,0.011564368579234374,10218.6,1.0,2026-01-26,Ringson Limited,
sku_customer,sku_customer::1008924|Skyrich View (HK) Limited,1008924,교체형,intermittent,50744.0,tsb,"{'alpha': 0.1, 'beta': 0.2}",9.240523019476829e-12,4.869781630634003e-11,2.0,11,6,,0.0,8.780835561939846e-13,3.5123015607041452e-12,16914.666666666668,1.0,2024-02-26,Skyrich View (HK) Limited,
sku_customer,sku_customer::2019729|EACHAIN HONGKONG LIMITED,2019729,교체형,intermittent,50600.0,tsb,"{'alpha': 0.1, 'beta': 0.2}",0.37469282703511636,1.8972118781127791,0.26297128300180334,11,6,-0.5967574704723019,0.0,0.255806929502208,0.6932797233823201,12650.0,1.0,2026-06-01,EACHAIN HONGKONG LIMITED,
sku_customer,sku_customer::1008354|PATRIOT MEMORY INC.,1008354,교체형,smooth,50144.0,tsb,"{'alpha': 0.1, 'beta': 0.2}",4.8813745772202926e-11,3.483261666725945e-10,2.0,11,6,,0.0,1.0568606410729202e-12,4.227285188562746e-12,25072.0,1.0,2024-02-26,PATRIOT MEMORY INC.,
sku_customer,sku_customer::2018703|PATRIOT MEMORY INC.,2018703,교체형,intermittent,50000.0,tsb,"{'alpha': 0.1, 'beta': 0.2}",6.085873058496251e-06,3.751278628281098e-05,2.0,11,6,,0.0,1.666796486476924e-07,6.66718427910773e-07,25000.0,1.0,2025-03-17,PATRIOT MEMORY INC.,
sku_customer,"sku_customer::2018332|XINRONGDA CO., Limited",2018332,교체형,intermittent,49885.0,tsb,"{'alpha': 0.1, 'beta': 0.2}",1.4357750702376326e-06,5.3069377118298865e-06,2.0,11,6,,0.0,9.175070777619372e-08,3.6700278072121506e-07,8314.166666666666,1.0,2025-02-24,"XINRONGDA CO., Limited",
sku_customer,sku_customer::2016908|Patriot Memory Inc.,2016908,교체형,intermittent,49284.0,tsb,"{'alpha': 0.1, 'beta': 0.2}",6.334644535026371e-10,4.247407340787233e-09,2.0,11,6,,0.0,1.673785586815662e-11,6.695133336620529e-11,24642.0,1.0,2024-06-10,Patriot Memory Inc.,
sku_customer,"sku_customer::2018627|MING SHUN ELECTRONIC CO.,LIMITED",2018627,교체형,intermittent,48640.0,tsb,"{'alpha': 0.1, 'beta': 0.2}",0.0002925226586995364,0.0016871497895960723,2.0,11,6,,0.0,1.0994824901511315e-05,4.3978574294389894e-05,24320.0,1.0,2025-07-28,"MING SHUN ELECTRONIC CO.,LIMITED",
sku_customer,sku_customer::2017773|UNISPLENDOUR DIGITAL（HONG KONG）,2017773,교체형,intermittent,48000.0,tsb,"{'alpha': 0.1, 'beta': 0.2}",3.9452399434658094e-10,1.1674814234273367e-09,2.0,11,6,,0.0,4.261735376027564e-11,1.7046941636067459e-10,4363.636363636364,1.0,2024-07-01,UNISPLENDOUR DIGITAL（HONG KONG）,
sku_customer,sku_customer::2016908|GoldKey Technology Corporation,2016908,교체형,intermittent,48000.0,tsb,"{'alpha': 0.1, 'beta': 0.2}",6.468119304651166e-08,3.775044976881512e-07,2.0,11,6,,0.0,1.908716051610375e-09,7.634864296335309e-09,24000.0,1.0,2024-11-04,GoldKey Technology Corporation,
sku_customer,sku_customer::1009303|GOLDKEY TECHNOLOGY CORPORATION,1009303,교체형,lumpy,46824.0,croston,{'alpha': 0.1},43.344732467106645,307.2401326591211,1.9958231936237125,10,6,,0.0,0.10240146150163736,0.3508746838585973,23412.0,1.0,2026-05-18,GOLDKEY TECHNOLOGY CORPORATION,
sku_customer,sku_customer::2019490|PATRIOT MEMORY INC.,2019490,교체형,lumpy,46769.0,sba,{'alpha': 0.05},0.02597268646103054,0.12434045337422134,2.0,11,6,0.013652508966809458,0.0,0.0029807544680063086,0.011869814344680596,9353.8,1.0,2026-01-26,PATRIOT MEMORY INC.,
sku_customer,"sku_customer::2018195|Hotop Technologies, Inc.",2018195,교체형,intermittent,46680.0,tsb,"{'alpha': 0.1, 'beta': 0.2}",6.1562949672878775e-09,4.078074931363466e-08,2.0,11,6,,0.0,1.631220318765882e-10,6.52488285624031e-10,23340.0,1.0,2024-08-05,"Hotop Technologies, Inc.",
sku_customer,sku_customer::2016929|PINE INFO CO LTD,2016929,교체형,lumpy,46619.0,sba,{'alpha': 0.3},0.12707186196900838,0.35154801931055707,1.3308854159677392,11,6,-0.048942000837237376,0.0,0.0,0.0,0.0,0.0,,PINE INFO CO LTD,
sku_customer,sku_customer::2018958|Eternal International (HK) Ltd.,2018958,교체형,lumpy,46082.0,tsb,"{'alpha': 0.1, 'beta': 0.2}",0.007169701639599621,0.04290213712464853,2.0,11,6,-0.5847631037275749,0.0,0.00022852818766792233,0.0009137994476133837,11520.5,1.0,2025-11-03,Eternal International (HK) Ltd.,
sku_customer,"sku_customer::1009223|HONGKONG SHICHUANGYI CO., LIMITED",1009223,교체형,lumpy,45961.0,tsb,"{'alpha': 0.1, 'beta': 0.2}",7.792202931298099e-06,5.6085911833560524e-05,2.0,11,6,,0.0,8.438303571956312e-07,3.375317156328883e-06,22980.5,1.0,2025-05-05,"HONGKONG SHICHUANGYI CO., LIMITED",
sku_customer,sku_customer::2018696|PATRIOT MEMORY INC.,2018696,교체형,lumpy,45847.0,tsb,"{'alpha': 0.1, 'beta': 0.2}",2.105558350930261e-08,1.6729702781559867e-07,2.0,11,6,,0.0,4.2743564274641485e-09,1.709742558642091e-08,22923.5,1.0,2024-11-18,PATRIOT MEMORY INC.,
sku_customer,sku_customer::1006749|MF WAREHOUSING & LOGISTICS,1006749,교체형,intermittent,44718.0,tsb,"{'alpha': 0.1, 'beta': 0.2}",3.374112226264493e-13,2.0023701274010744e-12,2.0,11,6,,0.0,1.504643768952009e-14,6.039613253960852e-14,22359.0,1.0,2023-10-30,MF WAREHOUSING & LOGISTICS,
sku_customer,"sku_customer::2019419|Hosin Global (HK) Electronics Co.,",2019419,교체형,intermittent,44042.0,tsb,"{'alpha': 0.1, 'beta': 0.2}",1.733889358190394,10.054249760688448,0.7568382804247545,11,6,0.25534950256957784,0.0,0.24721946881137047,0.6788754457488967,11010.5,1.0,2026-06-01,"Hosin Global (HK) Electronics Co.,",
sku_customer,sku_customer::1008763|MF WAREHOUSING & LOGISTICS,1008763,교체형,lumpy,44000.0,tsb,"{'alpha': 0.1, 'beta': 0.2}",1.6013640745450516e-12,9.389159035216113e-12,2.0,11,6,,0.0,4.732456116560648e-14,1.8918200339612667e-13,14666.666666666666,1.0,2023-11-27,MF WAREHOUSING & LOGISTICS,
sku_customer,sku_customer::2019394|Eternal International (HK) Ltd.,2019394,교체형,intermittent,43961.0,tsb,"{'alpha': 0.1, 'beta': 0.2}",0.001425357932630071,0.005015065264887389,2.0,11,6,-0.5847631037275748,0.0,0.00010570802496618222,0.0004227650594703647,7326.833333333333,1.0,2025-09-29,Eternal International (HK) Ltd.,
sku_customer,sku_customer::2018332|PINE INFO CO LTD,2018332,교체형,intermittent,43415.0,tsb,"{'alpha': 0.1, 'beta': 0.2}",0.009348153415585387,0.02194581921861964,2.0,11,6,-0.5847631037275749,0.0,0.0,0.0,0.0,0.0,,PINE INFO CO LTD,
sku_customer,"sku_customer::2017389|Hotop Technologies, Inc.",2017389,교체형,intermittent,43200.0,tsb,"{'alpha': 0.1, 'beta': 0.2}",4.859683649881682e-09,2.7812206017562147e-08,2.0,11,6,,0.0,1.631220318765882e-10,6.52488285624031e-10,21600.0,1.0,2024-08-05,"Hotop Technologies, Inc.",
sku_customer,sku_customer::2017384|EVERBOND ELECTRONICS LIMITED,2017384,교체형,intermittent,42988.0,tsb,"{'alpha': 0.1, 'beta': 0.2}",6.328094224284122e-07,3.4831758623631597e-06,2.0,11,6,,0.0,2.2589431177165385e-08,9.035772174925683e-08,14329.333333333334,1.0,2025-01-20,EVERBOND ELECTRONICS LIMITED,
sku_customer,"sku_customer::1008098|World Pacific Industrial H.K., Ltd.",1008098,교체형,intermittent,41904.0,tsb,"{'alpha': 0.1, 'beta': 0.2}",1.4505246981833353e-10,5.652452592654097e-10,2.0,11,6,,0.0,8.274704028272887e-12,3.309885698854487e-11,8380.8,1.0,2024-05-06,"World Pacific Industrial H.K., Ltd.",
sku_customer,"sku_customer::1009888|Hosin Global (HK) Electronics Co.,",1009888,교체형,intermittent,41410.0,tsb,"{'alpha': 0.1, 'beta': 0.1}",1.2385831672390104,10.085190588374644,1.4870677161990618,11,6,0.7092263305399501,0.0,0.09291511627776,0.32299524577300953,20705.0,1.0,2026-05-11,"Hosin Global (HK) Electronics Co.,",
sku_customer,sku_customer::1007368|Korchina Logistics (H.K) Ltd,1007368,교체형,intermittent,41288.0,tsb,"{'alpha': 0.1, 'beta': 0.2}",2.3756585657227243e-14,1.3596326701932546e-13,2.0,11,6,,0.0,7.931078088800248e-16,3.1086244689504383e-15,20644.0,1.0,2023-07-03,Korchina Logistics (H.K) Ltd,
sku_customer,"sku_customer::2013848|XINRONGDA CO., Limited",2013848,교체형,intermittent,41265.0,tsb,"{'alpha': 0.1, 'beta': 0.2}",4.236650997048825e-07,2.5725914967599196e-06,2.0,11,6,,0.0,2.1064250143684637e-08,8.425699782321772e-08,20632.5,1.0,2025-01-20,"XINRONGDA CO., Limited",
sku_customer,sku_customer::2017382|EVERBOND ELECTRONICS LIMITED,2017382,교체형,intermittent,40618.0,tsb,"{'alpha': 0.1, 'beta': 0.2}",1.1186723885793508e-06,5.892884183639643e-06,2.0,11,6,,0.0,3.410675893696248e-08,1.3642702889615776e-07,13539.333333333334,1.0,2025-01-20,EVERBOND ELECTRONICS LIMITED,
sku_customer,sku_customer::1007826|Mei Tong Development Investment Ltd,1007826,교체형,intermittent,40443.0,tsb,"{'alpha': 0.1, 'beta': 0.2}",1.5556382588335465e-06,1.0391339163542352e-05,2.0,11,6,,0.0,4.1137614909324846e-08,1.6455044937746521e-07,20221.5,1.0,2025-02-10,Mei Tong Development Investment Ltd,
sku_customer,"sku_customer::2017239|XINRONGDA CO., Limited",2017239,교체형,lumpy,40436.0,tsb,"{'alpha': 0.1, 'beta': 0.2}",5.006904356350806e-07,1.6956304195204448e-06,2.0,11,6,,0.0,3.2400333121449936e-08,1.2960132600436935e-07,4492.888888888889,1.0,2025-01-20,"XINRONGDA CO., Limited",
sku_customer,sku_customer::2016957|PINE INFO CO LTD,2016957,교체형,intermittent,40429.0,tsb,"{'alpha': 0.1, 'beta': 0.2}",0.004375005223799859,0.009877358047097615,2.0,11,6,-0.584763103727575,0.0,0.0,0.0,0.0,0.0,,PINE INFO CO LTD,
sku_customer,"sku_customer::2018009|XINRONGDA CO., Limited",2018009,교체형,lumpy,40388.0,tsb,"{'alpha': 0.1, 'beta': 0.2}",2.1980622451774567e-06,1.3415868621212688e-05,2.0,11,6,,0.0,2.372762374075898e-07,9.491046119025626e-07,13462.666666666666,1.0,2025-03-24,"XINRONGDA CO., Limited",
sku_customer,"sku_customer::2019842|Hosin Global (HK) Electronics Co.,",2019842,교체형,intermittent,40097.0,tsb,"{'alpha': 0.1, 'beta': 0.2}",1.586559808851974,11.783944998069282,0.8147095804788935,11,6,-0.9991843877530202,0.0,0.24271586918399998,0.6711215443303871,13365.666666666666,1.0,2026-06-01,"Hosin Global (HK) Electronics Co.,",
sku_customer,sku_customer::1009131|TEC LOGISTICS COMPANY,1009131,교체형,smooth,40016.0,sba,{'alpha': 0.1},7073.896344202482,5008.360599207878,1.983644369112777,11,6,0.15473902633574468,0.0,0.11796480000000001,0.39473763748187796,20008.0,1.0,2026-05-04,TEC LOGISTICS COMPANY,
sku_customer,"sku_customer::2016833|XINRONGDA CO., Limited",2016833,교체형,lumpy,39795.0,tsb,"{'alpha': 0.1, 'beta': 0.2}",6.186499781648712e-08,2.244730812645387e-07,2.0,11,6,,0.0,3.3933950351495334e-09,1.3573579926706714e-08,4974.375,1.0,2024-11-18,"XINRONGDA CO., Limited",
sku_customer,sku_customer::1008744|SF Supply Chain (Hong Kong) Limited,1008744,교체형,lumpy,39696.0,tsb,"{'alpha': 0.1, 'beta': 0.2}",0.0010163655108951077,0.007206175796919882,2.0,11,6,-0.5847631037275749,0.0,2.6664906817917964e-05,0.00010665536124399022,19848.0,1.0,2025-09-01,SF Supply Chain (Hong Kong) Limited,
sku_customer,"sku_customer::1008417|HONGKONG SHICHUANGYI CO., LIMITED",1008417,교체형,lumpy,39560.0,sba,{'alpha': 0.3},0.06988554284049836,0.554492587615683,2.0,11,6,0.01365250896680948,0.0,0.0024491784547922097,0.009760781697910503,13186.666666666666,1.0,2026-01-12,"HONGKONG SHICHUANGYI CO., LIMITED",
sku_customer,"sku_customer::1009440|AGI TECHNOLOGY CO., LTD.",1009440,교체형,intermittent,39529.0,tsb,"{'alpha': 0.1, 'beta': 0.1}",5.010524330531591,36.36942648341955,1.90548742969503,10,6,,0.0,0.10600287970189641,0.3612300466478885,19764.5,1.0,2026-05-18,"AGI TECHNOLOGY CO., LTD.",
sku_customer,sku_customer::2019563|LUCKY GRADE LIMITED,2019563,교체형,intermittent,39407.0,sba,{'alpha': 0.05},0.03898896133108526,0.11832156158516621,2.0,11,6,-0.8759902578404606,0.0,0.02421152059379298,0.09338532332420757,4378.555555555556,1.0,2026-03-23,LUCKY GRADE LIMITED,
sku_customer,sku_customer::2018978|EVERBOND ELECTRONICS LIMITED,2018978,교체형,intermittent,39406.0,tsb,"{'alpha': 0.1, 'beta': 0.2}",1.4556756346447052e-06,9.175999341951464e-06,2.0,11,6,,0.0,8.533998011124415e-08,3.413598765877879e-07,19703.0,1.0,2025-02-24,EVERBOND ELECTRONICS LIMITED,
sku_customer,sku_customer::2018905|Kerry Logistics,2018905,교체형,intermittent,39176.0,tsb,"{'alpha': 0.1, 'beta': 0.2}",6.249274142867101e-06,4.050357680061554e-05,2.0,11,6,,0.0,1.666796486476924e-07,6.66718427910773e-07,19588.0,1.0,2025-03-17,Kerry Logistics,
sku_customer,"sku_customer::2017606|XINRONGDA CO., Limited",2017606,교체형,intermittent,38339.0,tsb,"{'alpha': 0.1, 'beta': 0.2}",5.0228090989786745e-08,2.6792394320146985e-07,2.0,11,6,,0.0,1.9936100101766907e-09,7.974440219271628e-09,12779.666666666666,1.0,2024-10-21,"XINRONGDA CO., Limited",
sku_customer,sku_customer::2019732|EACHAIN HONGKONG LIMITED,2019732,교체형,intermittent,38182.0,tsb,"{'alpha': 0.1, 'beta': 0.2}",0.6326473579456452,3.897693120908123,0.39936066658192376,11,6,-0.05891146828251602,0.0,0.25404771089776645,0.6903691649473369,9545.5,1.0,2026-06-01,EACHAIN HONGKONG LIMITED,
sku_customer,sku_customer::2017460|UNISPLENDOUR DIGITAL（HONG KONG）,2017460,교체형,intermittent,38160.0,tsb,"{'alpha': 0.1, 'beta': 0.2}",4.5591869503491075e-11,1.6900934414466156e-10,2.0,11,6,,0.0,3.453770391084708e-12,1.3815171229225598e-11,6360.0,1.0,2024-04-15,UNISPLENDOUR DIGITAL（HONG KONG）,
sku_customer,sku_customer::2017140|Patriot Memory Inc.,2017140,교체형,intermittent,38114.0,tsb,"{'alpha': 0.1, 'beta': 0.2}",4.747375875765562e-13,2.7273834479605228e-12,2.0,11,6,,0.0,1.4947299179816084e-14,5.995204332975845e-14,19057.0,1.0,2023-10-23,Patriot Memory Inc.,
sku_customer,sku_customer::1008497|Skyrich View (HK) Limited,1008497,교체형,lumpy,37893.0,tsb,"{'alpha': 0.1, 'beta': 0.2}",5.050607790651362e-12,3.014070113462092e-11,2.0,11,6,,0.0,8.281932023720034e-13,3.312905505481467e-12,12544.333333333334,0.9931385744068826,2024-02-26,Skyrich View (HK) Limited,
sku_customer,sku_customer::1008397|Mei Tong Development Investment Ltd,1008397,교체형,lumpy,37848.0,tsb,"{'alpha': 0.1, 'beta': 0.2}",1.836847246288534e-13,1.4347765425685455e-12,2.0,11,6,,0.0,4.8276910644723214e-15,1.9095836023552692e-14,18924.0,1.0,2023-09-25,Mei Tong Development Investment Ltd,
sku_customer,"sku_customer::2017910|Hosin Global Electronics Co., Ltd",2017910,교체형,lumpy,37809.0,tsb,"{'alpha': 0.1, 'beta': 0.2}",0.0011868685438174654,0.00677095262282914,2.0,11,6,-0.5847631037275749,0.0,3.862918875081302e-05,0.00015450780194870006,9452.25,1.0,2025-09-01,"Hosin Global Electronics Co., Ltd",
sku_customer,"sku_customer::2018509|Hotop Technologies, Inc.",2018509,교체형,intermittent,37484.0,sba,{'alpha': 0.05},0.04904823024734052,0.3018416638253459,2.0,11,6,-0.9258823748643671,0.0,0.018247494974570504,0.07101634614337848,18742.0,1.0,2026-03-16,"Hotop Technologies, Inc.",
sku_customer,sku_customer::2017773|Evetech Pty Ltd,2017773,교체형,intermittent,37395.0,tsb,"{'alpha': 0.1, 'beta': 0.2}",0.022421658858766902,0.07138990173209141,2.0,11,6,-0.5847631037275749,0.0,0.002307304726206874,0.009197326079067092,4155.0,1.0,2026-01-19,Evetech Pty Ltd,
sku_customer,sku_customer::2018272|BaDa Group (HongKong) Corporation L,2018272,교체형,intermittent,37000.0,tsb,"{'alpha': 0.2, 'beta': 0.05}",0.538350584712532,1.5299643804990453,1.5845908276283003,11,6,4.725368741181044,0.0,0.156474250853227,0.49371696260529363,3083.3333333333335,1.0,2026-05-25,BaDa Group (HongKong) Corporation L,
sku_customer,sku_customer::2017754|REALTECH SEMICONDUCTOR TECHNOLOGY,2017754,교체형,lumpy,36391.0,tsb,"{'alpha': 0.1, 'beta': 0.2}",1.1295425905659189e-07,8.027320104395876e-07,2.0,11,6,,0.0,1.1454138245156205e-08,4.581655199675794e-08,18195.5,1.0,2024-12-23,REALTECH SEMICONDUCTOR TECHNOLOGY,
sku_customer,sku_customer::1008396|Mei Tong Development Investment Ltd,1008396,교체형,lumpy,36334.0,tsb,"{'alpha': 0.1, 'beta': 0.2}",2.503156735474883e-13,2.014559972874032e-12,2.0,11,6,,0.0,6.597333422647629e-15,2.6201263381153694e-14,18167.0,1.0,2023-09-25,Mei Tong Development Investment Ltd,
sku_customer,sku_customer::2017373|EVERBOND ELECTRONICS LIMITED,2017373,교체형,intermittent,36040.0,croston,{'alpha': 0.1},0.26137380038050995,1.7222351392113993,1.7740910695375927,11,6,-0.2640856916646535,0.0,0.04194304441711768,0.1575089169656385,18020.0,1.0,2026-04-20,EVERBOND ELECTRONICS LIMITED,
sku_customer,sku_customer::1009135|TEC LOGISTICS COMPANY,1009135,교체형,intermittent,36000.0,tsb,"{'alpha': 0.1, 'beta': 0.2}",6.495202068028368e-08,3.7685103908868716e-07,2.0,11,6,,0.0,2.5503207741621254e-09,1.0201282929500621e-08,18000.0,1.0,2024-11-04,TEC LOGISTICS COMPANY,
sku_customer,"sku_customer::2017603|XINRONGDA CO., Limited",2017603,교체형,lumpy,35974.0,tsb,"{'alpha': 0.1, 'beta': 0.2}",5.503710302102107e-10,2.353639772397635e-09,2.0,11,6,,0.0,3.1117169882758883e-11,1.244688796475657e-10,5995.666666666667,1.0,2024-06-24,"XINRONGDA CO., Limited",
sku_customer,sku_customer::2018096|PINE INFO CO LTD,2018096,교체형,lumpy,35932.0,sba,{'alpha': 0.05},0.03976520103635828,0.1205406340165202,1.4342556069917265,11,6,-0.28380127761456414,0.0,0.0,0.0,0.0,0.0,,PINE INFO CO LTD,
sku_customer,"sku_customer::2018611|XINRONGDA CO., Limited",2018611,교체형,intermittent,35409.0,tsb,"{'alpha': 0.1, 'beta': 0.2}",0.03706810486708252,0.2127902383001529,2.0,11,6,-0.16510015582609036,0.0,0.0013313295588506155,0.005314693040693874,17704.5,1.0,2025-12-22,"XINRONGDA CO., Limited",
sku_customer,sku_customer::1009494|GOLDKEY TECHNOLOGY CORPORATION,1009494,교체형,intermittent,35048.0,tsb,"{'alpha': 0.2, 'beta': 0.05}",0.33209733756033527,1.9069347581588325,1.935250395950125,10,6,,0.0,0.20010141204801826,0.5906076523855693,17524.0,1.0,2026-06-08,GOLDKEY TECHNOLOGY CORPORATION,
sku_customer,sku_customer::2019710|PATRIOT MEMORY INC.,2019710,교체형,intermittent,34760.0,tsb,"{'alpha': 0.2, 'beta': 0.05}",0.378775646943602,1.6132086956595455,0.8832815043295703,11,6,-0.42876322104264103,0.0,0.1149353105251369,0.38637922060315777,8690.0,1.0,2026-05-11,PATRIOT MEMORY INC.,
sku_customer,sku_customer::2016957|PINE INFORMATION CO LTD,2016957,교체형,lumpy,34741.0,tsb,"{'alpha': 0.1, 'beta': 0.2}",5.945292026078751e-11,1.493160657806277e-10,2.0,11,6,,0.0,0.0,0.0,0.0,0.0,,PINE INFORMATION CO LTD,
sku_customer,sku_customer::2019526|PATRIOT MEMORY INC.,2019526,교체형,lumpy,34350.0,sba,{'alpha': 0.05},0.05610561125361011,0.3044716330455764,2.0,11,6,0.35303992178690735,0.0,0.03310148188380116,0.1259755565892089,6870.0,1.0,2026-03-30,PATRIOT MEMORY INC.,
sku_customer,sku_customer::2017381|EVERBOND ELECTRONICS LIMITED,2017381,교체형,lumpy,33847.0,tsb,"{'alpha': 0.1, 'beta': 0.2}",3.5171448975871774e-07,2.6127789628040294e-06,2.0,11,6,,0.0,9.220038439219733e-09,3.688015304259551e-08,16923.5,1.0,2024-12-23,EVERBOND ELECTRONICS LIMITED,
sku_customer,sku_customer::1005677|MF WAREHOUSING & LOGISTICS,1005677,교체형,intermittent,33816.0,sba,{'alpha': 0.05},0.039719917244083705,0.29253797987376295,2.0,11,6,0.013652508966809713,0.0,0.0036028797062709105,0.014333821275727132,16908.0,1.0,2026-02-02,MF WAREHOUSING & LOGISTICS,
sku_customer,sku_customer::2018698|PATRIOT MEMORY INC.,2018698,교체형,intermittent,33799.0,tsb,"{'alpha': 0.1, 'beta': 0.2}",9.973551941158705e-08,5.873454554202045e-07,2.0,11,6,,0.0,4.2743564274641485e-09,1.709742558642091e-08,16899.5,1.0,2024-11-18,PATRIOT MEMORY INC.,
sku_customer,"sku_customer::2018009|Hotop Technologies, Inc.",2018009,교체형,intermittent,33781.0,tsb,"{'alpha': 0.1, 'beta': 0.2}",1.0029197043803118e-09,5.265856931121253e-09,2.0,11,6,,0.0,6.397669005802893e-11,2.5590685126530843e-10,11260.333333333334,1.0,2024-07-22,"Hotop Technologies, Inc.",
sku_customer,"sku_customer::2018611|Hotop Technologies, Inc.",2018611,교체형,lumpy,33463.0,tsb,"{'alpha': 0.1, 'beta': 0.2}",0.003280936509958378,0.020487375376368477,2.0,11,6,-0.5591514449520624,0.0,0.0,0.0,0.0,0.0,,"Hotop Technologies, Inc.",
sku_customer,sku_customer::2019671|EACHAIN HONGKONG LIMITED,2019671,교체형,intermittent,33002.0,sba,{'alpha': 0.05},0.04993311432910677,0.30932314052402293,2.0,11,6,-0.9454918998989257,0.0,0.028511710897766402,0.1092613874990701,16501.0,1.0,2026-03-30,EACHAIN HONGKONG LIMITED,
sku_customer,sku_customer::2018610|Eternal International (HK) Ltd.,2018610,교체형,lumpy,32578.0,croston,{'alpha': 0.1},0.15568361334326578,1.1868110374886285,1.5739209604950517,11,6,0.002182278168509435,0.0,0.05243751122859319,0.1938210767449371,16289.0,1.0,2026-04-27,Eternal International (HK) Ltd.,
sku_customer,sku_customer::2018969|PATRIOT MEMORY INC.,2018969,교체형,intermittent,32519.0,tsb,"{'alpha': 0.1, 'beta': 0.2}",0.00011072563950836611,0.0004770156092273582,2.0,11,6,,0.0,4.914284593760495e-06,1.9656993474614914e-05,8129.75,1.0,2025-06-30,PATRIOT MEMORY INC.,
sku_customer,"sku_customer::1006093|Hosin Global Electronics Co., Ltd",1006093,교체형,lumpy,32452.0,tsb,"{'alpha': 0.1, 'beta': 0.2}",4.5553314785834855e-07,3.660082225302834e-06,2.0,11,6,,0.0,1.0140936055383404e-07,4.0563738057386445e-07,16226.0,1.0,2025-03-03,"Hosin Global Electronics Co., Ltd",
sku_customer,"sku_customer::2018010|Hosin Global Electronics Co., Ltd",2018010,교체형,lumpy,32234.0,tsb,"{'alpha': 0.1, 'beta': 0.2}",7.3426194453866055e-09,3.274677415420062e-08,2.0,11,6,,0.0,7.695498083666237e-10,3.078199029005191e-09,5372.333333333333,1.0,2024-09-23,"Hosin Global Electronics Co., Ltd",
sku_customer,sku_customer::2019729|Eternal International (HK) Ltd.,2019729,교체형,intermittent,32200.0,sba,{'alpha': 0.05},0.045841968762618604,0.208755356391053,2.0,11,6,0.013652508966809574,0.0,0.0029556733885077275,0.011770380729748231,8050.0,1.0,2026-01-19,Eternal International (HK) Ltd.,
sku_customer,sku_customer::2018991|PATRIOT MEMORY INC.,2018991,교체형,lumpy,32079.0,sba,{'alpha': 0.3},0.06828767356473345,0.37913513120283354,2.0,11,6,0.013652508966809557,0.0,0.0029072650707161556,0.011578445361305922,8019.75,1.0,2026-01-26,PATRIOT MEMORY INC.,
sku_customer,sku_customer::1007795|Skyrich View (HK) Limited,1007795,교체형,intermittent,31986.0,tsb,"{'alpha': 0.1, 'beta': 0.2}",1.090988954141204e-11,7.293962910880626e-11,2.0,11,6,,0.0,8.27644339008138e-13,3.310685059432217e-12,15993.0,1.0,2024-02-26,Skyrich View (HK) Limited,
sku_customer,sku_customer::1009225|TEC LOGISTICS COMPANY,1009225,교체형,intermittent,31968.0,tsb,"{'alpha': 0.1, 'beta': 0.2}",3.7062886764535624e-06,2.2128811617244537e-05,2.0,11,6,,0.0,1.0485074543594977e-07,4.194029157300605e-07,15984.0,1.0,2025-03-10,TEC LOGISTICS COMPANY,
sku_customer,sku_customer::1007914|REALTECH SEMICONDUCTOR TECHNOLOGY,1007914,교체형,intermittent,31697.0,tsb,"{'alpha': 0.1, 'beta': 0.2}",7.321877674743915e-09,3.4219010855709225e-08,2.0,11,6,,0.0,3.0443359074361776e-10,1.2177343577945976e-09,10565.666666666666,1.0,2024-09-02,REALTECH SEMICONDUCTOR TECHNOLOGY,
sku_customer,sku_customer::1009137|SF Supply Chain (Hong Kong) Limited,1009137,교체형,lumpy,31370.0,sba,{'alpha': 0.3},0.05970199881512832,0.45513878802528535,2.0,11,6,-0.598151446852201,0.0,0.017206453743915707,0.06706973173218111,15685.0,1.0,2026-03-23,SF Supply Chain (Hong Kong) Limited,
sku_customer,"sku_customer::2017386|Hotop Technologies, Inc.",2017386,교체형,intermittent,30991.0,tsb,"{'alpha': 0.1, 'beta': 0.2}",5.6566735690057305e-08,3.4939314044195685e-07,2.0,11,6,,0.0,1.5468657727437614e-09,6.187462986417813e-09,15495.5,1.0,2024-10-28,"Hotop Technologies, Inc.",
sku_customer,sku_customer::2019456|REALTECH SEMICONDUCTOR TECHNOLOGY L,2019456,교체형,intermittent,30962.0,tsb,"{'alpha': 0.1, 'beta': 0.2}",1570.3945996320301,925.6709086703431,1.3609336821898876,10,6,,0.0,0.14434304000000003,0.4639580860490894,15481.0,1.0,2026-05-18,REALTECH SEMICONDUCTOR TECHNOLOGY L,
sku_customer,"sku_customer::1009224|HONGKONG SHICHUANGYI CO., LIMITED",1009224,교체형,intermittent,30780.0,tsb,"{'alpha': 0.1, 'beta': 0.2}",9.761282489040791e-06,6.714052633988549e-05,2.0,11,6,,0.0,8.438303571956312e-07,3.375317156328883e-06,15390.0,1.0,2025-05-05,"HONGKONG SHICHUANGYI CO., LIMITED",
sku_customer,"sku_customer::1008625|XINRONGDA CO., Limited",1008625,교체형,lumpy,30739.0,tsb,"{'alpha': 0.1, 'beta': 0.2}",2.776103031775422e-06,1.9443038703570998e-05,2.0,11,6,,0.0,8.034701331947402e-08,3.213880143126957e-07,10246.333333333334,1.0,2025-03-03,"XINRONGDA CO., Limited",
sku_customer,"sku_customer::1008734|Hosin Global Electronics Co., Ltd",1008734,교체형,intermittent,30686.0,tsb,"{'alpha': 0.1, 'beta': 0.2}",6.834683661450222e-08,4.1000726599302276e-07,2.0,11,6,,0.0,1.921685521948919e-09,7.686741909651573e-09,15343.0,1.0,2024-10-28,"Hosin Global Electronics Co., Ltd",
sku_customer,sku_customer::2019749|EVERBOND ELECTRONICS LIMITED,2019749,교체형,intermittent,30382.0,tsb,"{'alpha': 0.2, 'beta': 0.05}",0.642341919073331,3.418754068703535,1.7290742808869328,11,6,-0.13763616832640588,0.0,0.045193356305787635,0.16888383571507848,10127.333333333334,1.0,2026-04-20,EVERBOND ELECTRONICS LIMITED,
sku_customer,sku_customer::1007977|MF WAREHOUSING & LOGISTICS,1007977,교체형,intermittent,30358.0,tsb,"{'alpha': 0.1, 'beta': 0.2}",7.314225771383421e-06,4.636920211610783e-05,2.0,11,6,,0.0,1.969004986106629e-07,7.876017616981201e-07,15179.0,1.0,2025-03-31,MF WAREHOUSING & LOGISTICS,
sku_customer,sku_customer::1009494|GoldKey Technology Corporation,1009494,교체형,intermittent,30064.0,sba,{'alpha': 0.05},0.032048505477202296,0.20638879275509814,2.0,11,6,0.013652508966809357,0.0,0.004086450029742254,0.016245878356759835,15032.0,1.0,2026-02-02,GoldKey Technology Corporation,
sku_customer,"sku_customer::1008623|XINRONGDA CO., Limited",1008623,교체형,lumpy,29958.0,tsb,"{'alpha': 0.1, 'beta': 0.2}",8.7750904426066e-08,4.7327765161423226e-07,2.0,11,6,,0.0,2.9067807623849526e-09,1.1627123264190686e-08,7489.5,1.0,2024-11-18,"XINRONGDA CO., Limited",
sku_customer,"sku_customer::2018009|Hosin Global Electronics Co., Ltd",2018009,교체형,intermittent,29940.0,tsb,"{'alpha': 0.1, 'beta': 0.2}",6.028585482643478e-10,2.5856661265471084e-09,2.0,11,6,,0.0,3.848789667554588e-11,1.539515182003015e-10,7485.0,1.0,2024-06-24,"Hosin Global Electronics Co., Ltd",
sku_customer,sku_customer::2018336|PINE INFO CO LTD,2018336,교체형,intermittent,29337.0,sba,{'alpha': 0.05},0.06398453223221197,0.1636041068200653,2.0,11,6,0.013652508966809753,0.0,0.0,0.0,0.0,0.0,,PINE INFO CO LTD,
sku_customer,sku_customer::2016908|REALTECH SEMICONDUCTOR TECHNOLOGY,2016908,교체형,intermittent,28800.0,tsb,"{'alpha': 0.1, 'beta': 0.2}",5.877396499817924e-09,3.5456117180889806e-08,2.0,11,6,,0.0,2.835743417516866e-10,1.1342975447803383e-09,14400.0,1.0,2024-09-02,REALTECH SEMICONDUCTOR TECHNOLOGY,
sku_customer,"sku_customer::2016833|Hosin Global Electronics Co., Ltd",2016833,교체형,lumpy,28763.0,tsb,"{'alpha': 0.1, 'beta': 0.2}",1.0052450448386889e-07,4.5407293613482737e-07,2.0,11,6,,0.0,8.848696480419496e-09,3.5394785324882605e-08,5752.6,1.0,2024-12-23,"Hosin Global Electronics Co., Ltd",
sku_customer,sku_customer::2018332|BaDa Group (HongKong) Corporation L,2018332,교체형,lumpy,28500.0,sba,{'alpha': 0.05},0.03831449689640829,0.15734243154450914,2.0,11,6,-0.513680690582802,0.0,0.02807662322964914,0.10766462172075775,4071.4285714285716,1.0,2026-03-30,BaDa Group (HongKong) Corporation L,
sku_customer,sku_customer::1006414|PATRIOT MEMORY INC.,1006414,교체형,intermittent,28025.0,tsb,"{'alpha': 0.1, 'beta': 0.2}",4.046414090543066e-11,2.354783447130115e-10,2.0,11,6,,0.0,1.2036445524962848e-12,4.814371123984529e-12,14012.5,1.0,2024-03-04,PATRIOT MEMORY INC.,
sku_customer,sku_customer::1007729|Skyrich View (HK) Limited,1007729,교체형,lumpy,28002.0,tsb,"{'alpha': 0.1, 'beta': 0.2}",6.602183713920734e-12,4.8807448674409366e-11,2.0,11,6,,0.0,8.27644339008138e-13,3.310685059432217e-12,14001.0,1.0,2024-02-26,Skyrich View (HK) Limited,
sku_customer,sku_customer::2018393|EVERBOND ELECTRONICS LIMITED,2018393,교체형,intermittent,27861.0,tsb,"{'alpha': 0.1, 'beta': 0.2}",4.8429246022305e-07,2.712543702420842e-06,2.0,11,6,,0.0,2.3102714954909402e-08,9.241085663358461e-08,9287.0,1.0,2025-01-20,EVERBOND ELECTRONICS LIMITED,
sku_customer,sku_customer::2019841|REALTECH SEMICONDUCTOR TECHNOLOGY L,2019841,교체형,intermittent,27804.0,croston,{'alpha': 0.1},0.7275915708536466,3.84905002618971,1.940746933362232,11,6,-0.10675562660456984,0.0,0.04644663962737051,0.17323895815846702,13902.0,1.0,2026-04-20,REALTECH SEMICONDUCTOR TECHNOLOGY L,
sku_customer,sku_customer::2019241|PINE INFO CO LTD,2019241,교체형,intermittent,27690.0,tsb,"{'alpha': 0.1, 'beta': 0.2}",0.004608332881362047,0.01588365897142438,2.0,11,6,-0.5847631037275748,0.0,0.0,0.0,0.0,0.0,,PINE INFO CO LTD,
sku_customer,sku_customer::2016929|Wilk Elektronik S.A.,2016929,교체형,intermittent,27098.0,tsb,"{'alpha': 0.1, 'beta': 0.2}",2.1808566437479812e-05,6.2805542761605e-05,2.0,11,6,,0.0,0.0,0.0,0.0,0.0,,Wilk Elektronik S.A.,
sku_customer,sku_customer::2018609|EVERBOND ELECTRONICS LIMITED,2018609,교체형,lumpy,26570.0,tsb,"{'alpha': 0.2, 'beta': 0.05}",10.31051985412643,39.65849402114186,1.9961302434855641,11,6,-0.2903331326681491,0.0,0.0419511781841844,0.15753752711838143,8856.666666666666,1.0,2026-04-20,EVERBOND ELECTRONICS LIMITED,
sku_customer,sku_customer::2019462|BaDa Group (HongKong) Corporation L,2019462,교체형,intermittent,26550.0,sba,{'alpha': 0.05},0.01815001841184055,0.05774465577114562,2.0,11,6,-0.964791698648105,0.0,0.028472190720518997,0.10911643754408984,2950.0,1.0,2026-03-30,BaDa Group (HongKong) Corporation L,
sku_customer,sku_customer::2018097|PINE INFO CO LTD,2018097,교체형,lumpy,26500.0,tsb,"{'alpha': 0.1, 'beta': 0.2}",0.00033611552875095833,0.0007682175921133222,2.0,11,6,,0.0,0.0,0.0,0.0,0.0,,PINE INFO CO LTD,
sku_customer,sku_customer::2019414|EVERBOND ELECTRONICS LIMITED,2019414,교체형,intermittent,26398.0,tsb,"{'alpha': 0.1, 'beta': 0.2}",0.00044614410174998234,0.002733048926135002,2.0,11,6,-0.5847631037275748,0.0,1.2279347824946575e-05,4.9116486613098864e-05,13199.0,1.0,2025-07-28,EVERBOND ELECTRONICS LIMITED,
sku_customer,sku_customer::1007826|UNIFORTUNE (HK) COMPANY LIMITED,1007826,교체형,intermittent,26321.0,tsb,"{'alpha': 0.1, 'beta': 0.2}",1.1709867889165972e-10,5.854650641001776e-10,2.0,11,6,,0.0,4.6184986949273006e-12,1.8474111129762605e-11,8773.666666666666,1.0,2024-04-29,UNIFORTUNE (HK) COMPANY LIMITED,
sku_customer,sku_customer::2016929|PINE INFORMATION CO LTD,2016929,교체형,intermittent,25993.0,tsb,"{'alpha': 0.1, 'beta': 0.2}",1.8159611644405175e-10,4.436297367024587e-10,2.0,11,6,,0.0,0.0,0.0,0.0,0.0,,PINE INFORMATION CO LTD,
sku_customer,sku_customer::1006937|MF WAREHOUSING & LOGISTICS,1006937,교체형,lumpy,25957.0,tsb,"{'alpha': 0.1, 'beta': 0.2}",8.590653294681934e-08,3.5026993706197503e-07,2.0,11,6,,0.0,5.8655082341676926e-09,2.3462032539001143e-08,4326.166666666667,1.0,2024-12-02,MF WAREHOUSING & LOGISTICS,
sku_customer,sku_customer::2017902|Eternal International (HK) Ltd.,2017902,교체형,lumpy,25906.0,sba,{'alpha': 0.05},0.008986053853691972,0.0674417829694249,2.0,11,6,0.013652508966809642,0.0,0.0028868063630689213,0.01149731970750556,6476.5,1.0,2026-01-26,Eternal International (HK) Ltd.,
sku_customer,sku_customer::2018959|Eternal International (HK) Ltd.,2018959,교체형,intermittent,25903.0,tsb,"{'alpha': 0.1, 'beta': 0.2}",0.0015386481781798987,0.0056317804338712925,2.0,11,6,-0.5847631037275749,0.0,9.821598749935865e-05,0.00039280607550595814,5180.6,1.0,2025-09-29,Eternal International (HK) Ltd.,
sku_customer,sku_customer::1008398|KC Int'L (HK) Ltd,1008398,교체형,lumpy,25902.0,tsb,"{'alpha': 0.1, 'beta': 0.2}",1.4240303212411618e-07,8.639928817097849e-07,2.0,11,6,,0.0,1.7094722881818743e-08,6.837888966160222e-08,5180.4,1.0,2025-01-13,KC Int'L (HK) Ltd,
sku_customer,sku_customer::1007976|MF WAREHOUSING & LOGISTICS,1007976,교체형,lumpy,25790.0,tsb,"{'alpha': 0.1, 'beta': 0.2}",1.238775873393233e-07,7.225825956413417e-07,2.0,11,6,,0.0,1.4221043507747428e-08,5.688417259452905e-08,8596.666666666666,1.0,2025-01-06,MF WAREHOUSING & LOGISTICS,
sku_customer,sku_customer::1007871|Eudar Technology Inc.,1007871,교체형,lumpy,25765.0,tsb,"{'alpha': 0.1, 'beta': 0.2}",1.3319879957186637e-07,4.695550235303347e-07,2.0,11,6,,0.0,1.5644365577623764e-08,6.257746087978688e-08,2576.5,1.0,2025-01-06,Eudar Technology Inc.,
sku_customer,sku_customer::1009054|MF WAREHOUSING & LOGISTICS,1009054,교체형,intermittent,25765.0,tsb,"{'alpha': 0.1, 'beta': 0.2}",5.099842992033822e-07,3.408624468457467e-06,2.0,11,6,,0.0,1.3484347847997574e-08,5.393739033188183e-08,12882.5,1.0,2025-01-06,MF WAREHOUSING & LOGISTICS,
sku_customer,"sku_customer::2019670|Hosin Global Electronics Co., Ltd",2019670,교체형,intermittent,25600.0,tsb,"{'alpha': 0.1, 'beta': 0.2}",0.031730063267703126,0.18159269617748186,2.0,11,6,-0.3427779743064528,0.0,0.0010650636470804938,0.0042534532562660265,12800.0,1.0,2025-12-15,"Hosin Global Electronics Co., Ltd",
sku_customer,sku_customer::1008417|UNIFORTUNE (HK) COMPANY LIMITED,1008417,교체형,lumpy,25293.0,tsb,"{'alpha': 0.1, 'beta': 0.2}",1.758658670642877e-10,1.242326558420202e-09,2.0,11,6,,0.0,4.615010142880701e-12,1.8459900275047403e-11,12646.5,1.0,2024-04-29,UNIFORTUNE (HK) COMPANY LIMITED,
sku_customer,sku_customer::2016728|PATRIOT MEMORY INC.,2016728,교체형,intermittent,25000.0,tsb,"{'alpha': 0.1, 'beta': 0.2}",1.9087132314053618e-08,1.1139989782412792e-07,2.0,11,6,,0.0,7.778264211644465e-10,3.111305879599513e-09,12500.0,1.0,2024-09-23,PATRIOT MEMORY INC.,
sku_customer,sku_customer::2019221|PATRIOT MEMORY INC.,2019221,교체형,lumpy,24943.0,sba,{'alpha': 0.05},0.026426574430963256,0.17887501836835865,2.0,11,6,-0.13035435733468176,0.0,0.025984064359310242,0.0999549467860752,4988.6,1.0,2026-03-30,PATRIOT MEMORY INC.,
sku_customer,sku_customer::1008097|PATRIOT MEMORY INC.,1008097,교체형,lumpy,24678.0,tsb,"{'alpha': 0.1, 'beta': 0.2}",1.394588988115532e-08,1.0371747640544976e-07,2.0,11,6,,0.0,1.809985329523938e-09,7.239941535175376e-09,12339.0,1.0,2024-11-04,PATRIOT MEMORY INC.,
sku_customer,"sku_customer::1008878|XINRONGDA CO., Limited",1008878,교체형,lumpy,24472.0,tsb,"{'alpha': 0.1, 'beta': 0.2}",3.0285332695559926e-09,2.3609233889387584e-08,2.0,11,6,,0.0,7.958496797906137e-11,3.183400210104992e-10,12236.0,1.0,2024-07-29,"XINRONGDA CO., Limited",
sku_customer,sku_customer::1006414|REALTECH SEMICONDUCTOR TECHNOLOGY,1006414,교체형,intermittent,24471.0,tsb,"{'alpha': 0.1, 'beta': 0.2}",4.917379638378606e-10,3.0358626357505297e-09,2.0,11,6,,0.0,2.632738791205003e-11,1.0530953886700445e-10,12235.5,1.0,2024-06-17,REALTECH SEMICONDUCTOR TECHNOLOGY,
sku_customer,sku_customer::2019709|PATRIOT MEMORY INC.,2019709,교체형,intermittent,23995.0,sba,{'alpha': 0.05},0.032025266170745414,0.12923630340965556,0.8509979916204884,11,6,-0.9518664503607991,0.0,0.11356160266714059,0.3825607417634197,4799.0,1.0,2026-05-11,PATRIOT MEMORY INC.,
sku_customer,sku_customer::1008745|Mei Tong Development Investment Ltd,1008745,교체형,lumpy,23965.0,tsb,"{'alpha': 0.1, 'beta': 0.2}",3.7800344317864684e-05,0.00021294874388696157,2.0,11,6,,0.0,7.011567890565613e-06,2.8045976590895805e-05,5991.25,1.0,2025-07-21,Mei Tong Development Investment Ltd,
sku_customer,"sku_customer::2017603|Hosin Global Electronics Co., Ltd",2017603,교체형,intermittent,23463.0,tsb,"{'alpha': 0.1, 'beta': 0.2}",2.480479362188328e-06,1.2171057237349283e-05,2.0,11,6,,0.0,1.5837494530318673e-07,6.334996305312757e-07,7821.0,1.0,2025-03-24,"Hosin Global Electronics Co., Ltd",
sku_customer,sku_customer::2017631|PINE INFO CO LTD,2017631,교체형,lumpy,23341.0,croston,{'alpha': 0.2},0.1226709619978786,0.38966945175433226,0.8976179960963298,11,6,-0.029061233435962223,0.0,0.0,0.0,0.0,0.0,,PINE INFO CO LTD,
sku_customer,sku_customer::2018272|Eternal International (HK) Ltd.,2018272,교체형,lumpy,23000.0,sba,{'alpha': 0.05},0.012349282613173482,0.06646552240635555,2.0,11,6,0.013652508966809534,0.0,0.002380919450175892,0.009489719091609117,5750.0,1.0,2026-01-19,Eternal International (HK) Ltd.,
sku_customer,"sku_customer::1008551|AGI TECHNOLOGY CO., LTD.",1008551,교체형,lumpy,22809.0,tsb,"{'alpha': 0.1, 'beta': 0.2}",0.004062178119641367,0.028966538792748853,2.0,11,6,-0.5847631037275748,0.0,0.0006311278166252325,0.002522122337985877,7603.0,1.0,2025-12-08,"AGI TECHNOLOGY CO., LTD.",
sku_customer,"sku_customer::2018392|Hotop Technologies, Inc.",2018392,교체형,lumpy,22800.0,tsb,"{'alpha': 0.1, 'beta': 0.2}",1.5922617950226988e-10,1.222770607666278e-09,2.0,11,6,,0.0,2.0859259688711685e-11,8.343725710346916e-11,21600.0,0.9473684210526315,2024-06-17,"Hotop Technologies, Inc.",
sku_customer,"sku_customer::2018127|Hosin Global Electronics Co., Ltd",2018127,교체형,lumpy,22600.0,tsb,"{'alpha': 0.1, 'beta': 0.2}",2.780614388075761e-10,1.6063064721072552e-09,2.0,11,6,,0.0,3.767141036599487e-11,1.5068568615106415e-10,7533.333333333333,1.0,2024-06-24,"Hosin Global Electronics Co., Ltd",
sku_customer,sku_customer::1008734|EVERBOND ELECTRONICS LIMITED,1008734,교체형,intermittent,22581.0,tsb,"{'alpha': 0.1, 'beta': 0.2}",0.00028894332765998254,0.0016600650092403104,2.0,11,6,,0.0,9.094352478398722e-06,3.6376913673197286e-05,11290.5,1.0,2025-07-28,EVERBOND ELECTRONICS LIMITED,
sku_customer,sku_customer::1006362|Eudar Technology Inc.,1006362,교체형,intermittent,22526.0,tsb,"{'alpha': 0.1, 'beta': 0.2}",1.047948574884461e-08,6.043615548722978e-08,2.0,11,6,,0.0,3.2240533951572396e-10,1.2896212986390765e-09,11263.0,1.0,2024-09-02,Eudar Technology Inc.,
sku_customer,sku_customer::2018695|LUCKY GRADE LIMITED,2018695,교체형,lumpy,22510.0,tsb,"{'alpha': 0.2, 'beta': 0.05}",4.644879054895842,24.37836173215203,1.805390693683992,11,6,1.0651933541092953,0.0,0.3358481432187415,0.8054328288770793,3751.6666666666665,1.0,2026-05-25,LUCKY GRADE LIMITED,
sku_customer,"sku_customer::1008744|HONGKONG SHICHUANGYI CO., LIMITED",1008744,교체형,lumpy,22409.0,sba,{'alpha': 0.3},0.07091395745138016,0.5460560525787336,2.0,11,6,0.013652508966809291,0.0,0.0018447155449848953,0.007358469425794656,11204.5,1.0,2026-01-12,"HONGKONG SHICHUANGYI CO., LIMITED",
sku_customer,sku_customer::1008884|Edal Tech International Limited,1008884,교체형,lumpy,22290.0,tsb,"{'alpha': 0.2, 'beta': 0.05}",0.2075743951975417,1.5122256354025652,1.7166621890703897,11,6,3.072315651994106,0.0,0.18333039992311245,0.5551787170128669,5572.5,1.0,2026-06-01,Edal Tech International Limited,
sku_customer,sku_customer::1009100|MF WAREHOUSING & LOGISTICS,1009100,교체형,intermittent,22000.0,tsb,"{'alpha': 0.1, 'beta': 0.2}",4.8599162127158144e-08,2.7928232470457356e-07,2.0,11,6,,0.0,1.5269728434539617e-09,6.107891525886089e-09,11000.0,1.0,2024-10-28,MF WAREHOUSING & LOGISTICS,
sku_customer,sku_customer::2019307|Wilk Elektronik S.A.,2019307,교체형,intermittent,22000.0,sba,{'alpha': 0.05},0.0403797114855264,0.19435322825837312,2.0,11,6,0.013652508966809742,0.0,0.0,0.0,0.0,0.0,,Wilk Elektronik S.A.,
sku_customer,"sku_customer::1008549|HONGKONG SHICHUANGYI CO., LIMITED",1008549,교체형,lumpy,21944.0,sba,{'alpha': 0.3},6.097632966479589,34.9319965207846,1.965564283429179,11,6,1.009311424617899,0.0,0.08192000004511524,0.2895686689989231,7314.666666666667,1.0,2026-05-11,"HONGKONG SHICHUANGYI CO., LIMITED",
sku_customer,"sku_customer::2019456|Hosin Global (HK) Electronics Co.,",2019456,교체형,intermittent,21760.0,tsb,"{'alpha': 0.1, 'beta': 0.2}",2220.870737387328,1815.7316666666666,1.4435411020776874,10,6,,0.0,0.22553600000000004,0.6402465730093286,10880.0,1.0,2026-06-01,"Hosin Global (HK) Electronics Co.,",
sku_customer,"sku_customer::2018610|PATRIOT?MEMORY?CO.,?LIMITED",2018610,교체형,intermittent,21760.0,tsb,"{'alpha': 0.1, 'beta': 0.2}",1923.3305365837841,1363.9278333333334,1.217791542994795,10,6,,0.0,0.18042880000000003,0.5488232048493034,10880.0,1.0,2026-05-25,"PATRIOT?MEMORY?CO.,?LIMITED",
sku_customer,sku_customer::2019334|BaDa Group (HongKong) Corporation L,2019334,교체형,intermittent,21568.0,tsb,"{'alpha': 0.2, 'beta': 0.05}",0.44208895253082026,1.5875809853620932,1.553366694985245,11,6,5.0,0.0,0.1331158760581154,0.4352656590912565,3081.1428571428573,1.0,2026-05-25,BaDa Group (HongKong) Corporation L,
sku_customer,sku_customer::1006403|PNG HK LTD,1006403,교체형,lumpy,21017.0,tsb,"{'alpha': 0.1, 'beta': 0.2}",1.7201255513495937e-10,1.1133860880963658e-09,2.0,11,6,,0.0,4.974887248754992e-12,1.9899637493381306e-11,7005.666666666667,1.0,2024-04-29,PNG HK LTD,
sku_customer,"sku_customer::2018334|XINRONGDA CO., Limited",2018334,교체형,intermittent,20939.0,tsb,"{'alpha': 0.1, 'beta': 0.2}",5.853191214241351e-06,2.762845851616713e-05,2.0,11,6,,0.0,2.3730051966919943e-07,9.492017408740949e-07,6979.666666666667,1.0,2025-03-24,"XINRONGDA CO., Limited",
sku_customer,sku_customer::1007899|KC Int'L (HK) Ltd,1007899,교체형,intermittent,20934.0,tsb,"{'alpha': 0.1, 'beta': 0.2}",2.3777390740723362e-07,1.4872959260118288e-06,2.0,11,6,,0.0,1.3480005636087459e-08,5.3920021558795383e-08,10467.0,1.0,2025-01-06,KC Int'L (HK) Ltd,
sku_customer,sku_customer::2019838|EACHAIN HONGKONG LIMITED,2019838,교체형,intermittent,20831.0,sba,{'alpha': 0.05},0.04553843946407694,0.27858932531187103,2.0,11,6,-0.9610288952875998,0.0,0.028511710897766402,0.1092613874990701,10415.5,1.0,2026-03-30,EACHAIN HONGKONG LIMITED,
sku_customer,"sku_customer::1009131|Hosin Global Electronics Co., Ltd",1009131,교체형,lumpy,20800.0,tsb,"{'alpha': 0.1, 'beta': 0.2}",0.0028425067052434004,0.021310055619627028,2.0,11,6,-0.5847631037275749,0.0,0.00038686178367376657,0.0015465493940286512,10400.0,1.0,2025-11-24,"Hosin Global Electronics Co., Ltd",
sku_customer,sku_customer::1006683|MF WAREHOUSING & LOGISTICS,1006683,교체형,intermittent,20784.0,tsb,"{'alpha': 0.1, 'beta': 0.2}",1.7265345178306759e-12,1.1698792006140544e-11,2.0,11,6,,0.0,4.552827697159295e-14,1.8207657603852567e-13,10392.0,1.0,2023-11-27,MF WAREHOUSING & LOGISTICS,
sku_customer,"sku_customer::2018127|XINRONGDA CO., Limited",2018127,교체형,lumpy,20755.0,tsb,"{'alpha': 0.1, 'beta': 0.2}",1.2890887799931e-06,7.122541332273712e-06,2.0,11,6,,0.0,1.780015990682473e-07,7.120062059939869e-07,5188.75,1.0,2025-03-24,"XINRONGDA CO., Limited",
sku_customer,sku_customer::2018708|PINE INFO CO LTD,2018708,교체형,lumpy,20717.0,tsb,"{'alpha': 0.1, 'beta': 0.2}",9.460467824516359e-06,2.9971521857569715e-05,2.0,11,6,,0.0,0.0,0.0,0.0,0.0,,PINE INFO CO LTD,
sku_customer,"sku_customer::2017773|EO Memory Co., Ltd.",2017773,교체형,intermittent,20532.0,sba,{'alpha': 0.05},0.115629422803844,0.26969210319019715,1.7450832691611164,11,6,1.073201925151193,0.0,0.0,0.0,0.0,0.0,,"EO Memory Co., Ltd.",
sku_customer,sku_customer::1008434|Patriot Memory Inc.,1008434,교체형,erratic,20521.0,sba,{'alpha': 0.1},3627.7392279834557,2576.375,1.3333333333333333,10,6,,0.0,0.23040000000000002,0.6491994738130945,10260.5,1.0,2026-05-25,Patriot Memory Inc.,
sku_customer,sku_customer::2018097|Leadmax Technology International,2018097,교체형,intermittent,20500.0,tsb,"{'alpha': 0.1, 'beta': 0.2}",5.993540976486499e-10,2.5731945866983994e-09,2.0,11,6,,0.0,4.9438822223718394e-11,1.9775514559228213e-10,5125.0,1.0,2024-07-01,Leadmax Technology International,
sku_customer,sku_customer::1008945|MF WAREHOUSING & LOGISTICS,1008945,교체형,lumpy,20419.0,croston,{'alpha': 0.2},0.5231601697955008,1.76304509479222,1.9660530519090773,11,6,-0.4937413344973163,0.0,0.033555906981851166,0.1276175023501599,5104.75,1.0,2026-04-13,MF WAREHOUSING & LOGISTICS,
sku_customer,sku_customer::1008180|PATRIOT MEMORY INC.,1008180,교체형,lumpy,20099.0,tsb,"{'alpha': 0.1, 'beta': 0.2}",2.7377768202184177e-06,2.2119953439596676e-05,2.0,11,6,,0.0,6.397686845906965e-07,2.5590722825263867e-06,10049.5,1.0,2025-05-05,PATRIOT MEMORY INC.,
sku_customer,sku_customer::2018332|BANG TAI INTERNATIONAL LOGISTICS CO,2018332,교체형,intermittent,20000.0,sba,{'alpha': 0.05},0.030479618663238547,0.16361680452499697,2.0,11,6,-0.991918059829742,0.0,0.04586808919137096,0.17123064492788698,6666.666666666667,1.0,2026-04-06,BANG TAI INTERNATIONAL LOGISTICS CO,
sku_customer,sku_customer::2018008|UNISPLENDOUR DIGITAL（HONG KONG）,2018008,교체형,intermittent,20000.0,tsb,"{'alpha': 0.1, 'beta': 0.2}",1.133893643428128e-09,6.489328500589757e-09,2.0,11,6,,0.0,3.806071513573669e-11,1.5224266292079847e-10,10000.0,1.0,2024-07-01,UNISPLENDOUR DIGITAL（HONG KONG）,
sku_customer,"sku_customer::2017631|XINRONGDA CO., Limited",2017631,교체형,intermittent,19776.0,tsb,"{'alpha': 0.1, 'beta': 0.2}",5.786780682241997e-07,4.036127396609764e-06,2.0,11,6,,0.0,1.5201096336623098e-08,6.080438419431289e-08,9888.0,1.0,2024-12-30,"XINRONGDA CO., Limited",
sku_customer,sku_customer::1008897|EVERBOND ELECTRONICS LIMITED,1008897,교체형,intermittent,19417.0,tsb,"{'alpha': 0.1, 'beta': 0.2}",0.0035924538611314997,0.01722431708174608,2.0,11,6,-0.5847631037275748,0.0,0.00014416230225409256,0.0005765245243840589,6472.333333333333,1.0,2025-10-20,EVERBOND ELECTRONICS LIMITED,
sku_customer,sku_customer::2017466|Wilk Elektronik S.A.,2017466,교체형,intermittent,19303.0,tsb,"{'alpha': 0.1, 'beta': 0.2}",1.4241761229579591e-12,4.987164861108681e-12,2.0,11,6,,0.0,0.0,0.0,0.0,0.0,,Wilk Elektronik S.A.,
sku_customer,"sku_customer::2018129|XINRONGDA CO., Limited",2018129,교체형,lumpy,19243.0,tsb,"{'alpha': 0.1, 'beta': 0.2}",1.8734370990770487e-07,9.118707564893605e-07,2.0,11,6,,0.0,2.1179371198904548e-08,8.471748191851702e-08,3848.6,1.0,2025-01-20,"XINRONGDA CO., Limited",
sku_customer,sku_customer::2017143|REALTECH SEMICONDUCTOR TECHNOLOGY,2017143,교체형,intermittent,19200.0,tsb,"{'alpha': 0.1, 'beta': 0.2}",7.843378059260487e-10,4.488803431949536e-09,2.0,11,6,,0.0,2.632738791205003e-11,1.0530953886700445e-10,9600.0,1.0,2024-06-17,REALTECH SEMICONDUCTOR TECHNOLOGY,
sku_customer,sku_customer::2019671|SF Supply Chain (Hong Kong) Limited,2019671,교체형,intermittent,19200.0,sba,{'alpha': 0.05},0.04473299729501518,0.2734756097560975,2.0,11,6,-0.9467187076160125,0.0,0.018247494974570504,0.07101634614337848,9600.0,1.0,2026-03-16,SF Supply Chain (Hong Kong) Limited,
sku_customer,sku_customer::1009650|Eternal International (HK) Ltd.,1009650,교체형,intermittent,19160.0,croston,{'alpha': 0.1},0.4207896197433892,2.770803574620077,1.8249441740666754,11,6,0.19896231737093867,0.0,0.05473464300921371,0.20161022380089566,9580.0,1.0,2026-04-27,Eternal International (HK) Ltd.,
sku_customer,"sku_customer::2018010|XINRONGDA CO., Limited",2018010,교체형,intermittent,19033.0,tsb,"{'alpha': 0.1, 'beta': 0.2}",2.3279343398489543e-10,1.5440345613055993e-09,2.0,11,6,,0.0,6.1663114227620756e-12,2.4665158804282328e-11,9516.5,1.0,2024-04-29,"XINRONGDA CO., Limited",
sku_customer,sku_customer::2018356|LUCKY GRADE LIMITED,2018356,교체형,intermittent,18540.0,tsb,"{'alpha': 0.2, 'beta': 0.05}",1.5988219265609078,7.181983733682088,1.5210125889528536,11,6,0.06813425589318918,0.0,0.234486520861726,0.6565912406194039,3090.0,1.0,2026-05-25,LUCKY GRADE LIMITED,
sku_customer,sku_customer::2019071|EACHAIN HONGKONG LIMITED,2019071,교체형,intermittent,18300.0,tsb,"{'alpha': 0.1, 'beta': 0.2}",0.9366002178134804,6.2338833297485765,0.6243541159926501,11,6,0.15694201400040872,0.0,0.25404771089776645,0.6903691649473369,4575.0,1.0,2026-06-01,EACHAIN HONGKONG LIMITED,
sku_customer,sku_customer::2018195|Eternal International (HK) Ltd.,2018195,교체형,lumpy,18251.0,croston,{'alpha': 0.1},313.8056485006107,1908.860450624836,1.9996085602970048,11,6,0.003395576982617426,0.0,0.05242927890485653,0.19379306038737187,9125.5,1.0,2026-04-27,Eternal International (HK) Ltd.,
sku_customer,sku_customer::2018605|EVERBOND ELECTRONICS LIMITED,2018605,교체형,intermittent,18166.0,tsb,"{'alpha': 0.1, 'beta': 0.2}",0.014218436418803361,0.08782470593357194,2.0,11,6,-0.5104095248945049,0.0,0.0007629192348358481,0.0030481864406669557,9083.0,1.0,2025-12-08,EVERBOND ELECTRONICS LIMITED,
sku_customer,"sku_customer::2018272|EO Memory Co., Ltd.",2018272,교체형,lumpy,18154.0,sba,{'alpha': 0.05},0.08001141768817535,0.23989691964717666,2.0,11,6,0.00570582888467912,0.0,0.0,0.0,0.0,0.0,,"EO Memory Co., Ltd.",
sku_customer,sku_customer::1008405|KC Int'L (HK) Ltd,1008405,교체형,intermittent,18034.0,tsb,"{'alpha': 0.1, 'beta': 0.2}",5.80942500527488e-09,2.4246044864620496e-08,2.0,11,6,,0.0,2.429776448206788e-10,9.719105520389348e-10,4508.5,1.0,2024-09-02,KC Int'L (HK) Ltd,
sku_customer,sku_customer::2018361|BaDa Group (HongKong) Corporation L,2018361,교체형,intermittent,18000.0,tsb,"{'alpha': 0.1, 'beta': 0.1}",0.5040804005509165,2.275383420629214,0.7417655446287066,11,6,0.16386394184805023,0.0,0.18732238662204664,0.5638125297239605,3000.0,1.0,2026-05-25,BaDa Group (HongKong) Corporation L,
sku_customer,sku_customer::1008397|KC Int'L (HK) Ltd,1008397,교체형,lumpy,17966.0,tsb,"{'alpha': 0.1, 'beta': 0.2}",8.351365855016879e-08,6.35607859918978e-07,2.0,11,6,,0.0,1.709289880383675e-08,6.837159327588438e-08,5988.666666666667,1.0,2025-01-13,KC Int'L (HK) Ltd,
sku_customer,sku_customer::2019481|Eternal International (HK) Ltd.,2019481,교체형,intermittent,17966.0,sba,{'alpha': 0.05},0.049495190058721134,0.2178605680457597,2.0,11,6,0.013652508966809557,0.0,0.0023195838586759715,0.009246102511888399,4491.5,1.0,2026-01-19,Eternal International (HK) Ltd.,
sku_customer,"sku_customer::2017755|World Pacific Industrial H.K., Ltd.",2017755,교체형,intermittent,17898.0,tsb,"{'alpha': 0.1, 'beta': 0.2}",1.231148302203006e-13,7.872832137561377e-13,2.0,11,6,,0.0,7.680407521913566e-15,3.064215547965432e-14,8949.0,1.0,2023-10-02,"World Pacific Industrial H.K., Ltd.",
sku_customer,sku_customer::2019437|BaDa Group (HongKong) Corporation L,2019437,교체형,intermittent,17895.0,sba,{'alpha': 0.05},0.023975132739334777,0.07692266710854509,2.0,11,6,-0.9590262700018845,0.0,0.028472190720518997,0.10911643754408984,1988.3333333333333,1.0,2026-03-30,BaDa Group (HongKong) Corporation L,
sku_customer,sku_customer::2017609|Wilk Elektronik S.A.,2017609,교체형,intermittent,17611.0,tsb,"{'alpha': 0.1, 'beta': 0.2}",1.704173553454734e-07,6.45476171084589e-07,2.0,11,6,,0.0,0.0,0.0,0.0,0.0,,Wilk Elektronik S.A.,
sku_customer,"sku_customer::2017143|Hosin Global Electronics Co., Ltd",2017143,교체형,intermittent,17600.0,tsb,"{'alpha': 0.1, 'beta': 0.2}",5.772250630092623e-08,3.317109810518402e-07,2.0,11,6,,0.0,1.8136259087553238e-09,7.254503664455569e-09,8800.0,1.0,2024-11-04,"Hosin Global Electronics Co., Ltd",
sku_customer,sku_customer::1008316|MF WAREHOUSING & LOGISTICS,1008316,교체형,lumpy,17361.0,tsb,"{'alpha': 0.1, 'beta': 0.2}",4.072040786561711e-10,3.0767448454762296e-09,2.0,11,6,,0.0,1.0680385321874458e-11,4.2721381987576024e-11,8680.5,1.0,2024-05-27,MF WAREHOUSING & LOGISTICS,
sku_customer,sku_customer::1008605|MF WAREHOUSING & LOGISTICS,1008605,교체형,intermittent,17302.0,tsb,"{'alpha': 0.1, 'beta': 0.2}",1.5549657236623422e-07,1.073420821287993e-06,2.0,11,6,,0.0,1.3674240232324714e-08,5.469695962823096e-08,8651.0,1.0,2025-01-06,MF WAREHOUSING & LOGISTICS,
sku_customer,"sku_customer::2017602|Hosin Global Electronics Co., Ltd",2017602,교체형,lumpy,17154.0,tsb,"{'alpha': 0.1, 'beta': 0.2}",4.204693901942681e-09,2.0553938829794222e-08,2.0,11,6,,0.0,7.357878692244069e-10,2.9431515002897868e-09,2859.0,1.0,2024-09-23,"Hosin Global Electronics Co., Ltd",
sku_customer,"sku_customer::2018782|AGI TECHNOLOGY CO., LTD.",2018782,교체형,intermittent,17000.0,croston,{'alpha': 0.1},0.48332191273347364,2.659413171582426,1.913862718707941,11,6,-0.07140472236687846,0.0,0.003602879701896402,0.014333821258417645,12000.0,0.7058823529411765,2026-02-02,"AGI TECHNOLOGY CO., LTD.",
sku_customer,sku_customer::2017666|PINE INFORMATION CO LTD,2017666,교체형,lumpy,16950.0,tsb,"{'alpha': 0.1, 'beta': 0.2}",1.16837210755283e-10,2.8593127655651104e-10,2.0,11,6,,0.0,0.0,0.0,0.0,0.0,,PINE INFORMATION CO LTD,
sku_customer,sku_customer::1008771|EVERBOND ELECTRONICS LIMITED,1008771,교체형,intermittent,16945.0,tsb,"{'alpha': 0.1, 'beta': 0.2}",7.4006999285317265e-06,4.538260910084608e-05,2.0,11,6,,0.0,3.84571286340291e-07,1.5382842580846656e-06,8472.5,1.0,2025-04-21,EVERBOND ELECTRONICS LIMITED,
sku_customer,sku_customer::1008804|MF WAREHOUSING & LOGISTICS,1008804,교체형,intermittent,16921.0,sba,{'alpha': 0.05},0.8719881141684446,2.6561842988650946,1.0003328528679132,11,6,-0.41616906507498885,0.0,0.09911701655992008,0.3413214286633717,4230.25,1.0,2026-05-04,MF WAREHOUSING & LOGISTICS,
sku_customer,"sku_customer::1009976|Hosin Global (HK) Electronics Co.,",1009976,교체형,intermittent,16674.0,croston,{'alpha': 0.1},0.21763628152487646,1.180827396200235,1.936645670274971,10,6,,0.0,0.21099511627776002,0.6124580095366907,8337.0,1.0,2026-06-08,"Hosin Global (HK) Electronics Co.,",
sku_customer,sku_customer::2018332|PATRIOT MEMORY INC.,2018332,교체형,intermittent,16581.0,tsb,"{'alpha': 0.1, 'beta': 0.2}",1.9147106553989641,11.551516193693226,1.6777611057537396,11,6,-0.4592737359360525,0.0,0.1034597401907317,0.35393057809892736,5527.0,1.0,2026-05-11,PATRIOT MEMORY INC.,
sku_customer,sku_customer::2018968|PATRIOT MEMORY INC.,2018968,교체형,intermittent,16521.0,tsb,"{'alpha': 0.1, 'beta': 0.2}",6.542233128692333e-06,4.10993654967022e-05,2.0,11,6,,0.0,1.7696405213087207e-07,7.078560204654138e-07,8260.5,1.0,2025-03-17,PATRIOT MEMORY INC.,
sku_customer,sku_customer::2019702|Eternal International (HK) Ltd.,2019702,교체형,intermittent,16500.0,tsb,"{'alpha': 0.1, 'beta': 0.2}",0.0164916977458964,0.0738101316713002,2.0,11,6,-0.5847631037275748,0.0,0.000676414939209731,0.0027029157715497965,4125.0,1.0,2025-11-24,Eternal International (HK) Ltd.,
sku_customer,sku_customer::2018702|PATRIOT MEMORY INC.,2018702,교체형,intermittent,16427.0,sba,{'alpha': 0.3},0.06060772535228709,0.3677499711448551,2.0,11,6,0.08250538075706305,0.0,0.02147484075435643,0.08317175173313895,5475.666666666667,1.0,2026-03-30,PATRIOT MEMORY INC.,
sku_customer,sku_customer::2019307|BaDa Group (HongKong) Corporation L,2019307,교체형,intermittent,16400.0,tsb,"{'alpha': 0.1, 'beta': 0.2}",0.00016509773704101254,0.0008331486527126145,2.0,11,6,,0.0,1.0771361301163764e-05,4.308474907610549e-05,5466.666666666667,1.0,2025-07-28,BaDa Group (HongKong) Corporation L,
sku_customer,sku_customer::2017682|PINE INFO CO LTD,2017682,교체형,lumpy,16114.0,tsb,"{'alpha': 0.1, 'beta': 0.2}",7.543220598047349e-05,0.00032594417932706204,2.0,11,6,,0.0,0.0,0.0,0.0,0.0,,PINE INFO CO LTD,
sku_customer,"sku_customer::2018958|Hosin Global Electronics Co., Ltd",2018958,교체형,lumpy,16019.0,tsb,"{'alpha': 0.1, 'beta': 0.2}",0.00012716807177015697,0.0009404210618020012,2.0,11,6,,0.0,3.333400241938668e-06,1.3333534298554106e-05,8009.5,1.0,2025-06-23,"Hosin Global Electronics Co., Ltd",
sku_customer,"sku_customer::1008771|Hosin Global Electronics Co., Ltd",1008771,교체형,intermittent,15666.0,tsb,"{'alpha': 0.1, 'beta': 0.2}",5.566156089141477e-06,3.330878477707505e-05,2.0,11,6,,0.0,1.5699120076926165e-07,6.279646553863927e-07,7833.0,1.0,2025-03-24,"Hosin Global Electronics Co., Ltd",
sku_customer,"sku_customer::2018194|Hotop Technologies, Inc.",2018194,교체형,lumpy,15600.0,tsb,"{'alpha': 0.1, 'beta': 0.2}",4.78261527742171e-10,3.585490137319044e-09,2.0,11,6,,0.0,6.365738459463086e-11,2.5462965069777965e-10,14400.0,0.9230769230769231,2024-07-22,"Hotop Technologies, Inc.",
sku_customer,sku_customer::1009440|SILICON POWER COMPUTER & COMMUNICAT,1009440,교체형,intermittent,15571.0,tsb,"{'alpha': 0.2, 'beta': 0.05}",4.662108459989254,28.029493897210003,1.736395800435232,11,6,-0.1106987208006062,0.0,0.12406111040628567,0.4112983763158946,5190.333333333333,1.0,2026-05-11,SILICON POWER COMPUTER & COMMUNICAT,
sku_customer,"sku_customer::1008656|G.Skill International Ent. Co., Ltd",1008656,교체형,intermittent,15512.0,tsb,"{'alpha': 0.1, 'beta': 0.2}",2.6793860941518572e-09,1.6040554300403747e-08,2.0,11,6,,0.0,1.2470659285226031e-10,4.988263135885518e-10,7756.0,1.0,2024-08-12,"G.Skill International Ent. Co., Ltd",
sku_customer,sku_customer::2016910|PATRIOT MEMORY INC.,2016910,교체형,lumpy,15469.0,tsb,"{'alpha': 0.1, 'beta': 0.2}",2.6930590977058865e-07,1.1024891267549505e-06,2.0,11,6,,0.0,4.3387141674811216e-08,1.7354855530449242e-07,1718.7777777777778,1.0,2025-02-10,PATRIOT MEMORY INC.,
sku_customer,sku_customer::1009651|MF WAREHOUSING & LOGISTICS,1009651,교체형,intermittent,15370.0,croston,{'alpha': 0.1},0.1595305016785521,0.9012539501060974,1.9178405504856169,11,6,-0.467824116762623,0.0,0.042350525022208006,0.15894131539972733,7685.0,1.0,2026-04-13,MF WAREHOUSING & LOGISTICS,
sku_customer,sku_customer::2019283|BaDa Group (HongKong) Corporation L,2019283,교체형,intermittent,15322.0,sba,{'alpha': 0.05},0.01720350741069529,0.07214847533897827,2.0,11,6,-0.9608465438573489,0.0,0.023423278505843293,0.09045231787555985,2553.6666666666665,1.0,2026-03-30,BaDa Group (HongKong) Corporation L,
sku_customer,sku_customer::1008504|Skyrich View (HK) Limited,1008504,교체형,intermittent,15169.0,tsb,"{'alpha': 0.1, 'beta': 0.2}",1.0743568162078733e-12,6.465053502045278e-12,2.0,11,6,,0.0,5.123762121989724e-14,2.0516921495072893e-13,7584.5,1.0,2023-12-11,Skyrich View (HK) Limited,
sku_customer,sku_customer::2018095|PATRIOT MEMORY INC.,2018095,교체형,intermittent,15000.0,tsb,"{'alpha': 0.1, 'beta': 0.2}",1.6121325564852977e-08,9.72538790528101e-08,2.0,11,6,,0.0,7.778264211644465e-10,3.111305879599513e-09,7500.0,1.0,2024-09-23,PATRIOT MEMORY INC.,
sku_customer,sku_customer::2017631|BANG TAI INTERNATIONAL LOGISTICS CO,2017631,교체형,intermittent,15000.0,tsb,"{'alpha': 0.2, 'beta': 0.05}",3.3405763118790186,24.48486343024726,1.8597156011405593,11,6,0.9965635312610717,0.0,0.0855228797018964,0.30065515722608827,7500.0,1.0,2026-05-11,BANG TAI INTERNATIONAL LOGISTICS CO,
sku_customer,sku_customer::2018009|PNG HK LTD,2018009,교체형,intermittent,14873.0,tsb,"{'alpha': 0.1, 'beta': 0.2}",1.428613501722261e-11,8.674662342491074e-11,2.0,11,6,,0.0,7.102172098694465e-13,2.8408386754108506e-12,7436.5,1.0,2024-02-19,PNG HK LTD,
sku_customer,sku_customer::2014868|Skyrich View (HK) Limited,2014868,교체형,intermittent,14824.0,tsb,"{'alpha': 0.1, 'beta': 0.2}",2.86573465066348e-12,1.6421271212096832e-11,2.0,11,6,,0.0,1.0033033380470143e-13,4.014566457044566e-13,7412.0,1.0,2024-01-01,Skyrich View (HK) Limited,
sku_customer,sku_customer::2018395|EVERBOND ELECTRONICS LIMITED,2018395,교체형,lumpy,14801.0,tsb,"{'alpha': 0.1, 'beta': 0.2}",3.841527078191477e-07,2.8941232289444124e-06,2.0,11,6,,0.0,1.0074584057306931e-08,4.029833566843166e-08,7400.5,1.0,2024-12-23,EVERBOND ELECTRONICS LIMITED,
sku_customer,"sku_customer::2018957|Hosin Global Electronics Co., Ltd",2018957,교체형,intermittent,14779.0,tsb,"{'alpha': 0.1, 'beta': 0.2}",0.0054158661172019704,0.024236945046316658,2.0,11,6,-0.5847631037275748,0.0,0.0002586558242690936,0.001034221949278602,3694.75,1.0,2025-10-27,"Hosin Global Electronics Co., Ltd",
sku_customer,sku_customer::2017631|Wilk Elektronik S.A.,2017631,교체형,intermittent,14748.0,sba,{'alpha': 0.05},0.048601143317111295,0.19208252591972608,2.0,11,6,-0.6997409134178609,0.0,0.0,0.0,0.0,0.0,,Wilk Elektronik S.A.,
sku_customer,sku_customer::2017606|Wilk Elektronik S.A.,2017606,교체형,intermittent,14699.0,tsb,"{'alpha': 0.1, 'beta': 0.2}",9.055176935423435e-08,4.3480314127166773e-07,2.0,11,6,,0.0,0.0,0.0,0.0,0.0,,Wilk Elektronik S.A.,
sku_customer,sku_customer::2018606|EVERBOND ELECTRONICS LIMITED,2018606,교체형,intermittent,14679.0,sba,{'alpha': 0.3},0.05918495592939482,0.4212465197408701,2.0,11,6,-0.7851724491111316,0.0,0.017306634244022824,0.06745006443486179,7339.5,1.0,2026-03-23,EVERBOND ELECTRONICS LIMITED,
sku_customer,sku_customer::2017631|BaDa Group (HongKong) Corporation L,2017631,교체형,lumpy,14600.0,tsb,"{'alpha': 0.2, 'beta': 0.05}",9.664750653580793,43.624796257522995,1.9787042377971202,10,6,,0.0,0.1283955674908699,0.4228645906496854,4866.666666666667,1.0,2026-05-25,BaDa Group (HongKong) Corporation L,
sku_customer,"sku_customer::1008734|CY STORAGE TECHNOLOGY(HK) CO.,LIMIT",1008734,교체형,lumpy,14550.0,tsb,"{'alpha': 0.1, 'beta': 0.2}",0.0030000573343914217,0.023867745249036898,2.0,11,6,-0.4136272808484744,0.0,0.0006153519455487902,0.002459136765981973,7275.0,1.0,2025-12-08,"CY STORAGE TECHNOLOGY(HK) CO.,LIMIT",
sku_customer,sku_customer::2019731|Eternal International (HK) Ltd.,2019731,교체형,lumpy,14500.0,sba,{'alpha': 0.05},0.022934210307095974,0.1442352450642718,2.0,11,6,0.013652508966809553,0.0,0.002890769677776041,0.011513035972730123,4833.333333333333,1.0,2026-01-19,Eternal International (HK) Ltd.,
sku_customer,"sku_customer::2018976|Hosin Global Electronics Co., Ltd",2018976,교체형,intermittent,14418.0,tsb,"{'alpha': 0.1, 'beta': 0.2}",2.8933745950478383e-06,1.689010612479346e-05,2.0,11,6,,0.0,8.533998011124415e-08,3.413598765877879e-07,7209.0,1.0,2025-02-24,"Hosin Global Electronics Co., Ltd",
sku_customer,sku_customer::2019401|Eternal International (HK) Ltd.,2019401,교체형,intermittent,14398.0,tsb,"{'alpha': 0.1, 'beta': 0.2}",7.539224332029405e-05,0.0003783754553561511,2.0,11,6,,0.0,5.508525725622552e-06,2.203392084021427e-05,4799.333333333333,1.0,2025-06-30,Eternal International (HK) Ltd.,
sku_customer,sku_customer::2017272|PINE INFORMATION CO LTD,2017272,교체형,lumpy,14280.0,tsb,"{'alpha': 0.1, 'beta': 0.2}",2.7381368599112802e-12,1.0043223818845137e-11,2.0,11,6,,0.0,0.0,0.0,0.0,0.0,,PINE INFORMATION CO LTD,
sku_customer,sku_customer::1005673|MF WAREHOUSING & LOGISTICS,1005673,교체형,lumpy,14121.0,sba,{'alpha': 0.05},2.1013496480756864,12.416234039847765,1.8584728460161084,10,6,,0.0,0.1600000000043789,0.5021286400103815,4707.0,1.0,2026-06-01,MF WAREHOUSING & LOGISTICS,
sku_customer,sku_customer::2017682|Wilk Elektronik S.A.,2017682,교체형,intermittent,13931.0,tsb,"{'alpha': 0.1, 'beta': 0.2}",2.8538801987237926e-13,1.1449443949315264e-12,2.0,11,6,,0.0,0.0,0.0,0.0,0.0,,Wilk Elektronik S.A.,
sku_customer,sku_customer::1008622|UNIFORTUNE (HK) COMPANY LIMITED,1008622,교체형,intermittent,13924.0,tsb,"{'alpha': 0.1, 'beta': 0.2}",7.354986828184534e-12,3.814968690938591e-11,2.0,11,6,,0.0,2.572183647370788e-13,1.028954699222595e-12,4641.333333333333,1.0,2024-01-29,UNIFORTUNE (HK) COMPANY LIMITED,
sku_customer,sku_customer::2019754|PATRIOT MEMORY INC.,2019754,교체형,intermittent,13920.0,sba,{'alpha': 0.3},0.27398522188541,1.2994049193260568,1.6764976898371227,11,6,-0.8490045826091523,0.0,0.1149353105251369,0.38637922060315777,3480.0,1.0,2026-05-11,PATRIOT MEMORY INC.,
sku_customer,sku_customer::2018043|PINE INFO CO LTD,2018043,교체형,intermittent,13821.0,tsb,"{'alpha': 0.1, 'beta': 0.2}",0.01574594857324954,0.040162958313085265,2.0,11,6,-0.5847631037275748,0.0,0.0,0.0,0.0,0.0,,PINE INFO CO LTD,
sku_customer,sku_customer::1005682|MF WAREHOUSING & LOGISTICS,1005682,교체형,lumpy,13743.0,croston,{'alpha': 0.1},21.656283538346997,110.7922891566265,1.9878495095886397,10,6,,0.0,0.16000000000003228,0.5021286400000766,6871.5,1.0,2026-06-01,MF WAREHOUSING & LOGISTICS,
sku_customer,sku_customer::2017272|Memory Technology Middle East Fzco,2017272,교체형,intermittent,13700.0,tsb,"{'alpha': 0.1, 'beta': 0.2}",1.9877664051174414e-10,6.209445367809056e-10,2.0,11,6,,0.0,2.5878549587738454e-15,1.021405182655144e-14,1833.3333333333333,0.40145985401459855,2023-08-21,Memory Technology Middle East Fzco,
sku_customer,sku_customer::2019402|Eternal International (HK) Ltd.,2019402,교체형,intermittent,13681.0,tsb,"{'alpha': 0.1, 'beta': 0.2}",5.296850013980426e-05,0.00030462449423403686,2.0,11,6,,0.0,1.940406493857653e-06,7.76160338422649e-06,6840.5,1.0,2025-06-02,Eternal International (HK) Ltd.,
sku_customer,sku_customer::1009227|MF WAREHOUSING & LOGISTICS,1009227,교체형,lumpy,13411.0,tsb,"{'alpha': 0.1, 'beta': 0.2}",5.71446811980204e-05,0.0003461063124485452,2.0,11,6,,0.0,3.5860163227682387e-06,1.4343988134157826e-05,4470.333333333333,1.0,2025-06-30,MF WAREHOUSING & LOGISTICS,
sku_customer,sku_customer::1009146|MF WAREHOUSING & LOGISTICS,1009146,교체형,lumpy,13000.0,tsb,"{'alpha': 0.1, 'beta': 0.2}",5.423558288777988e-07,4.066000216532523e-06,2.0,11,6,,0.0,1.4221042713404377e-08,5.688416948590458e-08,6500.0,1.0,2025-01-06,MF WAREHOUSING & LOGISTICS,
sku_customer,sku_customer::2018332|LUCKY GRADE LIMITED,2018332,교체형,intermittent,12935.0,sba,{'alpha': 0.05},0.05859671829285128,0.28172035181727584,2.0,11,6,0.013652508966809506,0.0,0.013311258373557086,0.05219129896730812,3233.75,1.0,2026-03-02,LUCKY GRADE LIMITED,
sku_customer,sku_customer::1008053|Wilk Elektronik S.A.,1008053,교체형,intermittent,12845.0,tsb,"{'alpha': 0.1, 'beta': 0.2}",2.0949956682731077e-09,9.936749457392697e-09,2.0,11,6,,0.0,0.0,0.0,0.0,0.0,,Wilk Elektronik S.A.,
sku_customer,"sku_customer::1008053|HONGKONG SHICHUANGYI CO., LIMITED",1008053,교체형,intermittent,12828.0,tsb,"{'alpha': 0.1, 'beta': 0.2}",0.001055211631477603,0.005442612740411359,2.0,11,6,-0.5847631037275749,0.0,4.361215823508616e-05,0.000174437221150181,4276.0,1.0,2025-09-01,"HONGKONG SHICHUANGYI CO., LIMITED",
sku_customer,sku_customer::2014868|MF WAREHOUSING & LOGISTICS,2014868,교체형,intermittent,12644.0,tsb,"{'alpha': 0.1, 'beta': 0.2}",5.346850174496567e-08,3.644044664644389e-07,2.0,11,6,,0.0,4.42779760908079e-09,1.7711190181124437e-08,6322.0,1.0,2024-12-02,MF WAREHOUSING & LOGISTICS,
sku_customer,sku_customer::1007473|DAOSTORE INTENATIONAL LIMITED,1007473,교체형,lumpy,12536.0,tsb,"{'alpha': 0.1, 'beta': 0.2}",8.322657238076917e-07,6.480010330726112e-06,2.0,11,6,,0.0,1.967523192708895e-07,7.870090450445844e-07,3134.0,1.0,2025-03-31,DAOSTORE INTENATIONAL LIMITED,
sku_customer,sku_customer::2019481|EACHAIN HONGKONG LIMITED,2019481,교체형,intermittent,12500.0,tsb,"{'alpha': 0.1, 'beta': 0.1}",2.4788625501195,19.745956205507895,1.3855038110569955,11,6,0.4746899335674957,0.0,0.23257287441776642,0.6531445018603261,4166.666666666667,1.0,2026-06-01,EACHAIN HONGKONG LIMITED,
sku_customer,"sku_customer::2018609|MING SHUN ELECTRONIC CO.,LIMITED",2018609,교체형,intermittent,12482.0,sba,{'alpha': 0.05},0.0184826278534975,0.10516986593936817,2.0,11,6,0.013652508966809725,0.0,0.0023174087331922872,0.009237462386000206,4160.666666666667,1.0,2026-01-19,"MING SHUN ELECTRONIC CO.,LIMITED",
sku_customer,"sku_customer::2017601|XINRONGDA CO., Limited",2017601,교체형,lumpy,12475.0,tsb,"{'alpha': 0.1, 'beta': 0.2}",2.2315088760394984e-07,1.2640182526145584e-06,2.0,11,6,,0.0,2.1090911341693145e-08,8.436364273833874e-08,3118.75,1.0,2025-01-20,"XINRONGDA CO., Limited",
sku_customer,"sku_customer::2017778|Hosin Global Electronics Co., Ltd",2017778,교체형,lumpy,12443.0,tsb,"{'alpha': 0.1, 'beta': 0.2}",0.005071698382409026,0.030185849817122936,2.0,11,6,-0.5847631037275748,0.0,0.00016185400279223835,0.0006472588478191321,3110.75,1.0,2025-10-27,"Hosin Global Electronics Co., Ltd",
sku_customer,sku_customer::1007932|Skyrich View (HK) Limited,1007932,교체형,intermittent,12295.0,tsb,"{'alpha': 0.1, 'beta': 0.2}",5.802973324134234e-14,3.441076727687388e-13,2.0,11,6,,0.0,2.57756189274963e-15,1.021405182655144e-14,6147.5,1.0,2023-08-28,Skyrich View (HK) Limited,
sku_customer,sku_customer::2019729|Wilk Elektronik S.A.,2019729,교체형,intermittent,12000.0,sba,{'alpha': 0.15},0.05907667374564525,0.38070219494047625,2.0,11,6,0.013652508966809557,0.0,0.0,0.0,0.0,0.0,,Wilk Elektronik S.A.,
sku_customer,sku_customer::2018094|Leadmax Technology International,2018094,교체형,intermittent,12000.0,tsb,"{'alpha': 0.1, 'beta': 0.2}",1.278037249387834e-10,7.709916878543232e-10,2.0,11,6,,0.0,6.1663114227620756e-12,2.4665158804282328e-11,6000.0,1.0,2024-04-29,Leadmax Technology International,
sku_customer,"sku_customer::2017775|Hosin Global Electronics Co., Ltd",2017775,교체형,lumpy,11896.0,tsb,"{'alpha': 0.1, 'beta': 0.2}",0.0003792352856919163,0.002117445226643998,2.0,11,6,,0.0,1.3570407994216574e-05,5.428052705103159e-05,2379.2,1.0,2025-07-28,"Hosin Global Electronics Co., Ltd",
sku_customer,sku_customer::2016990|PINE INFO CO LTD,2016990,교체형,lumpy,11867.0,tsb,"{'alpha': 0.2, 'beta': 0.05}",0.4064916142526421,1.8833797922371094,1.5718807189147845,11,6,0.11557621632446496,0.0,0.0,0.0,0.0,0.0,,PINE INFO CO LTD,
sku_customer,sku_customer::2019276|BaDa Group (HongKong) Corporation L,2019276,교체형,intermittent,11850.0,tsb,"{'alpha': 0.1, 'beta': 0.2}",0.002096029487438264,0.008868119194527364,2.0,11,6,-0.5847631037275749,0.0,0.00026222394350085894,0.0010484832777428732,2370.0,1.0,2025-10-27,BaDa Group (HongKong) Corporation L,
sku_customer,"sku_customer::2017602|XINRONGDA CO., Limited",2017602,교체형,intermittent,11757.0,tsb,"{'alpha': 0.1, 'beta': 0.2}",7.992039316485709e-10,3.644970051539117e-09,2.0,11,6,,0.0,3.854805650745383e-11,1.5419221455204024e-10,2939.25,1.0,2024-06-24,"XINRONGDA CO., Limited",
sku_customer,sku_customer::1007775|KC Int'L (HK) Ltd,1007775,교체형,lumpy,11743.0,tsb,"{'alpha': 0.1, 'beta': 0.2}",3.0369276320409914e-09,2.209846467655168e-08,2.0,11,6,,0.0,7.960402033770247e-11,3.1841596026538355e-10,5871.5,1.0,2024-07-29,KC Int'L (HK) Ltd,
sku_customer,sku_customer::2019839|REALTECH SEMICONDUCTOR TECHNOLOGY L,2019839,교체형,intermittent,11723.0,croston,{'alpha': 0.2},0.4592870095302149,1.8045232930183184,1.9199852550550223,11,6,-0.4884695530877148,0.0,0.06362650881137048,0.23122997559267855,3907.6666666666665,1.0,2026-04-20,REALTECH SEMICONDUCTOR TECHNOLOGY L,
sku_customer,sku_customer::2016929|Integral Memory Plc,2016929,교체형,lumpy,11700.0,tsb,"{'alpha': 0.1, 'beta': 0.2}",4.040289448428775e-05,0.00014746607548958844,2.0,11,6,,0.0,0.0,0.0,0.0,0.0,,Integral Memory Plc,
sku_customer,"sku_customer::2017775|XINRONGDA CO., Limited",2017775,교체형,intermittent,11610.0,tsb,"{'alpha': 0.1, 'beta': 0.2}",7.337556245865729e-12,5.019437800767739e-11,2.0,11,6,,0.0,1.9319566166934476e-13,7.72715225139109e-13,5805.0,1.0,2024-01-22,"XINRONGDA CO., Limited",
sku_customer,sku_customer::1007817|UNIFORTUNE (HK) COMPANY LIMITED,1007817,교체형,lumpy,11592.0,tsb,"{'alpha': 0.1, 'beta': 0.2}",2.4367504962614247e-11,1.854918060300754e-10,2.0,11,6,,0.0,4.6282423635375695e-12,1.851319098022941e-11,3864.0,1.0,2024-04-29,UNIFORTUNE (HK) COMPANY LIMITED,
sku_customer,sku_customer::2016876|UNISPLENDOUR DIGITAL（HONG KONG）,2016876,교체형,lumpy,11579.0,tsb,"{'alpha': 0.1, 'beta': 0.2}",4.902221845930231e-11,1.4402177993141481e-10,2.0,11,6,,0.0,6.539572279276823e-12,2.6158186727798238e-11,890.6923076923077,1.0,2024-05-06,UNISPLENDOUR DIGITAL（HONG KONG）,
sku_customer,sku_customer::2019701|LUCKY GRADE LIMITED,2019701,교체형,intermittent,11513.0,sba,{'alpha': 0.05},0.049385518693771085,0.19349970611921352,2.0,11,6,0.06806639031848594,0.0,0.024009882068275562,0.09263571366171541,1644.7142857142858,1.0,2026-03-23,LUCKY GRADE LIMITED,
sku_customer,"sku_customer::2016811|World Pacific Industrial H.K., Ltd.",2016811,교체형,intermittent,11434.0,tsb,"{'alpha': 0.1, 'beta': 0.2}",1.2651153506952709e-13,8.039355933490116e-13,2.0,11,6,,0.0,7.680407521913566e-15,3.064215547965432e-14,5717.0,1.0,2023-10-02,"World Pacific Industrial H.K., Ltd.",
sku_customer,sku_customer::1006925|KC Int'L (HK) Ltd,1006925,교체형,lumpy,11390.0,tsb,"{'alpha': 0.1, 'beta': 0.2}",5.89461367457897e-13,4.5798424990104156e-12,2.0,11,6,,0.0,1.548615640138883e-14,6.17284001691587e-14,5695.0,1.0,2023-10-30,KC Int'L (HK) Ltd,
sku_customer,sku_customer::2018509|Eternal International (HK) Ltd.,2018509,교체형,lumpy,11280.0,tsb,"{'alpha': 0.1, 'beta': 0.2}",1.47204565959116e-05,0.00010662097974360811,2.0,11,6,,0.0,1.6481061663914712e-06,6.592408368200076e-06,5640.0,1.0,2025-05-26,Eternal International (HK) Ltd.,
sku_customer,"sku_customer::2018611|MING SHUN ELECTRONIC CO.,LIMITED",2018611,교체형,intermittent,11270.0,tsb,"{'alpha': 0.1, 'beta': 0.2}",0.019925456791976014,0.12495932142612576,2.0,11,6,-0.2364960419525418,0.0,0.0011424348995358294,0.0045619146156716806,5635.0,1.0,2025-12-15,"MING SHUN ELECTRONIC CO.,LIMITED",
sku_customer,sku_customer::2018156|PINE INFO CO LTD,2018156,교체형,lumpy,11000.0,tsb,"{'alpha': 0.1, 'beta': 0.2}",3.770121521099665e-06,1.80999637910191e-05,2.0,11,6,,0.0,0.0,0.0,0.0,0.0,,PINE INFO CO LTD,
sku_customer,sku_customer::1006661|PATRIOT MEMORY INC.,1006661,교체형,intermittent,10968.0,tsb,"{'alpha': 0.1, 'beta': 0.2}",4.429652784984179e-11,2.7617221657147383e-10,2.0,11,6,,0.0,1.2036445524962848e-12,4.814371123984529e-12,5484.0,1.0,2024-03-04,PATRIOT MEMORY INC.,
sku_customer,sku_customer::1008897|MF WAREHOUSING & LOGISTICS,1008897,교체형,intermittent,10805.0,tsb,"{'alpha': 0.1, 'beta': 0.2}",1.7725010740616706e-11,1.0455342139793282e-10,2.0,11,6,,0.0,7.662220692534587e-13,3.065103726385132e-12,5402.5,1.0,2024-03-04,MF WAREHOUSING & LOGISTICS,
sku_customer,sku_customer::2019879|PATRIOT MEMORY INC.,2019879,교체형,intermittent,10780.0,sba,{'alpha': 0.3},0.07845607234242112,0.34265691972188567,1.1206997749779706,11,6,-0.8998945797685937,0.0,0.11509376685016544,0.38681853757611084,2156.0,1.0,2026-05-11,PATRIOT MEMORY INC.,
sku_customer,sku_customer::2017631|PATRIOT MEMORY INC.,2017631,교체형,intermittent,10766.0,sba,{'alpha': 0.05},0.055566426978471,0.3173818664754105,2.0,11,6,0.013652508966809496,0.0,0.0029559187008419835,0.011771353303659748,3588.6666666666665,1.0,2026-01-26,PATRIOT MEMORY INC.,
sku_customer,"sku_customer::1008981|G.Skill International Ent. Co., Ltd",1008981,교체형,lumpy,10740.0,tsb,"{'alpha': 0.1, 'beta': 0.2}",1.7770347577844369e-06,1.335434207691815e-05,2.0,11,6,,0.0,2.453935534372916e-07,9.815738526430806e-07,5370.0,1.0,2025-04-07,"G.Skill International Ent. Co., Ltd",
sku_customer,sku_customer::1007941|UNIFORTUNE (HK) COMPANY LIMITED,1007941,교체형,intermittent,10722.0,tsb,"{'alpha': 0.1, 'beta': 0.2}",8.678309821591813e-12,5.206186519182666e-11,2.0,11,6,,0.0,2.439972453612738e-13,9.761080832504376e-13,5361.0,1.0,2024-01-29,UNIFORTUNE (HK) COMPANY LIMITED,
sku_customer,sku_customer::2016729|Memory Technology Middle East Fzco,2016729,교체형,lumpy,10674.0,tsb,"{'alpha': 0.1, 'beta': 0.2}",3.86937825681501e-08,1.1156688873489878e-07,2.0,11,6,,0.0,2.5878549587738454e-15,1.021405182655144e-14,1133.3333333333333,0.3185310099306727,2023-08-21,Memory Technology Middle East Fzco,
sku_customer,sku_customer::2019727|PATRIOT MEMORY INC.,2019727,교체형,lumpy,10600.0,sba,{'alpha': 0.3},0.06252924546981435,0.42432509669893675,2.0,11,6,-0.1919855722435055,0.0,0.03305684890000519,0.12581416211272944,2650.0,1.0,2026-03-30,PATRIOT MEMORY INC.,
sku_customer,sku_customer::2019307|PINE INFO CO LTD,2019307,교체형,intermittent,10500.0,tsb,"{'alpha': 0.1, 'beta': 0.2}",0.0001164261595918549,0.0005693596056645024,2.0,11,6,,0.0,0.0,0.0,0.0,0.0,,PINE INFO CO LTD,
sku_customer,sku_customer::1009440|PATRIOT MEMORY INC.,1009440,교체형,lumpy,10472.0,tsb,"{'alpha': 0.1, 'beta': 0.2}",2.5043676695830766e-05,0.00019886035325043645,2.0,11,6,,0.0,5.058780110362958e-06,2.0234966894405737e-05,5236.0,1.0,2025-07-07,PATRIOT MEMORY INC.,
sku_customer,"sku_customer::1008733|XINRONGDA CO., Limited",1008733,교체형,lumpy,10413.0,tsb,"{'alpha': 0.1, 'beta': 0.2}",4.978941190020726e-08,3.5602545500555545e-07,2.0,11,6,,0.0,1.4474341966432183e-09,5.789736690076097e-09,3471.0,1.0,2024-10-28,"XINRONGDA CO., Limited",
sku_customer,sku_customer::2018095|Memory Technology Middle East Fzco,2018095,교체형,intermittent,10390.0,tsb,"{'alpha': 0.1, 'beta': 0.2}",2.978229371725618e-08,1.06267527822574e-07,2.0,11,6,,0.0,0.0,0.0,0.0,0.0,,Memory Technology Middle East Fzco,
sku_customer,sku_customer::2017214|Wilk Elektronik S.A.,2017214,교체형,intermittent,10351.0,tsb,"{'alpha': 0.1, 'beta': 0.2}",1.379587469492146e-11,5.0318966216481766e-11,2.0,11,6,,0.0,0.0,0.0,0.0,0.0,,Wilk Elektronik S.A.,
sku_customer,sku_customer::1006741|MF WAREHOUSING & LOGISTICS,1006741,교체형,intermittent,10346.0,tsb,"{'alpha': 0.1, 'beta': 0.2}",1.6893348304716307e-12,1.0685689175132843e-11,2.0,11,6,,0.0,4.552827697159295e-14,1.8207657603852567e-13,5173.0,1.0,2023-11-27,MF WAREHOUSING & LOGISTICS,
sku_customer,sku_customer::1007826|KC Int'L (HK) Ltd,1007826,교체형,lumpy,10315.0,tsb,"{'alpha': 0.1, 'beta': 0.2}",3.0316506633718347e-09,2.3375643504648183e-08,2.0,11,6,,0.0,7.960402033770247e-11,3.1841596026538355e-10,5157.5,1.0,2024-07-29,KC Int'L (HK) Ltd,
sku_customer,sku_customer::2019213|PATRIOT MEMORY INC.,2019213,교체형,intermittent,10198.0,tsb,"{'alpha': 0.1, 'beta': 0.2}",0.001905805097980542,0.01059681876010983,2.0,11,6,-0.5847631037275749,0.0,6.9933331600787e-05,0.00027970398374588257,3399.3333333333335,1.0,2025-09-29,PATRIOT MEMORY INC.,
sku_customer,sku_customer::2017780|Eternal International (HK) Ltd.,2017780,교체형,intermittent,10196.0,tsb,"{'alpha': 0.1, 'beta': 0.2}",0.004963878300723846,0.024084840980092715,2.0,11,6,-0.5847631037275749,0.0,0.00028424176494991013,0.0011364823913668776,3398.6666666666665,1.0,2025-11-03,Eternal International (HK) Ltd.,
sku_customer,"sku_customer::2019212|Hosin Global Electronics Co., Ltd",2019212,교체형,intermittent,10172.0,tsb,"{'alpha': 0.1, 'beta': 0.2}",0.0026727297433570057,0.009386730862828275,2.0,11,6,-0.5847631037275749,0.0,0.0002634507261483579,0.0010533865400182973,1453.142857142857,1.0,2025-10-27,"Hosin Global Electronics Co., Ltd",
sku_customer,"sku_customer::1008897|CY STORAGE TECHNOLOGY(HK) CO.,LIMIT",1008897,교체형,lumpy,10122.0,tsb,"{'alpha': 0.1, 'beta': 0.2}",0.00010040171551481496,0.0008028779945829408,2.0,11,6,,0.0,2.1474267385758633e-05,8.589430271765952e-05,5061.0,1.0,2025-08-18,"CY STORAGE TECHNOLOGY(HK) CO.,LIMIT",
sku_customer,sku_customer::1008663|DAOSTORE INTENATIONAL LIMITED,1008663,교체형,lumpy,10119.0,tsb,"{'alpha': 0.1, 'beta': 0.2}",2.5704944889030533e-09,2.053649031066267e-08,2.0,11,6,,0.0,5.928882164278857e-10,2.371552731972315e-09,3373.0,1.0,2024-09-30,DAOSTORE INTENATIONAL LIMITED,
sku_customer,"sku_customer::2017597|World Pacific Industrial H.K., Ltd.",2017597,교체형,lumpy,10085.0,tsb,"{'alpha': 0.1, 'beta': 0.2}",1.0154375319906792e-13,7.91103478793562e-13,2.0,11,6,,0.0,2.668278025201532e-15,1.0658141036401503e-14,5042.5,1.0,2023-09-04,"World Pacific Industrial H.K., Ltd.",
sku_customer,"sku_customer::1007976|Hosin Global Electronics Co., Ltd",1007976,교체형,intermittent,10058.0,tsb,"{'alpha': 0.1, 'beta': 0.2}",0.003104323815260779,0.018127239303034903,2.0,11,6,-0.5847631037275748,0.0,9.148827064738893e-05,0.00036590286503068725,5029.0,1.0,2025-09-29,"Hosin Global Electronics Co., Ltd",
sku_customer,sku_customer::1009278|MF WAREHOUSING & LOGISTICS,1009278,교체형,intermittent,10000.0,tsb,"{'alpha': 0.1, 'beta': 0.2}",0.0001448291518310272,0.0009666135532673333,2.0,11,6,,0.0,1.090251571481095e-05,4.360934967517771e-05,5000.0,1.0,2025-08-04,MF WAREHOUSING & LOGISTICS,
sku_customer,sku_customer::2018272|EACHAIN HONGKONG LIMITED,2018272,교체형,intermittent,10000.0,tsb,"{'alpha': 0.1, 'beta': 0.1}",1.3499153154921113,10.789023650632075,1.3712876529541564,11,6,-0.9984727460508972,0.0,0.08701083648,0.30519570999895906,5000.0,1.0,2026-05-04,EACHAIN HONGKONG LIMITED,
sku_customer,sku_customer::2019720|BaDa Group (HongKong) Corporation L,2019720,교체형,intermittent,10000.0,croston,{'alpha': 0.2},0.109707451435621,0.4874420786989549,1.4677216327998561,11,6,-0.7662952503739626,0.0,0.07438198101292406,0.265947365444128,2000.0,1.0,2026-04-27,BaDa Group (HongKong) Corporation L,
sku_customer,"sku_customer::1010067|G.Skill International Ent. Co., Ltd",1010067,교체형,lumpy,9967.0,croston,{'alpha': 0.1},1385.6406462437972,800.1809049479167,0.9042268592830389,10,6,,0.0,0.14434304000000003,0.4639580860490894,4983.5,1.0,2026-05-18,"G.Skill International Ent. Co., Ltd",
sku_customer,"sku_customer::2018194|XINRONGDA CO., Limited",2018194,교체형,lumpy,9873.0,tsb,"{'alpha': 0.1, 'beta': 0.2}",1.1815455425193257e-06,7.131409606881779e-06,2.0,11,6,,0.0,1.7806957344636595e-07,7.122781033874759e-07,3291.0,1.0,2025-03-24,"XINRONGDA CO., Limited",
sku_customer,sku_customer::2017514|UNISPLENDOUR DIGITAL（HONG KONG）,2017514,교체형,lumpy,9725.0,tsb,"{'alpha': 0.1, 'beta': 0.2}",3.913295372324375e-11,1.576364073361361e-10,2.0,11,6,,0.0,5.5503731930177314e-12,2.220135186803418e-11,1215.625,1.0,2024-05-06,UNISPLENDOUR DIGITAL（HONG KONG）,
sku_customer,sku_customer::2017663|Eternal International (HK) Ltd.,2017663,교체형,intermittent,9713.0,tsb,"{'alpha': 0.1, 'beta': 0.2}",0.0008901786805992822,0.005376001629034223,2.0,11,6,-0.5847631037275749,0.0,2.4835767164329203e-05,9.933936782635655e-05,4856.5,1.0,2025-08-25,Eternal International (HK) Ltd.,
sku_customer,sku_customer::2016877|UNISPLENDOUR DIGITAL（HONG KONG）,2016877,교체형,intermittent,9704.0,tsb,"{'alpha': 0.1, 'beta': 0.2}",3.8197505314531233e-10,9.923334751219472e-10,2.0,11,6,,0.0,4.191071354194086e-11,1.6764278853997894e-10,746.4615384615385,1.0,2024-07-01,UNISPLENDOUR DIGITAL（HONG KONG）,
sku_customer,sku_customer::2017683|Wilk Elektronik S.A.,2017683,교체형,intermittent,9586.0,tsb,"{'alpha': 0.1, 'beta': 0.2}",1.6866374756765993e-11,6.332144694019617e-11,2.0,11,6,,0.0,0.0,0.0,0.0,0.0,,Wilk Elektronik S.A.,
sku_customer,"sku_customer::1007871|World Pacific Industrial H.K., Ltd.",1007871,교체형,intermittent,9524.0,tsb,"{'alpha': 0.1, 'beta': 0.2}",2.454235233164278e-10,1.1788433527333371e-09,2.0,11,6,,0.0,8.116993100454965e-12,3.246780622134793e-11,2381.0,1.0,2024-05-06,"World Pacific Industrial H.K., Ltd.",
sku_customer,sku_customer::2018097|Evetech Pty Ltd,2018097,교체형,intermittent,9502.0,tsb,"{'alpha': 0.1, 'beta': 0.2}",7.606072073677922e-06,2.6908063689431445e-05,2.0,11,6,,0.0,4.392338996066671e-07,1.7569344408219223e-06,1357.4285714285713,1.0,2025-04-07,Evetech Pty Ltd,
sku_customer,"sku_customer::1008397|XINRONGDA CO., Limited",1008397,교체형,lumpy,9465.0,tsb,"{'alpha': 0.1, 'beta': 0.2}",4.488923493256483e-14,3.360434489483269e-13,2.0,11,6,,0.0,1.1769809942004868e-15,4.884981308350689e-15,4732.5,1.0,2023-07-31,"XINRONGDA CO., Limited",
sku_customer,sku_customer::2017606|PINE INFO CO LTD,2017606,교체형,lumpy,9283.0,tsb,"{'alpha': 0.1, 'beta': 0.2}",5.206198052294331e-06,2.2828122559490885e-05,2.0,11,6,,0.0,0.0,0.0,0.0,0.0,,PINE INFO CO LTD,
sku_customer,sku_customer::2019524|PINE INFO CO LTD,2019524,교체형,intermittent,9223.0,sba,{'alpha': 0.3},0.25909112093616743,0.9277368183813305,1.547683044267733,11,6,0.07066162530559501,0.0,0.0,0.0,0.0,0.0,,PINE INFO CO LTD,
sku_customer,"sku_customer::2017239|Hosin Global Electronics Co., Ltd",2017239,교체형,intermittent,9170.0,tsb,"{'alpha': 0.1, 'beta': 0.2}",8.357573337662054e-10,4.345727704704748e-09,2.0,11,6,,0.0,3.6779843580321594e-11,1.471192057067583e-10,3056.6666666666665,1.0,2024-06-24,"Hosin Global Electronics Co., Ltd",
sku_customer,sku_customer::2018097|COM1 International PTY. LTD.,2018097,교체형,lumpy,9131.0,tsb,"{'alpha': 0.1, 'beta': 0.2}",0.00020997345173629422,0.0005910987225912338,2.0,11,6,,0.0,0.0,0.0,0.0,0.0,,COM1 International PTY. LTD.,
sku_customer,sku_customer::2018018|Wilk Elektronik S.A.,2018018,교체형,lumpy,9130.0,tsb,"{'alpha': 0.1, 'beta': 0.2}",9.619383822647088e-10,4.388980450458049e-09,2.0,11,6,,0.0,0.0,0.0,0.0,0.0,,Wilk Elektronik S.A.,
sku_customer,sku_customer::2018342|SEORIN C&I,2018342,교체형,lumpy,9113.0,sba,{'alpha': 0.05},0.025325468097390155,0.05358516227360042,1.029748520364562,11,6,0.025369822075431373,0.0,0.0,0.0,0.0,0.0,,SEORIN C&I,
sku_customer,sku_customer::1008948|MF WAREHOUSING & LOGISTICS,1008948,교체형,intermittent,9106.0,tsb,"{'alpha': 0.1, 'beta': 0.2}",3.703272636455191e-08,2.0573318085730825e-07,2.0,11,6,,0.0,5.1584275417581e-09,2.063371018490301e-08,3035.3333333333335,1.0,2024-12-02,MF WAREHOUSING & LOGISTICS,
sku_customer,sku_customer::2018096|Leadmax Technology International,2018096,교체형,lumpy,9000.0,tsb,"{'alpha': 0.1, 'beta': 0.2}",7.085372320436703e-10,4.0799470978664535e-09,2.0,11,6,,0.0,4.76470252232141e-11,1.9058798983451197e-10,3000.0,1.0,2024-07-01,Leadmax Technology International,
sku_customer,"sku_customer::2017601|Hosin Global Electronics Co., Ltd",2017601,교체형,intermittent,8977.0,tsb,"{'alpha': 0.1, 'beta': 0.2}",2.318837481281672e-09,1.3647158270955299e-08,2.0,11,6,,0.0,6.715698867481234e-11,2.686277866814635e-10,4488.5,1.0,2024-07-22,"Hosin Global Electronics Co., Ltd",
sku_customer,"sku_customer::1008677|XINRONGDA CO., Limited",1008677,교체형,intermittent,8969.0,tsb,"{'alpha': 0.1, 'beta': 0.2}",1.5650059509693895e-13,7.845109395799692e-13,2.0,11,6,,0.0,6.9918415034488046e-15,2.7977620220553945e-14,2989.6666666666665,1.0,2023-09-25,"XINRONGDA CO., Limited",
sku_customer,sku_customer::1008779|MF WAREHOUSING & LOGISTICS,1008779,교체형,intermittent,8945.0,croston,{'alpha': 0.2},0.30504369778815016,1.541741396160235,1.9256671468456268,11,6,-0.48066849040376863,0.0,0.033554445479973355,0.1276122253080222,4472.5,1.0,2026-04-13,MF WAREHOUSING & LOGISTICS,
sku_customer,sku_customer::1008643|UNIFORTUNE (HK) COMPANY LIMITED,1008643,교체형,lumpy,8915.0,tsb,"{'alpha': 0.1, 'beta': 0.2}",2.8928261508266596e-11,1.4649571703661418e-10,2.0,11,6,,0.0,9.911379218539017e-13,3.964384376331509e-12,2228.75,1.0,2024-03-04,UNIFORTUNE (HK) COMPANY LIMITED,
sku_customer,sku_customer::2017460|Integral Memory Plc,2017460,교체형,lumpy,8859.0,tsb,"{'alpha': 0.1, 'beta': 0.2}",3.5907715075173987e-06,1.6635587387845326e-05,2.0,11,6,,0.0,0.0,0.0,0.0,0.0,,Integral Memory Plc,
sku_customer,sku_customer::2017249|UNISPLENDOUR DIGITAL（HONG KONG）,2017249,교체형,lumpy,8850.0,tsb,"{'alpha': 0.1, 'beta': 0.2}",6.183517708730528e-12,2.5983916148489462e-11,2.0,11,6,,0.0,1.0424911635256098e-12,4.169997680492088e-12,1264.2857142857142,1.0,2024-02-26,UNISPLENDOUR DIGITAL（HONG KONG）,
sku_customer,"sku_customer::2017906|Hosin Global Electronics Co., Ltd",2017906,교체형,intermittent,8810.0,tsb,"{'alpha': 0.1, 'beta': 0.2}",0.00016383859650537575,0.0011170262598908195,2.0,11,6,,0.0,4.315997022748687e-06,1.7263876324391525e-05,4405.0,1.0,2025-06-23,"Hosin Global Electronics Co., Ltd",
sku_customer,sku_customer::2016715|Wilk Elektronik S.A.,2016715,교체형,lumpy,8789.0,tsb,"{'alpha': 0.1, 'beta': 0.2}",2.8210275195655295e-12,1.0941806084243447e-11,2.0,11,6,,0.0,0.0,0.0,0.0,0.0,,Wilk Elektronik S.A.,
sku_customer,sku_customer::2016911|Skyrich View (HK) Limited,2016911,교체형,intermittent,8648.0,tsb,"{'alpha': 0.1, 'beta': 0.2}",7.956245236208356e-12,4.603467561238212e-11,2.0,11,6,,0.0,2.4129381376455277e-13,9.65005853004186e-13,4324.0,1.0,2024-01-29,Skyrich View (HK) Limited,
sku_customer,sku_customer::1008168|KC Int'L (HK) Ltd,1008168,교체형,lumpy,8624.0,tsb,"{'alpha': 0.1, 'beta': 0.2}",1.6486842850391642e-11,8.824970971009446e-11,2.0,11,6,,0.0,1.008953478094534e-12,4.035882739117369e-12,2156.0,1.0,2024-03-04,KC Int'L (HK) Ltd,
sku_customer,"sku_customer::2019270|Private Label PC, LLC.",2019270,교체형,intermittent,8526.0,tsb,"{'alpha': 0.1, 'beta': 0.2}",1.196373738890786,7.27398168702532,1.1574443091767375,11,6,-0.8475872254166059,0.0,0.0,0.0,0.0,0.0,,"Private Label PC, LLC.",
sku_customer,sku_customer::1006767|MF WAREHOUSING & LOGISTICS,1006767,교체형,lumpy,8507.0,tsb,"{'alpha': 0.1, 'beta': 0.2}",1.108277061211913e-08,8.775004398593718e-08,2.0,11,6,,0.0,2.188470495295512e-09,8.753882063672336e-09,4253.5,1.0,2024-10-28,MF WAREHOUSING & LOGISTICS,
sku_customer,"sku_customer::2016594|XINRONGDA CO., Limited",2016594,교체형,lumpy,8453.0,tsb,"{'alpha': 0.1, 'beta': 0.2}",1.6690708280034623e-10,1.2150316705356301e-09,2.0,11,6,,0.0,4.374951591835932e-12,1.7499779403351567e-11,4226.5,1.0,2024-04-29,"XINRONGDA CO., Limited",
sku_customer,"sku_customer::1007944|CY STORAGE TECHNOLOGY(HK) CO.,LIMIT",1007944,교체형,lumpy,8430.0,sba,{'alpha': 0.05},0.013034208977917626,0.0789432650645001,2.0,11,6,-0.07220739998185415,0.0,0.019931146992040627,0.07737259707963029,1686.0,1.0,2026-03-09,"CY STORAGE TECHNOLOGY(HK) CO.,LIMIT",
sku_customer,sku_customer::2019747|PINE INFO CO LTD,2019747,교체형,intermittent,8280.0,sba,{'alpha': 0.05},0.03912602850865245,0.1653557328278585,2.0,11,6,0.013652508966809708,0.0,0.0,0.0,0.0,0.0,,PINE INFO CO LTD,
sku_customer,sku_customer::2017645|Ringson Limited,2017645,교체형,lumpy,8166.0,tsb,"{'alpha': 0.1, 'beta': 0.2}",0.0008111453493002412,0.0057828878647518235,2.0,11,6,-0.5847631037275748,0.0,2.1274549678913074e-05,8.509548311541604e-05,4083.0,1.0,2025-08-25,Ringson Limited,
sku_customer,sku_customer::1009642|Edal Tech International Limited,1009642,교체형,lumpy,8114.0,sba,{'alpha': 0.05},0.0057055614400804856,0.047910015741856916,2.0,11,6,0.013652508966809411,0.0,0.008860996732939695,0.034975660153038546,4057.0,1.0,2026-03-02,Edal Tech International Limited,
sku_customer,sku_customer::2018787|Wilk Elektronik S.A.,2018787,교체형,lumpy,8105.0,tsb,"{'alpha': 0.1, 'beta': 0.2}",7.773048611178235e-06,3.6784824405641815e-05,2.0,11,6,,0.0,0.0,0.0,0.0,0.0,,Wilk Elektronik S.A.,
sku_customer,sku_customer::2017238|PINE INFORMATION CO LTD,2017238,교체형,intermittent,8067.0,tsb,"{'alpha': 0.1, 'beta': 0.2}",4.5653491497969913e-10,2.452886854905265e-09,2.0,11,6,,0.0,0.0,0.0,0.0,0.0,,PINE INFORMATION CO LTD,
sku_customer,sku_customer::2018356|Wilk Elektronik S.A.,2018356,교체형,intermittent,8063.0,tsb,"{'alpha': 0.1, 'beta': 0.2}",1.073992782873881,4.55580927143908,1.1451211340782854,11,6,-0.20443223797777296,0.0,0.0,0.0,0.0,0.0,,Wilk Elektronik S.A.,
sku_customer,sku_customer::1009011|MF WAREHOUSING & LOGISTICS,1009011,교체형,lumpy,8011.0,tsb,"{'alpha': 0.1, 'beta': 0.2}",7.864158090014195e-06,6.184904584244339e-05,2.0,11,6,,0.0,1.4749816106718247e-06,5.899913389062483e-06,4005.5,1.0,2025-06-02,MF WAREHOUSING & LOGISTICS,
sku_customer,sku_customer::1007827|UNIFORTUNE (HK) COMPANY LIMITED,1007827,교체형,lumpy,7996.0,tsb,"{'alpha': 0.1, 'beta': 0.2}",2.0599122067734133e-10,1.1560608441769964e-09,2.0,11,6,,0.0,1.871208089516009e-11,7.48481276957591e-11,1599.2,1.0,2024-06-03,UNIFORTUNE (HK) COMPANY LIMITED,
sku_customer,sku_customer::2020115|PATRIOT MEMORY INC.,2020115,교체형,lumpy,7980.0,sba,{'alpha': 0.1},0.05782092628164814,0.35991503456221197,2.0,11,6,-0.6556105880898725,0.0,0.0330153105251369,0.12566393777351503,2660.0,1.0,2026-03-30,PATRIOT MEMORY INC.,
sku_customer,sku_customer::2017010|Wilk Elektronik S.A.,2017010,교체형,intermittent,7958.0,tsb,"{'alpha': 0.1, 'beta': 0.2}",1.49471321510941e-09,5.326139338437354e-09,2.0,11,6,,0.0,0.0,0.0,0.0,0.0,,Wilk Elektronik S.A.,
sku_customer,"sku_customer::2018197|Hosin Global Electronics Co., Ltd",2018197,교체형,intermittent,7941.0,tsb,"{'alpha': 0.1, 'beta': 0.2}",1.528543642646403e-10,8.839027792549433e-10,2.0,11,6,,0.0,4.646365338782339e-12,1.858557752143497e-11,3970.5,1.0,2024-04-22,"Hosin Global Electronics Co., Ltd",
sku_customer,sku_customer::2018800|Memory Technology Middle East Fzco,2018800,교체형,intermittent,7937.0,tsb,"{'alpha': 0.1, 'beta': 0.2}",9.641529402319019e-06,4.091125907571532e-05,2.0,11,6,,0.0,0.0,0.0,0.0,0.0,,Memory Technology Middle East Fzco,
sku_customer,"sku_customer::2019823|Private Label PC, LLC.",2019823,교체형,intermittent,7822.0,sba,{'alpha': 0.05},0.05248947172519007,0.33099596750506766,2.0,11,6,-0.9309671603329905,0.0,0.0,0.0,0.0,0.0,,"Private Label PC, LLC.",
sku_customer,sku_customer::2018707|PINE INFO CO LTD,2018707,교체형,lumpy,7781.0,tsb,"{'alpha': 0.1, 'beta': 0.2}",0.00039330500331987025,0.001601491586670419,2.0,11,6,,0.0,0.0,0.0,0.0,0.0,,PINE INFO CO LTD,
sku_customer,"sku_customer::1007775|HONGKONG SHICHUANGYI CO., LIMITED",1007775,교체형,intermittent,7778.0,tsb,"{'alpha': 0.1, 'beta': 0.2}",0.0187141167547419,0.10167445944783295,2.0,11,6,-0.5847631037275749,0.0,0.0006044763941551627,0.0024157141097033152,2592.6666666666665,1.0,2025-12-08,"HONGKONG SHICHUANGYI CO., LIMITED",
sku_customer,sku_customer::2019544|PATRIOT MEMORY INC.,2019544,교체형,lumpy,7764.0,sba,{'alpha': 0.3},0.05858912856336478,0.45788697154633623,2.0,11,6,0.1777786551442011,0.0,0.028523990245591345,0.10930642142071112,1941.0,1.0,2026-03-30,PATRIOT MEMORY INC.,
sku_customer,sku_customer::2016990|X-Pand Intl. Freight Ltd,2016990,교체형,lumpy,7600.0,tsb,"{'alpha': 0.1, 'beta': 0.2}",0.014890759364971227,0.11141233216641244,2.0,11,6,-0.5847631037275748,0.0,0.0,0.0,0.0,0.0,,X-Pand Intl. Freight Ltd,
sku_customer,sku_customer::2018366|Wilk Elektronik S.A.,2018366,교체형,lumpy,7535.0,sba,{'alpha': 0.3},0.1589048591053993,0.5713368692200694,0.8982368835636301,11,6,5.0,0.0,0.0,0.0,0.0,0.0,,Wilk Elektronik S.A.,
sku_customer,sku_customer::2017486|PINE INFO CO LTD,2017486,교체형,intermittent,7500.0,tsb,"{'alpha': 0.1, 'beta': 0.2}",2.3575739721211462e-08,1.0143641795325137e-07,2.0,11,6,,0.0,0.0,0.0,0.0,0.0,,PINE INFO CO LTD,
sku_customer,sku_customer::1008452|PATRIOT MEMORY INC.,1008452,교체형,intermittent,7481.0,tsb,"{'alpha': 0.1, 'beta': 0.2}",0.0004795009681411664,0.0029441110189619185,2.0,11,6,-0.5847631037275748,0.0,1.3172632049805314e-05,5.2689487098911414e-05,3740.5,1.0,2025-08-04,PATRIOT MEMORY INC.,
sku_customer,sku_customer::2019414|Patriot Memory Inc.,2019414,교체형,intermittent,7472.0,sba,{'alpha': 0.05},0.052442615104383875,0.2940288661792059,2.0,11,6,0.013652508966809671,0.0,0.007260234453526619,0.028726199786734075,2490.6666666666665,1.0,2026-02-23,Patriot Memory Inc.,
sku_customer,sku_customer::2017647|PINE INFORMATION CO LTD,2017647,교체형,lumpy,7450.0,tsb,"{'alpha': 0.1, 'beta': 0.2}",1.805622213814462e-10,6.34831179332291e-10,2.0,11,6,,0.0,0.0,0.0,0.0,0.0,,PINE INFORMATION CO LTD,
sku_customer,sku_customer::1009446|MF WAREHOUSING & LOGISTICS,1009446,교체형,lumpy,7375.0,sba,{'alpha': 0.3},0.10406619109546114,0.6914993631909335,1.8620661996999326,11,6,-0.3800134996180353,0.0,0.03355608966106657,0.12761816194798326,2458.3333333333335,1.0,2026-04-13,MF WAREHOUSING & LOGISTICS,
sku_customer,sku_customer::2016859|UNISPLENDOUR DIGITAL（HONG KONG）,2016859,교체형,lumpy,7348.0,tsb,"{'alpha': 0.1, 'beta': 0.2}",1.8351308615796706e-11,1.0333291587182398e-10,2.0,11,6,,0.0,3.849668143092571e-12,1.539879335155092e-11,734.8,1.0,2024-04-15,UNISPLENDOUR DIGITAL（HONG KONG）,
sku_customer,"sku_customer::2014224|G.Skill International Ent. Co., Ltd",2014224,교체형,intermittent,7331.0,tsb,"{'alpha': 0.1, 'beta': 0.2}",5.5528610919571415e-08,3.751505534544705e-07,2.0,11,6,,0.0,4.41711810335531e-09,1.766847235185054e-08,3665.5,1.0,2024-12-02,"G.Skill International Ent. Co., Ltd",
sku_customer,sku_customer::2019748|PATRIOT MEMORY INC.,2019748,교체형,intermittent,7300.0,sba,{'alpha': 0.3},0.062080489696462356,0.42549596515849536,2.0,11,6,0.01365250896680954,0.0,0.0029472074722488085,0.01173681602039367,3650.0,1.0,2026-01-26,PATRIOT MEMORY INC.,
sku_customer,"sku_customer::2016098|Hosin Global Electronics Co., Ltd",2016098,교체형,lumpy,7295.0,tsb,"{'alpha': 0.1, 'beta': 0.2}",0.00011117051462262167,0.0008558198166518836,2.0,11,6,,0.0,2.918772907189054e-06,1.1675040513248192e-05,3647.5,1.0,2025-06-23,"Hosin Global Electronics Co., Ltd",
sku_customer,sku_customer::2018932|Eternal International (HK) Ltd.,2018932,교체형,intermittent,7293.0,tsb,"{'alpha': 0.1, 'beta': 0.2}",0.0005942289401816836,0.0034833891932528026,2.0,11,6,-0.5847631037275748,0.0,2.4835767164329203e-05,9.933936782635655e-05,3646.5,1.0,2025-08-25,Eternal International (HK) Ltd.,
sku_customer,sku_customer::2017689|UNISPLENDOUR DIGITAL（HONG KONG）,2017689,교체형,intermittent,7244.0,tsb,"{'alpha': 0.1, 'beta': 0.2}",2.7453193046631087e-10,1.0985088503518152e-09,2.0,11,6,,0.0,3.358185092217508e-11,1.3432721601702724e-10,1207.3333333333333,1.0,2024-07-01,UNISPLENDOUR DIGITAL（HONG KONG）,
sku_customer,"sku_customer::2017390|Hotop Technologies, Inc.",2017390,교체형,intermittent,7200.0,tsb,"{'alpha': 0.1, 'beta': 0.2}",2.918997699553224e-10,2.0077591459211726e-09,2.0,11,6,,0.0,2.0859259688711685e-11,8.343725710346916e-11,6000.0,0.8333333333333334,2024-06-17,"Hotop Technologies, Inc.",
sku_customer,sku_customer::2017633|PINE INFO CO LTD,2017633,교체형,intermittent,7150.0,tsb,"{'alpha': 0.1, 'beta': 0.2}",3.339803098044739e-07,1.2999170282192627e-06,2.0,11,6,,0.0,0.0,0.0,0.0,0.0,,PINE INFO CO LTD,
sku_customer,sku_customer::1009405|TEC LOGISTICS COMPANY,1009405,교체형,intermittent,7141.0,tsb,"{'alpha': 0.1, 'beta': 0.2}",0.0050846894000327655,0.029469046392525632,2.0,11,6,-0.5847631037275748,0.0,0.00019817083991343368,0.0007924477606915392,3570.5,1.0,2025-11-03,TEC LOGISTICS COMPANY,
sku_customer,sku_customer::2016877|PT. JESS,2016877,교체형,intermittent,7098.0,sba,{'alpha': 0.3},0.13415120602401903,0.25879228311000896,2.0,11,6,0.41592721077947237,0.0,0.03045436134753134,0.1163647582401649,273.0,1.0,2026-03-30,PT. JESS,
sku_customer,sku_customer::1007782|Eternal International (HK) Ltd.,1007782,교체형,lumpy,7033.0,sba,{'alpha': 0.3},0.05369186011209516,0.4499600883760046,2.0,11,6,0.5400727874013548,0.0,0.027599124237259142,0.10590973709120555,3516.5,1.0,2026-04-06,Eternal International (HK) Ltd.,
sku_customer,sku_customer::2018332|UNISPLENDOUR DIGITAL(HONG KONG),2018332,교체형,intermittent,7000.0,tsb,"{'alpha': 0.1, 'beta': 0.2}",8.326638715852584e-06,3.969525340793068e-05,2.0,11,6,,0.0,2.899863047847046e-07,1.159944714390626e-06,2333.3333333333335,1.0,2025-03-31,UNISPLENDOUR DIGITAL(HONG KONG),
sku_customer,sku_customer::2018272|UNISPLENDOUR DIGITAL(HONG KONG),2018272,교체형,intermittent,7000.0,tsb,"{'alpha': 0.1, 'beta': 0.2}",4.975586624517881e-06,3.098044753730741e-05,2.0,11,6,,0.0,2.765063314504836e-07,1.1060248672478679e-06,3500.0,1.0,2025-03-31,UNISPLENDOUR DIGITAL(HONG KONG),
sku_customer,sku_customer::2018008|Evetech Pty Ltd,2018008,교체형,intermittent,7000.0,tsb,"{'alpha': 0.1, 'beta': 0.2}",2.4105365178372822e-05,0.00012148842789425102,2.0,11,6,,0.0,8.906808396953835e-07,3.562718599137149e-06,2333.3333333333335,1.0,2025-05-12,Evetech Pty Ltd,
sku_customer,sku_customer::2017250|Archisite,2017250,교체형,lumpy,6952.0,tsb,"{'alpha': 0.1, 'beta': 0.2}",4.7590932726796525e-12,2.0787141384344067e-11,2.0,11,6,,0.0,0.0,0.0,0.0,0.0,,Archisite,
sku_customer,sku_customer::1008606|KC Int'L (HK) Ltd,1008606,교체형,lumpy,6938.0,tsb,"{'alpha': 0.1, 'beta': 0.2}",3.4907165717921525e-07,2.4826215161285227e-06,2.0,11,6,,0.0,6.851929072157403e-08,2.740771345433046e-07,1387.6,1.0,2025-02-17,KC Int'L (HK) Ltd,
sku_customer,sku_customer::1008168|REALTECH SEMICONDUCTOR TECHNOLOGY L,1008168,교체형,lumpy,6920.0,sba,{'alpha': 0.3},0.05600963466775514,0.46775541752462235,2.0,11,6,0.013652508966809543,0.0,0.002449137317178275,0.009760618353526485,3460.0,1.0,2026-01-12,REALTECH SEMICONDUCTOR TECHNOLOGY L,
sku_customer,sku_customer::2018802|PINE INFO CO LTD,2018802,교체형,lumpy,6818.0,tsb,"{'alpha': 0.1, 'beta': 0.2}",1.2375135250651237e-05,6.677737665412056e-05,2.0,11,6,,0.0,0.0,0.0,0.0,0.0,,PINE INFO CO LTD,
sku_customer,"sku_customer::1009055|Hosin Global Electronics Co., Ltd",1009055,교체형,intermittent,6806.0,tsb,"{'alpha': 0.1, 'beta': 0.2}",1.727223224913964e-05,0.00010490291470518184,2.0,11,6,,0.0,4.790991234193397e-07,1.916395116263736e-06,3403.0,1.0,2025-04-28,"Hosin Global Electronics Co., Ltd",
sku_customer,sku_customer::2018799|Kerry Logistics,2018799,교체형,lumpy,6742.0,tsb,"{'alpha': 0.1, 'beta': 0.2}",5.592825558409286e-06,4.059121056345647e-05,2.0,11,6,,0.0,1.466044930486182e-07,5.864178433956369e-07,3371.0,1.0,2025-03-17,Kerry Logistics,
sku_customer,"sku_customer::1008732|XINRONGDA CO., Limited",1008732,교체형,lumpy,6696.0,tsb,"{'alpha': 0.1, 'beta': 0.2}",1.947319905612714e-13,1.5756146937653348e-12,2.0,11,6,,0.0,5.1353496855760706e-15,2.042810365310288e-14,3348.0,1.0,2023-09-25,"XINRONGDA CO., Limited",
sku_customer,sku_customer::1008146|MF WAREHOUSING & LOGISTICS,1008146,교체형,lumpy,6683.0,tsb,"{'alpha': 0.1, 'beta': 0.2}",3.596319245535651e-05,0.00025494177161486685,2.0,11,6,,0.0,3.601029322918333e-06,1.4404039487492248e-05,3341.5,1.0,2025-06-30,MF WAREHOUSING & LOGISTICS,
sku_customer,sku_customer::2019992|PINE INFO CO LTD,2019992,교체형,intermittent,6680.0,sba,{'alpha': 0.3},0.057868771667174,0.3950669459835516,2.0,11,6,0.013652508966809581,0.0,0.0,0.0,0.0,0.0,,PINE INFO CO LTD,
sku_customer,sku_customer::2019307|PATRIOT MEMORY INC.,2019307,교체형,intermittent,6653.0,sba,{'alpha': 0.05},0.025119635011081137,0.17190764788182156,2.0,11,6,0.013652508966809564,0.0,0.007101778128498092,0.028105931174654097,3326.5,1.0,2026-02-23,PATRIOT MEMORY INC.,
sku_customer,sku_customer::2018957|Eternal International (HK) Ltd.,2018957,교체형,intermittent,6601.0,tsb,"{'alpha': 0.1, 'beta': 0.2}",0.0018537423487836589,0.008916687452638444,2.0,11,6,-0.5847631037275748,0.0,6.823711097362404e-05,0.00027292050734539774,2200.3333333333335,1.0,2025-09-29,Eternal International (HK) Ltd.,
sku_customer,sku_customer::1005681|MF WAREHOUSING & LOGISTICS,1005681,교체형,intermittent,6552.0,sba,{'alpha': 0.3},0.3275178513333934,2.8071263537906135,1.5971081451060918,10,6,,0.0,0.16000000000003228,0.5021286400000766,3276.0,1.0,2026-06-01,MF WAREHOUSING & LOGISTICS,
sku_customer,sku_customer::2018514|SEORIN C&I,2018514,교체형,intermittent,6551.0,sba,{'alpha': 0.05},0.060557700812860576,0.131245083695653,2.0,11,6,-0.7863180788173474,0.0,0.0,0.0,0.0,0.0,,SEORIN C&I,
sku_customer,sku_customer::2018094|PINE INFORMATION CO LTD,2018094,교체형,intermittent,6540.0,tsb,"{'alpha': 0.1, 'beta': 0.2}",5.591795824047904e-10,2.261545020754201e-09,2.0,11,6,,0.0,0.0,0.0,0.0,0.0,,PINE INFORMATION CO LTD,
sku_customer,sku_customer::2018065|REALTECH SEMICONDUCTOR TECHNOLOGY,2018065,교체형,intermittent,6525.0,tsb,"{'alpha': 0.1, 'beta': 0.2}",4.2505364885739466e-07,2.6891981339804566e-06,2.0,11,6,,0.0,1.1454138245156205e-08,4.581655199675794e-08,3262.5,1.0,2024-12-23,REALTECH SEMICONDUCTOR TECHNOLOGY,
sku_customer,sku_customer::2018098|Leadmax Technology International,2018098,교체형,intermittent,6500.0,tsb,"{'alpha': 0.1, 'beta': 0.2}",8.661859779253249e-10,4.211871867879154e-09,2.0,11,6,,0.0,4.76470252232141e-11,1.9058798983451197e-10,2166.6666666666665,1.0,2024-07-01,Leadmax Technology International,
sku_customer,sku_customer::2019339|BaDa Group (HongKong) Corporation L,2019339,교체형,intermittent,6490.0,sba,{'alpha': 0.05},0.016376669813285023,0.07174998944144585,2.0,11,6,-0.9749080129571729,0.0,0.027825170647449445,0.10674081586669204,1298.0,1.0,2026-03-30,BaDa Group (HongKong) Corporation L,
sku_customer,sku_customer::2018356|Integral Memory Plc,2018356,교체형,lumpy,6450.0,sba,{'alpha': 0.05},0.019673251969626385,0.1088735063062705,2.0,11,6,0.013652508966809498,0.0,0.0,0.0,0.0,0.0,,Integral Memory Plc,
sku_customer,sku_customer::2014107|Skyrich View (HK) Limited,2014107,교체형,intermittent,6425.0,tsb,"{'alpha': 0.1, 'beta': 0.2}",3.1355659553622377e-12,1.7981674677915773e-11,2.0,11,6,,0.0,1.0033033380470143e-13,4.014566457044566e-13,3212.5,1.0,2024-01-01,Skyrich View (HK) Limited,
sku_customer,"sku_customer::1008405|XINRONGDA CO., Limited",1008405,교체형,intermittent,6409.0,tsb,"{'alpha': 0.1, 'beta': 0.2}",2.462482715603579e-13,1.5776561602774996e-12,2.0,11,6,,0.0,6.597333422647629e-15,2.6201263381153694e-14,3204.5,1.0,2023-09-25,"XINRONGDA CO., Limited",
sku_customer,sku_customer::2019613|LUCKY GRADE LIMITED,2019613,교체형,intermittent,6383.0,sba,{'alpha': 0.05},0.06783523232735532,0.33021833383921434,2.0,11,6,-0.7802437552748146,0.0,0.019226182116888386,0.07471514288789816,1595.75,1.0,2026-03-23,LUCKY GRADE LIMITED,
sku_customer,"sku_customer::1008683|XINRONGDA CO., Limited",1008683,교체형,intermittent,6377.0,tsb,"{'alpha': 0.1, 'beta': 0.2}",3.1960905796356104e-14,1.8376798302359992e-13,2.0,11,6,,0.0,1.1682480753839885e-15,4.884981308350689e-15,3188.5,1.0,2023-07-31,"XINRONGDA CO., Limited",
sku_customer,sku_customer::2017689|DORACOOL company limited,2017689,교체형,intermittent,6332.0,tsb,"{'alpha': 0.1, 'beta': 0.2}",0.016336142238623647,0.032286281085549935,2.0,11,6,-0.5847631037275748,0.0,0.0,0.0,0.0,0.0,,DORACOOL company limited,
sku_customer,sku_customer::2019270|SEORIN C&I,2019270,교체형,intermittent,6330.0,tsb,"{'alpha': 0.2, 'beta': 0.05}",0.604084402375629,1.3136532733033195,0.5378483690182491,10,6,,0.0,0.0,0.0,0.0,0.0,,SEORIN C&I,
sku_customer,sku_customer::1009651|EVERBOND ELECTRONICS LIMITED,1009651,교체형,intermittent,6315.0,sba,{'alpha': 0.05},0.03473670116549008,0.19016254853069894,2.0,11,6,0.01365250896680958,0.0,0.005417547546999161,0.021494726414252985,2105.0,1.0,2026-02-09,EVERBOND ELECTRONICS LIMITED,
sku_customer,sku_customer::2019310|PINE INFO CO LTD,2019310,교체형,lumpy,6300.0,tsb,"{'alpha': 0.2, 'beta': 0.05}",0.3868635578654707,2.1694507578716,1.2257421663112231,11,6,0.07314564356382272,0.0,0.0,0.0,0.0,0.0,,PINE INFO CO LTD,
sku_customer,sku_customer::2017477|UNISPLENDOUR DIGITAL（HONG KONG）,2017477,교체형,lumpy,6265.0,tsb,"{'alpha': 0.1, 'beta': 0.2}",5.878075220768577e-11,1.9383800793078162e-10,2.0,11,6,,0.0,6.9791781605458794e-12,2.7916779998804486e-11,626.5,1.0,2024-05-06,UNISPLENDOUR DIGITAL（HONG KONG）,
sku_customer,"sku_customer::1008736|XINRONGDA CO., Limited",1008736,교체형,intermittent,6241.0,tsb,"{'alpha': 0.1, 'beta': 0.2}",2.4038930489138856e-06,1.547574383528667e-05,2.0,11,6,,0.0,6.427752257341294e-08,2.5711006534923087e-07,3120.5,1.0,2025-02-24,"XINRONGDA CO., Limited",
sku_customer,sku_customer::1009772|Eternal International (HK) Ltd.,1009772,교체형,lumpy,6192.0,sba,{'alpha': 0.3},0.05564946231726133,0.42949645898035643,2.0,11,6,-0.7206209715613643,0.0,0.027599124237259142,0.10590973709120555,3096.0,1.0,2026-04-06,Eternal International (HK) Ltd.,
sku_customer,sku_customer::1009640|Eternal International (HK) Ltd.,1009640,교체형,intermittent,6180.0,sba,{'alpha': 0.05},0.05004754651450207,0.3061107252196524,2.0,11,6,0.0136525089668096,0.0,0.0023707467199453854,0.009449317506690424,3090.0,1.0,2026-01-19,Eternal International (HK) Ltd.,
sku_customer,sku_customer::2017737|Ringson Limited,2017737,교체형,lumpy,6175.0,tsb,"{'alpha': 0.1, 'beta': 0.2}",0.0008079525352659131,0.006443607862919985,2.0,11,6,-0.5847631037275748,0.0,2.1274549678913074e-05,8.509548311541604e-05,3087.5,1.0,2025-08-25,Ringson Limited,
sku_customer,sku_customer::2019215|PATRIOT MEMORY INC.,2019215,교체형,lumpy,6135.0,tsb,"{'alpha': 0.1, 'beta': 0.2}",0.00019118749987142195,0.001510037990381634,2.0,11,6,,0.0,5.029620869101664e-06,2.0118331694463087e-05,3067.5,1.0,2025-06-30,PATRIOT MEMORY INC.,
sku_customer,sku_customer::2018801|PINE INFO CO LTD,2018801,교체형,intermittent,6120.0,tsb,"{'alpha': 0.1, 'beta': 0.2}",5.16185565932293e-06,2.7012798822838797e-05,2.0,11,6,,0.0,0.0,0.0,0.0,0.0,,PINE INFO CO LTD,
sku_customer,sku_customer::1008622|Mei Tong Development Investment Ltd,1008622,교체형,lumpy,6096.0,tsb,"{'alpha': 0.1, 'beta': 0.2}",0.06341199756427808,0.47177171256976486,2.0,11,6,-0.3118396338135125,0.0,0.0018446744073723597,0.007358305784301855,2032.0,1.0,2026-01-12,Mei Tong Development Investment Ltd,
sku_customer,"sku_customer::2016098|XINRONGDA CO., Limited",2016098,교체형,lumpy,6093.0,tsb,"{'alpha': 0.1, 'beta': 0.2}",1.1930634709258493e-12,9.191555604968484e-12,2.0,11,6,,0.0,1.9319566166934476e-13,7.72715225139109e-13,3046.5,1.0,2024-01-22,"XINRONGDA CO., Limited",
sku_customer,sku_customer::2017486|PINE INFORMATION CO LTD,2017486,교체형,intermittent,6080.0,tsb,"{'alpha': 0.1, 'beta': 0.2}",1.743871420141641e-12,1.0259976571155207e-11,2.0,11,6,,0.0,0.0,0.0,0.0,0.0,,PINE INFORMATION CO LTD,
sku_customer,sku_customer::2017828|Evetech Pty Ltd,2017828,교체형,intermittent,6080.0,tsb,"{'alpha': 0.1, 'beta': 0.2}",3.486765721588957e-12,1.8797363258807102e-11,2.0,11,6,,0.0,2.512917327444321e-13,1.0049738818906917e-12,1216.0,1.0,2024-01-22,Evetech Pty Ltd,
sku_customer,"sku_customer::1009118|Hosin Global (HK) Electronics Co.,",1009118,교체형,lumpy,6064.0,tsb,"{'alpha': 0.1, 'beta': 0.1}",15.196470159964237,108.64161091054211,1.9399520877681302,11,6,1.0088321644510412,0.0,0.09291511627776,0.32299524577300953,3032.0,1.0,2026-05-11,"Hosin Global (HK) Electronics Co.,",
sku_customer,sku_customer::2016876|DORACOOL company limited,2016876,교체형,intermittent,6056.0,tsb,"{'alpha': 0.1, 'beta': 0.2}",0.015862233928041588,0.0300877926356779,2.0,11,6,-0.5847631037275748,0.0,0.0,0.0,0.0,0.0,,DORACOOL company limited,
sku_customer,sku_customer::2017628|Archisite,2017628,교체형,lumpy,6034.0,sba,{'alpha': 0.3},0.049250110210502254,0.2289084804333313,2.0,11,6,0.013652508966809437,0.0,0.0,0.0,0.0,0.0,,Archisite,
sku_customer,sku_customer::2018060|PINE INFO CO LTD,2018060,교체형,intermittent,6000.0,tsb,"{'alpha': 0.1, 'beta': 0.2}",3.933983896640183e-06,1.724674431858222e-05,2.0,11,6,,0.0,0.0,0.0,0.0,0.0,,PINE INFO CO LTD,
sku_customer,sku_customer::2019071|Wilk Elektronik S.A.,2019071,교체형,intermittent,6000.0,sba,{'alpha': 0.05},0.04363186369045359,0.21741484649638562,2.0,11,6,-0.9555443605432137,0.0,0.0,0.0,0.0,0.0,,Wilk Elektronik S.A.,
sku_customer,"sku_customer::2020340|Private Label PC, LLC.",2020340,교체형,intermittent,6000.0,tsb,"{'alpha': 0.1, 'beta': 0.1}",306.18871564037585,135.26078167507086,1.5477582437438737,10,6,,0.0,0.0,0.0,0.0,0.0,,"Private Label PC, LLC.",
sku_customer,sku_customer::1007781|MF WAREHOUSING & LOGISTICS,1007781,교체형,intermittent,5902.0,croston,{'alpha': 0.1},0.7864016124605583,3.032690737171175,1.9787520470758044,11,6,-0.4664907528886274,0.0,0.03415889490980732,0.12979266804524126,2951.0,1.0,2026-04-13,MF WAREHOUSING & LOGISTICS,
sku_customer,sku_customer::2016729|PINE INFORMATION CO LTD,2016729,교체형,intermittent,5900.0,tsb,"{'alpha': 0.1, 'beta': 0.2}",1.4996450307482917e-12,5.003047555387865e-12,2.0,11,6,,0.0,0.0,0.0,0.0,0.0,,PINE INFORMATION CO LTD,
sku_customer,sku_customer::2019312|Wilk Elektronik S.A.,2019312,교체형,intermittent,5900.0,tsb,"{'alpha': 0.1, 'beta': 0.2}",0.016162552348497627,0.06699397675624752,2.0,11,6,-0.530734527992573,0.0,0.0,0.0,0.0,0.0,,Wilk Elektronik S.A.,
sku_customer,sku_customer::2019979|LUCKY GRADE LIMITED,2019979,교체형,intermittent,5868.0,sba,{'alpha': 0.05},0.008540341801570166,0.04186611605619045,2.0,11,6,-0.9874569099029001,0.0,0.02391499948101814,0.0922828181770694,1467.0,1.0,2026-03-23,LUCKY GRADE LIMITED,
sku_customer,"sku_customer::1008898|XINRONGDA CO., Limited",1008898,교체형,lumpy,5861.0,tsb,"{'alpha': 0.1, 'beta': 0.2}",7.389793610959123e-09,4.28192259534215e-08,2.0,11,6,,0.0,2.429644190558438e-10,9.718577054229627e-10,1953.6666666666667,1.0,2024-09-02,"XINRONGDA CO., Limited",
sku_customer,"sku_customer::2018606|Hosin Global Electronics Co., Ltd",2018606,교체형,intermittent,5783.0,tsb,"{'alpha': 0.1, 'beta': 0.2}",1.4608491371713336e-05,8.362856424620882e-05,2.0,11,6,,0.0,4.999673148614746e-07,1.9998677597277137e-06,2891.5,1.0,2025-04-28,"Hosin Global Electronics Co., Ltd",
sku_customer,sku_customer::1009646|Edal Tech International Limited,1009646,교체형,intermittent,5777.0,tsb,"{'alpha': 0.1, 'beta': 0.1}",2.092415415930031,13.97424175922481,1.854540456814977,10,6,,0.0,0.18147483648,0.551122185683183,2888.5,1.0,2026-06-01,Edal Tech International Limited,
sku_customer,sku_customer::1008736|MF WAREHOUSING & LOGISTICS,1008736,교체형,lumpy,5772.0,tsb,"{'alpha': 0.1, 'beta': 0.2}",5.210457329936575e-06,3.318286232025734e-05,2.0,11,6,,0.0,5.118167394769879e-07,2.0472653859959777e-06,1924.0,1.0,2025-04-28,MF WAREHOUSING & LOGISTICS,
sku_customer,sku_customer::1005592|MF WAREHOUSING & LOGISTICS,1005592,교체형,intermittent,5730.0,tsb,"{'alpha': 0.2, 'beta': 0.05}",0.3968581299875912,3.15098050887473,1.7161857758420698,10,6,,0.0,0.1636028797018964,0.510615606545537,2865.0,1.0,2026-06-01,MF WAREHOUSING & LOGISTICS,
sku_customer,sku_customer::1008873|MF WAREHOUSING & LOGISTICS,1008873,교체형,lumpy,5720.0,tsb,"{'alpha': 0.1, 'beta': 0.2}",0.03819632592956063,0.2675377949211833,2.0,11,6,-0.36350587738853907,0.0,0.0036028797019096474,0.014333821258469936,2860.0,1.0,2026-02-02,MF WAREHOUSING & LOGISTICS,
sku_channel,sku_channel::1008094|TAIUN,1008094,교체형,lumpy,141563917.0,sba,{'alpha': 0.3},0.06275867045085973,0.114545959908255,0.9663925253216875,11,6,-0.44483477531567306,0.0,0.20018828118115933,0.5907854637531272,2081822.3088235294,1.0,2026-05-11,,TAIUN
sku_channel,sku_channel::1007754|TAIUN,1007754,교체형,lumpy,83982076.0,tsb,"{'alpha': 0.1, 'beta': 0.2}",0.03927049292870594,0.06094766463838764,2.0,11,6,-0.5847631037275749,0.0,0.00994916452498639,0.03920667236028463,1166417.7222222222,1.0,2026-02-09,,TAIUN
sku_channel,sku_channel::1009218|TAIUN,1009218,교체형,lumpy,34877645.0,tsb,"{'alpha': 0.1, 'beta': 0.2}",0.0005581806195984877,0.0023617715896764543,2.0,11,6,-0.5847631037275748,0.0,7.761376110158503e-05,0.0003104189029010662,2682895.769230769,1.0,2025-09-29,,TAIUN
sku_channel,sku_channel::1008095|TAIUN_AIR,1008095,교체형,lumpy,34423355.0,tsb,"{'alpha': 0.1, 'beta': 0.2}",0.1743695352830828,0.352733321718432,2.0,11,6,-0.2543081557083003,0.0,0.024737383262710615,0.09533808079073658,819603.6904761905,1.0,2026-03-16,,TAIUN_AIR
sku_channel,sku_channel::1009185|TAIUN,1009185,교체형,lumpy,27750062.0,croston,{'alpha': 0.1},0.17586373797954305,0.5001139606803248,1.4458151037078257,11,6,4.637116937557005,0.0,0.2896458086223514,0.7453757344724261,1541670.111111111,1.0,2026-06-01,,TAIUN
sku_channel,sku_channel::1005732|TAIUN,1005732,교체형,lumpy,25778970.0,tsb,"{'alpha': 0.1, 'beta': 0.2}",0.0003600155082303339,0.0013486108713370336,2.0,11,6,,0.0,2.1306778612719874e-05,8.522439061653397e-05,2577897.0,1.0,2025-08-25,,TAIUN
sku_channel,sku_channel::1008053|TAIUN,1008053,교체형,lumpy,24248431.0,sba,{'alpha': 0.3},0.22983881645896678,0.44754604289343997,0.559779751033257,11,6,-0.5986888071612971,0.0,0.6603033643139055,0.9866842699299924,278717.5977011494,1.0,2026-06-01,,TAIUN
sku_channel,sku_channel::1007570|TAIUN,1007570,교체형,lumpy,19917903.0,tsb,"{'alpha': 0.1, 'beta': 0.2}",3.6850605020998864e-05,0.00013389063261850758,2.0,11,6,,0.0,2.1414222104028527e-05,8.565413704186842e-05,686824.2413793104,1.0,2025-08-25,,TAIUN
sku_channel,sku_channel::1009437|TAIUN,1009437,교체형,lumpy,17999780.0,sba,{'alpha': 0.05},0.02308038945577581,0.08044505067599601,2.0,11,6,0.01365250896680969,0.0,0.011927504697561868,0.04686319382434556,1799978.0,1.0,2026-02-09,,TAIUN
sku_channel,sku_channel::1008279|TAIUN,1008279,교체형,lumpy,17495641.0,tsb,"{'alpha': 0.1, 'beta': 0.2}",0.006121838599843762,0.010205203834661001,2.0,11,6,-0.5847631037275748,0.0,0.0017811455736691053,0.007105570009875994,364492.5208333333,1.0,2025-12-22,,TAIUN
sku_channel,sku_channel::1009110|TAIUN,1009110,교체형,lumpy,15104945.0,sba,{'alpha': 0.3},0.061293496263768184,0.26570067627049737,2.0,11,6,0.013652508966809479,0.0,0.003603773907663104,0.014337359555253615,1888118.125,1.0,2026-02-02,,TAIUN
sku_channel,sku_channel::1007583|TAIUN_AIR,1007583,교체형,lumpy,14487603.0,sba,{'alpha': 0.3},0.036875942919447735,0.10676718317385929,1.8183742982169788,11,6,-0.14697198234311096,0.0,0.048986503951920626,0.18201239919760914,362190.075,1.0,2026-04-13,,TAIUN_AIR
sku_channel,sku_channel::1007506|TAIUN,1007506,교체형,lumpy,13973000.0,sba,{'alpha': 0.2},0.02143557618872354,0.0504295105129323,0.4810194397149854,11,6,-0.22182023248628793,0.0,0.3307037669612291,0.7993341251756296,481827.5862068966,1.0,2026-06-01,,TAIUN
sku_channel,sku_channel::2012591|TAIUN_AIR,2012591,교체형,lumpy,13876644.0,tsb,"{'alpha': 0.1, 'beta': 0.2}",1.6159504586712788e-06,4.837226082038029e-06,2.0,11,6,,0.0,3.094890196505872e-07,1.2379555038855017e-06,513949.77777777775,1.0,2025-04-07,,TAIUN_AIR
sku_channel,sku_channel::2019229|TAIUN,2019229,교체형,lumpy,13324330.0,tsb,"{'alpha': 0.2, 'beta': 0.05}",1.0906939222028424,5.81501989449155,1.8381339728030417,11,6,-0.8376018177774279,0.0,0.0739373404033009,0.26453587663557,2220721.6666666665,1.0,2026-04-27,,TAIUN
sku_channel,sku_channel::1008551|TAIUN,1008551,교체형,lumpy,12991420.0,sba,{'alpha': 0.3},0.6767380187148724,2.2563599427475087,1.2901619904836064,11,6,-0.09037876610138096,0.0,0.2833363056429332,0.7362080028015283,333113.3333333333,1.0,2026-05-18,,TAIUN
sku_channel,sku_channel::1009592|TAIUN,1009592,교체형,lumpy,12741822.0,tsb,"{'alpha': 0.1, 'beta': 0.2}",1.069220233004937,4.478217259224618,0.4787969675209016,11,6,-0.385492434820008,0.0,0.6220795002442691,0.9796013324074588,796363.875,1.0,2026-06-01,,TAIUN
sku_channel,sku_channel::2012591|TAIUN,2012591,교체형,lumpy,12709734.0,tsb,"{'alpha': 0.1, 'beta': 0.2}",5.96484575243832e-08,1.9509604418297764e-07,2.0,11,6,,0.0,1.0856169026161674e-08,4.3424675633119136e-08,488835.92307692306,1.0,2024-12-09,,TAIUN
sku_channel,sku_channel::1008053|TAIUN_AIR,1008053,교체형,lumpy,11900787.0,tsb,"{'alpha': 0.2, 'beta': 0.05}",0.06350823061501247,0.0810035860386615,0.21551215517943115,11,6,-0.27429152247613225,0.0,0.2751784417694386,0.7239902599911332,224543.15094339623,1.0,2026-05-18,,TAIUN_AIR
sku_channel,sku_channel::2019863|TAIUN,2019863,교체형,lumpy,11607851.0,tsb,"{'alpha': 0.2, 'beta': 0.05}",1.0952702425468988,7.294985074374966,1.885877684737169,11,6,-0.9988755890944453,0.0,0.07396854019073171,0.26463498511156935,3869283.6666666665,1.0,2026-04-27,,TAIUN
sku_channel,sku_channel::1007368|TAIUN,1007368,교체형,lumpy,11245345.0,tsb,"{'alpha': 0.1, 'beta': 0.2}",9.939019828521477e-08,2.8600032520192784e-07,2.0,11,6,,0.0,2.1457858564025496e-08,8.583143162876894e-08,432513.26923076925,1.0,2025-01-20,,TAIUN
sku_channel,sku_channel::1006352|TAIUN,1006352,교체형,lumpy,9878619.0,tsb,"{'alpha': 0.1, 'beta': 0.2}",0.0006007676391190114,0.0032480118451975234,2.0,11,6,-0.5847631037275749,0.0,2.1268559317898332e-05,8.507152320058609e-05,1975723.8,1.0,2025-08-25,,TAIUN
sku_channel,sku_channel::1007125|TAIUN,1007125,교체형,lumpy,9426289.0,tsb,"{'alpha': 0.1, 'beta': 0.2}",1.9385951292678694e-07,6.909641571624441e-07,2.0,11,6,,0.0,2.7842484852114458e-08,1.1136993482985247e-07,523682.72222222225,1.0,2025-01-20,,TAIUN
sku_channel,sku_channel::1004987|TAIUN,1004987,교체형,lumpy,9352968.0,tsb,"{'alpha': 0.1, 'beta': 0.2}",2.9037461939758953e-05,0.00013324662775799503,2.0,11,6,,0.0,1.4793987313476125e-06,5.917581793468685e-06,1870593.6,1.0,2025-06-02,,TAIUN
sku_channel,sku_channel::1007490|TAIUN,1007490,교체형,lumpy,9231326.0,tsb,"{'alpha': 0.1, 'beta': 0.2}",4.991517588442659e-11,3.5689377083785423e-10,2.0,11,6,,0.0,1.0688745666850379e-11,4.275513276752463e-11,1846265.2,1.0,2024-05-27,,TAIUN
sku_channel,sku_channel::1009229|TAIUN,1009229,교체형,lumpy,9228005.0,tsb,"{'alpha': 0.1, 'beta': 0.2}",4.8075543794643534e-05,0.00022766830407797647,2.0,11,6,,0.0,4.2822432972123114e-06,1.7128863163407004e-05,1538000.8333333333,1.0,2025-06-02,,TAIUN
sku_channel,sku_channel::1009493|TAIUN,1009493,교체형,intermittent,9095400.0,sba,{'alpha': 0.05},0.05447429542367557,0.2516699262443477,2.0,11,6,0.013652508966809473,0.0,0.0038031598986577085,0.015126075270137096,2273850.0,1.0,2026-02-02,,TAIUN
sku_channel,sku_channel::1007583|TAIUN,1007583,교체형,lumpy,8733439.0,tsb,"{'alpha': 0.1, 'beta': 0.2}",0.028376430690531654,0.05530231520948258,2.0,11,6,-0.5847631037275748,0.0,0.005241806009120824,0.020802940206665288,171243.9019607843,1.0,2026-02-02,,TAIUN
sku_channel,sku_channel::1007641|TAIUN_AIR,1007641,교체형,lumpy,6850499.0,tsb,"{'alpha': 0.1, 'beta': 0.2}",2.3159634647051235e-06,5.7481459954310705e-06,2.0,11,6,,0.0,2.8475750330172786e-07,1.1390295269197992e-06,253722.1851851852,1.0,2025-04-07,,TAIUN_AIR
sku_channel,sku_channel::1008759|TAIUN,1008759,교체형,lumpy,6558480.0,sba,{'alpha': 0.05},0.12822982175253608,0.5496562240202864,1.5706009643897267,11,6,,0.0,0.16000107840768402,0.5021311967012682,409905.0,1.0,2026-06-01,,TAIUN
sku_channel,sku_channel::1002663|TAIUN,1002663,교체형,intermittent,6523697.0,tsb,"{'alpha': 0.1, 'beta': 0.2}",1.9001351968440085e-07,5.413900380367516e-07,2.0,11,6,,0.0,1.6851184874156632e-08,6.740473790234347e-08,652369.7,1.0,2025-01-13,,TAIUN
sku_channel,sku_channel::1009226|TAIUN,1009226,교체형,intermittent,5920358.0,tsb,"{'alpha': 0.1, 'beta': 0.2}",7.192579317329141e-06,3.632212148683705e-05,2.0,11,6,,0.0,3.2261442570886076e-07,1.2904570784177949e-06,1480089.5,1.0,2025-03-24,,TAIUN
sku_channel,sku_channel::2017143|TAIUN_AIR,2017143,교체형,lumpy,5433442.0,tsb,"{'alpha': 0.1, 'beta': 0.2}",5.731766688518348e-10,2.4312514197584074e-09,2.0,11,6,,0.0,4.660888459212233e-11,1.864357557224139e-10,452786.8333333333,1.0,2024-06-17,,TAIUN_AIR
sku_channel,sku_channel::1002653|TAIUN,1002653,교체형,intermittent,5216541.0,tsb,"{'alpha': 0.1, 'beta': 0.2}",1.6424114169855836e-11,4.463689362794227e-11,2.0,11,6,,0.0,1.2182071874686775e-12,4.872990899684737e-12,579615.6666666666,1.0,2024-03-04,,TAIUN
sku_channel,sku_channel::2018626|TAIUN,2018626,교체형,intermittent,5131138.0,tsb,"{'alpha': 0.2, 'beta': 0.05}",0.38722002347393825,1.2419281084608886,0.6670565727526165,11,6,-0.08547159717930013,0.0,0.3379732194391566,0.8079111165376602,366509.85714285716,1.0,2026-06-01,,TAIUN
sku_channel,sku_channel::1006925|TAIUN,1006925,교체형,lumpy,4445789.0,tsb,"{'alpha': 0.1, 'beta': 0.2}",4.609215380133561e-07,2.1265880036228584e-06,2.0,11,6,,0.0,6.805953312441296e-08,2.7223810472598586e-07,740964.8333333334,1.0,2025-02-24,,TAIUN
sku_channel,sku_channel::1007126|TAIUN,1007126,교체형,lumpy,4161685.0,sba,{'alpha': 0.05},0.05262538121133176,0.20959275229169586,1.987769137048696,11,6,-0.012587780189263934,0.0,0.1820970558477361,0.5524855263319373,416168.5,1.0,2026-06-01,,TAIUN
sku_channel,sku_channel::1009303|TAIUN,1009303,교체형,lumpy,3081654.0,tsb,"{'alpha': 0.2, 'beta': 0.05}",3.1279325197072767,11.483593762233197,1.4957383858325042,11,6,0.0823125020696797,0.0,0.1682135273222478,0.5213176519662956,181273.76470588235,1.0,2026-05-11,,TAIUN
sku_channel,sku_channel::1009131|TAIUN_AIR,1009131,교체형,intermittent,2978301.0,tsb,"{'alpha': 0.2, 'beta': 0.05}",1.8878384147138594,4.054597403239544,1.347256793076502,11,6,2.652619154067716,0.0,0.3061962153451824,0.7682889964079218,156752.68421052632,1.0,2026-05-25,,TAIUN_AIR
sku_channel,sku_channel::1008095|TAIUN,1008095,교체형,lumpy,2907022.0,tsb,"{'alpha': 0.1, 'beta': 0.2}",0.07685017144880715,0.1604730791862106,2.0,11,6,-0.4484160410268361,0.0,0.012302284854398708,0.04830848685296407,93774.90322580645,1.0,2026-02-23,,TAIUN
sku_channel,sku_channel::2017143|TAIUN,2017143,교체형,lumpy,2746025.0,tsb,"{'alpha': 0.1, 'beta': 0.2}",1.0729695140754785e-08,3.989344255022907e-08,2.0,11,6,,0.0,1.870027428821799e-09,7.480109864843598e-09,196144.64285714287,1.0,2024-11-04,,TAIUN
sku_channel,sku_channel::1008537|TAIUN_AIR,1008537,교체형,intermittent,2586005.0,tsb,"{'alpha': 0.1, 'beta': 0.2}",1.2079976325026461e-05,2.5845460071306428e-05,2.0,11,6,,0.0,1.3669469078181235e-06,5.467776419854076e-06,107750.20833333333,1.0,2025-05-19,,TAIUN_AIR
sku_channel,sku_channel::1007754|CUSTOMER_PICK_UP,1007754,교체형,intermittent,2502394.0,sba,{'alpha': 0.3},0.06208019333433279,0.40341685500078334,2.0,11,6,0.013652508966809593,0.0,0.0036677834126280875,0.014590615023975628,1251197.0,1.0,2026-02-02,,CUSTOMER_PICK_UP
sku_channel,sku_channel::1009222|TAIUN,1009222,교체형,lumpy,2386627.0,tsb,"{'alpha': 0.1, 'beta': 0.2}",2.747597677844568e-05,0.00022097316419756905,2.0,11,6,,0.0,7.241041430654838e-07,2.896413426434208e-06,1193313.5,1.0,2025-04-28,,TAIUN
sku_channel,sku_channel::1008924|TAIUN_AIR,1008924,교체형,lumpy,2308136.0,tsb,"{'alpha': 0.1, 'beta': 0.2}",0.0007026926611852152,0.0013981092345963942,2.0,11,6,-0.5847631037275749,0.0,8.518053944440642e-05,0.00034067862590392295,72129.25,1.0,2025-09-08,,TAIUN_AIR
sku_channel,sku_channel::1007754|TAIUN_AIR,1007754,교체형,lumpy,2254759.0,tsb,"{'alpha': 0.1, 'beta': 0.2}",0.02297022588785237,0.130924089046024,2.0,11,6,-0.5847631037275749,0.0,0.0036029600539100514,0.01433413920495119,375793.1666666667,1.0,2026-02-02,,TAIUN_AIR
sku_channel,sku_channel::2015843|TAIUN,2015843,교체형,lumpy,2225973.0,tsb,"{'alpha': 0.2, 'beta': 0.05}",0.04612739048708046,0.13711143460089278,0.07919510489406603,11,6,-0.7174781316417439,0.0,0.21749707093775877,0.6250754425772622,185497.75,1.0,2026-05-18,,TAIUN
sku_channel,sku_channel::1009130|TAIUN,1009130,교체형,lumpy,2156980.0,tsb,"{'alpha': 0.1, 'beta': 0.2}",0.0022893725839634596,0.009588872504391147,2.0,11,6,-0.5847631037275748,0.0,0.00020690118095137615,0.0008273479106396531,308140.0,1.0,2025-11-03,,TAIUN
sku_channel,sku_channel::1008551|TAIUN_AIR,1008551,교체형,lumpy,2136634.0,tsb,"{'alpha': 0.1, 'beta': 0.2}",0.057714963997849436,0.12889080383430665,2.0,11,6,-0.5659395131524675,0.0,0.010227704457495875,0.04028745077125451,68923.67741935483,1.0,2026-03-02,,TAIUN_AIR
sku_channel,sku_channel::1009129|TAIUN,1009129,교체형,lumpy,1873411.0,tsb,"{'alpha': 0.1, 'beta': 0.2}",0.0012911633132002272,0.005806772048804497,2.0,11,6,-0.5847631037275748,0.0,0.00019902580560618777,0.0007958655863299358,267630.14285714284,1.0,2025-11-03,,TAIUN
sku_channel,sku_channel::2018035|TAIUN,2018035,교체형,lumpy,1767685.0,tsb,"{'alpha': 0.2, 'beta': 0.05}",0.19905395997284553,0.5730944451365246,0.5331972250519453,11,6,1.5756486088189274,0.0,0.24405387536502374,0.6734397048839127,176768.5,1.0,2026-06-01,,TAIUN
sku_channel,sku_channel::2014722|TAIUN_AIR,2014722,교체형,lumpy,1697978.0,tsb,"{'alpha': 0.1, 'beta': 0.2}",2.957582882752188e-06,9.1387384190679e-06,2.0,11,6,,0.0,3.826865098959369e-07,1.5307451609603007e-06,154361.63636363635,1.0,2025-04-07,,TAIUN_AIR
sku_channel,sku_channel::1009490|TAIUN,1009490,교체형,intermittent,1672945.0,tsb,"{'alpha': 0.1, 'beta': 0.2}",0.0007506444331935689,0.003666872660262116,2.0,11,6,-0.5847631037275748,0.0,4.659715497864158e-05,0.000186375592550303,557648.3333333334,1.0,2025-09-15,,TAIUN
sku_channel,sku_channel::1007641|TAIUN,1007641,교체형,intermittent,1672100.0,tsb,"{'alpha': 0.1, 'beta': 0.2}",6.949230278968787e-08,2.1056259371691578e-07,2.0,11,6,,0.0,7.546554488825028e-09,3.018621763661855e-08,152009.0909090909,1.0,2024-12-02,,TAIUN
sku_channel,sku_channel::1006395|TAIUN,1006395,교체형,intermittent,1636045.0,tsb,"{'alpha': 0.1, 'beta': 0.2}",5.372513596231847e-08,3.0769930937792065e-07,2.0,11,6,,0.0,1.7507763981046915e-09,7.003105650937869e-09,818022.5,1.0,2024-10-21,,TAIUN
sku_channel,sku_channel::1007983|TAIUN,1007983,교체형,lumpy,1560275.0,tsb,"{'alpha': 0.1, 'beta': 0.2}",4.759582954621659e-06,1.2877270835325816e-05,2.0,11,6,,0.0,3.819406771134261e-07,1.5277618330422627e-06,104018.33333333333,1.0,2025-03-31,,TAIUN
sku_channel,sku_channel::1007727|TAIUN,1007727,교체형,lumpy,1516520.0,tsb,"{'alpha': 0.1, 'beta': 0.2}",5.846258560852923e-09,2.6141543862890618e-08,2.0,11,6,,0.0,2.692028543387172e-10,1.0768115288328772e-09,216645.7142857143,1.0,2024-09-02,,TAIUN
sku_channel,sku_channel::2017754|TAIUN,2017754,교체형,lumpy,1515712.0,tsb,"{'alpha': 0.1, 'beta': 0.2}",0.0004294620098124902,0.0013913741201025695,2.0,11,6,-0.5847631037275748,0.0,6.491546386224771e-05,0.0002596365724384375,84206.22222222222,1.0,2025-09-29,,TAIUN
sku_channel,sku_channel::1007914|TAIUN_AIR,1007914,교체형,lumpy,1514992.0,tsb,"{'alpha': 0.1, 'beta': 0.2}",7.336081084044935e-06,1.8491511352120403e-05,2.0,11,6,,0.0,1.3530404885227971e-06,5.412150969830165e-06,63124.666666666664,1.0,2025-05-19,,TAIUN_AIR
sku_channel,sku_channel::2016351|TAIUN,2016351,교체형,lumpy,1502008.0,tsb,"{'alpha': 0.1, 'beta': 0.2}",2.947283206265038e-05,7.94076756302546e-05,2.0,11,6,,0.0,3.5725906871386416e-06,1.4290286168394672e-05,100133.86666666667,1.0,2025-06-30,,TAIUN
sku_channel,sku_channel::1008354|TAIUN,1008354,교체형,lumpy,1450814.0,tsb,"{'alpha': 0.1, 'beta': 0.2}",3.2305709074439917e-09,1.0097537125614414e-08,2.0,11,6,,0.0,2.4751489518206927e-10,9.900595898670872e-10,111601.07692307692,1.0,2024-09-02,,TAIUN
sku_channel,sku_channel::2016864|TAIUN_AIR,2016864,교체형,lumpy,1418609.0,tsb,"{'alpha': 0.1, 'beta': 0.2}",1.0222478641643931e-06,2.4510852766512824e-06,2.0,11,6,,0.0,2.400018191181946e-07,9.600069307280634e-07,41723.794117647056,1.0,2025-03-17,,TAIUN_AIR
sku_channel,sku_channel::1008432|TAIUN,1008432,교체형,lumpy,1380723.0,tsb,"{'alpha': 0.1, 'beta': 0.2}",5.451486703433034e-10,1.369328282865403e-09,2.0,11,6,,0.0,6.001000001919153e-11,2.4003998788657555e-10,81219.0,1.0,2024-07-01,,TAIUN
sku_channel,sku_channel::1008409|TAIUN_AIR,1008409,교체형,lumpy,1329390.0,tsb,"{'alpha': 0.1, 'beta': 0.2}",2.6239410362527184e-11,1.611488251292681e-10,2.0,11,6,,0.0,9.061270876715324e-13,3.624656130796211e-12,166173.75,1.0,2024-02-19,,TAIUN_AIR
sku_channel,sku_channel::1009111|TAIUN,1009111,교체형,lumpy,1294780.0,tsb,"{'alpha': 0.1, 'beta': 0.2}",3.162215872246087e-05,0.00012972022547147658,2.0,11,6,,0.0,2.2310917060443433e-06,8.924336957649714e-06,161847.5,1.0,2025-06-02,,TAIUN
sku_channel,sku_channel::1009440|TAIUN_AIR,1009440,교체형,lumpy,1293099.0,tsb,"{'alpha': 0.1, 'beta': 0.2}",3.1416068236966934,9.773706073639637,1.4087164374293397,11,6,0.48950538310400565,0.0,0.6534781118544005,0.9855814134549461,71838.83333333333,1.0,2026-06-08,,TAIUN_AIR
sku_channel,sku_channel::1008409|TAIUN,1008409,교체형,lumpy,1264627.0,tsb,"{'alpha': 0.1, 'beta': 0.2}",2.483933475593695e-11,9.56943756973027e-11,2.0,11,6,,0.0,2.344500452528127e-12,9.377831844403772e-12,105385.58333333333,1.0,2024-04-01,,TAIUN
sku_channel,sku_channel::2016048|TAIUN_AIR,2016048,교체형,lumpy,1259051.0,tsb,"{'alpha': 0.1, 'beta': 0.2}",5.720145353456583e-06,2.1025194727697775e-05,2.0,11,6,,0.0,5.940155184626912e-07,2.3760599566768903e-06,104920.91666666667,1.0,2025-04-28,,TAIUN_AIR
sku_channel,sku_channel::1007506|TAIUN_AIR,1007506,교체형,lumpy,1243914.0,tsb,"{'alpha': 0.1, 'beta': 0.2}",2.027932626066931e-05,8.567414959776216e-05,2.0,11,6,,0.0,1.7122249619052107e-06,6.848882257437516e-06,138212.66666666666,1.0,2025-06-02,,TAIUN_AIR
sku_channel,sku_channel::1008968|TAIUN,1008968,교체형,lumpy,1241930.0,tsb,"{'alpha': 0.1, 'beta': 0.2}",7.265671830498154e-08,5.865312535380333e-07,2.0,11,6,,0.0,1.685055381866e-08,6.740221369927468e-08,620965.0,1.0,2025-01-13,,TAIUN
sku_channel,sku_channel::1007727|TAIUN_AIR,1007727,교체형,lumpy,1221286.0,tsb,"{'alpha': 0.1, 'beta': 0.2}",9.112497744631732e-06,4.365252626513664e-05,2.0,11,6,,0.0,3.8054878952110865e-07,1.522194289060863e-06,122128.6,1.0,2025-04-14,,TAIUN_AIR
sku_channel,sku_channel::1008433|TAIUN,1008433,교체형,lumpy,1203387.0,tsb,"{'alpha': 0.1, 'beta': 0.2}",2.2848915889913817e-11,7.398970365523919e-11,2.0,11,6,,0.0,2.4408619187146137e-12,9.763301278553627e-12,109398.81818181818,1.0,2024-03-18,,TAIUN
sku_channel,sku_channel::2016864|TAIUN,2016864,교체형,lumpy,1181217.0,tsb,"{'alpha': 0.1, 'beta': 0.2}",6.969379945342927e-07,1.7683330445156617e-06,2.0,11,6,,0.0,1.4510283426570543e-07,5.804112108709347e-07,49217.375,1.0,2025-03-10,,TAIUN
sku_channel,sku_channel::2016351|TAIUN_AIR,2016351,교체형,intermittent,1180092.0,tsb,"{'alpha': 0.1, 'beta': 0.2}",3.596244659853851e-09,9.511478018615061e-09,2.0,11,6,,0.0,4.4678295062014474e-10,1.7871317758988425e-09,90776.30769230769,1.0,2024-09-02,,TAIUN_AIR
sku_channel,sku_channel::2017822|TAIUN_AIR,2017822,교체형,lumpy,1150322.0,tsb,"{'alpha': 0.1, 'beta': 0.2}",1.7072147847288384e-06,6.067438940836797e-06,2.0,11,6,,0.0,2.480354723226884e-07,9.921415199398709e-07,115032.2,1.0,2025-04-07,,TAIUN_AIR
sku_channel,sku_channel::1008354|TAIUN_AIR,1008354,교체형,lumpy,1087008.0,tsb,"{'alpha': 0.1, 'beta': 0.2}",7.449389299040297e-07,2.807873218083639e-06,2.0,11,6,,0.0,8.034963173479863e-08,3.2139848815671e-07,108700.8,1.0,2025-03-03,,TAIUN_AIR
sku_channel,sku_channel::1008056|TAIUN,1008056,교체형,lumpy,1077276.0,sba,{'alpha': 0.3},0.04145232730814599,0.23698861895911802,0.9148738617918554,11,6,0.028585938101929824,0.0,0.0837646779546243,0.2952612991897988,153896.57142857142,1.0,2026-05-11,,TAIUN
sku_channel,sku_channel::1008094|TAIUN_AIR,1008094,교체형,lumpy,1010879.0,sba,{'alpha': 0.3},0.0963238857400718,0.4601614636632008,1.3005191993386125,11,6,-0.02118891446566081,0.0,0.05693324346462793,0.20901227429687286,144411.2857142857,1.0,2026-04-27,,TAIUN_AIR
sku_channel,sku_channel::1007570|TAIUN_AIR,1007570,교체형,intermittent,1002523.0,tsb,"{'alpha': 0.1, 'beta': 0.2}",1.467978283954213e-13,6.283747140228547e-13,2.0,11,6,,0.0,8.36686009476752e-15,3.3306690738754696e-14,250630.75,1.0,2023-10-02,,TAIUN_AIR
sku_channel,sku_channel::1009437|TAIUN_AIR,1009437,교체형,intermittent,1002221.0,tsb,"{'alpha': 0.1, 'beta': 0.2}",0.0040480183016677,0.02797119668117123,2.0,11,6,-0.5847631037275748,0.0,0.00010644208559996919,0.00042570036771805153,501110.5,1.0,2025-09-29,,TAIUN_AIR
sku_channel,sku_channel::1008969|TAIUN,1008969,교체형,lumpy,999608.0,tsb,"{'alpha': 0.1, 'beta': 0.2}",7.28243220506783e-08,5.877308625291696e-07,2.0,11,6,,0.0,1.685055381866e-08,6.740221369927468e-08,499804.0,1.0,2025-01-13,,TAIUN
sku_channel,sku_channel::1005732|TAIUN_AIR,1005732,교체형,intermittent,999504.0,tsb,"{'alpha': 0.1, 'beta': 0.2}",4.514836973541957e-07,1.8467934957861885e-06,2.0,11,6,,0.0,1.922370529938743e-08,7.689481895667427e-08,249876.0,1.0,2025-01-13,,TAIUN_AIR
sku_channel,sku_channel::1008434|TAIUN_AIR,1008434,교체형,intermittent,982956.0,tsb,"{'alpha': 0.1, 'beta': 0.2}",0.17127528521581775,0.23459022428611934,1.9752247643865954,11,6,1.171426515628262,0.0,0.2036566999286283,0.5978377313555298,54608.666666666664,1.0,2026-06-08,,TAIUN_AIR
sku_channel,sku_channel::1008815|TAIUN,1008815,교체형,lumpy,979491.0,sba,{'alpha': 0.3},0.6098451169044072,1.6481549826721673,1.7482277301002325,11,6,-0.38775736759648377,0.0,0.24695683935538548,0.6784270764897573,122436.375,1.0,2026-06-08,,TAIUN
sku_channel,sku_channel::2014723|TAIUN_AIR,2014723,교체형,intermittent,948579.0,tsb,"{'alpha': 0.1, 'beta': 0.2}",2.313236052448141e-06,5.0458668757638565e-06,2.0,11,6,,0.0,3.8853490927666644e-07,1.5541387312634214e-06,39524.125,1.0,2025-04-07,,TAIUN_AIR
sku_channel,sku_channel::2016908|TAIUN_AIR,2016908,교체형,lumpy,914659.0,tsb,"{'alpha': 0.1, 'beta': 0.2}",6.375985238660719e-06,1.568251966047835e-05,2.0,11,6,,0.0,1.0022328559738467e-06,4.008925396870033e-06,32666.39285714286,1.0,2025-04-14,,TAIUN_AIR
sku_channel,sku_channel::1009440|TAIUN,1009440,교체형,lumpy,887419.0,tsb,"{'alpha': 0.1, 'beta': 0.2}",1.6602499907433927,5.575876272455177,0.7671944039823106,11,6,0.20041779691197448,0.0,0.6234563258442136,0.979896974487282,63387.07142857143,1.0,2026-06-08,,TAIUN
sku_channel,sku_channel::2016637|TAIUN,2016637,교체형,lumpy,883177.0,tsb,"{'alpha': 0.1, 'beta': 0.2}",0.11640709233621953,0.485942206427251,0.33374069115908117,11,6,-0.42236996541415767,0.0,0.15809886338781776,0.49760607021404213,126168.14285714286,1.0,2026-05-18,,TAIUN
sku_channel,sku_channel::1009131|TAIUN,1009131,교체형,lumpy,882266.0,sba,{'alpha': 0.3},2.4038027745734856,7.08728208703597,0.9692228769666348,11,6,-0.18258896434971575,0.0,0.43306360549536904,0.8966911921991587,42012.666666666664,1.0,2026-05-25,,TAIUN
sku_channel,sku_channel::1008168|TAIUN_AIR,1008168,교체형,intermittent,849984.0,tsb,"{'alpha': 0.1, 'beta': 0.2}",1.6988656620426447e-11,5.302981596576695e-11,2.0,11,6,,0.0,1.2297565239229357e-12,4.919176177509144e-12,106248.0,1.0,2024-03-04,,TAIUN_AIR
sku_channel,sku_channel::1008815|TAIUN_AIR,1008815,교체형,lumpy,847480.0,tsb,"{'alpha': 0.1, 'beta': 0.2}",0.331168559024639,1.061882503241845,1.3030075274832222,11,6,1.4018553316814817,0.0,0.3053273567417864,0.7671261166424568,77043.63636363637,1.0,2026-06-08,,TAIUN_AIR
sku_channel,sku_channel::1008432|TAIUN_AIR,1008432,교체형,lumpy,841794.0,tsb,"{'alpha': 0.1, 'beta': 0.2}",0.006478484473107724,0.01864692134923476,2.0,11,6,-0.5847631037275749,0.0,0.0006044629272559325,0.0024156603397311738,56119.6,1.0,2025-12-08,,TAIUN_AIR
sku_channel,sku_channel::1006758|TAIUN,1006758,교체형,lumpy,827217.0,tsb,"{'alpha': 0.1, 'beta': 0.2}",9.102373973723866e-12,5.9407959993732e-11,2.0,11,6,,0.0,7.405168905394707e-13,2.9620750296999176e-12,275739.0,1.0,2024-03-04,,TAIUN
sku_channel,sku_channel::2016156|TAIUN,2016156,교체형,lumpy,807628.0,tsb,"{'alpha': 0.1, 'beta': 0.2}",5.621312236131905e-14,2.9916402533683887e-13,2.0,11,6,,0.0,9.618629568351186e-15,3.863576125695545e-14,134604.66666666666,1.0,2023-10-02,,TAIUN
sku_channel,sku_channel::2017835|TAIUN,2017835,교체형,lumpy,753633.0,tsb,"{'alpha': 0.1, 'beta': 0.2}",3.014961306129819e-07,9.142162058187611e-07,2.0,11,6,,0.0,3.3024318158368526e-08,1.3209726612561923e-07,44331.35294117647,1.0,2024-12-30,,TAIUN
sku_channel,sku_channel::1009239|TAIUN,1009239,교체형,lumpy,744804.0,tsb,"{'alpha': 0.1, 'beta': 0.2}",2.4065815760436515e-06,1.5217577344111775e-05,2.0,11,6,,0.0,4.849386087745144e-07,1.9397530243159267e-06,148960.8,1.0,2025-04-14,,TAIUN
sku_channel,sku_channel::2016871|TAIUN,2016871,교체형,lumpy,720375.0,tsb,"{'alpha': 0.1, 'beta': 0.2}",0.0009848155887160067,0.006451620198781316,2.0,11,6,-0.5847631037275748,0.0,2.6584559918655598e-05,0.00010633399931680998,180093.75,1.0,2025-09-01,,TAIUN
sku_channel,sku_channel::1009431|TAIUN,1009431,교체형,intermittent,704133.0,tsb,"{'alpha': 0.1, 'beta': 0.2}",1.4653318630402906e-05,7.38847654830371e-05,2.0,11,6,,0.0,1.1012896080611676e-06,4.4051511551845834e-06,234711.0,1.0,2025-05-05,,TAIUN
sku_channel,sku_channel::1007730|TAIUN,1007730,교체형,lumpy,703628.0,tsb,"{'alpha': 0.1, 'beta': 0.2}",4.085143442723713e-06,1.8227789560896322e-05,2.0,11,6,,0.0,4.355741444958842e-07,1.7422954398105261e-06,100518.28571428571,1.0,2025-04-14,,TAIUN
sku_channel,sku_channel::1006360|TAIUN,1006360,교체형,intermittent,698190.0,tsb,"{'alpha': 0.1, 'beta': 0.2}",8.040992563949998e-09,1.8692130690929584e-08,2.0,11,6,,0.0,1.1225430008109644e-09,4.490171789939268e-09,34909.5,1.0,2024-10-07,,TAIUN
sku_channel,sku_channel::1007368|TAIUN_AIR,1007368,교체형,lumpy,696219.0,tsb,"{'alpha': 0.1, 'beta': 0.2}",2.2201206151671575e-11,7.930429999250824e-11,2.0,11,6,,0.0,2.4066671862823763e-12,9.626521801919807e-12,87027.375,1.0,2024-04-01,,TAIUN_AIR
sku_channel,sku_channel::1008433|TAIUN_AIR,1008433,교체형,lumpy,683194.0,tsb,"{'alpha': 0.1, 'beta': 0.2}",4.907389903456742e-11,2.0028222628985377e-10,2.0,11,6,,0.0,2.7162000681409575e-12,1.0864642518981782e-11,75910.44444444444,1.0,2024-03-11,,TAIUN_AIR
sku_channel,sku_channel::1007870|TAIUN,1007870,교체형,lumpy,680408.0,tsb,"{'alpha': 0.1, 'beta': 0.2}",1.3388890917445368e-06,5.943330294237199e-06,2.0,11,6,,0.0,2.8150087064414617e-07,1.1260030069459859e-06,75600.88888888889,1.0,2025-03-31,,TAIUN
sku_channel,sku_channel::2014723|TAIUN,2014723,교체형,lumpy,662704.0,tsb,"{'alpha': 0.1, 'beta': 0.2}",3.0104434601544035e-09,9.572762793276808e-09,2.0,11,6,,0.0,2.8800591083814934e-10,1.1520238096807134e-09,60245.818181818184,1.0,2024-09-02,,TAIUN
sku_channel,sku_channel::2017140|TAIUN_AIR,2017140,교체형,lumpy,635373.0,tsb,"{'alpha': 0.1, 'beta': 0.2}",2.8347162349103588e-06,9.812590616935684e-06,2.0,11,6,,0.0,3.7609431936213774e-07,1.504376428762555e-06,63537.3,1.0,2025-04-07,,TAIUN_AIR
sku_channel,sku_channel::2016048|TAIUN,2016048,교체형,lumpy,632836.0,tsb,"{'alpha': 0.1, 'beta': 0.2}",8.32043083926338e-09,4.091619158881159e-08,2.0,11,6,,0.0,1.1691728930431584e-09,4.6766914785223435e-09,126567.2,1.0,2024-10-14,,TAIUN
sku_channel,sku_channel::1008760|TAIUN,1008760,교체형,lumpy,621791.0,tsb,"{'alpha': 0.1, 'beta': 0.2}",0.0002093113665596459,0.0012068369688652207,2.0,11,6,,0.0,2.188978718057219e-05,8.755627378742581e-05,103631.83333333333,1.0,2025-08-25,,TAIUN
sku_channel,sku_channel::1009228|TAIUN,1009228,교체형,intermittent,613554.0,tsb,"{'alpha': 0.1, 'beta': 0.2}",3.338205382166418e-07,2.0615634322004095e-06,2.0,11,6,,0.0,1.7897091003338154e-08,7.15883622381952e-08,306777.0,1.0,2025-01-06,,TAIUN
sku_channel,sku_channel::1007729|TAIUN_AIR,1007729,교체형,lumpy,606227.0,tsb,"{'alpha': 0.1, 'beta': 0.2}",2.1676376714516936e-06,9.722539748075105e-06,2.0,11,6,,0.0,3.46431518990723e-07,1.3857253560178862e-06,50518.916666666664,1.0,2025-04-07,,TAIUN_AIR
sku_channel,sku_channel::2014724|TAIUN_AIR,2014724,교체형,intermittent,597822.0,tsb,"{'alpha': 0.1, 'beta': 0.2}",5.093967588442993e-06,1.3738698466252214e-05,2.0,11,6,,0.0,5.387661521329549e-07,2.1550628669375627e-06,42701.57142857143,1.0,2025-04-28,,TAIUN_AIR
sku_channel,sku_channel::1008923|TAIUN,1008923,교체형,lumpy,594102.0,tsb,"{'alpha': 0.1, 'beta': 0.2}",0.0001386303166217958,0.0008291278713585486,2.0,11,6,,0.0,2.483802876893757e-05,9.934841357106539e-05,148525.5,1.0,2025-08-25,,TAIUN
sku_channel,sku_channel::1006218|TAIUN_AIR,1006218,교체형,lumpy,588818.0,tsb,"{'alpha': 0.1, 'beta': 0.2}",1.3712784149286231e-09,7.1259757505136545e-09,2.0,11,6,,0.0,1.2595527179547422e-10,5.038209849317354e-10,98136.33333333333,1.0,2024-08-12,,TAIUN_AIR
sku_channel,sku_channel::2014724|TAIUN,2014724,교체형,lumpy,578427.0,tsb,"{'alpha': 0.1, 'beta': 0.2}",7.32801933793767e-10,2.4610857879585194e-09,2.0,11,6,,0.0,7.255768449162114e-11,2.902309503838296e-10,64269.666666666664,1.0,2024-07-08,,TAIUN
sku_channel,sku_channel::1008417|TAIUN,1008417,교체형,lumpy,575559.0,sba,{'alpha': 0.05},0.0433928604678334,0.2276419295411981,2.0,11,6,0.013652508966809487,0.0,0.007080621503368792,0.028023092248218306,52323.545454545456,1.0,2026-02-09,,TAIUN
sku_channel,sku_channel::1008924|TAIUN,1008924,교체형,lumpy,571001.0,tsb,"{'alpha': 0.1, 'beta': 0.2}",4.026830603276632e-06,1.2518984938771958e-05,2.0,11,6,,0.0,4.888339215362701e-07,1.955334252512486e-06,47583.416666666664,1.0,2025-04-14,,TAIUN
sku_channel,sku_channel::2018983|TAIUN,2018983,교체형,intermittent,547918.0,sba,{'alpha': 0.3},0.3070125246806095,1.0034935929965272,0.9790613100744894,11,6,0.4503487555877221,0.0,0.2319385092968468,0.6519962182188117,36527.86666666667,1.0,2026-06-01,,TAIUN
sku_channel,sku_channel::1008353|TAIUN,1008353,교체형,lumpy,544792.0,tsb,"{'alpha': 0.1, 'beta': 0.2}",0.006849398017823889,0.028712245703540973,2.0,11,6,-0.5847631037275749,0.0,0.0007555786390585659,0.0030188908868663544,77827.42857142857,1.0,2025-12-15,,TAIUN
sku_channel,sku_channel::1008981|TAIUN,1008981,교체형,lumpy,509566.0,tsb,"{'alpha': 0.2, 'beta': 0.05}",0.27605097426951153,1.1283327667353278,1.2238816598043671,11,6,-0.6436288288867815,0.0,0.1315565039205961,0.4311912506519191,56618.444444444445,1.0,2026-05-18,,TAIUN
sku_channel,sku_channel::2017780|TAIUN,2017780,교체형,lumpy,507735.0,tsb,"{'alpha': 0.1, 'beta': 0.2}",0.0031594536975259337,0.012039540468781357,2.0,11,6,-0.5847631037275749,0.0,0.0002960619175222402,0.0011837218579299202,42311.25,1.0,2025-11-03,,TAIUN
sku_channel,sku_channel::2018609|TAIUN,2018609,교체형,lumpy,487635.0,sba,{'alpha': 0.3},0.1299262080461284,0.4079112504823222,1.4330647688012335,11,6,-0.1449850715745697,0.0,0.046074231573945836,0.17194664290881567,30477.1875,1.0,2026-04-20,,TAIUN
sku_channel,sku_channel::2019670|TAIUN,2019670,교체형,intermittent,487631.0,tsb,"{'alpha': 0.1, 'beta': 0.2}",1.4856243813712322,4.269899487658562,0.6082236003920968,11,6,-0.20095665845196534,0.0,0.6010506852680324,0.9746679175012752,32508.733333333334,1.0,2026-06-01,,TAIUN
sku_channel,sku_channel::1008414|TAIUN,1008414,교체형,lumpy,461230.0,tsb,"{'alpha': 0.1, 'beta': 0.2}",0.00016362040448582042,0.0008820000567302633,2.0,11,6,,0.0,2.1270549225183695e-05,8.5079482321615e-05,115307.5,1.0,2025-08-25,,TAIUN
sku_channel,sku_channel::1007584|TAIUN,1007584,교체형,intermittent,456009.0,tsb,"{'alpha': 0.1, 'beta': 0.2}",0.00014484546417836152,0.0008101593867931759,2.0,11,6,,0.0,2.1270485567809425e-05,8.507922770828458e-05,152003.0,1.0,2025-08-25,,TAIUN
sku_channel,sku_channel::1009432|TAIUN,1009432,교체형,lumpy,451111.0,tsb,"{'alpha': 0.1, 'beta': 0.2}",1.0450591435923902e-05,6.022433952611537e-05,2.0,11,6,,0.0,1.000757900580434e-06,4.003025593113385e-06,150370.33333333334,1.0,2025-05-05,,TAIUN
sku_channel,sku_channel::1007730|TAIUN_AIR,1007730,교체형,intermittent,445859.0,tsb,"{'alpha': 0.1, 'beta': 0.2}",4.267090071716754e-11,1.9012997556120866e-10,2.0,11,6,,0.0,1.6729062746252303e-12,6.6915362140207435e-12,89171.8,1.0,2024-03-04,,TAIUN_AIR
sku_channel,sku_channel::1007320|TAIUN,1007320,교체형,lumpy,445275.0,tsb,"{'alpha': 0.1, 'beta': 0.2}",5.898257420694531e-06,2.661162243119691e-05,2.0,11,6,,0.0,4.2598114585458343e-07,1.7039234944116188e-06,55659.375,1.0,2025-04-07,,TAIUN
sku_channel,sku_channel::2018611|TAIUN,2018611,교체형,lumpy,428388.0,sba,{'alpha': 0.05},0.022657059743817914,0.08328182244271042,2.0,11,6,0.0136525089668097,0.0,0.008183442181964285,0.03233414402616075,32952.92307692308,1.0,2026-01-26,,TAIUN
sku_channel,sku_channel::1009439|TAIUN_AIR,1009439,교체형,lumpy,426625.0,sba,{'alpha': 0.3},28.004427190161444,85.51660772362516,1.962937698923237,11,6,-0.49614249082804496,0.0,0.3615557056953564,0.833853177354952,71104.16666666667,1.0,2026-06-08,,TAIUN_AIR
sku_channel,sku_channel::1006362|TAIUN,1006362,교체형,intermittent,410364.0,tsb,"{'alpha': 0.1, 'beta': 0.2}",1.9942796641100147e-07,4.395512223793432e-07,2.0,11,6,,0.0,2.1443962467018436e-08,8.577584720281806e-08,20518.2,1.0,2025-01-20,,TAIUN
sku_channel,sku_channel::1009217|TAIUN,1009217,교체형,lumpy,406521.0,tsb,"{'alpha': 0.1, 'beta': 0.2}",58727.61155926037,35503.845869731354,1.9593670710862299,10,6,,0.0,0.16793600000000003,0.5206784786368228,203260.5,1.0,2026-05-18,,TAIUN
sku_channel,sku_channel::1006937|TAIUN_AIR,1006937,교체형,intermittent,400000.0,tsb,"{'alpha': 0.1, 'beta': 0.2}",9.000637639499193e-14,5.151108721352068e-13,2.0,11,6,,0.0,3.0211890438089587e-15,1.199040866595169e-14,200000.0,1.0,2023-09-04,,TAIUN_AIR
sku_channel,sku_channel::1006004|TAIUN,1006004,교체형,lumpy,398206.0,tsb,"{'alpha': 0.1, 'beta': 0.2}",0.00044073074505902133,0.00201328149504696,2.0,11,6,-0.5847631037275749,0.0,6.64883841528233e-05,0.0002659270135555447,79641.2,1.0,2025-09-29,,TAIUN
sku_channel,sku_channel::2016119|TAIUN_AIR,2016119,교체형,intermittent,398174.0,tsb,"{'alpha': 0.1, 'beta': 0.2}",1.5775979229359295e-06,8.715367372079152e-06,2.0,11,6,,0.0,7.082251615436322e-08,2.8329003465277225e-07,132724.66666666666,1.0,2025-02-03,,TAIUN_AIR
sku_channel,sku_channel::2018627|TAIUN,2018627,교체형,intermittent,387553.0,tsb,"{'alpha': 0.1, 'beta': 0.2}",0.0029160306455191217,0.011552101283834729,2.0,11,6,-0.5847631037275749,0.0,0.000290093480490005,0.001159869094238819,77510.6,1.0,2025-11-03,,TAIUN
sku_channel,sku_channel::1008986|TAIUN_AIR,1008986,교체형,intermittent,382518.0,tsb,"{'alpha': 0.1, 'beta': 0.2}",2.8102923854123892e-06,8.24722578999217e-06,2.0,11,6,,0.0,3.4625188640153113e-07,1.3850068262266646e-06,34774.36363636364,1.0,2025-04-07,,TAIUN_AIR
sku_channel,sku_channel::2016908|TAIUN,2016908,교체형,lumpy,377094.0,tsb,"{'alpha': 0.1, 'beta': 0.2}",4.468061264756297e-06,1.189923163592327e-05,2.0,11,6,,0.0,4.348708289006965e-07,1.7394821809624261e-06,23568.375,1.0,2025-04-14,,TAIUN
sku_channel,sku_channel::2018356|TAIUN,2018356,교체형,lumpy,373214.0,sba,{'alpha': 0.3},0.49362467581327074,1.404219102782437,0.4762010571582569,11,6,-0.5036202195873634,0.0,0.34892923159542855,0.8203146012227702,15550.583333333334,1.0,2026-05-25,,TAIUN
sku_channel,sku_channel::1008004|TAIUN,1008004,교체형,lumpy,352852.0,tsb,"{'alpha': 0.1, 'beta': 0.2}",1.3149165278231343e-08,1.0488634356656114e-07,2.0,11,6,,0.0,2.8912621614884746e-09,1.1565048474437845e-08,117617.33333333333,1.0,2024-11-11,,TAIUN
sku_channel,sku_channel::2018964|TAIUN,2018964,교체형,lumpy,348437.0,tsb,"{'alpha': 0.1, 'beta': 0.2}",0.00018802602837519091,0.0009820477023340503,2.0,11,6,,0.0,3.5265858565987973e-05,0.00014105597235458678,58072.833333333336,1.0,2025-08-25,,TAIUN
sku_channel,sku_channel::1009494|TAIUN_AIR,1009494,교체형,lumpy,342525.0,tsb,"{'alpha': 0.2, 'beta': 0.05}",0.5055252979460274,2.1315356375176853,0.8871534865882785,11,6,-0.1103096156457625,0.0,0.3231300034126965,0.790095835664794,34252.5,1.0,2026-06-08,,TAIUN_AIR
sku_channel,sku_channel::1008923|TAIUN_AIR,1008923,교체형,lumpy,339215.0,tsb,"{'alpha': 0.1, 'beta': 0.2}",9.159759132601414e-10,4.838620491690951e-09,2.0,11,6,,0.0,1.2616194392679197e-10,5.046478790404763e-10,67843.0,1.0,2024-08-12,,TAIUN_AIR
sku_channel,sku_channel::1007795|TAIUN_AIR,1007795,교체형,lumpy,335447.0,tsb,"{'alpha': 0.1, 'beta': 0.2}",5.990895467321903e-07,2.6566031203052203e-06,2.0,11,6,,0.0,8.047559357739281e-08,3.2190233523188283e-07,47921.0,1.0,2025-03-03,,TAIUN_AIR
sku_channel,sku_channel::1009160|TAIUN,1009160,교체형,lumpy,332000.0,tsb,"{'alpha': 0.1, 'beta': 0.2}",2.2473548068326923e-06,1.273656852334754e-05,2.0,11,6,,0.0,2.3737689777122947e-07,9.495072531562343e-07,55333.333333333336,1.0,2025-03-17,,TAIUN
sku_channel,sku_channel::1007877|TAIUN,1007877,교체형,intermittent,320094.0,tsb,"{'alpha': 0.1, 'beta': 0.2}",5.618220692681571e-06,1.5837638159060078e-05,2.0,11,6,,0.0,3.672128408672664e-07,1.4688505546311958e-06,29099.454545454544,1.0,2025-04-07,,TAIUN
sku_channel,sku_channel::1009592|TAIUN_AIR,1009592,교체형,intermittent,307701.0,tsb,"{'alpha': 0.1, 'beta': 0.1}",16185.411765318866,6614.228253964885,0.8080018138844943,11,6,-0.41566366578130126,0.0,0.388383232,0.8600678413320834,76925.25,1.0,2026-06-08,,TAIUN_AIR
sku_channel,sku_channel::2016157|CUSTOMER_PICK_UP,2016157,교체형,intermittent,302696.0,tsb,"{'alpha': 0.1, 'beta': 0.2}",7.799309214322061e-07,4.914134515926033e-06,2.0,11,6,,0.0,2.1062458829106098e-08,8.424983244381679e-08,151348.0,1.0,2025-01-20,,CUSTOMER_PICK_UP
sku_channel,sku_channel::2018989|TAIUN_AIR,2018989,교체형,intermittent,299855.0,tsb,"{'alpha': 0.1, 'beta': 0.2}",7.432608184676141e-06,4.520517960295172e-05,2.0,11,6,,0.0,2.058889369273834e-07,8.235554932456424e-07,149927.5,1.0,2025-03-17,,TAIUN_AIR
sku_channel,sku_channel::1006661|TAIUN,1006661,교체형,lumpy,294632.0,tsb,"{'alpha': 0.1, 'beta': 0.2}",1.1870078222185794e-07,5.674441386589654e-07,2.0,11,6,,0.0,4.443445830263392e-09,1.7773783222985173e-08,58926.4,1.0,2024-12-02,,TAIUN
sku_channel,sku_channel::1008098|TAIUN,1008098,교체형,lumpy,294104.0,tsb,"{'alpha': 0.1, 'beta': 0.2}",2.9504097837013528e-06,1.0451743389979342e-05,2.0,11,6,,0.0,3.65799844247195e-07,1.463198573969926e-06,29410.4,1.0,2025-04-07,,TAIUN
sku_channel,sku_channel::2017144|TAIUN,2017144,교체형,intermittent,281425.0,tsb,"{'alpha': 0.1, 'beta': 0.2}",3.619401537740256e-10,2.044377269166438e-09,2.0,11,6,,0.0,2.086042537865933e-11,8.344169799556767e-11,93808.33333333333,1.0,2024-06-17,,TAIUN
sku_channel,sku_channel::2018392|TAIUN,2018392,교체형,intermittent,279363.0,tsb,"{'alpha': 0.1, 'beta': 0.2}",1.051112876346016e-06,3.5315687663824796e-06,2.0,11,6,,0.0,1.0904405217457489e-07,4.3617613709745484e-07,31040.333333333332,1.0,2025-02-24,,TAIUN
sku_channel,sku_channel::1006119|TAIUN_AIR,1006119,교체형,lumpy,270452.0,tsb,"{'alpha': 0.1, 'beta': 0.2}",7.589557286871095e-07,3.139688227841413e-06,2.0,11,6,,0.0,8.085549080392216e-08,3.234219242420622e-07,30050.222222222223,1.0,2025-03-03,,TAIUN_AIR
sku_channel,sku_channel::1009221|TAIUN,1009221,교체형,lumpy,270000.0,tsb,"{'alpha': 0.1, 'beta': 0.2}",9.314812983336531e-07,6.7535286303963205e-06,2.0,11,6,,0.0,1.0485074543594977e-07,4.194029157300605e-07,135000.0,1.0,2025-03-10,,TAIUN
sku_channel,sku_channel::1009137|TAIUN,1009137,교체형,lumpy,268474.0,sba,{'alpha': 0.05},0.0510347350444492,0.1927983750051513,2.0,11,6,0.15057555908692252,0.0,0.017597143834544686,0.0685523191114018,26847.4,1.0,2026-03-23,,TAIUN
sku_channel,sku_channel::2017389|TAIUN,2017389,교체형,intermittent,265666.0,tsb,"{'alpha': 0.1, 'beta': 0.2}",0.0008632697603168975,0.0027800795694926015,2.0,11,6,-0.5847631037275749,0.0,6.495592931261507e-05,0.00025979840271039834,22138.833333333332,1.0,2025-09-29,,TAIUN
sku_channel,sku_channel::1008168|TAIUN,1008168,교체형,lumpy,265659.0,croston,{'alpha': 0.2},0.3817502899810576,2.045029179773992,1.6561799913996058,11,6,0.892067747087344,0.0,0.08443404553107643,0.2973184674073124,24150.81818181818,1.0,2026-05-11,,TAIUN
sku_channel,sku_channel::1009491|TAIUN_AIR,1009491,교체형,lumpy,264208.0,tsb,"{'alpha': 0.2, 'beta': 0.05}",2.394775475095547,9.827166945239936,1.7802008905585318,11,6,0.6590103881191114,0.0,0.16855679961503925,0.5221073579833146,37744.0,1.0,2026-05-25,,TAIUN_AIR
sku_channel,sku_channel::2017822|TAIUN,2017822,교체형,intermittent,263675.0,tsb,"{'alpha': 0.1, 'beta': 0.2}",5.626512088888304e-13,2.637884748895632e-12,2.0,11,6,,0.0,2.2149880707752583e-14,8.881784197001252e-14,65918.75,1.0,2023-10-23,,TAIUN
sku_channel,sku_channel::2018610|TAIUN,2018610,교체형,intermittent,261782.0,tsb,"{'alpha': 0.1, 'beta': 0.1}",0.20332928248860513,0.5613865103950363,0.22245149328908717,11,6,-0.2842872938930153,0.0,0.5126789576915621,0.9436023954873207,17452.133333333335,1.0,2026-06-01,,TAIUN
sku_channel,sku_channel::2018695|TAIUN,2018695,교체형,lumpy,257810.0,tsb,"{'alpha': 0.1, 'beta': 0.2}",1.4543982704503784,5.32101439269525,0.8323891618591431,11,6,-0.39771200587450234,0.0,0.4714245191858645,0.9219400885893017,21484.166666666668,1.0,2026-05-25,,TAIUN
sku_channel,sku_channel::2018558|TAIUN,2018558,교체형,lumpy,251542.0,sba,{'alpha': 0.05},0.01001170064518354,0.05539698375147634,2.0,11,6,0.013652508966809525,0.0,0.005209620230402995,0.020676204886705296,31442.75,1.0,2026-01-26,,TAIUN
sku_channel,sku_channel::1008434|TAIUN,1008434,교체형,lumpy,251001.0,sba,{'alpha': 0.05},4.387109338074322,23.998981220769718,1.6494153190015488,11,6,1.1428431876823328,0.0,0.31232020168083957,0.7763622749433161,41833.5,1.0,2026-05-25,,TAIUN
sku_channel,sku_channel::2017390|TAIUN,2017390,교체형,lumpy,250771.0,tsb,"{'alpha': 0.1, 'beta': 0.2}",0.018994355651677803,0.0726729863264011,2.0,11,6,-0.5232615922180379,0.0,0.002305874190884189,0.009191643442407527,31346.375,1.0,2026-01-19,,TAIUN
sku_channel,sku_channel::1008279|TAIUN_AIR,1008279,교체형,intermittent,248113.0,tsb,"{'alpha': 0.1, 'beta': 0.2}",1.6625040171971402e-09,4.08334155114093e-09,2.0,11,6,,0.0,1.4100689756360605e-10,5.64027491378738e-10,17722.35714285714,1.0,2024-08-05,,TAIUN_AIR
sku_channel,sku_channel::1009201|TAIUN,1009201,교체형,intermittent,242509.0,sba,{'alpha': 0.3},0.07416074886535688,0.38498124840660397,2.0,11,6,0.12788454702934093,0.0,0.01718081077141695,0.06697236014638042,60627.25,1.0,2026-03-23,,TAIUN
sku_channel,sku_channel::1007187|TAIUN,1007187,교체형,lumpy,241779.0,tsb,"{'alpha': 0.1, 'beta': 0.2}",0.014883190323970657,0.06196928759792519,2.0,11,6,-0.5847631037275748,0.0,0.0007555837954639507,0.0030189114657698246,30222.375,1.0,2025-12-15,,TAIUN
sku_channel,sku_channel::2019619|TAIUN,2019619,교체형,lumpy,234177.0,sba,{'alpha': 0.05},0.011409711019616455,0.07419532719878996,2.0,11,6,0.01025020422750865,0.0,0.013898687687209681,0.054446411749934365,78059.0,1.0,2026-03-09,,TAIUN
sku_channel,sku_channel::2014722|TAIUN,2014722,교체형,intermittent,233736.0,tsb,"{'alpha': 0.1, 'beta': 0.2}",4.127038415603192e-10,1.5719575165904121e-09,2.0,11,6,,0.0,2.0866148310475303e-11,8.346479063447987e-11,46747.2,1.0,2024-06-17,,TAIUN
sku_channel,sku_channel::2017773|FEDEX,2017773,교체형,lumpy,232911.0,sba,{'alpha': 0.3},0.027221201239217514,0.04209048614005124,1.3820471262839102,11,6,-0.16992656157499333,0.0,0.0,0.0,0.0,0.0,,,FEDEX
sku_channel,sku_channel::1007945|TAIUN,1007945,교체형,lumpy,231721.0,tsb,"{'alpha': 0.1, 'beta': 0.2}",1.6271745443150557e-05,0.00012798350540250093,2.0,11,6,,0.0,3.6323967540306546e-06,1.4529507850524759e-05,77240.33333333333,1.0,2025-06-30,,TAIUN
sku_channel,sku_channel::1009974|TAIUN,1009974,교체형,lumpy,230064.0,sba,{'alpha': 0.3},0.053082766956301035,0.40869765211050924,2.0,11,6,-0.7721410186221598,0.0,0.03783866187776001,0.14297871575163346,115032.0,1.0,2026-04-06,,TAIUN
sku_channel,sku_channel::1009404|TAIUN,1009404,교체형,lumpy,229402.0,sba,{'alpha': 0.3},0.06479943805932635,0.44701827314602127,2.0,11,6,0.09857902219562988,0.0,0.018134366950010895,0.07058808239436509,45880.4,1.0,2026-03-23,,TAIUN
sku_channel,sku_channel::1009136|TAIUN,1009136,교체형,intermittent,222247.0,sba,{'alpha': 0.3},0.0676165203028878,0.2903740525945892,2.0,11,6,0.14931370778546393,0.0,0.0171810078571829,0.06697310855021188,37041.166666666664,1.0,2026-03-23,,TAIUN
sku_channel,sku_channel::2019419|TAIUN,2019419,교체형,lumpy,218710.0,croston,{'alpha': 0.1},0.13560903529571364,0.9169949642891155,0.8700480089809758,11,6,0.313620817596516,0.0,0.24723291736050532,0.678898392907801,31244.285714285714,1.0,2026-06-01,,TAIUN
sku_channel,sku_channel::1007544|TAIUN,1007544,교체형,lumpy,213015.0,tsb,"{'alpha': 0.1, 'beta': 0.2}",0.000497043933834295,0.0018956802844226062,2.0,11,6,-0.5847631037275749,0.0,8.321794741360697e-05,0.00033283024059904687,26626.875,1.0,2025-09-29,,TAIUN
sku_channel,sku_channel::2015843|FEDEX,2015843,교체형,intermittent,200862.0,croston,{'alpha': 0.1},1.4711227834985403,9.144539631983378,1.9312132734185965,11,6,0.0031682696546453133,0.0,0.0,0.0,0.0,0.0,,,FEDEX
sku_channel,sku_channel::2018126|TAIUN_AIR,2018126,교체형,intermittent,197875.0,tsb,"{'alpha': 0.1, 'beta': 0.2}",9.710407713874239e-06,5.042937985062643e-05,2.0,11,6,,0.0,7.575873316391031e-07,3.030345883003882e-06,49468.75,1.0,2025-04-14,,TAIUN_AIR
sku_channel,sku_channel::1008656|TAIUN_AIR,1008656,교체형,lumpy,196976.0,tsb,"{'alpha': 0.1, 'beta': 0.2}",7.232699506059448e-10,4.069739849193498e-09,2.0,11,6,,0.0,1.258144214420725e-10,5.032578798136456e-10,32829.333333333336,1.0,2024-08-12,,TAIUN_AIR
sku_channel,sku_channel::1007757|TAIUN,1007757,교체형,lumpy,191589.0,tsb,"{'alpha': 0.1, 'beta': 0.2}",0.0006574100623448551,0.004895170421555905,2.0,11,6,-0.5847631037275748,0.0,2.1267647981564383e-05,8.50678780878189e-05,47897.25,1.0,2025-08-25,,TAIUN
sku_channel,sku_channel::1009140|TAIUN,1009140,교체형,lumpy,186000.0,tsb,"{'alpha': 0.1, 'beta': 0.2}",5.495518202478921e-07,4.083213737570402e-06,2.0,11,6,,0.0,1.4406310056061405e-08,5.762523891394977e-08,93000.0,1.0,2025-01-06,,TAIUN
sku_channel,sku_channel::1009161|TAIUN,1009161,교체형,intermittent,183000.0,tsb,"{'alpha': 0.1, 'beta': 0.2}",0.00023082709863546104,0.0012872504262503616,2.0,11,6,,0.0,8.788986088287306e-06,3.5155480878068524e-05,61000.0,1.0,2025-07-28,,TAIUN
sku_channel,sku_channel::1007941|TAIUN,1007941,교체형,lumpy,182882.0,tsb,"{'alpha': 0.1, 'beta': 0.2}",0.0256338276495021,0.17728680221377588,1.5084396036134244,11,6,-0.39229057592764016,0.0,0.10936191328072775,0.37077632860610843,16625.636363636364,1.0,2026-05-18,,TAIUN
sku_channel,sku_channel::2017373|TAIUN,2017373,교체형,lumpy,181608.0,sba,{'alpha': 0.3},0.060811848465743557,0.32238216619349735,1.6045341905718171,11,6,-0.1673885145349811,0.0,0.042007977817490626,0.1577372969136781,36321.6,1.0,2026-04-20,,TAIUN
sku_channel,sku_channel::2017776|TAIUN,2017776,교체형,lumpy,178710.0,tsb,"{'alpha': 0.1, 'beta': 0.2}",0.0007482936158646734,0.005688026926994585,2.0,11,6,-0.5847631037275748,0.0,2.418642084054398e-05,9.674217352118042e-05,44677.5,1.0,2025-08-25,,TAIUN
sku_channel,sku_channel::1009406|TAIUN,1009406,교체형,intermittent,169614.0,tsb,"{'alpha': 0.1, 'beta': 0.2}",0.0001568648879325078,0.0008361630270445771,2.0,11,6,,0.0,5.871779356636305e-06,2.348691056053287e-05,56538.0,1.0,2025-07-14,,TAIUN
sku_channel,sku_channel::2019414|TAIUN,2019414,교체형,lumpy,164430.0,sba,{'alpha': 0.05},0.037565487181015454,0.18839447099882412,2.0,11,6,0.013652508966809604,0.0,0.0072765374980468395,0.028790000313304254,23490.0,1.0,2026-02-23,,TAIUN
sku_channel,sku_channel::2019418|TAIUN,2019418,교체형,intermittent,158511.0,tsb,"{'alpha': 0.1, 'beta': 0.2}",0.00047905626641325924,0.0021754411933953156,2.0,11,6,-0.5847631037275748,0.0,1.7764546157554394e-05,7.10562911779844e-05,31702.2,1.0,2025-07-28,,TAIUN
sku_channel,sku_channel::2015843|CUSTOMER_PICK_UP,2015843,교체형,intermittent,157749.0,sba,{'alpha': 0.05},0.0551805457958433,0.3506083547530445,2.0,11,6,-0.9632509954149766,0.0,0.013743899764317672,0.05385257929537235,78874.5,1.0,2026-03-16,,CUSTOMER_PICK_UP
sku_channel,sku_channel::1006760|TAIUN,1006760,교체형,lumpy,154726.0,tsb,"{'alpha': 0.1, 'beta': 0.2}",3.139295608863457e-12,2.5378866507613272e-11,2.0,11,6,,0.0,7.374260420020565e-13,2.949640531824116e-12,77363.0,1.0,2024-03-04,,TAIUN
sku_channel,sku_channel::2016834|TAIUN,2016834,교체형,intermittent,151142.0,tsb,"{'alpha': 0.1, 'beta': 0.2}",5.652397042120597e-08,1.32953143144215e-07,2.0,11,6,,0.0,5.579863758882301e-09,2.231945495090315e-08,8890.70588235294,1.0,2024-11-25,,TAIUN
sku_channel,sku_channel::1009439|TAIUN,1009439,교체형,lumpy,150154.0,tsb,"{'alpha': 0.2, 'beta': 0.05}",1260.3913546554486,8900.575228248932,1.931394587129457,11,6,1.0101307241608708,0.0,0.28376467440737096,0.7368381392425054,50051.333333333336,1.0,2026-06-08,,TAIUN
sku_channel,sku_channel::2018195|TAIUN,2018195,교체형,intermittent,146146.0,tsb,"{'alpha': 0.1, 'beta': 0.2}",0.6721088434455196,2.478687884934322,1.2136775651331975,11,6,-0.2080304497274162,0.0,0.23390427283432205,0.6555452639504523,12178.833333333334,1.0,2026-06-01,,TAIUN
sku_channel,sku_channel::2019416|TAIUN,2019416,교체형,intermittent,145988.0,sba,{'alpha': 0.3},0.0737606719435475,0.4408538685002279,2.0,11,6,0.21842263568702933,0.0,0.017187460999927046,0.06699761314958619,36497.0,1.0,2026-03-23,,TAIUN
sku_channel,sku_channel::1008278|TAIUN,1008278,교체형,lumpy,143366.0,tsb,"{'alpha': 0.1, 'beta': 0.2}",3.5414502860209514e-08,1.769902829885145e-07,2.0,11,6,,0.0,4.443485408260564e-09,1.777394131874388e-08,35841.5,1.0,2024-12-02,,TAIUN
sku_channel,sku_channel::1008278|TAIUN_AIR,1008278,교체형,intermittent,141256.0,tsb,"{'alpha': 0.1, 'beta': 0.2}",4.596632660260671e-06,2.253598698023794e-05,2.0,11,6,,0.0,2.4520049018309483e-07,9.808015998258313e-07,47085.333333333336,1.0,2025-04-07,,TAIUN_AIR
sku_channel,sku_channel::2017777|TAIUN,2017777,교체형,lumpy,139717.0,tsb,"{'alpha': 0.1, 'beta': 0.2}",2.4398430820634514e-06,1.9557271962036e-05,2.0,11,6,,0.0,6.427752257341294e-08,2.5711006534923087e-07,69858.5,1.0,2025-02-24,,TAIUN
sku_channel,sku_channel::1006241|TAIUN,1006241,교체형,lumpy,138177.0,tsb,"{'alpha': 0.1, 'beta': 0.2}",1.8001398305149355e-07,1.4391916946397065e-06,2.0,11,6,,0.0,3.843148823157455e-08,1.537259439743366e-07,69088.5,1.0,2025-02-03,,TAIUN
sku_channel,sku_channel::1006416|TAIUN,1006416,교체형,lumpy,137925.0,tsb,"{'alpha': 0.1, 'beta': 0.2}",2.519565143233348e-08,1.527221031964146e-07,2.0,11,6,,0.0,4.417123527458726e-09,1.7668494112221822e-08,45975.0,1.0,2024-12-02,,TAIUN
sku_channel,sku_channel::1007976|TAIUN,1007976,교체형,lumpy,136334.0,tsb,"{'alpha': 0.1, 'beta': 0.2}",0.0017499979034847713,0.006166677894907911,2.0,11,6,-0.5847631037275748,0.0,0.00023627515818461334,0.0009447657297940726,15148.222222222223,1.0,2025-10-20,,TAIUN
sku_channel,sku_channel::1008004|TAIUN_AIR,1008004,교체형,lumpy,135548.0,tsb,"{'alpha': 0.1, 'beta': 0.2}",2.0653285885420557e-07,1.1090825207340722e-06,2.0,11,6,,0.0,2.1665681318104022e-08,8.666272266477648e-08,33887.0,1.0,2025-01-20,,TAIUN_AIR
sku_channel,sku_channel::2019671|TAIUN,2019671,교체형,intermittent,132835.0,sba,{'alpha': 0.05},0.03030513016973368,0.12785011867420562,2.0,11,6,-0.9271496783633761,0.0,0.05289182593964163,0.19536607509770276,18976.428571428572,1.0,2026-03-30,,TAIUN
sku_channel,sku_channel::1008622|TAIUN,1008622,교체형,lumpy,131550.0,tsb,"{'alpha': 0.1, 'beta': 0.2}",0.003051458746457305,0.02117731208478384,2.0,11,6,-0.5847631037275748,0.0,0.0006101528803626364,0.002438378710694078,13155.0,1.0,2025-12-08,,TAIUN
sku_channel,sku_channel::1009494|TAIUN,1009494,교체형,lumpy,125177.0,sba,{'alpha': 0.05},0.02618346138856769,0.13822687637245915,2.0,11,6,0.013652508966809602,0.0,0.006240609446934551,0.0247297372006825,31294.25,1.0,2026-02-02,,TAIUN
sku_channel,sku_channel::2018332|TAIUN,2018332,교체형,intermittent,124323.0,sba,{'alpha': 0.05},0.05074590288502753,0.11784543254388403,2.0,11,6,-0.9158437225170553,0.0,0.08090798485295583,0.28643100357250617,5651.045454545455,1.0,2026-04-06,,TAIUN
sku_channel,sku_channel::1006614|TAIUN,1006614,교체형,intermittent,123616.0,tsb,"{'alpha': 0.1, 'beta': 0.2}",1.5634910763001295e-07,9.344360192247315e-07,2.0,11,6,,0.0,4.417123113182134e-09,1.7668492335864983e-08,61808.0,1.0,2024-12-02,,TAIUN
sku_channel,sku_channel::1007870|TAIUN_AIR,1007870,교체형,intermittent,122162.0,tsb,"{'alpha': 0.1, 'beta': 0.2}",6.136811663188814e-11,2.9271809218032755e-10,2.0,11,6,,0.0,2.3921815929312095e-12,9.568790204639299e-12,40720.666666666664,1.0,2024-04-01,,TAIUN_AIR
sku_channel,sku_channel::1009193|TAIUN,1009193,교체형,lumpy,121763.0,tsb,"{'alpha': 0.1, 'beta': 0.2}",4.987232655157169e-07,3.5512358574055843e-06,2.0,11,6,,0.0,8.626631682655714e-08,3.4506522283983543e-07,40587.666666666664,1.0,2025-02-24,,TAIUN
sku_channel,sku_channel::1006841|TAIUN,1006841,교체형,lumpy,121066.0,tsb,"{'alpha': 0.1, 'beta': 0.2}",1.8880593968166265e-12,1.2698842739447521e-11,2.0,11,6,,0.0,1.2419112814737126e-13,4.969358258222201e-13,40355.333333333336,1.0,2024-01-08,,TAIUN
sku_channel,sku_channel::1006389|TAIUN_AIR,1006389,교체형,intermittent,117818.0,tsb,"{'alpha': 0.1, 'beta': 0.2}",5.295222985859137e-09,1.8328223503747324e-08,2.0,11,6,,0.0,3.62991762771707e-10,1.4519669910839639e-09,19636.333333333332,1.0,2024-09-02,,TAIUN_AIR
sku_channel,sku_channel::2019417|TAIUN,2019417,교체형,intermittent,117120.0,tsb,"{'alpha': 0.1, 'beta': 0.2}",0.0001450116191020164,0.0008139664476336197,2.0,11,6,,0.0,5.485198332613466e-06,2.1940612806914395e-05,39040.0,1.0,2025-06-23,,TAIUN
sku_channel,sku_channel::2016096|TAIUN,2016096,교체형,lumpy,116050.0,tsb,"{'alpha': 0.1, 'beta': 0.2}",0.0003008960755492338,0.0023335367548312697,2.0,11,6,,0.0,8.775506115749433e-06,3.510156240871254e-05,38683.333333333336,1.0,2025-07-28,,TAIUN
sku_channel,sku_channel::1008147|TAIUN,1008147,교체형,lumpy,112995.0,sba,{'alpha': 0.3},0.058371631974389375,0.4486679121125699,1.948630592675876,11,6,0.0803753311086608,0.0,0.18945529072856038,0.5683736980951093,14124.375,1.0,2026-06-01,,TAIUN
sku_channel,sku_channel::1006799|TAIUN,1006799,교체형,lumpy,112783.0,tsb,"{'alpha': 0.1, 'beta': 0.2}",4.7254043835412345e-12,3.5660514218247096e-11,2.0,11,6,,0.0,1.2393432265224506e-13,4.956035581926699e-13,56391.5,1.0,2024-01-08,,TAIUN
sku_channel,sku_channel::2018009|TAIUN,2018009,교체형,intermittent,111919.0,tsb,"{'alpha': 0.1, 'beta': 0.2}",0.0007475502739995279,0.002251841376708306,2.0,11,6,-0.5847631037275748,0.0,6.514965354250323e-05,0.0002605731484121021,9326.583333333334,1.0,2025-09-29,,TAIUN
sku_channel,sku_channel::2018575|TAIUN_AIR,2018575,교체형,intermittent,108614.0,tsb,"{'alpha': 0.1, 'beta': 0.2}",6.905518598070581e-06,3.9641398270382015e-05,2.0,11,6,,0.0,2.480262418502103e-07,9.92104598362964e-07,54307.0,1.0,2025-04-07,,TAIUN_AIR
sku_channel,sku_channel::1009139|TAIUN,1009139,교체형,lumpy,106970.0,tsb,"{'alpha': 0.1, 'beta': 0.2}",1.692776446686655e-05,0.0001283176917315953,2.0,11,6,,0.0,4.933111665766518e-07,1.9732432061658756e-06,35656.666666666664,1.0,2025-04-28,,TAIUN
sku_channel,sku_channel::1006193|TAIUN,1006193,교체형,lumpy,106258.0,tsb,"{'alpha': 0.1, 'beta': 0.2}",0.0003063200065824582,0.0024489302582724397,2.0,11,6,,0.0,6.538261558821214e-05,0.0002615048141522136,53129.0,1.0,2025-09-29,,TAIUN
sku_channel,sku_channel::1007728|TAIUN_AIR,1007728,교체형,lumpy,104547.0,tsb,"{'alpha': 0.1, 'beta': 0.2}",5.127670528426874e-09,2.1843251792791578e-08,2.0,11,6,,0.0,2.112566560811694e-10,8.450267152682045e-10,14935.285714285714,1.0,2024-08-12,,TAIUN_AIR
sku_channel,sku_channel::1009975|TAIUN,1009975,교체형,intermittent,100089.0,tsb,"{'alpha': 0.1, 'beta': 0.1}",9.580231659345,73.24198034949009,1.8416127920944696,11,6,1.0232621034124536,0.0,0.29291511627776,0.7500309662525382,33363.0,1.0,2026-06-08,,TAIUN
sku_channel,sku_channel::2019749|TAIUN,2019749,교체형,intermittent,99901.0,tsb,"{'alpha': 0.2, 'beta': 0.05}",0.7121880142425346,2.9248523354576186,1.3407263871263349,11,6,-0.15748811568859045,0.0,0.11771432568772908,0.3940498315401004,14271.57142857143,1.0,2026-04-27,,TAIUN
sku_channel,sku_channel::1005729|TAIUN,1005729,교체형,lumpy,99555.0,tsb,"{'alpha': 0.1, 'beta': 0.2}",4.613613800149265e-05,0.00037132457918795744,2.0,11,6,,0.0,1.0889115345490367e-05,4.3555749950296985e-05,33185.0,1.0,2025-08-04,,TAIUN
sku_channel,sku_channel::1009888|TAIUN,1009888,교체형,intermittent,98896.0,tsb,"{'alpha': 0.2, 'beta': 0.05}",0.3784182129073026,2.2339907796308927,0.9538220863029455,11,6,0.5036112004776485,0.0,0.09522095928697372,0.32985292516212184,32965.333333333336,1.0,2026-05-11,,TAIUN
sku_channel,sku_channel::1008497|TAIUN_AIR,1008497,교체형,intermittent,98304.0,tsb,"{'alpha': 0.1, 'beta': 0.2}",9.347609789132409e-11,3.21085443270163e-10,2.0,11,6,,0.0,1.2629699354130367e-11,5.051870033412342e-11,12288.0,1.0,2024-05-13,,TAIUN_AIR
sku_channel,sku_channel::2019071|TAIUN,2019071,교체형,intermittent,96360.0,tsb,"{'alpha': 0.1, 'beta': 0.1}",0.19387652240144373,0.48846970905668585,0.43383994283448685,11,6,-0.1613113806858591,0.0,0.25704438475993785,0.695314716689289,6882.857142857143,1.0,2026-06-01,,TAIUN
sku_channel,sku_channel::1007629|TAIUN,1007629,교체형,intermittent,96033.0,tsb,"{'alpha': 0.1, 'beta': 0.2}",2.4741684307522306e-12,1.1589822942291452e-11,2.0,11,6,,0.0,1.0108257738373576e-13,4.04121180963557e-13,32011.0,1.0,2024-01-01,,TAIUN
sku_channel,sku_channel::1006414|TAIUN_AIR,1006414,교체형,lumpy,95680.0,tsb,"{'alpha': 0.1, 'beta': 0.2}",3.1077901084068975e-06,1.855789711422009e-05,2.0,11,6,,0.0,2.4520049018309483e-07,9.808015998258313e-07,31893.333333333332,1.0,2025-04-07,,TAIUN_AIR
sku_channel,sku_channel::1008734|TAIUN,1008734,교체형,lumpy,93304.0,tsb,"{'alpha': 0.1, 'beta': 0.2}",0.005880549997501126,0.017924937256309833,2.0,11,6,-0.5847631037275748,0.0,0.0007070528397430966,0.0028252132303034916,8482.181818181818,1.0,2025-12-08,,TAIUN
sku_channel,sku_channel::2016049|TAIUN_AIR,2016049,교체형,intermittent,92894.0,tsb,"{'alpha': 0.1, 'beta': 0.2}",1.0179624882726945e-05,5.578724457069488e-05,2.0,11,6,,0.0,3.065003118177303e-07,1.2260006835296267e-06,30964.666666666668,1.0,2025-04-14,,TAIUN_AIR
sku_channel,sku_channel::1006414|TAIUN,1006414,교체형,intermittent,91169.0,tsb,"{'alpha': 0.1, 'beta': 0.2}",7.417137599964702e-08,2.559028756212176e-07,2.0,11,6,,0.0,4.44348617791774e-09,1.777394442736835e-08,15194.833333333334,1.0,2024-12-02,,TAIUN
sku_channel,sku_channel::2017382|TAIUN,2017382,교체형,intermittent,90428.0,tsb,"{'alpha': 0.1, 'beta': 0.2}",0.0016898122577175656,0.007309249130793249,2.0,11,6,-0.5847631037275748,0.0,6.493829177502098e-05,0.0002597278663049041,18085.6,1.0,2025-09-29,,TAIUN
sku_channel,sku_channel::1008504|TAIUN_AIR,1008504,교체형,intermittent,87476.0,tsb,"{'alpha': 0.1, 'beta': 0.2}",1.2434726198388428e-11,6.877234935317228e-11,2.0,11,6,,0.0,1.4846742562136927e-12,5.938805003324887e-12,29158.666666666668,1.0,2024-03-25,,TAIUN_AIR
sku_channel,sku_channel::2017773|CUSTOMER_PICK_UP,2017773,교체형,intermittent,85395.0,tsb,"{'alpha': 0.1, 'beta': 0.2}",0.019357384812140613,0.04392659880106414,2.0,11,6,-0.5847631037275748,0.0,0.002307304768803493,0.009197326248276738,4494.473684210527,1.0,2026-01-19,,CUSTOMER_PICK_UP
sku_channel,sku_channel::1008802|TAIUN,1008802,교체형,lumpy,84581.0,croston,{'alpha': 0.1},656.5670489475065,4644.615320352826,1.991529910245389,11,6,1.010114976080086,0.0,0.2819200000000044,0.7341165388321744,28193.666666666668,1.0,2026-06-08,,TAIUN
sku_channel,sku_channel::2017384|CUSTOMER_PICK_UP,2017384,교체형,intermittent,84484.0,tsb,"{'alpha': 0.1, 'beta': 0.2}",4.8939546372241785e-08,2.180094390200227e-07,2.0,11,6,,0.0,1.7659366587210994e-09,7.0637464766321045e-09,21121.0,1.0,2024-10-28,,CUSTOMER_PICK_UP
sku_channel,sku_channel::1007899|TAIUN,1007899,교체형,lumpy,83610.0,tsb,"{'alpha': 0.1, 'beta': 0.2}",4.414162926260809e-07,2.7571744478910107e-06,2.0,11,6,,0.0,1.4221078489302502e-08,5.688431292671936e-08,20902.5,1.0,2025-01-06,,TAIUN
sku_channel,sku_channel::2017601|TAIUN,2017601,교체형,lumpy,83290.0,tsb,"{'alpha': 0.1, 'beta': 0.2}",2.0340753653034967e-09,9.474886527144834e-09,2.0,11,6,,0.0,9.580822547776965e-11,3.8323300088904944e-10,10411.25,1.0,2024-07-22,,TAIUN
sku_channel,sku_channel::2019729|TAIUN,2019729,교체형,intermittent,82800.0,tsb,"{'alpha': 0.1, 'beta': 0.1}",0.35694507219445315,1.2514125528424278,0.4172355208662455,11,6,-0.3402732405812461,0.0,0.25876260289071573,0.6981235116129463,10350.0,1.0,2026-06-01,,TAIUN
sku_channel,sku_channel::2016911|TAIUN_AIR,2016911,교체형,intermittent,81024.0,tsb,"{'alpha': 0.1, 'beta': 0.2}",4.6965440833878277e-07,1.3825227101605376e-06,2.0,11,6,,0.0,4.338691324044018e-08,1.7354764181298776e-07,8102.4,1.0,2025-02-10,,TAIUN_AIR
sku_channel,sku_channel::2019246|TAIUN,2019246,교체형,intermittent,79862.0,tsb,"{'alpha': 0.1, 'beta': 0.2}",0.0006759181612519344,0.002493572126491034,2.0,11,6,-0.5847631037275749,0.0,4.08043142344969e-05,0.00016320726725727042,15972.4,1.0,2025-09-01,,TAIUN
sku_channel,sku_channel::1009223|TAIUN,1009223,교체형,intermittent,79458.0,tsb,"{'alpha': 0.1, 'beta': 0.2}",2.142037240274362e-05,0.00011530352617863817,2.0,11,6,,0.0,8.482474748590432e-07,3.392985582162389e-06,26486.0,1.0,2025-05-05,,TAIUN
sku_channel,sku_channel::1009282|TAIUN,1009282,교체형,lumpy,78895.0,sba,{'alpha': 0.05},0.007987840775106827,0.06638965298392725,2.0,11,6,0.013652508966809553,0.0,0.002452818693403401,0.0097752358479255,15779.0,1.0,2026-01-12,,TAIUN
sku_channel,sku_channel::2017755|TAIUN,2017755,교체형,lumpy,78144.0,tsb,"{'alpha': 0.1, 'beta': 0.2}",0.00044769493401960607,0.0015987959931520696,2.0,11,6,-0.5847631037275749,0.0,6.491244017218062e-05,0.00025962448003336025,7104.0,1.0,2025-09-29,,TAIUN
sku_channel,sku_channel::2016156|CUSTOMER_PICK_UP,2016156,교체형,intermittent,76801.0,tsb,"{'alpha': 0.1, 'beta': 0.2}",2.72064707332134e-12,1.5962186107159705e-11,2.0,11,6,,0.0,7.929940706019753e-14,3.170796958329447e-13,38400.5,1.0,2023-12-25,,CUSTOMER_PICK_UP
sku_channel,sku_channel::1009889|TAIUN,1009889,교체형,intermittent,75606.0,sba,{'alpha': 0.05},0.02359489228929014,0.15972726177086838,2.0,11,6,-0.046758001377127434,0.0,0.0133009592869737,0.05215172532547818,37803.0,1.0,2026-03-09,,TAIUN
sku_channel,sku_channel::1008897|TAIUN,1008897,교체형,lumpy,74918.0,tsb,"{'alpha': 0.1, 'beta': 0.2}",0.002410641090241831,0.010073464739403503,2.0,11,6,-0.5847631037275749,0.0,0.000307078777407838,0.001227749441196302,8324.222222222223,1.0,2025-10-27,,TAIUN
sku_channel,sku_channel::2017603|TAIUN,2017603,교체형,intermittent,74893.0,tsb,"{'alpha': 0.1, 'beta': 0.2}",1.982208041728732e-06,6.068442897430499e-06,2.0,11,6,,0.0,1.584060678122255e-07,6.336241207272053e-07,7489.3,1.0,2025-03-24,,TAIUN
sku_channel,sku_channel::1006406|TAIUN_AIR,1006406,교체형,lumpy,74080.0,tsb,"{'alpha': 0.1, 'beta': 0.2}",2.4490587266995492e-06,1.7260747888570702e-05,2.0,11,6,,0.0,6.427753502051311e-08,2.571101155313116e-07,37040.0,1.0,2025-02-24,,TAIUN_AIR
sku_channel,sku_channel::2018195|CUSTOMER_PICK_UP,2018195,교체형,intermittent,72587.0,tsb,"{'alpha': 0.1, 'beta': 0.2}",6.468943891281477e-07,3.329588067967723e-06,2.0,11,6,,0.0,2.1225580365588022e-08,8.490231895308398e-08,24195.666666666668,1.0,2025-01-20,,CUSTOMER_PICK_UP
sku_channel,sku_channel::1005728|TAIUN,1005728,교체형,lumpy,72307.0,tsb,"{'alpha': 0.1, 'beta': 0.2}",2.1392029268852386e-07,1.4054965428948684e-06,2.0,11,6,,0.0,4.629580323113197e-08,1.8518319988558574e-07,18076.75,1.0,2025-02-10,,TAIUN
sku_channel,sku_channel::1008744|TAIUN,1008744,교체형,lumpy,72296.0,tsb,"{'alpha': 0.1, 'beta': 0.2}",0.012948148148221738,0.058639776882161036,2.0,11,6,-0.5847631037275747,0.0,0.0018749493917246598,0.0074787313082634865,7229.6,1.0,2026-01-12,,TAIUN
sku_channel,sku_channel::1009134|TAIUN,1009134,교체형,intermittent,71000.0,tsb,"{'alpha': 0.1, 'beta': 0.2}",1.5679823628048364e-07,7.45803894248536e-07,2.0,11,6,,0.0,7.152705778765116e-09,2.861082271099491e-08,23666.666666666668,1.0,2024-12-02,,TAIUN
sku_channel,sku_channel::2018272|TAIUN,2018272,교체형,lumpy,71000.0,tsb,"{'alpha': 0.1, 'beta': 0.1}",0.2436946479169487,0.3999238855699787,0.19504607487173684,11,6,-0.19225161199898974,0.0,0.2414959630464407,0.6689972619843936,4733.333333333333,1.0,2026-05-25,,TAIUN
sku_channel,sku_channel::2016833|TAIUN,2016833,교체형,lumpy,70447.0,tsb,"{'alpha': 0.1, 'beta': 0.2}",0.00010079343734417259,0.00028395975401521677,2.0,11,6,,0.0,8.723470684666191e-06,3.489342614781954e-05,5031.928571428572,1.0,2025-07-28,,TAIUN
sku_channel,sku_channel::1009403|TAIUN,1009403,교체형,lumpy,69507.0,tsb,"{'alpha': 0.1, 'beta': 0.2}",0.00020713780807665662,0.0011913138321514385,2.0,11,6,,0.0,6.274250998056207e-06,2.5096767795940167e-05,23169.0,1.0,2025-07-14,,TAIUN
sku_channel,sku_channel::2016905|TAIUN,2016905,교체형,smooth,69020.0,tsb,"{'alpha': 0.1, 'beta': 0.2}",1.564460136643094e-14,1.1075511911522134e-13,2.0,11,6,,0.0,7.391224925598619e-16,3.1086244689504383e-15,34510.0,1.0,2023-07-03,,TAIUN
sku_channel,sku_channel::2017386|TAIUN,2017386,교체형,intermittent,68921.0,tsb,"{'alpha': 0.1, 'beta': 0.2}",5.769541456811705e-07,2.833454120483424e-06,2.0,11,6,,0.0,3.410675893696248e-08,1.3642702889615776e-07,22973.666666666668,1.0,2025-01-20,,TAIUN
sku_channel,sku_channel::2018958|TAIUN,2018958,교체형,lumpy,67769.0,sba,{'alpha': 0.3},0.07455974695344247,0.4634526494355151,2.0,11,6,0.013652508966809666,0.0,0.0031136864445704517,0.012396696173936572,11294.833333333334,1.0,2026-01-26,,TAIUN
sku_channel,sku_channel::1002840|TAIUN,1002840,교체형,intermittent,67541.0,tsb,"{'alpha': 0.1, 'beta': 0.2}",2.0674970726318708e-07,1.4042029562797131e-06,2.0,11,6,,0.0,1.6850007038074135e-08,6.740002655991617e-08,33770.5,1.0,2025-01-13,,TAIUN
sku_channel,sku_channel::2018954|TAIUN,2018954,교체형,lumpy,67161.0,tsb,"{'alpha': 0.1, 'beta': 0.2}",5.389219398124347e-06,2.586035560965515e-05,2.0,11,6,,0.0,8.183692488965058e-07,3.2734729773498117e-06,11193.5,1.0,2025-04-28,,TAIUN
sku_channel,sku_channel::2018332|DHL,2018332,교체형,intermittent,65903.0,sba,{'alpha': 0.05},0.20529850168412134,0.40420411501725545,1.884702235675703,11,6,-0.19868459837177632,0.0,0.0,0.0,0.0,0.0,,,DHL
sku_channel,sku_channel::2017773|DHL,2017773,교체형,lumpy,65783.0,sba,{'alpha': 0.05},0.051511150876029074,0.10979214458894908,0.7189310310109059,11,6,-0.1885038845237578,0.0,0.0,0.0,0.0,0.0,,,DHL
sku_channel,sku_channel::1009158|TAIUN,1009158,교체형,lumpy,65740.0,tsb,"{'alpha': 0.1, 'beta': 0.2}",0.0001646057634456128,0.000834092827309812,2.0,11,6,,0.0,1.336949366392915e-05,5.3476902205140675e-05,13148.0,1.0,2025-08-04,,TAIUN
sku_channel,sku_channel::1008397|TAIUN,1008397,교체형,lumpy,65279.0,tsb,"{'alpha': 0.1, 'beta': 0.2}",3.819547468007768e-07,1.950419222327598e-06,2.0,11,6,,0.0,1.709290463575578e-08,6.83716168126125e-08,9325.57142857143,1.0,2025-01-13,,TAIUN
sku_channel,sku_channel::1007777|TAIUN,1007777,교체형,lumpy,65136.0,tsb,"{'alpha': 0.1, 'beta': 0.2}",6.143937343117665e-05,0.00047958081316095097,2.0,11,6,,0.0,1.090251571481095e-05,4.360934967517771e-05,32568.0,1.0,2025-08-04,,TAIUN
sku_channel,sku_channel::1008745|TAIUN,1008745,교체형,lumpy,63847.0,sba,{'alpha': 0.05},0.022547017761770257,0.13590296757351095,2.0,11,6,0.013652508966809467,0.0,0.008796098264581761,0.03472288126772349,10641.166666666666,1.0,2026-03-02,,TAIUN
sku_channel,sku_channel::1006006|TAIUN,1006006,교체형,lumpy,63581.0,tsb,"{'alpha': 0.1, 'beta': 0.2}",9.992277240888865e-06,7.590187691219851e-05,2.0,11,6,,0.0,1.4749816106718247e-06,5.899913389062483e-06,31790.5,1.0,2025-06-02,,TAIUN
sku_channel,sku_channel::1007306|TAIUN,1007306,교체형,lumpy,63459.0,tsb,"{'alpha': 0.1, 'beta': 0.2}",2.8150926124597357e-05,0.00020864593230614,2.0,11,6,,0.0,3.5815992051058212e-06,1.432631985343047e-05,31729.5,1.0,2025-06-30,,TAIUN
sku_channel,sku_channel::2017901|TAIUN,2017901,교체형,lumpy,63333.0,tsb,"{'alpha': 0.1, 'beta': 0.2}",5.6591354788610506e-05,0.00043223294418587955,2.0,11,6,,0.0,1.6481061796354662e-06,6.5924084210466916e-06,21111.0,1.0,2025-05-26,,TAIUN
sku_channel,sku_channel::2019206|TAIUN_AIR,2019206,교체형,intermittent,60964.0,sba,{'alpha': 0.05},0.05387624519365803,0.17939711728886532,2.0,11,6,-0.7363636548430674,0.0,0.02607971367623611,0.10030843592822158,6773.777777777777,1.0,2026-03-30,,TAIUN_AIR
sku_channel,sku_channel::2019297|FEDEX,2019297,교체형,intermittent,60781.0,tsb,"{'alpha': 0.1, 'beta': 0.2}",0.004082591952008848,0.012947182857113862,2.0,11,6,-0.5847631037275748,0.0,0.0,0.0,0.0,0.0,,,FEDEX
sku_channel,sku_channel::2016929|DHL,2016929,교체형,lumpy,60719.0,sba,{'alpha': 0.3},0.11490121988633543,0.25984383586539017,1.1918814477804907,11,6,-0.15493043349625105,0.0,0.0,0.0,0.0,0.0,,,DHL
sku_channel,sku_channel::2019456|TAIUN,2019456,교체형,intermittent,60369.0,sba,{'alpha': 0.1},4244.540382073468,2504.0207398985176,1.9748526921717104,11,6,-0.11155917922407925,0.0,0.42230784000000005,0.888625467349394,12073.8,1.0,2026-06-01,,TAIUN
sku_channel,sku_channel::2017902|TAIUN,2017902,교체형,lumpy,59991.0,tsb,"{'alpha': 0.1, 'beta': 0.2}",0.07410321402067792,0.4082509072389659,2.0,11,6,-0.35409902280711514,0.0,0.0028868063630821646,0.011497319707557963,11998.2,1.0,2026-01-26,,TAIUN
sku_channel,sku_channel::2018010|TAIUN,2018010,교체형,lumpy,59843.0,tsb,"{'alpha': 0.1, 'beta': 0.2}",9.239859929678212e-09,3.142386446099999e-08,2.0,11,6,,0.0,7.759085006493994e-10,3.1036337944101433e-09,6649.222222222223,1.0,2024-09-23,,TAIUN
sku_channel,sku_channel::2018827|TAIUN,2018827,교체형,intermittent,59778.0,tsb,"{'alpha': 0.1, 'beta': 0.2}",7.801432826277611e-07,3.983037846526124e-06,2.0,11,6,,0.0,3.322333540467481e-08,1.3289333500310363e-07,19926.0,1.0,2025-01-20,,TAIUN
sku_channel,sku_channel::2017239|TAIUN,2017239,교체형,intermittent,59400.0,sba,{'alpha': 0.3},0.07017084054494185,0.20964348826693238,2.0,11,6,0.013652508966809472,0.0,0.0070368872398221234,0.027851833619315758,4569.2307692307695,1.0,2026-02-23,,TAIUN
sku_channel,sku_channel::2018332|FEDEX,2018332,교체형,lumpy,59299.0,sba,{'alpha': 0.05},0.052713168894776376,0.17071267197360104,2.0,11,6,0.013652508966809657,0.0,0.0,0.0,0.0,0.0,,,FEDEX
sku_channel,sku_channel::2018782|DHL,2018782,교체형,intermittent,58743.0,sba,{'alpha': 0.3},0.22444453089255514,0.461530350334256,0.4784280186106044,11,6,-0.7510771939257412,0.0,0.0,0.0,0.0,0.0,,,DHL
sku_channel,sku_channel::2018272|DHL,2018272,교체형,lumpy,58396.0,sba,{'alpha': 0.3},0.08126166945296583,0.15672339306929584,0.7231882867177388,11,6,0.16440620695367472,0.0,0.0,0.0,0.0,0.0,,,DHL
sku_channel,sku_channel::2018610|CUSTOMER_PICK_UP,2018610,교체형,intermittent,57744.0,sba,{'alpha': 0.05},0.05353924273132421,0.30987725016801154,2.0,11,6,-0.4818814050049292,0.0,0.021129798736087623,0.08187792039183983,19248.0,1.0,2026-03-16,,CUSTOMER_PICK_UP
sku_channel,sku_channel::2016957|FEDEX,2016957,교체형,lumpy,57708.0,sba,{'alpha': 0.3},0.013386642211642662,0.026521749704413993,2.0,11,6,0.013652508966809477,0.0,0.0,0.0,0.0,0.0,,,FEDEX
sku_channel,sku_channel::2016049|TAIUN,2016049,교체형,intermittent,56734.0,tsb,"{'alpha': 0.1, 'beta': 0.2}",1.2733002971569338e-07,7.292857498005534e-07,2.0,11,6,,0.0,4.417119487264274e-09,1.7668477680921058e-08,28367.0,1.0,2024-12-02,,TAIUN
sku_channel,sku_channel::1009219|TAIUN,1009219,교체형,lumpy,56663.0,tsb,"{'alpha': 0.1, 'beta': 0.2}",3.994258191467563e-06,3.066419359801164e-05,2.0,11,6,,0.0,1.0485074543594977e-07,4.194029157300605e-07,28331.5,1.0,2025-03-10,,TAIUN
sku_channel,sku_channel::1002787|TAIUN,1002787,교체형,lumpy,56331.0,tsb,"{'alpha': 0.1, 'beta': 0.2}",1.3224127465715028e-07,9.803848848043537e-07,2.0,11,6,,0.0,1.6850007038074135e-08,6.740002655991617e-08,28165.5,1.0,2025-01-13,,TAIUN
sku_channel,sku_channel::2018127|TAIUN,2018127,교체형,lumpy,56268.0,tsb,"{'alpha': 0.2, 'beta': 0.05}",0.3247387926201425,1.544825225078747,1.7338920517907122,11,6,0.05572777579416343,0.0,0.05946583138298119,0.21747483906250853,9378.0,1.0,2026-04-27,,TAIUN
sku_channel,sku_channel::2016929|FEDEX,2016929,교체형,lumpy,55816.0,sba,{'alpha': 0.3},0.06547082848610883,0.13866030159800227,2.0,11,6,0.013652508966809357,0.0,0.0,0.0,0.0,0.0,,,FEDEX
sku_channel,sku_channel::1008504|TAIUN,1008504,교체형,intermittent,54610.0,tsb,"{'alpha': 0.1, 'beta': 0.2}",1.3498512127598318e-13,7.98201587499674e-13,2.0,11,6,,0.0,5.9107651637382585e-15,2.353672812205332e-14,27305.0,1.0,2023-10-02,,TAIUN
sku_channel,sku_channel::1006661|TAIUN_AIR,1006661,교체형,lumpy,53702.0,tsb,"{'alpha': 0.1, 'beta': 0.2}",2.588639966320189e-06,1.6995084960963512e-05,2.0,11,6,,0.0,2.4520049018309483e-07,9.808015998258313e-07,17900.666666666668,1.0,2025-04-07,,TAIUN_AIR
sku_channel,sku_channel::1007826|TAIUN,1007826,교체형,lumpy,53177.0,tsb,"{'alpha': 0.1, 'beta': 0.2}",0.007894208509987701,0.025640180465822712,2.0,11,6,-0.5847631037275748,0.0,0.0006081136486342738,0.0024302366806693287,5317.7,1.0,2025-12-08,,TAIUN
sku_channel,sku_channel::1009220|TAIUN,1009220,교체형,intermittent,53000.0,tsb,"{'alpha': 0.1, 'beta': 0.2}",8.829147784705193e-06,5.0610525857059406e-05,2.0,11,6,,0.0,3.1091622584294056e-07,1.2436643235247402e-06,26500.0,1.0,2025-04-14,,TAIUN
sku_channel,sku_channel::1009303|TAIUN_AIR,1009303,교체형,lumpy,52422.0,tsb,"{'alpha': 0.1, 'beta': 0.2}",21.432215997368825,75.9096053157509,1.9999310229076148,11,6,5.0,0.0,0.10244399951507528,0.35099772567484955,10484.4,1.0,2026-05-18,,TAIUN_AIR
sku_channel,sku_channel::2016910|TAIUN,2016910,교체형,lumpy,52399.0,tsb,"{'alpha': 0.1, 'beta': 0.2}",1.1183077866362328e-12,6.435102637629348e-12,2.0,11,6,,0.0,5.2704471203030805e-14,2.1094237467877974e-13,17466.333333333332,1.0,2023-12-11,,TAIUN
sku_channel,sku_channel::2018703|TAIUN_AIR,2018703,교체형,intermittent,50000.0,tsb,"{'alpha': 0.1, 'beta': 0.2}",6.085873058496251e-06,3.751278628281098e-05,2.0,11,6,,0.0,1.666796486476924e-07,6.66718427910773e-07,25000.0,1.0,2025-03-17,,TAIUN_AIR
sku_channel,sku_channel::2017631|TAIUN,2017631,교체형,lumpy,48219.0,tsb,"{'alpha': 0.2, 'beta': 0.05}",1.6622064173173208,8.211527418804627,1.6870422132077827,11,6,2.6821905895223677,0.0,0.2398944138160924,0.6661928021577118,5357.666666666667,1.0,2026-05-25,,TAIUN
sku_channel,sku_channel::1008736|TAIUN,1008736,교체형,lumpy,48126.0,tsb,"{'alpha': 0.1, 'beta': 0.2}",0.0012050387027003552,0.005464607846573134,2.0,11,6,-0.5847631037275748,0.0,0.0001253044109383881,0.0005011234444506352,6015.75,1.0,2025-10-06,,TAIUN
sku_channel,sku_channel::1007753|TAIUN,1007753,교체형,lumpy,47226.0,tsb,"{'alpha': 0.1, 'beta': 0.2}",8.755722580782875e-05,0.0006651765390955928,2.0,11,6,,0.0,2.2970762816704573e-06,9.188273467186647e-06,23613.0,1.0,2025-06-16,,TAIUN
sku_channel,sku_channel::1009296|TAIUN_AIR,1009296,교체형,intermittent,47089.0,tsb,"{'alpha': 0.1, 'beta': 0.2}",1.5312534509591703e-05,8.97571164876982e-05,2.0,11,6,,0.0,6.397686845906965e-07,2.5590722825263867e-06,23544.5,1.0,2025-05-05,,TAIUN_AIR
sku_channel,sku_channel::2019490|TAIUN_AIR,2019490,교체형,lumpy,46769.0,sba,{'alpha': 0.05},0.02597268646103054,0.12434045337422134,2.0,11,6,0.013652508966809458,0.0,0.0029807544680063086,0.011869814344680596,9353.8,1.0,2026-01-26,,TAIUN_AIR
sku_channel,sku_channel::1006749|TAIUN,1006749,교체형,lumpy,46321.0,tsb,"{'alpha': 0.1, 'beta': 0.2}",0.01538648868376208,0.08825659883053699,2.0,11,6,-0.5847631037275748,0.0,0.0007555786372741897,0.003018890879744607,15440.333333333334,1.0,2025-12-15,,TAIUN
sku_channel,sku_channel::2018696|TAIUN_AIR,2018696,교체형,lumpy,45847.0,tsb,"{'alpha': 0.1, 'beta': 0.2}",2.105558350930261e-08,1.6729702781559867e-07,2.0,11,6,,0.0,4.2743564274641485e-09,1.709742558642091e-08,22923.5,1.0,2024-11-18,,TAIUN_AIR
sku_channel,sku_channel::2019394|TAIUN,2019394,교체형,intermittent,45397.0,sba,{'alpha': 0.05},0.031757127713193535,0.11590976857721785,2.0,11,6,-0.5354342785305232,0.0,0.021580544504966187,0.08356784367426617,6485.285714285715,1.0,2026-03-30,,TAIUN
sku_channel,sku_channel::2016911|TAIUN,2016911,교체형,intermittent,45077.0,tsb,"{'alpha': 0.1, 'beta': 0.2}",1.3030691332727298e-12,7.585270593914689e-12,2.0,11,6,,0.0,5.225988624510006e-14,2.091660178393795e-13,22538.5,1.0,2023-12-11,,TAIUN
sku_channel,sku_channel::1007755|TAIUN,1007755,교체형,lumpy,44208.0,tsb,"{'alpha': 0.1, 'beta': 0.2}",0.0008080765092071174,0.006412840054490984,2.0,11,6,-0.5847631037275748,0.0,2.1267647934383967e-05,8.506787789908099e-05,22104.0,1.0,2025-08-25,,TAIUN
sku_channel,sku_channel::1008763|TAIUN,1008763,교체형,lumpy,44000.0,tsb,"{'alpha': 0.1, 'beta': 0.2}",1.6013640745450516e-12,9.389159035216113e-12,2.0,11,6,,0.0,4.732456116560648e-14,1.8918200339612667e-13,14666.666666666666,1.0,2023-11-27,,TAIUN
sku_channel,sku_channel::2018399|TAIUN,2018399,교체형,smooth,43845.0,tsb,"{'alpha': 0.1, 'beta': 0.2}",4.166677237105414e-08,3.151514979072199e-07,2.0,11,6,,0.0,1.0671399033775257e-09,4.2685597279046306e-09,21922.5,1.0,2024-09-30,,TAIUN
sku_channel,sku_channel::1008771|TAIUN,1008771,교체형,lumpy,43497.0,sba,{'alpha': 0.05},0.09154288970285948,0.3353935400733214,2.0,11,6,-0.41999076504944083,0.0,0.042342803310693976,0.1589141886012585,4349.7,1.0,2026-04-06,,TAIUN
sku_channel,sku_channel::2017389|CUSTOMER_PICK_UP,2017389,교체형,intermittent,43200.0,tsb,"{'alpha': 0.1, 'beta': 0.2}",4.859683649881682e-09,2.7812206017562147e-08,2.0,11,6,,0.0,1.631220318765882e-10,6.52488285624031e-10,21600.0,1.0,2024-08-05,,CUSTOMER_PICK_UP
sku_channel,sku_channel::2018392|CUSTOMER_PICK_UP,2018392,교체형,intermittent,43200.0,tsb,"{'alpha': 0.1, 'beta': 0.2}",6.281080036535188e-07,3.594692670852487e-06,2.0,11,6,,0.0,2.108331759340014e-08,8.433326792456342e-08,21600.0,1.0,2025-01-20,,CUSTOMER_PICK_UP
sku_channel,sku_channel::2018395|TAIUN,2018395,교체형,lumpy,43126.0,tsb,"{'alpha': 0.1, 'beta': 0.2}",0.001535910199409116,0.007168726994052736,2.0,11,6,-0.5847631037275748,0.0,6.539316445666139e-05,0.0002615470013493937,8625.2,1.0,2025-09-29,,TAIUN
sku_channel,sku_channel::2017602|TAIUN,2017602,교체형,lumpy,43042.0,tsb,"{'alpha': 0.1, 'beta': 0.2}",1.153118638816994e-08,4.061878034774026e-08,2.0,11,6,,0.0,7.74336252758296e-10,3.0973450471094566e-09,3912.909090909091,1.0,2024-09-23,,TAIUN
sku_channel,sku_channel::2017384|TAIUN,2017384,교체형,intermittent,42988.0,tsb,"{'alpha': 0.1, 'beta': 0.2}",6.328094224284122e-07,3.4831758623631597e-06,2.0,11,6,,0.0,2.2589431177165385e-08,9.035772174925683e-08,14329.333333333334,1.0,2025-01-20,,TAIUN
sku_channel,sku_channel::2017905|TAIUN,2017905,교체형,lumpy,42752.0,tsb,"{'alpha': 0.1, 'beta': 0.2}",1.817394789771241e-05,0.0001460097173056653,2.0,11,6,,0.0,4.789048697707439e-07,1.9156181029211794e-06,21376.0,1.0,2025-04-28,,TAIUN
sku_channel,sku_channel::1009224|TAIUN,1009224,교체형,intermittent,42750.0,tsb,"{'alpha': 0.1, 'beta': 0.2}",1.5805661169706836e-05,8.608120014406781e-05,2.0,11,6,,0.0,8.482474748590432e-07,3.392985582162389e-06,14250.0,1.0,2025-05-05,,TAIUN
sku_channel,sku_channel::2017910|TAIUN,2017910,교체형,lumpy,41845.0,tsb,"{'alpha': 0.1, 'beta': 0.2}",0.0003423809905806463,0.0017849764040151143,2.0,11,6,,0.0,3.8629188764057024e-05,0.00015450780200154668,8369.0,1.0,2025-09-01,,TAIUN
sku_channel,sku_channel::1008625|TAIUN,1008625,교체형,lumpy,41267.0,sba,{'alpha': 0.3},0.06865882073933305,0.3906727751311827,2.0,11,6,-0.5574718970776241,0.0,0.028784295381782943,0.11026067635279568,4126.7,1.0,2026-03-23,,TAIUN
sku_channel,sku_channel::2016048|DHL,2016048,교체형,intermittent,41251.0,tsb,"{'alpha': 0.1, 'beta': 0.2}",1.9045893308650752e-08,9.538902856464998e-08,2.0,11,6,,0.0,0.0,0.0,0.0,0.0,,,DHL
sku_channel,sku_channel::2018959|TAIUN,2018959,교체형,intermittent,41040.0,sba,{'alpha': 0.05},0.03142252883854932,0.10548084672706774,2.0,11,6,0.013652508966809617,0.0,0.0031389760740450053,0.012496908889804037,5862.857142857143,1.0,2026-01-26,,TAIUN
sku_channel,sku_channel::2017460|CUSTOMER_PICK_UP,2017460,교체형,lumpy,40860.0,tsb,"{'alpha': 0.1, 'beta': 0.2}",5.829571964027634e-06,2.022937838876965e-05,2.0,11,6,,0.0,7.690362206761965e-07,3.0761413343238786e-06,3405.0,1.0,2025-05-12,,CUSTOMER_PICK_UP
sku_channel,sku_channel::1008882|TAIUN,1008882,교체형,lumpy,40798.0,sba,{'alpha': 0.3},0.09401275785940257,0.5100785198694466,1.706646575363422,11,6,-0.07159459655622702,0.0,0.09302209295897834,0.3233145583850502,8159.6,1.0,2026-05-11,,TAIUN
sku_channel,sku_channel::2019732|TAIUN,2019732,교체형,lumpy,40682.0,tsb,"{'alpha': 0.2, 'beta': 0.05}",1.3442998877961125,8.322104170992622,1.2870083589722043,11,6,0.5223214259705508,0.0,0.38878284119478457,0.860433190364624,5085.25,1.0,2026-06-01,,TAIUN
sku_channel,sku_channel::1007826|CUSTOMER_PICK_UP,1007826,교체형,intermittent,40443.0,tsb,"{'alpha': 0.1, 'beta': 0.2}",1.5556382588335465e-06,1.0391339163542352e-05,2.0,11,6,,0.0,4.1137614909324846e-08,1.6455044937746521e-07,20221.5,1.0,2025-02-10,,CUSTOMER_PICK_UP
sku_channel,sku_channel::2019526|TAIUN_AIR,2019526,교체형,lumpy,40350.0,sba,{'alpha': 0.05},0.05512690841865121,0.2643531082520438,2.0,11,6,0.347728906491834,0.0,0.03325993820882968,0.12654835986662294,6725.0,1.0,2026-03-30,,TAIUN_AIR
sku_channel,sku_channel::1009965|TAIUN,1009965,교체형,intermittent,40108.0,sba,{'alpha': 0.05},0.05250066693093951,0.3334023024881014,2.0,11,6,-0.932089677570801,0.0,0.03246995275776001,0.12368984449777665,20054.0,1.0,2026-03-30,,TAIUN
sku_channel,sku_channel::2019842|TAIUN,2019842,교체형,intermittent,40097.0,tsb,"{'alpha': 0.1, 'beta': 0.2}",1.586559808851974,11.783944998069282,0.8147095804788935,11,6,-0.9991843877530202,0.0,0.24271586918399998,0.6711215443303871,13365.666666666666,1.0,2026-06-01,,TAIUN
sku_channel,sku_channel::2019563|TAIUN,2019563,교체형,intermittent,39407.0,sba,{'alpha': 0.05},0.03898896133108526,0.11832156158516621,2.0,11,6,-0.8759902578404606,0.0,0.02421152059379298,0.09338532332420757,4378.555555555556,1.0,2026-03-23,,TAIUN
sku_channel,sku_channel::2018978|TAIUN,2018978,교체형,intermittent,39406.0,tsb,"{'alpha': 0.1, 'beta': 0.2}",1.4556756346447052e-06,9.175999341951464e-06,2.0,11,6,,0.0,8.533998011124415e-08,3.413598765877879e-07,19703.0,1.0,2025-02-24,,TAIUN
sku_channel,sku_channel::1007363|TAIUN,1007363,교체형,intermittent,39343.0,tsb,"{'alpha': 0.1, 'beta': 0.2}",4.498407660921132e-05,0.0002575635995720818,2.0,11,6,,0.0,1.4749816106718247e-06,5.899913389062483e-06,19671.5,1.0,2025-06-02,,TAIUN
sku_channel,sku_channel::2018905|CUSTOMER_PICK_UP,2018905,교체형,intermittent,39176.0,tsb,"{'alpha': 0.1, 'beta': 0.2}",6.249274142867101e-06,4.050357680061554e-05,2.0,11,6,,0.0,1.666796486476924e-07,6.66718427910773e-07,19588.0,1.0,2025-03-17,,CUSTOMER_PICK_UP
sku_channel,sku_channel::2017606|TAIUN,2017606,교체형,intermittent,38339.0,tsb,"{'alpha': 0.1, 'beta': 0.2}",5.0228090989786745e-08,2.6792394320146985e-07,2.0,11,6,,0.0,1.9936100101766907e-09,7.974440219271628e-09,12779.666666666666,1.0,2024-10-21,,TAIUN
sku_channel,sku_channel::1008803|TAIUN,1008803,교체형,lumpy,38152.0,tsb,"{'alpha': 0.1, 'beta': 0.2}",1.3972625811982476e-12,1.0559514529702797e-11,2.0,11,6,,0.0,3.664852715525846e-14,1.4654943925052066e-13,19076.0,1.0,2023-11-27,,TAIUN
sku_channel,sku_channel::2017140|TAIUN,2017140,교체형,intermittent,38114.0,tsb,"{'alpha': 0.1, 'beta': 0.2}",4.747375875765562e-13,2.7273834479605228e-12,2.0,11,6,,0.0,1.4947299179816084e-14,5.995204332975845e-14,19057.0,1.0,2023-10-23,,TAIUN
sku_channel,sku_channel::2018509|CUSTOMER_PICK_UP,2018509,교체형,intermittent,37484.0,sba,{'alpha': 0.05},0.04904823024734052,0.3018416638253459,2.0,11,6,-0.9258823748643671,0.0,0.018247494974570504,0.07101634614337848,18742.0,1.0,2026-03-16,,CUSTOMER_PICK_UP
sku_channel,sku_channel::1009135|TAIUN,1009135,교체형,intermittent,37000.0,tsb,"{'alpha': 0.1, 'beta': 0.2}",7.128937583374484e-06,4.027434089911721e-05,2.0,11,6,,0.0,3.0904942894733983e-07,1.2361971426511076e-06,12333.333333333334,1.0,2025-04-14,,TAIUN
sku_channel,sku_channel::2019838|TAIUN,2019838,교체형,intermittent,36551.0,tsb,"{'alpha': 0.1, 'beta': 0.2}",1.240216089129994,6.925609855662148,1.3637909505691497,11,6,0.18468845042940835,0.0,0.08094051089776641,0.28653200910728616,12183.666666666666,1.0,2026-04-27,,TAIUN
sku_channel,sku_channel::1009011|TAIUN,1009011,교체형,lumpy,36215.0,tsb,"{'alpha': 0.1, 'beta': 0.2}",5.733744492799497e-05,0.0002626965620219153,2.0,11,6,,0.0,2.4567427328431117e-06,9.826934717738212e-06,6035.833333333333,1.0,2025-06-02,,TAIUN
sku_channel,sku_channel::2019841|TAIUN,2019841,교체형,intermittent,35926.0,tsb,"{'alpha': 0.1, 'beta': 0.1}",0.7032287182550969,4.295128343786761,0.7773676195034374,11,6,-0.13666523781403517,0.0,0.1744466396273705,0.5355054763580915,11975.333333333334,1.0,2026-05-25,,TAIUN
sku_channel,sku_channel::2018977|TAIUN,2018977,교체형,intermittent,35680.0,sba,{'alpha': 0.05},0.052712887927186564,0.332995969418231,2.0,11,6,-0.973981334748003,0.0,0.017179890246458347,0.0669688645840405,17840.0,1.0,2026-03-23,,TAIUN
sku_channel,sku_channel::1007794|TAIUN,1007794,교체형,lumpy,35119.0,sba,{'alpha': 0.3},0.10980333059928474,0.9171893754188386,2.0,11,6,-0.46881816303738694,0.0,0.026843545600000806,0.10312757878049672,17559.5,1.0,2026-04-06,,TAIUN
sku_channel,sku_channel::1008884|TAIUN,1008884,교체형,lumpy,34947.0,croston,{'alpha': 0.2},0.1927399427478304,0.9474812313180135,1.663304933942004,11,6,0.6494724946529103,0.0,0.2235813527602181,0.6366009152620115,2912.25,1.0,2026-06-01,,TAIUN
sku_channel,sku_channel::2019710|TAIUN_AIR,2019710,교체형,intermittent,34760.0,tsb,"{'alpha': 0.2, 'beta': 0.05}",0.378775646943602,1.6132086956595455,0.8832815043295703,11,6,-0.42876322104264103,0.0,0.1149353105251369,0.38637922060315777,8690.0,1.0,2026-05-11,,TAIUN_AIR
sku_channel,sku_channel::1005681|TAIUN,1005681,교체형,lumpy,34468.0,sba,{'alpha': 0.05},0.061107963360207906,0.4518281262050135,1.5412016862141649,11,6,-0.01745379673941865,0.0,0.16544755410929968,0.5149186950820759,8617.0,1.0,2026-06-01,,TAIUN
sku_channel,sku_channel::1005677|TAIUN,1005677,교체형,lumpy,34111.0,tsb,"{'alpha': 0.1, 'beta': 0.2}",0.03883497248399033,0.26545097082288527,2.0,11,6,-0.02056227436031988,0.0,0.003613768742012381,0.014376907623893986,11370.333333333334,1.0,2026-02-02,,TAIUN
sku_channel,sku_channel::2017381|TAIUN,2017381,교체형,lumpy,33847.0,tsb,"{'alpha': 0.1, 'beta': 0.2}",3.5171448975871774e-07,2.6127789628040294e-06,2.0,11,6,,0.0,9.220038439219733e-09,3.688015304259551e-08,16923.5,1.0,2024-12-23,,TAIUN
sku_channel,sku_channel::2018698|TAIUN_AIR,2018698,교체형,intermittent,33799.0,tsb,"{'alpha': 0.1, 'beta': 0.2}",9.973551941158705e-08,5.873454554202045e-07,2.0,11,6,,0.0,4.2743564274641485e-09,1.709742558642091e-08,16899.5,1.0,2024-11-18,,TAIUN_AIR
sku_channel,sku_channel::2018009|CUSTOMER_PICK_UP,2018009,교체형,intermittent,33781.0,tsb,"{'alpha': 0.1, 'beta': 0.2}",1.0029197043803118e-09,5.265856931121253e-09,2.0,11,6,,0.0,6.397669005802893e-11,2.5590685126530843e-10,11260.333333333334,1.0,2024-07-22,,CUSTOMER_PICK_UP
sku_channel,sku_channel::2018611|FEDEX,2018611,교체형,lumpy,33763.0,sba,{'alpha': 0.05},0.01180805925284355,0.07192027823142269,1.6920240297126725,11,6,-0.014746100281710611,0.0,0.0,0.0,0.0,0.0,,,FEDEX
sku_channel,sku_channel::2017906|TAIUN,2017906,교체형,lumpy,33536.0,tsb,"{'alpha': 0.1, 'beta': 0.2}",0.08036581819471707,0.44747679296377507,2.0,11,6,-0.15315039965272978,0.0,0.0028870986634096313,0.011498478811787893,6707.2,1.0,2026-01-26,,TAIUN
sku_channel,sku_channel::2017631|DHL,2017631,교체형,lumpy,33104.0,sba,{'alpha': 0.15},0.19173218358413283,0.45434672844818863,0.8587443248007451,11,6,0.21370691055574212,0.0,0.0,0.0,0.0,0.0,,,DHL
sku_channel,sku_channel::1008389|TAIUN,1008389,교체형,lumpy,32908.0,tsb,"{'alpha': 0.1, 'beta': 0.2}",9.766153868382477e-07,7.798316647966511e-06,2.0,11,6,,0.0,2.4540424661309797e-07,9.81616624984305e-07,8227.0,1.0,2025-04-07,,TAIUN
sku_channel,sku_channel::1008623|TAIUN,1008623,교체형,lumpy,32810.0,sba,{'alpha': 0.3},0.04416127610675718,0.23570489499639943,2.0,11,6,-0.6197881795748139,0.0,0.026843548506879734,0.10312758949655187,4687.142857142857,1.0,2026-04-06,,TAIUN
sku_channel,sku_channel::2018562|TAIUN,2018562,교체형,intermittent,32532.0,sba,{'alpha': 0.05},0.028136305934301758,0.18985209342711143,2.0,11,6,0.013652508966809486,0.0,0.002327110657146259,0.009276000344544455,16266.0,1.0,2026-01-19,,TAIUN
sku_channel,sku_channel::2018969|TAIUN_AIR,2018969,교체형,intermittent,32519.0,tsb,"{'alpha': 0.1, 'beta': 0.2}",0.00011072563950836611,0.0004770156092273582,2.0,11,6,,0.0,4.914284593760495e-06,1.9656993474614914e-05,8129.75,1.0,2025-06-30,,TAIUN_AIR
sku_channel,sku_channel::1006093|TAIUN,1006093,교체형,lumpy,32452.0,tsb,"{'alpha': 0.1, 'beta': 0.2}",4.5553314785834855e-07,3.660082225302834e-06,2.0,11,6,,0.0,1.0140936055383404e-07,4.0563738057386445e-07,16226.0,1.0,2025-03-03,,TAIUN
sku_channel,sku_channel::1007710|TAIUN,1007710,교체형,lumpy,32374.0,tsb,"{'alpha': 0.1, 'beta': 0.2}",0.018237426415620643,0.1121324462183362,2.0,11,6,-0.5847631037275749,0.0,0.0006045271876018784,0.002415916915255889,8093.5,1.0,2025-12-08,,TAIUN
sku_channel,sku_channel::2017904|TAIUN,2017904,교체형,lumpy,32265.0,tsb,"{'alpha': 0.1, 'beta': 0.2}",0.08080780814222246,0.5511143454699164,2.0,11,6,-0.015442263621941295,0.0,0.0028868063630821646,0.011497319707557963,6453.0,1.0,2026-01-26,,TAIUN
sku_channel,sku_channel::2018991|TAIUN_AIR,2018991,교체형,lumpy,32079.0,sba,{'alpha': 0.3},0.06828767356473345,0.37913513120283354,2.0,11,6,0.013652508966809557,0.0,0.0029072650707161556,0.011578445361305922,8019.75,1.0,2026-01-26,,TAIUN_AIR
sku_channel,sku_channel::1009225|TAIUN,1009225,교체형,intermittent,31968.0,tsb,"{'alpha': 0.1, 'beta': 0.2}",3.7062886764535624e-06,2.2128811617244537e-05,2.0,11,6,,0.0,1.0485074543594977e-07,4.194029157300605e-07,15984.0,1.0,2025-03-10,,TAIUN
sku_channel,sku_channel::1007635|TAIUN,1007635,교체형,intermittent,31822.0,tsb,"{'alpha': 0.1, 'beta': 0.2}",0.001645171825374008,0.009552086229527508,2.0,11,6,-0.5847631037275749,0.0,6.490371073213552e-05,0.00025958956907201625,15911.0,1.0,2025-09-29,,TAIUN
sku_channel,sku_channel::1007914|TAIUN,1007914,교체형,intermittent,31697.0,tsb,"{'alpha': 0.1, 'beta': 0.2}",7.321877674743915e-09,3.4219010855709225e-08,2.0,11,6,,0.0,3.0443359074361776e-10,1.2177343577945976e-09,10565.666666666666,1.0,2024-09-02,,TAIUN
sku_channel,sku_channel::1007977|TAIUN,1007977,교체형,lumpy,31034.0,tsb,"{'alpha': 0.1, 'beta': 0.2}",7.956281125491265e-05,0.0004935971295740505,2.0,11,6,,0.0,1.721101884514426e-05,6.884229808579168e-05,7758.5,1.0,2025-08-18,,TAIUN
sku_channel,sku_channel::2017386|CUSTOMER_PICK_UP,2017386,교체형,intermittent,30991.0,tsb,"{'alpha': 0.1, 'beta': 0.2}",5.6566735690057305e-08,3.4939314044195685e-07,2.0,11,6,,0.0,1.5468657727437614e-09,6.187462986417813e-09,15495.5,1.0,2024-10-28,,CUSTOMER_PICK_UP
sku_channel,sku_channel::1008804|TAIUN,1008804,교체형,intermittent,30951.0,sba,{'alpha': 0.05},0.3753885620281594,1.101167822479249,0.9333597934705669,11,6,-0.3988230245388947,0.0,0.10271989626181646,0.3517953364001922,6190.2,1.0,2026-05-04,,TAIUN
sku_channel,sku_channel::2019241|DHL,2019241,교체형,intermittent,30780.0,tsb,"{'alpha': 0.1, 'beta': 0.2}",0.004780291821131458,0.016851342958292864,2.0,11,6,-0.5847631037275748,0.0,0.0,0.0,0.0,0.0,,,DHL
sku_channel,sku_channel::2019481|TAIUN,2019481,교체형,intermittent,30466.0,tsb,"{'alpha': 0.1, 'beta': 0.1}",0.6266226610992673,2.4023714511226597,0.8901585040341793,11,6,0.2616478974136054,0.0,0.23489245827644237,0.6573190742798334,4352.285714285715,1.0,2026-06-01,,TAIUN
sku_channel,sku_channel::1009591|TAIUN,1009591,교체형,intermittent,30134.0,tsb,"{'alpha': 0.1, 'beta': 0.2}",0.006753403135907604,0.039197545802385415,2.0,11,6,-0.5847631037275749,0.0,0.0002025305553253726,0.0008098761427748347,15067.0,1.0,2025-11-03,,TAIUN
sku_channel,sku_channel::1008316|TAIUN,1008316,교체형,lumpy,29733.0,sba,{'alpha': 0.3},0.09959576027881088,0.5458171890785984,1.7045118245937365,11,6,-0.7856266625274971,0.0,0.2268550332774925,0.6426911841361842,4955.5,1.0,2026-06-08,,TAIUN
sku_channel,sku_channel::2018272|FEDEX,2018272,교체형,lumpy,29570.0,sba,{'alpha': 0.05},0.07750162383791542,0.18865022120972894,2.0,11,6,0.009302642214704232,0.0,0.0,0.0,0.0,0.0,,,FEDEX
sku_channel,sku_channel::1007775|TAIUN,1007775,교체형,lumpy,29479.0,tsb,"{'alpha': 0.1, 'beta': 0.2}",0.0429533179969336,0.15110465234932527,2.0,11,6,-0.2964014525369749,0.0,0.00511167787176592,0.0202904695575874,2679.909090909091,1.0,2026-02-09,,TAIUN
sku_channel,sku_channel::2018782|FEDEX,2018782,교체형,lumpy,29210.0,sba,{'alpha': 0.3},0.7574457980603058,3.0752705432827345,1.6443750571997808,11,6,-0.034886717532382976,0.0,0.0,0.0,0.0,0.0,,,FEDEX
sku_channel,sku_channel::2018606|TAIUN,2018606,교체형,lumpy,28821.0,sba,{'alpha': 0.05},0.01063978186044404,0.04862324242286265,1.316857616145784,11,6,-0.9473368863183441,0.0,0.14550522146759004,0.4668644372265853,4117.285714285715,1.0,2026-05-25,,TAIUN
sku_channel,sku_channel::2016957|DHL,2016957,교체형,lumpy,28498.0,tsb,"{'alpha': 0.1, 'beta': 0.2}",0.004745035563961754,0.013285070356752,2.0,11,6,-0.5847631037275748,0.0,0.0,0.0,0.0,0.0,,,DHL
sku_channel,sku_channel::2017775|TAIUN,2017775,교체형,lumpy,28456.0,tsb,"{'alpha': 0.1, 'beta': 0.2}",0.004635684755026432,0.017451668479069073,2.0,11,6,-0.5847631037275749,0.0,0.0002978121731373103,0.001190716645652845,2845.6,1.0,2025-11-03,,TAIUN
sku_channel,sku_channel::1008549|TAIUN,1008549,교체형,lumpy,28307.0,sba,{'alpha': 0.05},4.558562781614217,16.340653145861666,1.905520904307009,11,6,1.003476293891118,0.0,0.08642359967274293,0.3034063854721383,4043.8571428571427,1.0,2026-05-11,,TAIUN
sku_channel,sku_channel::1009646|TAIUN,1009646,교체형,intermittent,28191.0,sba,{'alpha': 0.3},0.3626995641628449,1.0753741205397136,1.8576723723496869,11,6,0.6007842286098571,0.0,0.19498399378566997,0.5800301991637744,4698.5,1.0,2026-06-01,,TAIUN
sku_channel,sku_channel::2018008|CUSTOMER_PICK_UP,2018008,교체형,lumpy,28100.0,tsb,"{'alpha': 0.1, 'beta': 0.2}",0.027847426027221216,0.1197850365737169,2.0,11,6,-0.3710693482212609,0.0,0.0018468125078245003,0.007366810916845767,3122.222222222222,1.0,2026-01-12,,CUSTOMER_PICK_UP
sku_channel,sku_channel::1008405|TAIUN,1008405,교체형,intermittent,27903.0,tsb,"{'alpha': 0.1, 'beta': 0.2}",4.046927686674189e-09,1.3081549696147962e-08,2.0,11,6,,0.0,2.4371813267709856e-10,9.748726270686348e-10,3986.1428571428573,1.0,2024-09-02,,TAIUN
sku_channel,sku_channel::2018393|TAIUN,2018393,교체형,intermittent,27861.0,tsb,"{'alpha': 0.1, 'beta': 0.2}",4.8429246022305e-07,2.712543702420842e-06,2.0,11,6,,0.0,2.3102714954909402e-08,9.241085663358461e-08,9287.0,1.0,2025-01-20,,TAIUN
sku_channel,sku_channel::2018096|FEDEX,2018096,교체형,lumpy,27699.0,sba,{'alpha': 0.05},0.03517747881311476,0.1286911025566235,2.0,11,6,0.01363284255911547,0.0,0.0,0.0,0.0,0.0,,,FEDEX
sku_channel,sku_channel::1005682|TAIUN,1005682,교체형,lumpy,27340.0,tsb,"{'alpha': 0.2, 'beta': 0.05}",1.5517826762611928,6.606850720467932,1.880819123300074,11,6,-0.7188167189646089,0.0,0.20109808176724914,0.5926442454859296,3905.714285714286,1.0,2026-06-01,,TAIUN
sku_channel,sku_channel::2018979|TAIUN,2018979,교체형,intermittent,27306.0,croston,{'alpha': 0.1},0.3529670673233283,2.4403176110686204,1.7197826598051253,11,6,0.0016080045654802701,0.0,0.05242886427752178,0.19379164930259873,13653.0,1.0,2026-04-27,,TAIUN
sku_channel,sku_channel::1005673|TAIUN,1005673,교체형,intermittent,27134.0,sba,{'alpha': 0.05},0.8757918038139747,3.4566322180286093,1.8736045275047648,11,6,5.0,0.0,0.17100600531788035,0.5277134932360998,5426.8,1.0,2026-06-01,,TAIUN
sku_channel,sku_channel::1005910|TAIUN,1005910,교체형,lumpy,27075.0,tsb,"{'alpha': 0.1, 'beta': 0.2}",0.0010087207634430209,0.008134097414985837,2.0,11,6,-0.5847631037275748,0.0,2.6591461662052726e-05,0.0001063616040885007,13537.5,1.0,2025-09-01,,TAIUN
sku_channel,sku_channel::1008398|TAIUN,1008398,교체형,lumpy,26973.0,tsb,"{'alpha': 0.1, 'beta': 0.2}",4.0483616964461446e-07,2.3598732216751596e-06,2.0,11,6,,0.0,8.137225902589005e-08,3.254889964221519e-07,2997.0,1.0,2025-02-24,,TAIUN
sku_channel,sku_channel::2019462|TAIUN,2019462,교체형,lumpy,26790.0,sba,{'alpha': 0.05},0.01941989598020961,0.0613961211602649,1.6850718261120958,11,6,-0.9628401307470452,0.0,0.31610502127505996,0.7812451652108579,1488.3333333333333,1.0,2026-06-08,,TAIUN
sku_channel,sku_channel::2018097|DHL,2018097,교체형,lumpy,26462.0,tsb,"{'alpha': 0.1, 'beta': 0.2}",0.00045946992281427064,0.0011028667870943666,2.0,11,6,-0.5847631037275749,0.0,0.0,0.0,0.0,0.0,,,DHL
sku_channel,sku_channel::1009651|TAIUN,1009651,교체형,lumpy,26356.0,sba,{'alpha': 0.2},0.14513316806477564,0.5191487182696933,1.9165320178832805,11,6,-0.40267804716174477,0.0,0.047832976279938856,0.1780364746643458,4392.666666666667,1.0,2026-04-13,,TAIUN
sku_channel,sku_channel::1008768|TAIUN,1008768,교체형,lumpy,26226.0,sba,{'alpha': 0.3},0.09460337314497676,0.6471792845831028,1.5012791527289098,11,6,-0.14286625250958343,0.0,0.12501784014239145,0.4138661639195286,4371.0,1.0,2026-05-11,,TAIUN
sku_channel,sku_channel::1006937|TAIUN,1006937,교체형,lumpy,25957.0,tsb,"{'alpha': 0.1, 'beta': 0.2}",8.590653294681934e-08,3.5026993706197503e-07,2.0,11,6,,0.0,5.8655082341676926e-09,2.3462032539001143e-08,4326.166666666667,1.0,2024-12-02,,TAIUN
sku_channel,sku_channel::1007871|TAIUN_AIR,1007871,교체형,lumpy,25765.0,tsb,"{'alpha': 0.1, 'beta': 0.2}",1.3319879957186637e-07,4.695550235303347e-07,2.0,11,6,,0.0,1.5644365577623764e-08,6.257746087978688e-08,2576.5,1.0,2025-01-06,,TAIUN_AIR
sku_channel,sku_channel::1009054|TAIUN,1009054,교체형,intermittent,25765.0,tsb,"{'alpha': 0.1, 'beta': 0.2}",5.099842992033822e-07,3.408624468457467e-06,2.0,11,6,,0.0,1.3484347847997574e-08,5.393739033188183e-08,12882.5,1.0,2025-01-06,,TAIUN
sku_channel,sku_channel::1009085|TAIUN,1009085,교체형,intermittent,25225.0,sba,{'alpha': 0.3},0.07933596236015844,0.4435408186628627,2.0,11,6,-0.9572926509195304,0.0,0.021475435190642374,0.08317397955723482,8408.333333333334,1.0,2026-03-30,,TAIUN
sku_channel,sku_channel::2016728|TAIUN_AIR,2016728,교체형,intermittent,25000.0,tsb,"{'alpha': 0.1, 'beta': 0.2}",1.9087132314053618e-08,1.1139989782412792e-07,2.0,11,6,,0.0,7.778264211644465e-10,3.111305879599513e-09,12500.0,1.0,2024-09-23,,TAIUN_AIR
sku_channel,sku_channel::2019221|TAIUN_AIR,2019221,교체형,lumpy,24943.0,sba,{'alpha': 0.05},0.026426574430963256,0.17887501836835865,2.0,11,6,-0.13035435733468176,0.0,0.025984064359310242,0.0999549467860752,4988.6,1.0,2026-03-30,,TAIUN_AIR
sku_channel,sku_channel::1008888|TAIUN,1008888,교체형,lumpy,24789.0,sba,{'alpha': 0.05},0.027104144740201116,0.21980124579843494,2.0,11,6,0.01360790538232048,0.0,0.010995129757746587,0.04326046407709916,8263.0,1.0,2026-03-09,,TAIUN
sku_channel,sku_channel::1008097|TAIUN_AIR,1008097,교체형,lumpy,24678.0,tsb,"{'alpha': 0.1, 'beta': 0.2}",1.394588988115532e-08,1.0371747640544976e-07,2.0,11,6,,0.0,1.809985329523938e-09,7.239941535175376e-09,12339.0,1.0,2024-11-04,,TAIUN_AIR
sku_channel,sku_channel::1008878|TAIUN,1008878,교체형,lumpy,24472.0,tsb,"{'alpha': 0.1, 'beta': 0.2}",3.0285332695559926e-09,2.3609233889387584e-08,2.0,11,6,,0.0,7.958496797906137e-11,3.183400210104992e-10,12236.0,1.0,2024-07-29,,TAIUN
sku_channel,sku_channel::2019709|TAIUN_AIR,2019709,교체형,intermittent,23995.0,sba,{'alpha': 0.05},0.032025266170745414,0.12923630340965556,0.8509979916204884,11,6,-0.9518664503607991,0.0,0.11356160266714059,0.3825607417634197,4799.0,1.0,2026-05-11,,TAIUN_AIR
sku_channel,sku_channel::1008745|CUSTOMER_PICK_UP,1008745,교체형,lumpy,23965.0,tsb,"{'alpha': 0.1, 'beta': 0.2}",3.7800344317864684e-05,0.00021294874388696157,2.0,11,6,,0.0,7.011567890565613e-06,2.8045976590895805e-05,5991.25,1.0,2025-07-21,,CUSTOMER_PICK_UP
sku_channel,sku_channel::2018097|FEDEX,2018097,교체형,lumpy,23789.0,tsb,"{'alpha': 0.1, 'beta': 0.2}",4.014287965778257e-05,0.00010975976078194661,2.0,11,6,,0.0,0.0,0.0,0.0,0.0,,,FEDEX
sku_channel,sku_channel::2018608|TAIUN,2018608,교체형,lumpy,23528.0,sba,{'alpha': 0.05},0.01106256944759521,0.08761962020768782,2.0,11,6,-0.9991382063594086,0.0,0.01721516497250888,0.06710280830581916,7842.666666666667,1.0,2026-03-23,,TAIUN
sku_channel,sku_channel::1008985|TAIUN_AIR,1008985,교체형,intermittent,23262.0,tsb,"{'alpha': 0.1, 'beta': 0.2}",3.942487059657395e-06,2.650167875816119e-05,2.0,11,6,,0.0,3.065124581038776e-07,1.226049268665541e-06,11631.0,1.0,2025-04-14,,TAIUN_AIR
sku_channel,sku_channel::1009097|TAIUN,1009097,교체형,lumpy,23108.0,sba,{'alpha': 0.05},0.015789595883583696,0.12760232490275839,2.0,11,6,-0.9992104846851279,0.0,0.026843610199927103,0.1031278169246771,5777.0,1.0,2026-04-06,,TAIUN
sku_channel,sku_channel::2018610|FEDEX,2018610,교체형,lumpy,22662.0,tsb,"{'alpha': 0.1, 'beta': 0.2}",0.0057000023375119715,0.04540266156135961,2.0,11,6,-0.288524013384489,0.0,0.0,0.0,0.0,0.0,,,FEDEX
sku_channel,sku_channel::2017909|TAIUN,2017909,교체형,lumpy,22635.0,tsb,"{'alpha': 0.1, 'beta': 0.2}",6.658769865230069e-05,0.00043940388109918026,2.0,11,6,,0.0,1.940406507101647e-06,7.761603437517195e-06,7545.0,1.0,2025-06-02,,TAIUN
sku_channel,sku_channel::2017682|DHL,2017682,교체형,intermittent,22631.0,tsb,"{'alpha': 0.1, 'beta': 0.2}",0.0014134852475942614,0.004707425107861863,2.0,11,6,-0.5847631037275748,0.0,0.0,0.0,0.0,0.0,,,DHL
sku_channel,sku_channel::2019334|TAIUN,2019334,교체형,lumpy,22589.0,sba,{'alpha': 0.3},0.39519149376014756,1.4478987311897018,1.373515208219709,11,6,5.0,0.0,0.1341456936709505,0.4379443925114931,1411.8125,1.0,2026-05-25,,TAIUN
sku_channel,sku_channel::1006362|TAIUN_AIR,1006362,교체형,intermittent,22526.0,tsb,"{'alpha': 0.1, 'beta': 0.2}",1.047948574884461e-08,6.043615548722978e-08,2.0,11,6,,0.0,3.2240533951572396e-10,1.2896212986390765e-09,11263.0,1.0,2024-09-02,,TAIUN_AIR
sku_channel,sku_channel::2018129|TAIUN,2018129,교체형,intermittent,22130.0,tsb,"{'alpha': 0.1, 'beta': 0.2}",1.1574701883477391e-09,5.068540009806882e-09,2.0,11,6,,0.0,1.1805961450111178e-10,4.722382485056187e-10,4426.0,1.0,2024-07-29,,TAIUN
sku_channel,sku_channel::1009100|TAIUN,1009100,교체형,intermittent,22000.0,tsb,"{'alpha': 0.1, 'beta': 0.2}",4.8599162127158144e-08,2.7928232470457356e-07,2.0,11,6,,0.0,1.5269728434539617e-09,6.107891525886089e-09,11000.0,1.0,2024-10-28,,TAIUN
sku_channel,sku_channel::1009778|TAIUN,1009778,교체형,intermittent,21990.0,sba,{'alpha': 0.05},0.023535080231891173,0.12432911535903853,2.0,11,6,-0.017513273899678293,0.0,0.013444253594938272,0.05270221406694031,7330.0,1.0,2026-03-09,,TAIUN
sku_channel,sku_channel::2019731|TAIUN,2019731,교체형,intermittent,21892.0,sba,{'alpha': 0.05},0.02384600058422744,0.11124603623195527,2.0,11,6,-0.9505349114351835,0.0,0.024430509868507734,0.0941989097506516,4378.4,1.0,2026-03-30,,TAIUN
sku_channel,sku_channel::2016877|CUSTOMER_PICK_UP,2016877,교체형,lumpy,21739.0,sba,{'alpha': 0.3},0.06770044819484104,0.12449526741358719,2.0,11,6,0.3827854340098717,0.0,0.030457349891231923,0.11637565311801357,472.5869565217391,1.0,2026-03-30,,CUSTOMER_PICK_UP
sku_channel,sku_channel::1009081|TAIUN,1009081,교체형,lumpy,21555.0,sba,{'alpha': 0.05},0.04220328457936212,0.2765884051931337,2.0,11,6,-0.6181456970833742,0.0,0.021516374918525663,0.08332740341039857,7185.0,1.0,2026-03-30,,TAIUN
sku_channel,sku_channel::1008887|TAIUN,1008887,교체형,intermittent,21532.0,tsb,"{'alpha': 0.1, 'beta': 0.2}",0.07661640842906844,0.38732924936852703,2.0,11,6,-0.21510578819412532,0.0,0.0036028832356037764,0.014333835241018389,7177.333333333333,1.0,2026-02-02,,TAIUN
sku_channel,sku_channel::1006403|TAIUN,1006403,교체형,lumpy,21445.0,tsb,"{'alpha': 0.1, 'beta': 0.2}",2.5921263723466744e-11,1.6448535848746634e-10,2.0,11,6,,0.0,4.981661300895349e-12,1.992672693518216e-11,5361.25,1.0,2024-04-29,,TAIUN
sku_channel,sku_channel::2018957|TAIUN,2018957,교체형,intermittent,21380.0,tsb,"{'alpha': 0.1, 'beta': 0.2}",0.003637125620795392,0.012913170557080864,2.0,11,6,-0.5847631037275748,0.0,0.0002619892245110271,0.0010475451398469504,3563.3333333333335,1.0,2025-10-27,,TAIUN
sku_channel,sku_channel::2019307|TAIUN,2019307,교체형,lumpy,21358.0,sba,{'alpha': 0.05},0.025873448156583184,0.13303197073165238,2.0,11,6,0.013652508966809557,0.0,0.008833448943424863,0.03486836785336256,4271.6,1.0,2026-03-02,,TAIUN
sku_channel,sku_channel::2017466|DHL,2017466,교체형,intermittent,21340.0,tsb,"{'alpha': 0.1, 'beta': 0.2}",1.5772000435378748e-12,5.215804465896243e-12,2.0,11,6,,0.0,0.0,0.0,0.0,0.0,,,DHL
sku_channel,sku_channel::2018097|TAIUN,2018097,교체형,erratic,21277.0,tsb,"{'alpha': 0.1, 'beta': 0.2}",2.3897262867682037e-05,0.00010360675006986906,2.0,11,6,,0.0,6.660990674506808e-05,0.00026641300688456937,394.01851851851853,1.0,2025-08-11,,TAIUN
sku_channel,sku_channel::2018356|DHL,2018356,교체형,lumpy,21269.0,tsb,"{'alpha': 0.1, 'beta': 0.2}",0.4435018210632569,1.1250230765290514,0.3780890832789617,11,6,-0.044123589252361275,0.0,0.0,0.0,0.0,0.0,,,DHL
sku_channel,sku_channel::2018194|CUSTOMER_PICK_UP,2018194,교체형,intermittent,21246.0,tsb,"{'alpha': 0.1, 'beta': 0.2}",7.616919914415115e-07,4.626537606988707e-06,2.0,11,6,,0.0,2.1126115718306078e-08,8.450446031815773e-08,10623.0,1.0,2025-01-20,,CUSTOMER_PICK_UP
sku_channel,sku_channel::2019839|TAIUN,2019839,교체형,lumpy,21081.0,sba,{'alpha': 0.3},0.22538766247515765,0.9430906426538018,1.8823408246084228,11,6,-0.39046523168804975,0.0,0.0640133650736472,0.23249963666888418,5270.25,1.0,2026-04-20,,TAIUN
sku_channel,sku_channel::2019702|TAIUN,2019702,교체형,intermittent,21000.0,sba,{'alpha': 0.05},0.047759658319721454,0.20004038871071517,2.0,11,6,-0.9217944862672532,0.0,0.02215125141920974,0.0857041737969857,4200.0,1.0,2026-03-30,,TAIUN
sku_channel,sku_channel::2018334|TAIUN,2018334,교체형,intermittent,20939.0,tsb,"{'alpha': 0.1, 'beta': 0.2}",5.853191214241351e-06,2.762845851616713e-05,2.0,11,6,,0.0,2.3730051966919943e-07,9.492017408740949e-07,6979.666666666667,1.0,2025-03-24,,TAIUN
sku_channel,sku_channel::1006683|TAIUN,1006683,교체형,intermittent,20784.0,tsb,"{'alpha': 0.1, 'beta': 0.2}",1.7265345178306759e-12,1.1698792006140544e-11,2.0,11,6,,0.0,4.552827697159295e-14,1.8207657603852567e-13,10392.0,1.0,2023-11-27,,TAIUN
sku_channel,sku_channel::2016910|TAIUN_AIR,2016910,교체형,lumpy,20619.0,tsb,"{'alpha': 0.1, 'beta': 0.2}",5.908014483179296e-07,2.1723134330762464e-06,2.0,11,6,,0.0,4.338714245819627e-08,1.735485584131169e-07,2061.9,1.0,2025-02-10,,TAIUN_AIR
sku_channel,sku_channel::1008945|TAIUN,1008945,교체형,lumpy,20419.0,croston,{'alpha': 0.2},0.5231601697955008,1.76304509479222,1.9660530519090773,11,6,-0.4937413344973163,0.0,0.033555906981851166,0.1276175023501599,5104.75,1.0,2026-04-13,,TAIUN
sku_channel,sku_channel::2019307|DHL,2019307,교체형,lumpy,20400.0,sba,{'alpha': 0.05},0.06844861584940345,0.2966769065370205,1.688163236893254,11,6,-0.07483228127484519,0.0,0.0,0.0,0.0,0.0,,,DHL
sku_channel,sku_channel::2018708|FEDEX,2018708,교체형,lumpy,20107.0,tsb,"{'alpha': 0.1, 'beta': 0.2}",6.107048780199428e-06,2.081945710748281e-05,2.0,11,6,,0.0,0.0,0.0,0.0,0.0,,,FEDEX
sku_channel,sku_channel::1008180|TAIUN_AIR,1008180,교체형,lumpy,20099.0,tsb,"{'alpha': 0.1, 'beta': 0.2}",2.7377768202184177e-06,2.2119953439596676e-05,2.0,11,6,,0.0,6.397686845906965e-07,2.5590722825263867e-06,10049.5,1.0,2025-05-05,,TAIUN_AIR
sku_channel,sku_channel::2017272|FEDEX,2017272,교체형,lumpy,20002.0,tsb,"{'alpha': 0.1, 'beta': 0.2}",5.561520589536531e-09,1.6700467036066816e-08,2.0,11,6,,0.0,0.0,0.0,0.0,0.0,,,FEDEX
sku_channel,sku_channel::1009641|TAIUN,1009641,교체형,intermittent,20000.0,tsb,"{'alpha': 0.1, 'beta': 0.2}",0.030530297228398874,0.2037642195176359,2.0,11,6,-0.5093605318778157,0.0,0.0008075016058444968,0.0032260961760465223,10000.0,1.0,2025-12-15,,TAIUN
sku_channel,sku_channel::2019297|DHL,2019297,교체형,lumpy,19707.0,croston,{'alpha': 0.2},0.08925395330854502,0.353190909792054,1.3059972277193106,11,6,1.9865062831916633,0.0,0.0,0.0,0.0,0.0,,,DHL
sku_channel,sku_channel::2019524|DHL,2019524,교체형,lumpy,19573.0,sba,{'alpha': 0.2},0.10122989239297457,0.379601650489025,1.1134418328230544,11,6,0.3068715316116063,0.0,0.0,0.0,0.0,0.0,,,DHL
sku_channel,sku_channel::2016990|DHL,2016990,교체형,lumpy,19480.0,tsb,"{'alpha': 0.2, 'beta': 0.05}",0.24880021580143802,1.0769437957127586,1.4131650014114125,11,6,0.3747111379690777,0.0,0.0,0.0,0.0,0.0,,,DHL
sku_channel,sku_channel::1008056|TAIUN_AIR,1008056,교체형,lumpy,19399.0,tsb,"{'alpha': 0.1, 'beta': 0.2}",0.0010091575584828105,0.00808437825643464,2.0,11,6,-0.5847631037275749,0.0,2.6584565383837846e-05,0.00010633402117588009,9699.5,1.0,2025-09-01,,TAIUN_AIR
sku_channel,sku_channel::2019402|TAIUN,2019402,교체형,intermittent,19381.0,sba,{'alpha': 0.05},0.05059086497955363,0.25432627489949206,2.0,11,6,-0.9391471945344312,0.0,0.02147677688649386,0.08317900794050692,6460.333333333333,1.0,2026-03-30,,TAIUN
sku_channel,sku_channel::1009650|TAIUN,1009650,교체형,lumpy,19371.0,croston,{'alpha': 0.1},0.420910659096118,2.734048460081898,1.825464141420549,11,6,0.04930710219136232,0.0,0.0635307360314217,0.23091540650334663,6457.0,1.0,2026-04-27,,TAIUN
sku_channel,sku_channel::2018097|CUSTOMER_PICK_UP,2018097,교체형,lumpy,18832.0,tsb,"{'alpha': 0.1, 'beta': 0.2}",0.000828914240954119,0.0019253907691863525,2.0,11,6,-0.5847631037275748,0.0,0.00014930410482975906,0.0005970826823370468,672.5714285714286,1.0,2025-10-20,,CUSTOMER_PICK_UP
sku_channel,sku_channel::2018605|TAIUN,2018605,교체형,intermittent,18166.0,tsb,"{'alpha': 0.1, 'beta': 0.2}",0.014218436418803361,0.08782470593357194,2.0,11,6,-0.5104095248945049,0.0,0.0007629192348358481,0.0030481864406669557,9083.0,1.0,2025-12-08,,TAIUN
sku_channel,sku_channel::2019437|TAIUN,2019437,교체형,lumpy,18095.0,sba,{'alpha': 0.05},0.022717955425801562,0.07213111107346028,1.4566558471570479,11,6,-0.961872033147832,0.0,0.30042502127505993,0.7604825983136578,952.3684210526316,1.0,2026-05-18,,TAIUN
sku_channel,sku_channel::2017666|FEDEX,2017666,교체형,lumpy,18055.0,tsb,"{'alpha': 0.1, 'beta': 0.2}",1.903373006544547e-05,4.432404114545817e-05,2.0,11,6,,0.0,0.0,0.0,0.0,0.0,,,FEDEX
sku_channel,sku_channel::1007709|TAIUN,1007709,교체형,lumpy,18035.0,tsb,"{'alpha': 0.1, 'beta': 0.2}",7.958437815001215e-09,6.215723627619303e-08,2.0,11,6,,0.0,1.4882403603325164e-09,5.952961235067278e-09,6011.666666666667,1.0,2024-10-28,,TAIUN
sku_channel,sku_channel::2018361|TAIUN,2018361,교체형,intermittent,18000.0,tsb,"{'alpha': 0.1, 'beta': 0.1}",0.5040804005509165,2.275383420629214,0.7417655446287066,11,6,0.16386394184805023,0.0,0.18732238662204664,0.5638125297239605,3000.0,1.0,2026-05-25,,TAIUN
sku_channel,sku_channel::1008606|TAIUN,1008606,교체형,lumpy,17845.0,tsb,"{'alpha': 0.1, 'beta': 0.2}",1.1478267489076014e-06,6.504996503797455e-06,2.0,11,6,,0.0,1.9406132542930755e-07,7.76245075884141e-07,2974.1666666666665,1.0,2025-03-17,,TAIUN
sku_channel,sku_channel::2018336|DHL,2018336,교체형,lumpy,17798.0,sba,{'alpha': 0.05},0.01274779018742537,0.03593393420308825,0.7348425506535191,11,6,-0.7293332434288561,0.0,0.0,0.0,0.0,0.0,,,DHL
sku_channel,sku_channel::1008899|TAIUN,1008899,교체형,lumpy,17797.0,tsb,"{'alpha': 0.1, 'beta': 0.2}",0.000542062056926732,0.002728974956861758,2.0,11,6,-0.5847631037275749,0.0,6.538261571901346e-05,0.00026150481467523967,4449.25,1.0,2025-09-29,,TAIUN
sku_channel,sku_channel::1007932|TAIUN_AIR,1007932,교체형,intermittent,17762.0,tsb,"{'alpha': 0.1, 'beta': 0.2}",1.0341359012169995e-12,4.965393416130907e-12,2.0,11,6,,0.0,5.3012129824134544e-14,2.1183055309847987e-13,5920.666666666667,1.0,2023-12-11,,TAIUN_AIR
sku_channel,sku_channel::1008605|TAIUN,1008605,교체형,lumpy,17677.0,tsb,"{'alpha': 0.1, 'beta': 0.2}",7.068233174408044e-08,4.776686330109149e-07,2.0,11,6,,0.0,1.3674343098217056e-08,5.469737129892849e-08,4419.25,1.0,2025-01-06,,TAIUN
sku_channel,sku_channel::2020251|TAIUN,2020251,교체형,intermittent,17468.0,sba,{'alpha': 0.05},0.047152843871387635,0.28883829461129307,2.0,11,6,-0.9519943543361921,0.0,0.021683468811370503,0.08395339717552674,8734.0,1.0,2026-03-23,,TAIUN
sku_channel,sku_channel::2017778|TAIUN,2017778,교체형,lumpy,17292.0,tsb,"{'alpha': 0.1, 'beta': 0.2}",0.0031290846583488722,0.014617713412843273,2.0,11,6,-0.5847631037275749,0.0,0.0002267577135247199,0.0009067223863712393,2882.0,1.0,2025-10-27,,TAIUN
sku_channel,sku_channel::1008981|TAIUN_AIR,1008981,교체형,lumpy,17212.0,tsb,"{'alpha': 0.1, 'beta': 0.2}",1.4856942678855127e-06,1.1479352644903977e-05,2.0,11,6,,0.0,2.453935534372916e-07,9.815738526430806e-07,8606.0,1.0,2025-04-07,,TAIUN_AIR
sku_channel,sku_channel::1008909|TAIUN_AIR,1008909,교체형,intermittent,17078.0,tsb,"{'alpha': 0.1, 'beta': 0.2}",8.844729679549912e-05,0.0006134175852554932,2.0,11,6,,0.0,2.324733922269496e-06,9.298903262733305e-06,8539.0,1.0,2025-06-16,,TAIUN_AIR
sku_channel,sku_channel::2018060|TAIUN,2018060,교체형,lumpy,16688.0,tsb,"{'alpha': 0.1, 'beta': 0.2}",8.69042870737263e-06,6.247859893905358e-05,2.0,11,6,,0.0,9.353936404782867e-07,3.74156931193248e-06,8344.0,1.0,2025-05-19,,TAIUN
sku_channel,sku_channel::1009976|TAIUN,1009976,교체형,intermittent,16674.0,croston,{'alpha': 0.1},0.21763628152487646,1.180827396200235,1.936645670274971,10,6,,0.0,0.21099511627776002,0.6124580095366907,8337.0,1.0,2026-06-08,,TAIUN
sku_channel,sku_channel::2018332|TAIUN_AIR,2018332,교체형,intermittent,16581.0,tsb,"{'alpha': 0.1, 'beta': 0.2}",1.9147106553989641,11.551516193693226,1.6777611057537396,11,6,-0.4592737359360525,0.0,0.1034597401907317,0.35393057809892736,5527.0,1.0,2026-05-11,,TAIUN_AIR
sku_channel,sku_channel::2018968|TAIUN_AIR,2018968,교체형,intermittent,16521.0,tsb,"{'alpha': 0.1, 'beta': 0.2}",6.542233128692333e-06,4.10993654967022e-05,2.0,11,6,,0.0,1.7696405213087207e-07,7.078560204654138e-07,8260.5,1.0,2025-03-17,,TAIUN_AIR
sku_channel,sku_channel::2018980|TAIUN,2018980,교체형,intermittent,16467.0,sba,{'alpha': 0.05},0.04232910595647341,0.2786334704285986,2.0,11,6,-0.984827493485533,0.0,0.017179890246458347,0.0669688645840405,8233.5,1.0,2026-03-23,,TAIUN
sku_channel,sku_channel::2018702|TAIUN_AIR,2018702,교체형,intermittent,16427.0,sba,{'alpha': 0.3},0.06060772535228709,0.3677499711448551,2.0,11,6,0.08250538075706305,0.0,0.02147484075435643,0.08317175173313895,5475.666666666667,1.0,2026-03-30,,TAIUN_AIR
sku_channel,sku_channel::2018096|DHL,2018096,교체형,lumpy,16413.0,sba,{'alpha': 0.05},0.08332508681254935,0.2999166052911044,1.2979664911088618,11,6,-0.32863118003247155,0.0,0.0,0.0,0.0,0.0,,,DHL
sku_channel,sku_channel::2017898|TAIUN,2017898,교체형,intermittent,16280.0,tsb,"{'alpha': 0.1, 'beta': 0.2}",4.174949599406351e-05,0.00025128636908438743,2.0,11,6,,0.0,1.169201323114876e-06,4.6767970901528955e-06,8140.0,1.0,2025-05-26,,TAIUN
sku_channel,sku_channel::2020151|FEDEX,2020151,교체형,lumpy,16231.0,sba,{'alpha': 0.05},0.02507157772400802,0.1478525459374862,1.9846204421026858,11,6,-0.8878352510220188,0.0,0.0,0.0,0.0,0.0,,,FEDEX
sku_channel,sku_channel::2019283|TAIUN,2019283,교체형,lumpy,16138.0,sba,{'alpha': 0.05},0.018096693301932074,0.07532317841774827,2.0,11,6,-0.9549863418828106,0.0,0.0242465251498295,0.09351540863380081,1613.8,1.0,2026-03-30,,TAIUN
sku_channel,sku_channel::2017911|TAIUN,2017911,교체형,lumpy,15678.0,tsb,"{'alpha': 0.1, 'beta': 0.2}",0.00011413981555568722,0.0008968569474781882,2.0,11,6,,0.0,3.3334002551826626e-06,1.3333534351400722e-05,5226.0,1.0,2025-06-23,,TAIUN
sku_channel,sku_channel::2014868|TAIUN,2014868,교체형,lumpy,15523.0,tsb,"{'alpha': 0.1, 'beta': 0.2}",4.1409594950294864e-05,0.00023813287224607677,2.0,11,6,,0.0,3.5725470293739806e-06,1.4290111539305705e-05,5174.333333333333,1.0,2025-06-30,,TAIUN
sku_channel,sku_channel::1005519|TAIUN,1005519,교체형,lumpy,15302.0,sba,{'alpha': 0.05},0.03763033924395761,0.25118355540118115,2.0,11,6,0.013379909880853113,0.0,0.014597996173923291,0.0571257737487606,5100.666666666667,1.0,2026-03-09,,TAIUN
sku_channel,sku_channel::1007634|TAIUN,1007634,교체형,lumpy,15274.0,tsb,"{'alpha': 0.1, 'beta': 0.2}",0.010638500473346206,0.05618895176895184,2.0,11,6,-0.5847631037275748,0.0,0.0007668507968866328,0.0030638766301502862,3818.5,1.0,2025-12-15,,TAIUN
sku_channel,sku_channel::2017631|FEDEX,2017631,교체형,lumpy,15269.0,sba,{'alpha': 0.05},0.11699538619872027,0.4128901545014094,2.0,11,6,0.013384606389607104,0.0,0.0,0.0,0.0,0.0,,,FEDEX
sku_channel,sku_channel::1007817|TAIUN,1007817,교체형,lumpy,15230.0,tsb,"{'alpha': 0.1, 'beta': 0.2}",1.991432047420767e-05,0.00011683939189881507,2.0,11,6,,0.0,3.601854594038915e-06,1.4407340536148894e-05,1903.75,1.0,2025-06-30,,TAIUN
sku_channel,sku_channel::1008776|TAIUN,1008776,교체형,intermittent,15223.0,tsb,"{'alpha': 0.1, 'beta': 0.2}",0.018660650826125405,0.08743798328381629,2.0,11,6,-0.5847631037275748,0.0,0.000755578716833126,0.00301889119725951,5074.333333333333,1.0,2025-12-15,,TAIUN
sku_channel,sku_channel::1006439|TAIUN,1006439,교체형,intermittent,15200.0,tsb,"{'alpha': 0.1, 'beta': 0.2}",4.2599843655670014e-14,2.5982071369215185e-13,2.0,11,6,,0.0,1.1769809942004868e-15,4.884981308350689e-15,7600.0,1.0,2023-07-31,,TAIUN
sku_channel,sku_channel::2018043|FEDEX,2018043,교체형,lumpy,15176.0,tsb,"{'alpha': 0.1, 'beta': 0.2}",0.04339729163802943,0.09897563410380783,2.0,11,6,-0.17267518634119278,0.0,0.0,0.0,0.0,0.0,,,FEDEX
sku_channel,sku_channel::2017609|DHL,2017609,교체형,lumpy,15020.0,tsb,"{'alpha': 0.1, 'beta': 0.2}",1.1452721931795384e-05,4.315734566227148e-05,2.0,11,6,,0.0,0.0,0.0,0.0,0.0,,,DHL
sku_channel,sku_channel::1008071|TAIUN,1008071,교체형,intermittent,15008.0,sba,{'alpha': 0.3},0.05611425178083886,0.3948194734737965,2.0,11,6,0.010659389162673954,0.0,0.014597995979656404,0.057125773005229474,7504.0,1.0,2026-03-09,,TAIUN
sku_channel,sku_channel::2018095|TAIUN_AIR,2018095,교체형,intermittent,15000.0,tsb,"{'alpha': 0.1, 'beta': 0.2}",1.6121325564852977e-08,9.72538790528101e-08,2.0,11,6,,0.0,7.778264211644465e-10,3.111305879599513e-09,7500.0,1.0,2024-09-23,,TAIUN_AIR
sku_channel,sku_channel::1007944|TAIUN,1007944,교체형,lumpy,14963.0,sba,{'alpha': 0.05},0.1064948054162491,0.5203941094204676,2.0,11,6,0.4573115370412182,0.0,0.05044247600466919,0.18701016161131478,1662.5555555555557,1.0,2026-04-06,,TAIUN
sku_channel,sku_channel::2014868|TAIUN_AIR,2014868,교체형,intermittent,14824.0,tsb,"{'alpha': 0.1, 'beta': 0.2}",2.86573465066348e-12,1.6421271212096832e-11,2.0,11,6,,0.0,1.0033033380470143e-13,4.014566457044566e-13,7412.0,1.0,2024-01-01,,TAIUN_AIR
sku_channel,sku_channel::2017486|FEDEX,2017486,교체형,lumpy,14799.0,tsb,"{'alpha': 0.1, 'beta': 0.2}",4.286636808354746e-08,1.4518314375288145e-07,2.0,11,6,,0.0,0.0,0.0,0.0,0.0,,,FEDEX
sku_channel,sku_channel::2019701|TAIUN,2019701,교체형,intermittent,14596.0,tsb,"{'alpha': 0.2, 'beta': 0.05}",0.6338551295421243,2.25034977158251,1.727364656011299,11,6,5.0,0.0,0.18400988206827557,0.5566572641063141,1824.5,1.0,2026-06-01,,TAIUN
sku_channel,sku_channel::2018976|TAIUN,2018976,교체형,intermittent,14418.0,tsb,"{'alpha': 0.1, 'beta': 0.2}",2.8933745950478383e-06,1.689010612479346e-05,2.0,11,6,,0.0,8.533998011124415e-08,3.413598765877879e-07,7209.0,1.0,2025-02-24,,TAIUN
sku_channel,sku_channel::2019401|TAIUN,2019401,교체형,intermittent,14398.0,tsb,"{'alpha': 0.1, 'beta': 0.2}",7.539224332029405e-05,0.0003783754553561511,2.0,11,6,,0.0,5.508525725622552e-06,2.203392084021427e-05,4799.333333333333,1.0,2025-06-30,,TAIUN
sku_channel,sku_channel::1007640|TAIUN,1007640,교체형,intermittent,14343.0,tsb,"{'alpha': 0.1, 'beta': 0.2}",7.279370892043707e-12,3.5202705823929576e-11,2.0,11,6,,0.0,3.522459294625335e-13,1.4090950628542487e-12,4781.0,1.0,2024-01-29,,TAIUN
sku_channel,sku_channel::2019621|TAIUN,2019621,교체형,intermittent,14234.0,sba,{'alpha': 0.05},0.04970819127655728,0.3047266592295292,2.0,11,6,-0.018182126345326056,0.0,0.01101638392569256,0.04334270451046862,7117.0,1.0,2026-03-09,,TAIUN
sku_channel,sku_channel::2018336|FEDEX,2018336,교체형,intermittent,14200.0,sba,{'alpha': 0.05},0.07384840427252662,0.22222922248466684,2.0,11,6,0.013652508966809342,0.0,0.0,0.0,0.0,0.0,,,FEDEX
sku_channel,sku_channel::2018397|TAIUN,2018397,교체형,intermittent,14164.0,tsb,"{'alpha': 0.1, 'beta': 0.2}",1.9325992214759905e-06,1.1060359391578733e-05,2.0,11,6,,0.0,6.487037727609112e-08,2.594814839662618e-07,7082.0,1.0,2025-02-24,,TAIUN
sku_channel,sku_channel::2016876|CUSTOMER_PICK_UP,2016876,교체형,lumpy,13943.0,sba,{'alpha': 0.3},0.06600434205315518,0.1830255148326215,2.0,11,6,0.39141925513764153,0.0,0.03266226123098177,0.12438634640601687,774.6111111111111,1.0,2026-03-30,,CUSTOMER_PICK_UP
sku_channel,sku_channel::2019754|TAIUN_AIR,2019754,교체형,intermittent,13920.0,sba,{'alpha': 0.3},0.27398522188541,1.2994049193260568,1.6764976898371227,11,6,-0.8490045826091523,0.0,0.1149353105251369,0.38637922060315777,3480.0,1.0,2026-05-11,,TAIUN_AIR
sku_channel,sku_channel::2017460|DHL,2017460,교체형,lumpy,13765.0,tsb,"{'alpha': 0.1, 'beta': 0.2}",7.616840042351605e-05,0.00030249264194250183,2.0,11,6,,0.0,0.0,0.0,0.0,0.0,,,DHL
sku_channel,sku_channel::2016957|CUSTOMER_PICK_UP,2016957,교체형,lumpy,13659.0,tsb,"{'alpha': 0.1, 'beta': 0.2}",0.0006025973721195867,0.0013430423211527199,2.0,11,6,-0.5847631037275748,0.0,0.00014634585119576875,0.0005852549146708741,359.44736842105266,1.0,2025-10-06,,CUSTOMER_PICK_UP
sku_channel,sku_channel::1008556|TAIUN,1008556,교체형,lumpy,13630.0,tsb,"{'alpha': 0.1, 'beta': 0.2}",3.011038301921108e-09,1.4035379008078123e-08,2.0,11,6,,0.0,1.9451442580986886e-10,7.780576183336052e-10,2726.0,1.0,2024-08-26,,TAIUN
sku_channel,sku_channel::1009227|TAIUN,1009227,교체형,lumpy,13606.0,sba,{'alpha': 0.05},0.041387840387129095,0.2639868512673385,2.0,11,6,0.013652508966809439,0.0,0.008799679038530772,0.034736829640705125,3401.5,1.0,2026-03-02,,TAIUN
sku_channel,sku_channel::2017238|FEDEX,2017238,교체형,lumpy,13498.0,tsb,"{'alpha': 0.1, 'beta': 0.2}",1.9656733438405708e-08,7.321505428649478e-08,2.0,11,6,,0.0,0.0,0.0,0.0,0.0,,,FEDEX
sku_channel,sku_channel::2017647|FEDEX,2017647,교체형,lumpy,13441.0,tsb,"{'alpha': 0.1, 'beta': 0.2}",3.4134323772551406e-09,9.893745451469528e-09,2.0,11,6,,0.0,0.0,0.0,0.0,0.0,,,FEDEX
sku_channel,sku_channel::1008772|TAIUN,1008772,교체형,lumpy,13426.0,sba,{'alpha': 0.3},0.0669616984362935,0.35560011757176097,0.9565719750609611,11,6,-0.010429702773350187,0.0,0.09790266935686384,0.3377627724649228,2237.6666666666665,1.0,2026-05-11,,TAIUN
sku_channel,sku_channel::1008886|TAIUN,1008886,교체형,lumpy,13402.0,sba,{'alpha': 0.3},0.10212302533745239,0.627182796862107,2.0,11,6,0.01362567803404881,0.0,0.01549871943883788,0.060568450037345456,3350.5,1.0,2026-03-09,,TAIUN
sku_channel,sku_channel::2016098|TAIUN,2016098,교체형,lumpy,13388.0,tsb,"{'alpha': 0.1, 'beta': 0.2}",1.834105091741556e-05,0.00010027255976326535,2.0,11,6,,0.0,2.9187731003779416e-06,1.1675041285963417e-05,3347.0,1.0,2025-06-23,,TAIUN
sku_channel,sku_channel::2018410|DHL,2018410,교체형,lumpy,13280.0,sba,{'alpha': 0.3},1.054974261125832,2.580333169640102,0.9257687668140263,11,6,-0.17522641015025958,0.0,0.0,0.0,0.0,0.0,,,DHL
sku_channel,sku_channel::1008519|TAIUN,1008519,교체형,lumpy,13164.0,tsb,"{'alpha': 0.1, 'beta': 0.2}",1.277178775978178e-07,1.0167248154412951e-06,2.0,11,6,,0.0,2.6328074742457607e-08,1.0531229477361848e-07,6582.0,1.0,2025-01-27,,TAIUN
sku_channel,sku_channel::2016791|TAIUN,2016791,교체형,lumpy,13043.0,tsb,"{'alpha': 0.1, 'beta': 0.2}",1.8691401021878967e-05,0.00014734506853073318,2.0,11,6,,0.0,3.568129911712035e-06,1.4272443257912215e-05,6521.5,1.0,2025-06-30,,TAIUN
sku_channel,sku_channel::2019307|FEDEX,2019307,교체형,intermittent,13000.0,tsb,"{'alpha': 0.1, 'beta': 0.2}",0.0001381534262074939,0.0008979951542835802,2.0,11,6,,0.0,0.0,0.0,0.0,0.0,,,FEDEX
sku_channel,sku_channel::1009146|TAIUN,1009146,교체형,lumpy,13000.0,tsb,"{'alpha': 0.1, 'beta': 0.2}",5.423558288777988e-07,4.066000216532523e-06,2.0,11,6,,0.0,1.4221042713404377e-08,5.688416948590458e-08,6500.0,1.0,2025-01-06,,TAIUN
sku_channel,sku_channel::1008643|TAIUN,1008643,교체형,lumpy,12977.0,sba,{'alpha': 0.3},0.05123203912219974,0.20448096896542065,2.0,11,6,0.013652508966809411,0.0,0.008796131877380778,0.03472301220209195,1441.888888888889,1.0,2026-03-02,,TAIUN
sku_channel,sku_channel::1007473|TAIUN,1007473,교체형,lumpy,12536.0,tsb,"{'alpha': 0.1, 'beta': 0.2}",8.322657238076917e-07,6.480010330726112e-06,2.0,11,6,,0.0,1.967523192708895e-07,7.870090450445844e-07,3134.0,1.0,2025-03-31,,TAIUN
sku_channel,sku_channel::1008624|TAIUN,1008624,교체형,lumpy,12531.0,tsb,"{'alpha': 0.1, 'beta': 0.2}",0.07661570436287546,0.3010705544798521,1.9439138719760223,11,6,-0.20225506397767673,0.0,0.2036046898551961,0.5977326583884803,1392.3333333333333,1.0,2026-06-08,,TAIUN
sku_channel,sku_channel::1008781|TAIUN,1008781,교체형,intermittent,12482.0,tsb,"{'alpha': 0.1, 'beta': 0.2}",5.4987557685974883e-08,3.76890142897741e-07,2.0,11,6,,0.0,1.4474029407847662e-09,5.789611901008129e-09,6241.0,1.0,2024-10-28,,TAIUN
sku_channel,sku_channel::1008780|TAIUN,1008780,교체형,intermittent,12421.0,sba,{'alpha': 0.3},0.11199997112324872,0.5242875553548173,2.0,11,6,0.010830264014923156,0.0,0.01107090902423542,0.043553658540055884,3105.25,1.0,2026-03-09,,TAIUN
sku_channel,sku_channel::1007788|TAIUN,1007788,교체형,lumpy,12419.0,tsb,"{'alpha': 0.1, 'beta': 0.2}",0.002363408210340688,0.014286280242237782,2.0,11,6,-0.5847631037275748,0.0,7.588657334870926e-05,0.0003035117425106426,3104.75,1.0,2025-09-29,,TAIUN
sku_channel,sku_channel::1007175|TAIUN,1007175,교체형,lumpy,12412.0,tsb,"{'alpha': 0.1, 'beta': 0.2}",0.010623495223380974,0.06837591098507804,2.0,11,6,-0.5811122146244043,0.0,0.0018862127885040571,0.007523531192318855,2482.4,1.0,2026-01-12,,TAIUN
sku_channel,sku_channel::2018045|DHL,2018045,교체형,intermittent,12244.0,tsb,"{'alpha': 0.1, 'beta': 0.2}",1.9821513833723777e-08,8.658306226490312e-08,2.0,11,6,,0.0,0.0,0.0,0.0,0.0,,,DHL
sku_channel,sku_channel::2017272|CUSTOMER_PICK_UP,2017272,교체형,lumpy,12242.0,tsb,"{'alpha': 0.1, 'beta': 0.2}",5.781096186799412e-10,2.115282082433151e-09,2.0,11,6,,0.0,1.434081349916414e-10,5.73632696898585e-10,612.1,1.0,2024-07-29,,CUSTOMER_PICK_UP
sku_channel,sku_channel::2019729|DHL,2019729,교체형,lumpy,12020.0,sba,{'alpha': 0.15},0.05692086426797568,0.3662488814831318,1.8991672293495387,11,6,0.03256000518558052,0.0,0.0,0.0,0.0,0.0,,,DHL
sku_channel,sku_channel::2019276|TAIUN,2019276,교체형,lumpy,12005.0,sba,{'alpha': 0.05},0.011260989159575619,0.050418702188210096,1.5421841307592585,11,6,-0.10192248212322376,0.0,0.28552527810528044,0.7394161644113572,1000.4166666666666,1.0,2026-06-08,,TAIUN
sku_channel,sku_channel::2017249|CUSTOMER_PICK_UP,2017249,교체형,lumpy,11954.0,tsb,"{'alpha': 0.1, 'beta': 0.2}",8.068202191119955e-07,2.9370071326273923e-06,2.0,11,6,,0.0,2.6875819702621986e-07,1.0750323546915297e-06,543.3636363636364,1.0,2025-03-17,,CUSTOMER_PICK_UP
sku_channel,sku_channel::2018008|DHL,2018008,교체형,lumpy,11898.0,tsb,"{'alpha': 0.1, 'beta': 0.2}",0.03393867891055201,0.11348565554033657,2.0,11,6,-0.4230609500494447,0.0,0.0,0.0,0.0,0.0,,,DHL
sku_channel,sku_channel::1007827|TAIUN,1007827,교체형,lumpy,11811.0,tsb,"{'alpha': 0.1, 'beta': 0.2}",3.913994211304487e-07,1.6601506124029884e-06,2.0,11,6,,0.0,3.734592088926523e-08,1.4938367531858177e-07,1687.2857142857142,1.0,2025-02-03,,TAIUN
sku_channel,sku_channel::1008732|TAIUN,1008732,교체형,lumpy,11763.0,tsb,"{'alpha': 0.1, 'beta': 0.2}",4.239592210983666e-05,0.00021185068871725082,2.0,11,6,,0.0,1.8595529153528864e-06,7.4381909136445046e-06,1680.4285714285713,1.0,2025-06-02,,TAIUN
sku_channel,sku_channel::1009891|TAIUN,1009891,교체형,intermittent,11728.0,croston,{'alpha': 0.1},0.199549267074774,1.1332271630707103,1.92874014111387,10,6,,0.0,0.20230584300921373,0.5951019887444707,5864.0,1.0,2026-06-08,,TAIUN
sku_channel,sku_channel::2017731|TAIUN,2017731,교체형,lumpy,11579.0,tsb,"{'alpha': 0.1, 'beta': 0.2}",3.1014054704227755e-07,1.5007511844973373e-06,2.0,11,6,,0.0,2.1162870153790836e-08,8.465147782743543e-08,2315.8,1.0,2025-01-20,,TAIUN
sku_channel,sku_channel::2019270|DHL,2019270,교체형,lumpy,11562.0,tsb,"{'alpha': 0.2, 'beta': 0.05}",0.38899982195842026,0.9435607406647996,0.3335077550991567,11,6,-0.01700016495294141,0.0,0.0,0.0,0.0,0.0,,,DHL
sku_channel,sku_channel::2018800|DHL,2018800,교체형,intermittent,11543.0,tsb,"{'alpha': 0.1, 'beta': 0.2}",1.4236493384998115e-05,5.5772547307963734e-05,2.0,11,6,,0.0,0.0,0.0,0.0,0.0,,,DHL
sku_channel,sku_channel::2017683|DHL,2017683,교체형,lumpy,11539.0,tsb,"{'alpha': 0.1, 'beta': 0.2}",1.897223467058059e-08,6.303689689796233e-08,2.0,11,6,,0.0,0.0,0.0,0.0,0.0,,,DHL
sku_channel,sku_channel::1008733|TAIUN,1008733,교체형,lumpy,11442.0,sba,{'alpha': 0.3},0.0778024829099558,0.5481398813373801,2.0,11,6,0.13572695367999588,0.0,0.026843547047434198,0.10312758411638323,2860.5,1.0,2026-04-06,,TAIUN
sku_channel,sku_channel::1006741|TAIUN,1006741,교체형,lumpy,11435.0,tsb,"{'alpha': 0.1, 'beta': 0.2}",1.4999761082977983e-12,8.654327142996132e-12,2.0,11,6,,0.0,2.882550403535157e-13,1.1528555887707626e-12,2858.75,1.0,2024-01-29,,TAIUN
sku_channel,sku_channel::2016811|TAIUN,2016811,교체형,intermittent,11434.0,tsb,"{'alpha': 0.1, 'beta': 0.2}",1.2651153506952709e-13,8.039355933490116e-13,2.0,11,6,,0.0,7.680407521913566e-15,3.064215547965432e-14,5717.0,1.0,2023-10-02,,TAIUN
sku_channel,sku_channel::1008889|TAIUN,1008889,교체형,intermittent,11368.0,sba,{'alpha': 0.3},0.10899550813112702,0.7060419504563269,2.0,11,6,0.013652508966809546,0.0,0.008796093022221247,0.03472286084677645,5684.0,1.0,2026-03-02,,TAIUN
sku_channel,sku_channel::2018509|TAIUN,2018509,교체형,lumpy,11280.0,tsb,"{'alpha': 0.1, 'beta': 0.2}",1.47204565959116e-05,0.00010662097974360811,2.0,11,6,,0.0,1.6481061663914712e-06,6.592408368200076e-06,5640.0,1.0,2025-05-26,,TAIUN
sku_channel,sku_channel::1007871|TAIUN,1007871,교체형,intermittent,11276.0,tsb,"{'alpha': 0.1, 'beta': 0.2}",2.335230255720288e-10,9.918708623773557e-10,2.0,11,6,,0.0,8.586701617009737e-12,3.434674766822354e-11,2255.2,1.0,2024-05-06,,TAIUN
sku_channel,sku_channel::1008874|TAIUN,1008874,교체형,intermittent,11011.0,sba,{'alpha': 0.3},0.08617308536793336,0.4971139749920344,2.0,11,6,0.18982766689536062,0.0,0.02684354913370738,0.10312759180731856,3670.3333333333335,1.0,2026-04-06,,TAIUN
sku_channel,sku_channel::2018156|FEDEX,2018156,교체형,lumpy,11006.0,tsb,"{'alpha': 0.1, 'beta': 0.2}",3.737926804311194e-06,1.7941633242501458e-05,2.0,11,6,,0.0,0.0,0.0,0.0,0.0,,,FEDEX
sku_channel,sku_channel::2018332|CUSTOMER_PICK_UP,2018332,교체형,intermittent,11000.0,tsb,"{'alpha': 0.1, 'beta': 0.2}",7.533121629723097e-06,3.184063358229504e-05,2.0,11,6,,0.0,2.902291383982673e-07,1.1609160481818037e-06,2750.0,1.0,2025-03-31,,CUSTOMER_PICK_UP
sku_channel,sku_channel::2019879|TAIUN_AIR,2019879,교체형,intermittent,10780.0,sba,{'alpha': 0.3},0.07845607234242112,0.34265691972188567,1.1206997749779706,11,6,-0.8998945797685937,0.0,0.11509376685016544,0.38681853757611084,2156.0,1.0,2026-05-11,,TAIUN_AIR
sku_channel,sku_channel::2017631|TAIUN_AIR,2017631,교체형,intermittent,10766.0,sba,{'alpha': 0.05},0.055566426978471,0.3173818664754105,2.0,11,6,0.013652508966809496,0.0,0.0029559187008419835,0.011771353303659748,3588.6666666666665,1.0,2026-01-26,,TAIUN_AIR
sku_channel,sku_channel::2017606|DHL,2017606,교체형,lumpy,10762.0,tsb,"{'alpha': 0.1, 'beta': 0.2}",1.4565267620386427e-06,6.9517016793231e-06,2.0,11,6,,0.0,0.0,0.0,0.0,0.0,,,DHL
sku_channel,sku_channel::2017606|FEDEX,2017606,교체형,lumpy,10632.0,tsb,"{'alpha': 0.1, 'beta': 0.2}",6.811049771825553e-07,2.552962257450137e-06,2.0,11,6,,0.0,0.0,0.0,0.0,0.0,,,FEDEX
sku_channel,sku_channel::2019727|TAIUN_AIR,2019727,교체형,lumpy,10600.0,sba,{'alpha': 0.3},0.06252924546981435,0.42432509669893675,2.0,11,6,-0.1919855722435055,0.0,0.03305684890000519,0.12581416211272944,2650.0,1.0,2026-03-30,,TAIUN_AIR
sku_channel,sku_channel::2017214|DHL,2017214,교체형,intermittent,10551.0,tsb,"{'alpha': 0.1, 'beta': 0.2}",1.1369203881203642e-11,4.207711916033983e-11,2.0,11,6,,0.0,0.0,0.0,0.0,0.0,,,DHL
sku_channel,sku_channel::2017682|FEDEX,2017682,교체형,lumpy,10550.0,tsb,"{'alpha': 0.1, 'beta': 0.2}",1.4252957720877003e-07,7.239478165782968e-07,2.0,11,6,,0.0,0.0,0.0,0.0,0.0,,,FEDEX
sku_channel,sku_channel::2018782|TAIUN,2018782,교체형,intermittent,10500.0,tsb,"{'alpha': 0.2, 'beta': 0.05}",0.9373886431260879,2.783679208761971,1.9018087266810946,11,6,1.0213728286495334,0.0,0.17902463479586986,0.5457232582329672,1500.0,1.0,2026-06-01,,TAIUN
sku_channel,sku_channel::1008809|TAIUN,1008809,교체형,intermittent,10495.0,tsb,"{'alpha': 0.1, 'beta': 0.2}",1.4062646562174332e-06,7.737872364199367e-06,2.0,11,6,,0.0,4.25850194189003e-08,1.7034006671856616e-07,3498.3333333333335,1.0,2025-02-10,,TAIUN
sku_channel,sku_channel::2018095|DHL,2018095,교체형,lumpy,10465.0,tsb,"{'alpha': 0.1, 'beta': 0.2}",2.6773701726456556e-08,9.519401492605778e-08,2.0,11,6,,0.0,0.0,0.0,0.0,0.0,,,DHL
sku_channel,sku_channel::2018342|DHL,2018342,교체형,lumpy,10464.0,sba,{'alpha': 0.05},0.027142019689130978,0.05779055295488581,1.0510412957104682,11,6,0.37681271234077446,0.0,0.0,0.0,0.0,0.0,,,DHL
sku_channel,sku_channel::1008677|TAIUN,1008677,교체형,intermittent,10439.0,tsb,"{'alpha': 0.1, 'beta': 0.2}",9.661220942774052e-07,4.257115923907411e-06,2.0,11,6,,0.0,5.1422264898889674e-08,2.0568904368634122e-07,2087.8,1.0,2025-02-17,,TAIUN
sku_channel,sku_channel::1008978|TAIUN,1008978,교체형,intermittent,10432.0,tsb,"{'alpha': 0.1, 'beta': 0.2}",0.00014749137955663233,0.0009801116199979574,2.0,11,6,,0.0,1.088903647540523e-05,4.355543448009147e-05,5216.0,1.0,2025-08-04,,TAIUN
sku_channel,sku_channel::1008777|TAIUN,1008777,교체형,intermittent,10336.0,tsb,"{'alpha': 0.1, 'beta': 0.2}",0.028112502266017515,0.17882043108955148,2.0,11,6,-0.5847631037275749,0.0,0.0007555786372614085,0.0030188908796937586,5168.0,1.0,2025-12-15,,TAIUN
sku_channel,sku_channel::1005674|TAIUN,1005674,교체형,lumpy,10275.0,sba,{'alpha': 0.3},0.10424572519703786,0.8905647589474924,2.0,11,6,0.01364641609394043,0.0,0.01099511627776437,0.04326041191625496,5137.5,1.0,2026-03-09,,TAIUN
sku_channel,sku_channel::1008876|TAIUN,1008876,교체형,lumpy,10218.0,sba,{'alpha': 0.3},0.10899040414162911,0.6862613593822955,2.0,11,6,0.013561119164944438,0.0,0.012839790685144205,0.05037844129577007,3406.0,1.0,2026-03-09,,TAIUN
sku_channel,sku_channel::2019213|TAIUN_AIR,2019213,교체형,intermittent,10198.0,tsb,"{'alpha': 0.1, 'beta': 0.2}",0.001905805097980542,0.01059681876010983,2.0,11,6,-0.5847631037275749,0.0,6.9933331600787e-05,0.00027970398374588257,3399.3333333333335,1.0,2025-09-29,,TAIUN_AIR
sku_channel,sku_channel::2019212|TAIUN,2019212,교체형,intermittent,10172.0,tsb,"{'alpha': 0.1, 'beta': 0.2}",0.0026727297433570057,0.009386730862828275,2.0,11,6,-0.5847631037275749,0.0,0.0002634507261483579,0.0010533865400182973,1453.142857142857,1.0,2025-10-27,,TAIUN
sku_channel,sku_channel::1008779|TAIUN,1008779,교체형,lumpy,10160.0,croston,{'alpha': 0.2},0.316338574252967,1.3035874265300587,1.9564229266842619,11,6,-0.45259675506400754,0.0,0.0445495617577356,0.16663999097332016,2540.0,1.0,2026-04-13,,TAIUN
sku_channel,sku_channel::1008663|TAIUN,1008663,교체형,lumpy,10137.0,tsb,"{'alpha': 0.1, 'beta': 0.2}",2.5692845419720838e-09,2.049040800139241e-08,2.0,11,6,,0.0,5.928904345636414e-10,2.371561613756512e-09,2534.25,1.0,2024-09-30,,TAIUN
sku_channel,sku_channel::2017597|TAIUN,2017597,교체형,lumpy,10085.0,tsb,"{'alpha': 0.1, 'beta': 0.2}",1.0154375319906792e-13,7.91103478793562e-13,2.0,11,6,,0.0,2.668278025201532e-15,1.0658141036401503e-14,5042.5,1.0,2023-09-04,,TAIUN
sku_channel,sku_channel::1008778|TAIUN,1008778,교체형,lumpy,10085.0,tsb,"{'alpha': 0.1, 'beta': 0.2}",0.0004153289417251272,0.00310177625090016,2.0,11,6,-0.5847631037275748,0.0,1.0889035743735065e-05,4.355543155354358e-05,5042.5,1.0,2025-08-04,,TAIUN
sku_channel,sku_channel::2018197|TAIUN,2018197,교체형,intermittent,10045.0,tsb,"{'alpha': 0.1, 'beta': 0.2}",4.479175051605428e-10,2.1838855613163215e-09,2.0,11,6,,0.0,1.5326300518386885e-11,6.13051831521716e-11,3348.3333333333335,1.0,2024-05-27,,TAIUN
sku_channel,sku_channel::2017514|CUSTOMER_PICK_UP,2017514,교체형,lumpy,10025.0,tsb,"{'alpha': 0.1, 'beta': 0.2}",2.1712023478035894e-07,8.498461751764284e-07,2.0,11,6,,0.0,3.2915641519617116e-08,1.3166255963259488e-07,1113.888888888889,1.0,2025-02-03,,CUSTOMER_PICK_UP
sku_channel,sku_channel::2019720|TAIUN,2019720,교체형,intermittent,10010.0,croston,{'alpha': 0.2},0.11229438609638127,0.49717440476664115,1.4754209923758823,11,6,-0.7602440561743172,0.0,0.07438198101292406,0.265947365444128,2002.0,1.0,2026-04-27,,TAIUN
sku_channel,sku_channel::2018096|TAIUN,2018096,교체형,lumpy,10010.0,tsb,"{'alpha': 0.1, 'beta': 0.2}",0.013071164722326058,0.06933986137309976,2.0,11,6,-0.19029376363076503,0.0,0.023892623440666262,0.092199580283997,250.25,1.0,2026-03-09,,TAIUN
sku_channel,sku_channel::1008891|TAIUN,1008891,교체형,lumpy,10009.0,tsb,"{'alpha': 0.1, 'beta': 0.2}",3.9938268038498823e-07,2.3332170350048946e-06,2.0,11,6,,0.0,6.490202305237516e-08,2.5960806704361516e-07,3336.3333333333335,1.0,2025-02-17,,TAIUN
sku_channel,sku_channel::1009278|TAIUN,1009278,교체형,intermittent,10000.0,tsb,"{'alpha': 0.1, 'beta': 0.2}",0.0001448291518310272,0.0009666135532673333,2.0,11,6,,0.0,1.090251571481095e-05,4.360934967517771e-05,5000.0,1.0,2025-08-04,,TAIUN
sku_channel,sku_channel::1010067|TAIUN_AIR,1010067,교체형,lumpy,9967.0,croston,{'alpha': 0.1},1385.6406462437972,800.1809049479167,0.9042268592830389,10,6,,0.0,0.14434304000000003,0.4639580860490894,4983.5,1.0,2026-05-18,,TAIUN_AIR
sku_channel,sku_channel::2016594|TAIUN,2016594,교체형,lumpy,9915.0,tsb,"{'alpha': 0.1, 'beta': 0.2}",1.50886723316562e-10,9.5360074376705e-10,2.0,11,6,,0.0,4.3756784305602266e-12,1.7502888027820518e-11,3305.0,1.0,2024-04-29,,TAIUN
sku_channel,sku_channel::2017663|TAIUN,2017663,교체형,intermittent,9713.0,tsb,"{'alpha': 0.1, 'beta': 0.2}",0.0008901786805992822,0.005376001629034223,2.0,11,6,-0.5847631037275749,0.0,2.4835767164329203e-05,9.933936782635655e-05,4856.5,1.0,2025-08-25,,TAIUN
sku_channel,sku_channel::2019270|FEDEX,2019270,교체형,lumpy,9636.0,tsb,"{'alpha': 0.2, 'beta': 0.05}",1.1687796776773682,6.098054060416046,1.2166492065341135,11,6,-0.8191553759678644,0.0,0.0,0.0,0.0,0.0,,,FEDEX
sku_channel,sku_channel::2014224|TAIUN_AIR,2014224,교체형,intermittent,9587.0,tsb,"{'alpha': 0.1, 'beta': 0.2}",5.4386795633265787e-08,2.9945747953614885e-07,2.0,11,6,,0.0,4.417150381478785e-09,1.7668601581810606e-08,3195.6666666666665,1.0,2024-12-02,,TAIUN_AIR
sku_channel,sku_channel::2018410|FEDEX,2018410,교체형,lumpy,9504.0,tsb,"{'alpha': 0.1, 'beta': 0.2}",2.895705388228892,9.985240004572157,1.2496920743681796,11,6,-0.7309292245083724,0.0,0.0,0.0,0.0,0.0,,,FEDEX
sku_channel,sku_channel::2017378|TAIUN,2017378,교체형,intermittent,9415.0,tsb,"{'alpha': 0.1, 'beta': 0.2}",5.590797414185109e-07,3.2348713584499848e-06,2.0,11,6,,0.0,2.153674274019391e-08,8.614696811459766e-08,4707.5,1.0,2025-01-20,,TAIUN
sku_channel,sku_channel::1009087|TAIUN,1009087,교체형,intermittent,9314.0,tsb,"{'alpha': 0.1, 'beta': 0.2}",5.834906395684052e-06,2.8556017239797818e-05,2.0,11,6,,0.0,1.968159421123234e-07,7.872635360284264e-07,3104.6666666666665,1.0,2025-03-31,,TAIUN
sku_channel,sku_channel::1009967|TAIUN,1009967,교체형,intermittent,9274.0,sba,{'alpha': 0.3},0.054527178982963595,0.3897867848338539,2.0,11,6,-0.8647001015488331,0.0,0.03783866187776001,0.14297871575163346,4637.0,1.0,2026-04-06,,TAIUN
sku_channel,sku_channel::1009642|TAIUN,1009642,교체형,lumpy,9257.0,sba,{'alpha': 0.05},0.009263503218718824,0.06967903602289575,2.0,11,6,0.01355788809550793,0.0,0.020460575920507002,0.07936457949110143,2314.25,1.0,2026-03-09,,TAIUN
sku_channel,sku_channel::2017067|TAIUN,2017067,교체형,lumpy,9179.0,tsb,"{'alpha': 0.1, 'beta': 0.2}",4.07143990317887e-10,2.8909589079039694e-09,2.0,11,6,,0.0,1.0680738232893057e-11,4.2723158344415424e-11,4589.5,1.0,2024-05-27,,TAIUN
sku_channel,sku_channel::2016859|CUSTOMER_PICK_UP,2016859,교체형,lumpy,9169.0,tsb,"{'alpha': 0.1, 'beta': 0.2}",0.00021249582645792745,0.0010427945380195546,2.0,11,6,,0.0,8.112968104827886e-05,0.00032447923417799895,382.0416666666667,1.0,2025-10-06,,CUSTOMER_PICK_UP
sku_channel,sku_channel::2016303|TAIUN,2016303,교체형,lumpy,9145.0,tsb,"{'alpha': 0.1, 'beta': 0.2}",0.0007626442448171705,0.004954779717219007,2.0,11,6,-0.5847631037275748,0.0,2.484268226060105e-05,9.9367026150321e-05,2286.25,1.0,2025-08-25,,TAIUN
sku_channel,sku_channel::2017272|DHL,2017272,교체형,lumpy,9141.0,tsb,"{'alpha': 0.1, 'beta': 0.2}",2.1524644056169805e-10,6.54093407800212e-10,2.0,11,6,,0.0,0.0,0.0,0.0,0.0,,,DHL
sku_channel,sku_channel::2018018|DHL,2018018,교체형,lumpy,9130.0,tsb,"{'alpha': 0.1, 'beta': 0.2}",9.619383822647088e-10,4.388980450458049e-09,2.0,11,6,,0.0,0.0,0.0,0.0,0.0,,,DHL
sku_channel,sku_channel::1008948|TAIUN,1008948,교체형,intermittent,9106.0,tsb,"{'alpha': 0.1, 'beta': 0.2}",3.703272636455191e-08,2.0573318085730825e-07,2.0,11,6,,0.0,5.1584275417581e-09,2.063371018490301e-08,3035.3333333333335,1.0,2024-12-02,,TAIUN
sku_channel,sku_channel::1008146|TAIUN,1008146,교체형,lumpy,9013.0,tsb,"{'alpha': 0.1, 'beta': 0.2}",3.476257826952756e-05,0.0001895839422295318,2.0,11,6,,0.0,3.614602217893427e-06,1.4458330479527604e-05,1802.6,1.0,2025-06-30,,TAIUN
sku_channel,sku_channel::2019747|DHL,2019747,교체형,intermittent,8940.0,sba,{'alpha': 0.05},0.038600992189218246,0.15090956632930455,2.0,11,6,0.013652508966809513,0.0,0.0,0.0,0.0,0.0,,,DHL
sku_channel,sku_channel::1005678|TAIUN,1005678,교체형,lumpy,8890.0,tsb,"{'alpha': 0.2, 'beta': 0.05}",0.8244885531776232,4.282034449508854,1.8611328633459827,10,6,,0.0,0.1956505277375212,0.581419372372797,1778.0,1.0,2026-06-01,,TAIUN
sku_channel,sku_channel::1008775|TAIUN,1008775,교체형,intermittent,8862.0,tsb,"{'alpha': 0.1, 'beta': 0.2}",0.028598311249076313,0.19183427767863814,2.0,11,6,-0.5847631037275748,0.0,0.0007555786372614085,0.0030188908796937586,4431.0,1.0,2025-12-15,,TAIUN
sku_channel,sku_channel::1008881|TAIUN,1008881,교체형,lumpy,8848.0,sba,{'alpha': 0.3},0.10592658937371927,0.8364726738532968,2.0,11,6,0.013652508966809552,0.0,0.004503599627383746,0.017893069015945673,4424.0,1.0,2026-02-09,,TAIUN
sku_channel,sku_channel::2014247|TAIUN,2014247,교체형,lumpy,8832.0,tsb,"{'alpha': 0.1, 'beta': 0.2}",0.00013536361549705667,0.001090753629435536,2.0,11,6,,0.0,3.5681192372161365e-06,1.4272400560066956e-05,4416.0,1.0,2025-06-30,,TAIUN
sku_channel,sku_channel::2017539|DHL,2017539,교체형,intermittent,8829.0,tsb,"{'alpha': 0.1, 'beta': 0.2}",4.402742265437934e-08,2.692872950883693e-07,2.0,11,6,,0.0,0.0,0.0,0.0,0.0,,,DHL
sku_channel,sku_channel::2016729|FEDEX,2016729,교체형,lumpy,8790.0,tsb,"{'alpha': 0.1, 'beta': 0.2}",1.956300418177343e-08,6.672064580103934e-08,2.0,11,6,,0.0,0.0,0.0,0.0,0.0,,,FEDEX
sku_channel,sku_channel::2016715|DHL,2016715,교체형,lumpy,8789.0,tsb,"{'alpha': 0.1, 'beta': 0.2}",2.8210275195655295e-12,1.0941806084243447e-11,2.0,11,6,,0.0,0.0,0.0,0.0,0.0,,,DHL
sku_channel,sku_channel::1008608|TAIUN,1008608,교체형,lumpy,8764.0,tsb,"{'alpha': 0.1, 'beta': 0.2}",0.0009810952811685658,0.003978856567600503,2.0,11,6,-0.5847631037275748,0.0,6.498146834511274e-05,0.00025990053893054643,1252.0,1.0,2025-09-29,,TAIUN
sku_channel,sku_channel::1008950|TAIUN,1008950,교체형,intermittent,8704.0,tsb,"{'alpha': 0.1, 'beta': 0.2}",0.012958287952242315,0.08158171155805473,2.0,11,6,-0.5847631037275748,0.0,0.0007555786374996517,0.0030188908806445536,4352.0,1.0,2025-12-15,,TAIUN
sku_channel,sku_channel::2017689|DHL,2017689,교체형,lumpy,8642.0,tsb,"{'alpha': 0.1, 'beta': 0.2}",0.015399595407202003,0.026689361620563196,2.0,11,6,-0.5847631037275747,0.0,0.0,0.0,0.0,0.0,,,DHL
sku_channel,sku_channel::1009055|TAIUN,1009055,교체형,lumpy,8632.0,tsb,"{'alpha': 0.1, 'beta': 0.2}",1.7429244618915356e-05,8.639765601382354e-05,2.0,11,6,,0.0,3.0694524279736575e-06,1.2277753182909912e-05,1233.142857142857,1.0,2025-06-16,,TAIUN
sku_channel,sku_channel::1008902|TAIUN,1008902,교체형,lumpy,8549.0,sba,{'alpha': 0.05},0.030770533740707776,0.14967062361628947,2.0,11,6,0.013652508966809536,0.0,0.00510810900684631,0.020276411819806994,1424.8333333333333,1.0,2026-02-09,,TAIUN
sku_channel,sku_channel::1006767|TAIUN,1006767,교체형,lumpy,8507.0,tsb,"{'alpha': 0.1, 'beta': 0.2}",1.108277061211913e-08,8.775004398593718e-08,2.0,11,6,,0.0,2.188470495295512e-09,8.753882063672336e-09,4253.5,1.0,2024-10-28,,TAIUN
sku_channel,sku_channel::2018094|TAIUN,2018094,교체형,lumpy,8498.0,tsb,"{'alpha': 0.1, 'beta': 0.2}",4.0371974427208176e-10,3.173260990262898e-09,2.0,11,6,,0.0,1.608014659121095e-10,6.43205932959745e-10,772.5454545454545,1.0,2024-07-22,,TAIUN
sku_channel,sku_channel::1008782|TAIUN,1008782,교체형,lumpy,8453.0,tsb,"{'alpha': 0.1, 'beta': 0.2}",5.520620186038564e-08,4.12442716711758e-07,2.0,11,6,,0.0,1.4474029407847662e-09,5.789611901008129e-09,4226.5,1.0,2024-10-28,,TAIUN
sku_channel,sku_channel::2016729|CUSTOMER_PICK_UP,2016729,교체형,lumpy,8331.0,tsb,"{'alpha': 0.1, 'beta': 0.2}",6.292194365404806e-09,2.4662300246289394e-08,2.0,11,6,,0.0,1.4475472760496306e-09,5.790189216980934e-09,462.8333333333333,1.0,2024-10-28,,CUSTOMER_PICK_UP
sku_channel,sku_channel::2017899|TAIUN,2017899,교체형,intermittent,8315.0,tsb,"{'alpha': 0.1, 'beta': 0.2}",4.046532980897568e-05,0.00022950168321209897,2.0,11,6,,0.0,1.6481061796354662e-06,6.5924084210466916e-06,2771.6666666666665,1.0,2025-05-26,,TAIUN
sku_channel,sku_channel::1009405|TAIUN,1009405,교체형,intermittent,8261.0,tsb,"{'alpha': 0.1, 'beta': 0.2}",0.004802788174715892,0.024631825819738915,2.0,11,6,-0.5847631037275748,0.0,0.00020263098895313981,0.0008102776331843087,2753.6666666666665,1.0,2025-11-03,,TAIUN
sku_channel,sku_channel::2017689|CUSTOMER_PICK_UP,2017689,교체형,lumpy,8240.0,sba,{'alpha': 0.3},0.04160565066455939,0.1584814342352585,2.0,11,6,0.3814289449650486,0.0,0.030358302828867388,0.11601451868775448,749.0909090909091,1.0,2026-03-30,,CUSTOMER_PICK_UP
sku_channel,sku_channel::1009153|TAIUN,1009153,교체형,lumpy,8234.0,tsb,"{'alpha': 0.1, 'beta': 0.2}",0.0024741738233584804,0.017571128127830692,2.0,11,6,-0.5847631037275749,0.0,6.490515813280915e-05,0.000259595357547715,4117.0,1.0,2025-09-29,,TAIUN
sku_channel,sku_channel::2017645|TAIUN,2017645,교체형,lumpy,8166.0,tsb,"{'alpha': 0.1, 'beta': 0.2}",0.0008111453493002412,0.0057828878647518235,2.0,11,6,-0.5847631037275748,0.0,2.1274549678913074e-05,8.509548311541604e-05,4083.0,1.0,2025-08-25,,TAIUN
sku_channel,sku_channel::1010013|TAIUN,1010013,교체형,lumpy,8163.0,tsb,"{'alpha': 0.1, 'beta': 0.1}",7.3826684168591665,32.445530036296866,1.9819588699524608,10,6,,0.0,0.22684354560000003,0.6426699475500219,4081.5,1.0,2026-06-08,,TAIUN
sku_channel,sku_channel::2018065|TAIUN,2018065,교체형,intermittent,8128.0,tsb,"{'alpha': 0.1, 'beta': 0.2}",1.717879370676023e-07,9.145812255284077e-07,2.0,11,6,,0.0,1.1455930047106815e-08,4.582371959660492e-08,2709.3333333333335,1.0,2024-12-23,,TAIUN
sku_channel,sku_channel::2018094|FEDEX,2018094,교체형,lumpy,8095.0,tsb,"{'alpha': 0.1, 'beta': 0.2}",4.727013694622404e-10,1.7592119917799131e-09,2.0,11,6,,0.0,0.0,0.0,0.0,0.0,,,FEDEX
sku_channel,sku_channel::1008053|DHL,1008053,교체형,lumpy,8087.0,tsb,"{'alpha': 0.1, 'beta': 0.2}",9.341503344126823e-06,5.402897447358888e-05,2.0,11,6,,0.0,0.0,0.0,0.0,0.0,,,DHL
sku_channel,sku_channel::2018366|DHL,2018366,교체형,lumpy,8056.0,sba,{'alpha': 0.15},0.1624744130641002,0.6146918203662051,1.0573488618565445,11,6,5.0,0.0,0.0,0.0,0.0,0.0,,,DHL
sku_channel,sku_channel::1008764|TAIUN,1008764,교체형,lumpy,8039.0,tsb,"{'alpha': 0.1, 'beta': 0.2}",6.037774209645277e-08,4.852818968354581e-07,2.0,11,6,,0.0,1.3479975598612351e-08,5.3919901210619514e-08,4019.5,1.0,2025-01-06,,TAIUN
sku_channel,sku_channel::1008442|TAIUN,1008442,교체형,intermittent,8026.0,tsb,"{'alpha': 0.1, 'beta': 0.2}",8.47001466296044e-05,0.0005353514000138586,2.0,11,6,,0.0,2.2835963088249307e-06,9.134353946449458e-06,4013.0,1.0,2025-06-16,,TAIUN
sku_channel,sku_channel::2019823|FEDEX,2019823,교체형,lumpy,7993.0,sba,{'alpha': 0.05},0.006315032749831779,0.03926834256299333,2.0,11,6,-0.9918046407592898,0.0,0.0,0.0,0.0,0.0,,,FEDEX
sku_channel,sku_channel::2020115|TAIUN_AIR,2020115,교체형,lumpy,7980.0,sba,{'alpha': 0.1},0.05782092628164814,0.35991503456221197,2.0,11,6,-0.6556105880898725,0.0,0.0330153105251369,0.12566393777351503,2660.0,1.0,2026-03-30,,TAIUN_AIR
sku_channel,sku_channel::2017690|CUSTOMER_PICK_UP,2017690,교체형,lumpy,7972.0,sba,{'alpha': 0.3},0.01736762039996045,0.05264350883619103,2.0,11,6,0.1246755440848336,0.0,0.021567860137233136,0.08352031972751839,332.1666666666667,1.0,2026-03-30,,CUSTOMER_PICK_UP
sku_channel,sku_channel::1007782|TAIUN,1007782,교체형,lumpy,7971.0,sba,{'alpha': 0.05},0.051010987896522086,0.38063267862858025,2.0,11,6,0.5279221278641829,0.0,0.02759912423729145,0.10590973709132434,2657.0,1.0,2026-04-06,,TAIUN
sku_channel,sku_channel::2017272|TAIUN,2017272,교체형,lumpy,7929.0,tsb,"{'alpha': 0.1, 'beta': 0.2}",1.2267248623668957e-09,7.139187359007995e-09,2.0,11,6,,0.0,4.084630605524614e-10,1.6338521646730442e-09,377.57142857142856,1.0,2024-08-19,,TAIUN
sku_channel,sku_channel::2016876|DHL,2016876,교체형,lumpy,7889.0,tsb,"{'alpha': 0.1, 'beta': 0.2}",0.026372815361603383,0.044990147831855225,2.0,11,6,-0.5847631037275749,0.0,0.0,0.0,0.0,0.0,,,DHL
sku_channel,sku_channel::2018098|TAIUN,2018098,교체형,lumpy,7885.0,tsb,"{'alpha': 0.1, 'beta': 0.2}",1.1789717153942441e-05,5.03572443825779e-05,2.0,11,6,,0.0,8.329688704052544e-06,3.3318338516052926e-05,238.93939393939394,1.0,2025-06-30,,TAIUN
sku_channel,sku_channel::2018782|UPS,2018782,교체형,intermittent,7800.0,tsb,"{'alpha': 0.1, 'beta': 0.2}",1.2468727889563852e-07,7.138259059697473e-07,2.0,11,6,,0.0,0.0,0.0,0.0,0.0,,,UPS
sku_channel,sku_channel::2019544|TAIUN_AIR,2019544,교체형,lumpy,7764.0,sba,{'alpha': 0.3},0.05858912856336478,0.45788697154633623,2.0,11,6,0.1777786551442011,0.0,0.028523990245591345,0.10930642142071112,1941.0,1.0,2026-03-30,,TAIUN_AIR
sku_channel,sku_channel::2018514|DHL,2018514,교체형,lumpy,7693.0,sba,{'alpha': 0.05},0.07816002500582736,0.16450985504044005,1.7590193217889862,11,6,-0.704906679651503,0.0,0.0,0.0,0.0,0.0,,,DHL
sku_channel,sku_channel::1005934|TAIUN,1005934,교체형,lumpy,7655.0,tsb,"{'alpha': 0.1, 'beta': 0.2}",0.002465137700142543,0.019680103208900655,2.0,11,6,-0.5847631037275748,0.0,6.491719070502628e-05,0.0002596434784644108,3827.5,1.0,2025-09-29,,TAIUN
sku_channel,sku_channel::2016729|DHL,2016729,교체형,lumpy,7650.0,tsb,"{'alpha': 0.1, 'beta': 0.2}",2.4088080251190624e-08,6.654778032096012e-08,2.0,11,6,,0.0,0.0,0.0,0.0,0.0,,,DHL
sku_channel,sku_channel::1008386|TAIUN,1008386,교체형,lumpy,7599.0,tsb,"{'alpha': 0.1, 'beta': 0.2}",5.419234164393163e-07,3.82785951175072e-06,2.0,11,6,,0.0,1.4221042713404377e-08,5.688416948590458e-08,3799.5,1.0,2025-01-06,,TAIUN
sku_channel,sku_channel::2017604|TAIUN,2017604,교체형,lumpy,7508.0,sba,{'alpha': 0.3},0.06820816715504006,0.2773258597576275,2.0,11,6,0.013652508966809541,0.0,0.007036886766618662,0.02785183176617989,1072.5714285714287,1.0,2026-02-23,,TAIUN
sku_channel,sku_channel::2018710|TAIUN,2018710,교체형,intermittent,7505.0,tsb,"{'alpha': 0.1, 'beta': 0.2}",0.0008829725875315542,0.0056377794806573055,2.0,11,6,-0.5847631037275748,0.0,2.3898350879760198e-05,9.55899767867141e-05,2501.6666666666665,1.0,2025-08-25,,TAIUN
sku_channel,sku_channel::1008452|TAIUN_AIR,1008452,교체형,intermittent,7481.0,tsb,"{'alpha': 0.1, 'beta': 0.2}",0.0004795009681411664,0.0029441110189619185,2.0,11,6,-0.5847631037275748,0.0,1.3172632049805314e-05,5.2689487098911414e-05,3740.5,1.0,2025-08-04,,TAIUN_AIR
sku_channel,sku_channel::2017010|DHL,2017010,교체형,intermittent,7458.0,tsb,"{'alpha': 0.1, 'beta': 0.2}",1.6216599833723213e-09,6.142390311551214e-09,2.0,11,6,,0.0,0.0,0.0,0.0,0.0,,,DHL
sku_channel,sku_channel::1008144|TAIUN,1008144,교체형,lumpy,7412.0,tsb,"{'alpha': 0.1, 'beta': 0.2}",0.003246359653271919,0.024900556247363415,2.0,11,6,-0.5847631037275749,0.0,0.0006044636554916958,0.0024156632473952833,1853.0,1.0,2025-12-08,,TAIUN
sku_channel,sku_channel::1009446|TAIUN,1009446,교체형,lumpy,7375.0,sba,{'alpha': 0.3},0.10406619109546114,0.6914993631909335,1.8620661996999326,11,6,-0.3800134996180353,0.0,0.03355608966106657,0.12761816194798326,2458.3333333333335,1.0,2026-04-13,,TAIUN
sku_channel,sku_channel::2017633|FEDEX,2017633,교체형,lumpy,7370.0,tsb,"{'alpha': 0.1, 'beta': 0.2}",1.508354882345006e-07,5.683016448650477e-07,2.0,11,6,,0.0,0.0,0.0,0.0,0.0,,,FEDEX
sku_channel,sku_channel::2019748|TAIUN_AIR,2019748,교체형,intermittent,7300.0,sba,{'alpha': 0.3},0.062080489696462356,0.42549596515849536,2.0,11,6,0.01365250896680954,0.0,0.0029472074722488085,0.01173681602039367,3650.0,1.0,2026-01-26,,TAIUN_AIR
sku_channel,sku_channel::2018932|TAIUN,2018932,교체형,intermittent,7293.0,tsb,"{'alpha': 0.1, 'beta': 0.2}",0.0005942289401816836,0.0034833891932528026,2.0,11,6,-0.5847631037275748,0.0,2.4835767164329203e-05,9.933936782635655e-05,3646.5,1.0,2025-08-25,,TAIUN
sku_channel,sku_channel::1009118|TAIUN,1009118,교체형,lumpy,7275.0,tsb,"{'alpha': 0.1, 'beta': 0.1}",6.754348487781693,36.567383317195414,1.8841561273890945,11,6,0.9971147838153812,0.0,0.09294170083767572,0.3230746080579572,2425.0,1.0,2026-05-11,,TAIUN
sku_channel,sku_channel::2019929|FEDEX,2019929,교체형,intermittent,7158.0,sba,{'alpha': 0.05},0.033775960197620136,0.17138132620530103,2.0,11,6,-0.9524845069617147,0.0,0.0,0.0,0.0,0.0,,,FEDEX
sku_channel,sku_channel::2017633|CUSTOMER_PICK_UP,2017633,교체형,lumpy,7152.0,tsb,"{'alpha': 0.1, 'beta': 0.2}",2.2261754416516677e-07,8.472838035672555e-07,2.0,11,6,,0.0,2.468704867469447e-08,9.874819084654263e-08,794.6666666666666,1.0,2025-01-13,,CUSTOMER_PICK_UP
sku_channel,sku_channel::2018043|DHL,2018043,교체형,lumpy,7140.0,tsb,"{'alpha': 0.1, 'beta': 0.2}",0.04629453993131089,0.1156525313038494,1.3879942737488866,11,6,-0.5618153587993897,0.0,0.0,0.0,0.0,0.0,,,DHL
sku_channel,sku_channel::2017477|CUSTOMER_PICK_UP,2017477,교체형,lumpy,7045.0,tsb,"{'alpha': 0.1, 'beta': 0.2}",0.010401006401250351,0.03218434670690249,2.0,11,6,-0.5847631037275748,0.0,0.0018448313583839574,0.007358930120323959,391.3888888888889,1.0,2026-01-12,,CUSTOMER_PICK_UP
sku_channel,sku_channel::2018272|CUSTOMER_PICK_UP,2018272,교체형,lumpy,7020.0,tsb,"{'alpha': 0.1, 'beta': 0.2}",1.5648163578070443e-06,9.715623929978652e-06,2.0,11,6,,0.0,2.8729031011807903e-07,1.149160745228528e-06,2340.0,1.0,2025-03-31,,CUSTOMER_PICK_UP
sku_channel,sku_channel::2019992|DHL,2019992,교체형,lumpy,7012.0,croston,{'alpha': 0.2},0.0504679316124231,0.328708830413819,0.9805818044874443,11,6,-0.10704603410760155,0.0,0.0,0.0,0.0,0.0,,,DHL
sku_channel,sku_channel::1008491|TAIUN,1008491,교체형,lumpy,7008.0,tsb,"{'alpha': 0.1, 'beta': 0.2}",0.002468630600993164,0.019363072014424033,2.0,11,6,-0.5847631037275748,0.0,6.490379030341334e-05,0.0002595898872953528,3504.0,1.0,2025-09-29,,TAIUN
sku_channel,sku_channel::1009618|TAIUN,1009618,교체형,lumpy,7003.0,sba,{'alpha': 0.3},0.061211783155547504,0.46613549550192773,2.0,11,6,0.012758437018573019,0.0,0.01100600531350148,0.04330254638771902,3501.5,1.0,2026-03-09,,TAIUN
sku_channel,sku_channel::2016929|CUSTOMER_PICK_UP,2016929,교체형,lumpy,7000.0,tsb,"{'alpha': 0.1, 'beta': 0.2}",1.6157314809608308e-05,9.70723325770252e-05,2.0,11,6,,0.0,1.4233531240712643e-06,5.6934003405118006e-06,2333.3333333333335,1.0,2025-05-12,,CUSTOMER_PICK_UP
sku_channel,sku_channel::2019310|DHL,2019310,교체형,lumpy,7000.0,tsb,"{'alpha': 0.1, 'beta': 0.1}",0.36755252329006327,1.7145361741250207,1.008255740313872,11,6,0.306525010692256,0.0,0.0,0.0,0.0,0.0,,,DHL
sku_channel,sku_channel::2017250|DHL,2017250,교체형,lumpy,6952.0,tsb,"{'alpha': 0.1, 'beta': 0.2}",4.7590932726796525e-12,2.0787141384344067e-11,2.0,11,6,,0.0,0.0,0.0,0.0,0.0,,,DHL
sku_channel,sku_channel::1009776|TAIUN,1009776,교체형,intermittent,6942.0,sba,{'alpha': 0.05},0.008875446453856734,0.02870678606201515,0.7213480440401311,11,6,-0.9944293945435009,0.0,0.1463415608949378,0.46894860727168275,1157.0,1.0,2026-05-11,,TAIUN
sku_channel,sku_channel::2017828|CUSTOMER_PICK_UP,2017828,교체형,lumpy,6928.0,tsb,"{'alpha': 0.1, 'beta': 0.2}",3.2919218206735193e-12,1.7045641286139028e-11,2.0,11,6,,0.0,2.9814576028039964e-13,1.1923795284474181e-12,769.7777777777778,1.0,2024-01-22,,CUSTOMER_PICK_UP
sku_channel,sku_channel::1008773|TAIUN,1008773,교체형,lumpy,6928.0,tsb,"{'alpha': 0.1, 'beta': 0.2}",0.0030037388201834127,0.01990491042592905,2.0,11,6,-0.5847631037275747,0.0,0.000604462973466954,0.0024156605242403595,2309.3333333333335,1.0,2025-12-08,,TAIUN
sku_channel,sku_channel::2017686|DHL,2017686,교체형,intermittent,6908.0,tsb,"{'alpha': 0.1, 'beta': 0.2}",2.401739164493421e-13,9.960451836948543e-13,2.0,11,6,,0.0,0.0,0.0,0.0,0.0,,,DHL
sku_channel,sku_channel::2018095|FEDEX,2018095,교체형,lumpy,6866.0,tsb,"{'alpha': 0.1, 'beta': 0.2}",2.0781153169572097e-08,6.078770343742409e-08,2.0,11,6,,0.0,0.0,0.0,0.0,0.0,,,FEDEX
sku_channel,sku_channel::2018463|DHL,2018463,교체형,lumpy,6816.0,sba,{'alpha': 0.05},0.08034380527968245,0.20623557691188046,1.5095693436317228,11,6,-0.8383388528618881,0.0,0.0,0.0,0.0,0.0,,,DHL
sku_channel,sku_channel::2016166|TAIUN,2016166,교체형,intermittent,6798.0,tsb,"{'alpha': 0.1, 'beta': 0.2}",1.53383894807241e-05,8.82255823733874e-05,2.0,11,6,,0.0,4.789048697707439e-07,1.9156181029211794e-06,3399.0,1.0,2025-04-28,,TAIUN
sku_channel,sku_channel::2017703|TAIUN,2017703,교체형,intermittent,6776.0,tsb,"{'alpha': 0.1, 'beta': 0.2}",3.0255196550054654e-06,9.916462152363441e-06,2.0,11,6,,0.0,1.7869709924672984e-07,7.147882052915833e-07,847.0,1.0,2025-03-24,,TAIUN
sku_channel,sku_channel::2018799|CUSTOMER_PICK_UP,2018799,교체형,lumpy,6742.0,tsb,"{'alpha': 0.1, 'beta': 0.2}",5.592825558409286e-06,4.059121056345647e-05,2.0,11,6,,0.0,1.466044930486182e-07,5.864178433956369e-07,3371.0,1.0,2025-03-17,,CUSTOMER_PICK_UP
customer_channel,customer_channel::Patriot Memory Inc.|TAIUN,,교체형,lumpy,90110698.0,sba,{'alpha': 0.3},0.0241960151904886,0.03954477023319138,0.6450988518039257,11,6,-0.3196963928951017,0.0,0.5032750340154897,0.9391214983760299,1072746.4047619049,1.0,2026-06-01,Patriot Memory Inc.,TAIUN
customer_channel,"customer_channel::Hosin Global Electronics Co., Ltd|TAIUN",,교체형,lumpy,89504212.0,tsb,"{'alpha': 0.1, 'beta': 0.2}",0.023057862241929548,0.04568413208324685,2.0,11,6,-0.5847631037275748,0.0,0.008775725806682828,0.03464352050771258,1118802.65,1.0,2026-01-19,"Hosin Global Electronics Co., Ltd",TAIUN
customer_channel,customer_channel::YHG SUPPLY CHAIN (HONG KONG)|TAIUN,,교체형,lumpy,78940789.0,croston,{'alpha': 0.2},0.0951493160229659,0.19288014010181986,0.2185880508034992,11,6,2.9818113226582876,0.0,0.4469261957565208,0.9064309206793494,2923732.925925926,1.0,2026-06-01,YHG SUPPLY CHAIN (HONG KONG),TAIUN
customer_channel,"customer_channel::World Pacific Industrial H.K., Ltd.|TAIUN",,교체형,lumpy,74593888.0,tsb,"{'alpha': 0.1, 'beta': 0.2}",5.13226970793766e-10,1.154142764387125e-09,2.0,11,6,,0.0,6.953917754192987e-11,2.7815660885721627e-10,2868995.6923076925,1.0,2024-07-01,"World Pacific Industrial H.K., Ltd.",TAIUN
customer_channel,customer_channel::ALL-THE-WAY EXPRESS LIMITED|TAIUN,,교체형,lumpy,61836655.0,sba,{'alpha': 0.1},0.07354783829045304,0.10362299077603133,0.20986956618154795,11,6,-0.46102078851199113,0.0,0.5598158185325232,0.9624562433277607,981534.2063492064,1.0,2026-06-01,ALL-THE-WAY EXPRESS LIMITED,TAIUN
customer_channel,"customer_channel::G.Skill International Ent. Co., Ltd|TAIUN_AIR",,교체형,lumpy,49539689.0,sba,{'alpha': 0.3},0.1393167015502782,0.23826502410290207,0.8070479066237896,11,6,-0.26065158639844743,0.0,0.4103204905280835,0.8790894636455138,750601.3484848485,1.0,2026-05-25,"G.Skill International Ent. Co., Ltd",TAIUN_AIR
customer_channel,customer_channel::TEC LOGISTICS COMPANY|TAIUN,,교체형,lumpy,41620256.0,sba,{'alpha': 0.1},0.1017232127651768,0.26940930729839274,0.932565498230208,11,6,0.02643717607524673,0.0,0.4862780453998229,0.9303513817193505,1342588.9032258065,1.0,2026-06-08,TEC LOGISTICS COMPANY,TAIUN
customer_channel,customer_channel::PATRIOT MEMORY INC.|TAIUN_AIR,,교체형,lumpy,36107273.0,tsb,"{'alpha': 0.1, 'beta': 0.2}",0.160558909100834,0.3533916131216779,1.8242885941907625,11,6,-0.3058116589010267,0.0,0.13918278096333053,0.45090968619808647,547079.8939393939,1.0,2026-05-11,PATRIOT MEMORY INC.,TAIUN_AIR
customer_channel,customer_channel::Eternal International (HK) Ltd.|TAIUN,,교체형,lumpy,34662794.0,sba,{'alpha': 0.3},0.05874749085946246,0.22261383575359864,1.3246940464110744,11,6,0.18571208341490356,0.0,0.16673235798472255,0.5178989588368104,1195268.7586206896,1.0,2026-04-27,Eternal International (HK) Ltd.,TAIUN
customer_channel,customer_channel::REALTECH SEMICONDUCTOR TECHNOLOGY|TAIUN,,교체형,lumpy,29395002.0,tsb,"{'alpha': 0.1, 'beta': 0.2}",0.0006478984756415066,0.0014369042358144176,2.0,11,6,-0.5847631037275748,0.0,0.0001995553079445985,0.000797982329638125,864558.8823529412,1.0,2025-11-03,REALTECH SEMICONDUCTOR TECHNOLOGY,TAIUN
customer_channel,customer_channel::GOLDKEY TECHNOLOGY CORPORATION|TAIUN_AIR,,교체형,lumpy,23796097.0,croston,{'alpha': 0.2},0.20269055243918757,0.3706328960666194,0.5786019154938161,11,6,0.5751688754343348,0.0,0.35517481843672805,0.8271107635102911,915234.5,1.0,2026-06-08,GOLDKEY TECHNOLOGY CORPORATION,TAIUN_AIR
customer_channel,customer_channel::MAX LOGISTICS LIMITED|TAIUN,,교체형,intermittent,22902429.0,tsb,"{'alpha': 0.2, 'beta': 0.05}",0.9968503387914651,7.429196441821433,1.6224105861672307,11,6,-0.9999995627022547,0.0,0.07390363648000002,0.2644288023273009,11451214.5,1.0,2026-04-27,MAX LOGISTICS LIMITED,TAIUN
customer_channel,customer_channel::PNG HK LTD|TAIUN,,교체형,lumpy,21065963.0,tsb,"{'alpha': 0.1, 'beta': 0.2}",3.8087734155384665e-08,1.2216084416868388e-07,2.0,11,6,,0.0,1.0851393264223471e-08,4.3405572247579016e-08,877748.4583333334,1.0,2024-12-30,PNG HK LTD,TAIUN
customer_channel,customer_channel::BANG TAI INTERNATIONAL LOGISTICS CO|TAIUN,,교체형,lumpy,17622725.0,sba,{'alpha': 0.05},0.09503765670738482,0.2551563655978603,0.749561458804771,11,6,-0.2706422345026797,0.0,0.8476843915561152,0.9994617579316888,476289.86486486485,1.0,2026-06-08,BANG TAI INTERNATIONAL LOGISTICS CO,TAIUN
customer_channel,customer_channel::SF Supply Chain (Hong Kong) Limited|TAIUN,,교체형,lumpy,15956279.0,sba,{'alpha': 0.05},0.023409989886266813,0.06586340039090245,1.1520786956327211,11,6,0.872451014136888,0.0,0.1443671788968095,0.4640185724987289,797813.95,1.0,2026-04-27,SF Supply Chain (Hong Kong) Limited,TAIUN
customer_channel,"customer_channel::XINRONGDA CO., Limited|TAIUN",,교체형,lumpy,14329211.0,tsb,"{'alpha': 0.1, 'beta': 0.2}",0.006399141396301631,0.02481728389538312,2.0,11,6,-0.5847631037275748,0.0,0.001373430937663201,0.0054824162347313354,358230.275,1.0,2025-12-22,"XINRONGDA CO., Limited",TAIUN
customer_channel,customer_channel::REALTECH SEMICONDUCTOR TECHNOLOGY L|TAIUN,,교체형,lumpy,14179579.0,sba,{'alpha': 0.05},0.00015816396275491714,0.00046812471947028526,0.005984284223489899,11,6,,0.0,0.19678242435145524,0.5837705436444087,675218.0476190476,1.0,2026-05-18,REALTECH SEMICONDUCTOR TECHNOLOGY L,TAIUN
customer_channel,"customer_channel::SC GLOBAL TRANS (HK) CO., LIMITED|TAIUN",,교체형,intermittent,12729355.0,sba,{'alpha': 0.3},0.050495554163542226,0.13213083254798522,0.960587365409193,11,6,0.10783747946197576,0.0,0.08192557744967013,0.28958593253514786,909239.6428571428,1.0,2026-05-11,"SC GLOBAL TRANS (HK) CO., LIMITED",TAIUN
customer_channel,customer_channel::Ringson Limited|TAIUN,,교체형,lumpy,12302298.0,sba,{'alpha': 0.3},0.06049340023450079,0.1278123997233514,1.6765104768588284,11,6,0.5811317688533074,0.0,0.17036907697630657,0.5262603607923853,315443.53846153844,1.0,2026-05-25,Ringson Limited,TAIUN
customer_channel,customer_channel::EVERBOND ELECTRONICS LIMITED|TAIUN,,교체형,lumpy,11533061.0,tsb,"{'alpha': 0.1, 'beta': 0.1}",0.019214565099032882,0.04756685819673621,0.10657238853775064,11,6,-0.5463208197876017,0.0,0.1898337218126814,0.5691792129596853,274596.6904761905,1.0,2026-05-18,EVERBOND ELECTRONICS LIMITED,TAIUN
customer_channel,"customer_channel::HONGKONG SHICHUANGYI CO., LIMITED|TAIUN",,교체형,lumpy,10511640.0,sba,{'alpha': 0.3},0.059929442211288785,0.14981775365133537,1.5132999262320947,11,6,0.019591346143288717,0.0,0.12281715167341319,0.40794708315082606,291990.0,1.0,2026-05-11,"HONGKONG SHICHUANGYI CO., LIMITED",TAIUN
customer_channel,customer_channel::Skyrich View (HK) Limited|TAIUN_AIR,,교체형,intermittent,10391180.0,tsb,"{'alpha': 0.1, 'beta': 0.2}",2.7905307642764507e-11,7.225358687806647e-11,2.0,11,6,,0.0,2.628210075231661e-12,1.0512923864780532e-11,692745.3333333334,1.0,2024-03-04,Skyrich View (HK) Limited,TAIUN_AIR
customer_channel,customer_channel::RUNZHE INTERNATIONAL LIMITED|TAIUN,,교체형,intermittent,9211467.0,tsb,"{'alpha': 0.1, 'beta': 0.2}",0.012312105071107053,0.0691660898590987,2.0,11,6,-0.5847631037275748,0.0,0.0006282001005756067,0.0025104335815885337,2302866.75,1.0,2025-11-10,RUNZHE INTERNATIONAL LIMITED,TAIUN
customer_channel,customer_channel::GoldKey Technology Corporation|TAIUN_AIR,,교체형,lumpy,6641586.0,sba,{'alpha': 0.05},0.05444335661856564,0.23335704067402174,2.0,11,6,0.03461560490731285,0.0,0.017830350448368854,0.06943644693649309,737954.0,1.0,2026-03-16,GoldKey Technology Corporation,TAIUN_AIR
customer_channel,customer_channel::Leadmax Technology International|TAIUN,,교체형,lumpy,5449346.0,tsb,"{'alpha': 0.1, 'beta': 0.2}",5.620929721927301e-08,2.718669505874382e-07,2.0,11,6,,0.0,6.166492864511955e-09,2.466597126549175e-08,605482.8888888889,1.0,2024-12-02,Leadmax Technology International,TAIUN
customer_channel,customer_channel::Eudar Technology Inc.|TAIUN_AIR,,교체형,lumpy,5233317.0,tsb,"{'alpha': 0.1, 'beta': 0.2}",0.0006437698977680489,0.0015861003505793687,2.0,11,6,-0.5847631037275748,0.0,0.00010662169132881006,0.00042641856105307685,186904.17857142858,1.0,2025-09-29,Eudar Technology Inc.,TAIUN_AIR
customer_channel,"customer_channel::CY STORAGE TECHNOLOGY(HK) CO.,LIMIT|TAIUN",,교체형,lumpy,4846080.0,tsb,"{'alpha': 0.1, 'beta': 0.1}",0.10428436973569405,0.5571823525736074,0.638717259125256,11,6,-0.11159253205304406,0.0,0.5501954696069835,0.9590649522620213,210699.13043478262,1.0,2026-06-08,"CY STORAGE TECHNOLOGY(HK) CO.,LIMIT",TAIUN
customer_channel,"customer_channel::XINRONGDA CO., Limited|CUSTOMER_PICK_UP",,교체형,intermittent,4231186.0,sba,{'alpha': 0.05},0.009158050159842876,0.04774917731106437,2.0,11,6,0.013652508966809392,0.0,0.00366781525906509,0.014590741013182473,1057796.5,1.0,2026-02-02,"XINRONGDA CO., Limited",CUSTOMER_PICK_UP
customer_channel,customer_channel::MF WAREHOUSING & LOGISTICS|TAIUN,,교체형,lumpy,2996478.0,sba,{'alpha': 0.3},0.05457736813320691,0.1295539118027585,1.1523659072274777,11,6,0.10592843160826451,0.0,0.27398183788708,0.7221630897294468,88131.70588235294,1.0,2026-06-01,MF WAREHOUSING & LOGISTICS,TAIUN
customer_channel,"customer_channel::Hosin Global (HK) Electronics Co.,|TAIUN",,교체형,lumpy,2610629.0,tsb,"{'alpha': 0.1, 'beta': 0.2}",9.636959297114448,43.40888913528437,1.4344748125986857,10,6,,0.0,0.6205234050325441,0.9792632839889279,237329.9090909091,1.0,2026-06-08,"Hosin Global (HK) Electronics Co.,",TAIUN
customer_channel,customer_channel::SHEN MING GLOBAL CO LIMITED|TAIUN,,교체형,intermittent,2548610.0,tsb,"{'alpha': 0.1, 'beta': 0.2}",1.5924904403548523,10.764878042998697,1.3228889560068122,11,6,-0.999987750172919,0.0,0.08335256453119999,0.29399250598502125,849536.6666666666,1.0,2026-04-27,SHEN MING GLOBAL CO LIMITED,TAIUN
customer_channel,customer_channel::TAIWAN EXPRESS (H.K.) CO. LTD|TAIUN,,교체형,lumpy,2354395.0,sba,{'alpha': 0.05},0.06599420447326866,0.28879036900055494,1.6754726127168134,11,6,-0.10360829143300626,0.0,0.23355543529868988,0.6549174529218302,294299.375,1.0,2026-06-08,TAIWAN EXPRESS (H.K.) CO. LTD,TAIUN
customer_channel,customer_channel::EACHAIN HONGKONG LIMITED|TAIUN,,교체형,lumpy,2134359.0,sba,{'alpha': 0.1},0.002563309162888343,0.015422352525887832,0.03928922294455147,11,6,-0.9922866554629284,0.0,0.28362655280597115,0.7366350838945231,237151.0,1.0,2026-06-01,EACHAIN HONGKONG LIMITED,TAIUN
